Listening on 127.0.0.1:9999
--> new robust best creature found through curl-right! Fitness=480.29041314834376 domains=[392.236267, 607.434021, 770.52771]
--> new robust best creature found through curl-right! Fitness=655.3922041627461 domains=[607.699585, 839.99054, 680.863159]
--> new robust best creature found through template-m0-champion-proportions! Fitness=690.8458930284055 domains=[864.337341, 603.22937, 904.788757]
--> new robust best creature found through curl-right! Fitness=819.4717230778456 domains=[825.103577, 1274.798462, 725.232117]
19:53:12: 5502x RT, 91.7 creatures/sec. Fitness: best=819.5, avg=595.6, new=(curl-right=703.5, template-m1-balanced=596.1, curl-left=542.1, template-m0-champion-proportions=676.3, template-m2-wheel-biased=585.4). MAP-Elites(8x8, morphologies=3): occupied=13, pending=192, in flight=24
--> new robust best creature found through curl-right! Fitness=820.1652063291344 domains=[1273.837524, 618.786316, 1352.435669]
19:53:14: 5999x RT, 100.0 creatures/sec. Fitness: best=820.2, avg=614.5, new=(template-m2-wheel-biased=605.5, curl-left=608.9, curl-right=603.0, template-m1-balanced=670.1, template-m0-champion-proportions=789.8). MAP-Elites(8x8, morphologies=3): occupied=15, pending=192, in flight=24
--> new robust best creature found through curl-right! Fitness=876.4965175950049 domains=[1177.166016, 1222.366455, 734.416199]
--> new robust best creature found through template-m0-champion-proportions! Fitness=958.1171388511182 domains=[1141.007324, 920.404846, 940.345703]
19:53:16: 6044x RT, 100.7 creatures/sec. Fitness: best=958.1, avg=649.7, new=(curl-right=620.2, template-m1-balanced=650.8, template-m2-wheel-biased=715.7, curl-left=645.8, template-m0-champion-proportions=768.8, qd-mutate=633.2). MAP-Elites(8x8, morphologies=3): occupied=17, pending=192, in flight=24
19:53:18: 6049x RT, 100.8 creatures/sec. Fitness: best=958.1, avg=664.8, new=(qd-mutate=651.4, curl-left=521.3). MAP-Elites(8x8, morphologies=3): occupied=18, pending=192, in flight=24
19:53:20: 6177x RT, 102.9 creatures/sec. Fitness: best=958.1, avg=664.2, new=(qd-mutate=654.7). MAP-Elites(8x8, morphologies=3): occupied=20, pending=192, in flight=24
19:53:22: 5743x RT, 95.7 creatures/sec. Fitness: best=958.1, avg=667.4, new=(qd-mutate=626.4). MAP-Elites(8x8, morphologies=3): occupied=21, pending=192, in flight=24
19:53:24: 4092x RT, 68.2 creatures/sec. Fitness: best=958.1, avg=664.9, new=(qd-mutate=609.1). MAP-Elites(8x8, morphologies=3): occupied=22, pending=192, in flight=24
19:53:26: 4825x RT, 80.4 creatures/sec. Fitness: best=958.1, avg=674.1, new=(qd-mutate=611.3). MAP-Elites(8x8, morphologies=3): occupied=22, pending=192, in flight=24
--> new robust best creature found through qd-mutate! Fitness=1059.4316826086456 domains=[1153.445679, 1021.595398, 1121.14563]
19:53:28: 5668x RT, 94.5 creatures/sec. Fitness: best=1059.4, avg=689.6, new=(qd-mutate=638.7). MAP-Elites(8x8, morphologies=3): occupied=22, pending=192, in flight=24
19:53:30: 5526x RT, 92.1 creatures/sec. Fitness: best=1059.4, avg=698.1, new=(qd-mutate=624.9). MAP-Elites(8x8, morphologies=3): occupied=22, pending=192, in flight=24
19:53:32: 5667x RT, 94.4 creatures/sec. Fitness: best=1059.4, avg=699.1, new=(qd-mutate=607.8). MAP-Elites(8x8, morphologies=3): occupied=22, pending=192, in flight=24
19:53:34: 5718x RT, 95.3 creatures/sec. Fitness: best=1059.4, avg=701.2, new=(qd-mutate=635.7). MAP-Elites(8x8, morphologies=3): occupied=22, pending=192, in flight=24
19:53:36: 5375x RT, 89.6 creatures/sec. Fitness: best=1059.4, avg=705.7, new=(qd-mutate=627.9). MAP-Elites(8x8, morphologies=3): occupied=22, pending=192, in flight=24
19:53:38: 4923x RT, 82.0 creatures/sec. Fitness: best=1059.4, avg=708.9, new=(qd-mutate=623.8). MAP-Elites(8x8, morphologies=3): occupied=22, pending=192, in flight=24
19:53:40: 3914x RT, 65.2 creatures/sec. Fitness: best=1059.4, avg=717.7, new=(qd-mutate=652.7). MAP-Elites(8x8, morphologies=3): occupied=22, pending=192, in flight=24
19:53:42: 3037x RT, 50.6 creatures/sec. Fitness: best=1059.4, avg=721.8, new=(qd-mutate=699.5). MAP-Elites(8x8, morphologies=3): occupied=22, pending=192, in flight=24
19:53:44: 3041x RT, 50.7 creatures/sec. Fitness: best=1059.4, avg=725.4, new=(qd-mutate=658.8). MAP-Elites(8x8, morphologies=3): occupied=22, pending=192, in flight=24
19:53:46: 1585x RT, 26.4 creatures/sec. Fitness: best=1059.4, avg=729.6, new=(qd-mutate=662.3). MAP-Elites(8x8, morphologies=3): occupied=22, pending=192, in flight=24
19:53:49: 2141x RT, 35.7 creatures/sec. Fitness: best=1059.4, avg=729.6, new=(qd-mutate=641.1). MAP-Elites(8x8, morphologies=3): occupied=22, pending=192, in flight=24
19:53:51: 2706x RT, 45.1 creatures/sec. Fitness: best=1059.4, avg=729.6, new=(qd-mutate=658.3). MAP-Elites(8x8, morphologies=3): occupied=22, pending=192, in flight=24
19:53:53: 2579x RT, 43.0 creatures/sec. Fitness: best=1059.4, avg=741.7, new=(qd-mutate=681.7). MAP-Elites(8x8, morphologies=3): occupied=22, pending=192, in flight=24
19:53:55: 2404x RT, 40.1 creatures/sec. Fitness: best=1059.4, avg=741.7, new=(qd-mutate=686.2). MAP-Elites(8x8, morphologies=3): occupied=22, pending=192, in flight=24
19:53:57: 2421x RT, 40.3 creatures/sec. Fitness: best=1059.4, avg=741.7, new=(qd-mutate=624.9). MAP-Elites(8x8, morphologies=3): occupied=22, pending=192, in flight=24
19:53:59: 2242x RT, 37.4 creatures/sec. Fitness: best=1059.4, avg=741.7, new=(qd-mutate=627.7). MAP-Elites(8x8, morphologies=3): occupied=22, pending=192, in flight=24
19:54:01: 2535x RT, 42.3 creatures/sec. Fitness: best=1059.4, avg=742.3, new=(qd-mutate=631.2). MAP-Elites(8x8, morphologies=3): occupied=22, pending=192, in flight=24
19:54:03: 2320x RT, 38.7 creatures/sec. Fitness: best=1059.4, avg=743.0, new=(qd-mutate=654.8). MAP-Elites(8x8, morphologies=3): occupied=22, pending=192, in flight=24
19:54:05: 1842x RT, 30.7 creatures/sec. Fitness: best=1059.4, avg=743.0, new=(qd-mutate=655.2). MAP-Elites(8x8, morphologies=3): occupied=22, pending=192, in flight=24
19:54:07: 1782x RT, 29.7 creatures/sec. Fitness: best=1059.4, avg=743.0, new=(qd-mutate=672.7). MAP-Elites(8x8, morphologies=3): occupied=22, pending=192, in flight=24
19:54:09: 2056x RT, 34.3 creatures/sec. Fitness: best=1059.4, avg=743.0, new=(qd-mutate=611.5). MAP-Elites(8x8, morphologies=3): occupied=22, pending=192, in flight=24
2498822 bytes written to /Users/dag/projects/Machine-Evolved-credible-training/training-runs/me-v2-harmonic-qd-01-double-gravity-8w/config.json. 
19:54:11: 1382x RT, 23.0 creatures/sec. Fitness: best=1059.4, avg=743.0, new=(qd-mutate=595.7). MAP-Elites(8x8, morphologies=3): occupied=22, pending=192, in flight=24
19:54:13: 1193x RT, 19.9 creatures/sec. Fitness: best=1059.4, avg=743.0, new=(qd-mutate=685.8). MAP-Elites(8x8, morphologies=3): occupied=22, pending=192, in flight=24
19:54:15: 1775x RT, 29.6 creatures/sec. Fitness: best=1059.4, avg=745.3, new=(qd-mutate=675.3). MAP-Elites(8x8, morphologies=3): occupied=22, pending=192, in flight=24
19:54:18: 1575x RT, 26.2 creatures/sec. Fitness: best=1059.4, avg=745.3, new=(qd-mutate=602.2). MAP-Elites(8x8, morphologies=3): occupied=22, pending=192, in flight=24
--> new robust best creature found through qd-mutate! Fitness=1123.4809241797757 domains=[1134.273438, 1369.819946, 1064.390381]
19:54:20: 1919x RT, 32.0 creatures/sec. Fitness: best=1123.5, avg=748.2, new=(qd-mutate=666.4). MAP-Elites(8x8, morphologies=3): occupied=22, pending=192, in flight=24
19:54:22: 1935x RT, 32.2 creatures/sec. Fitness: best=1123.5, avg=750.0, new=(qd-mutate=634.4). MAP-Elites(8x8, morphologies=3): occupied=22, pending=192, in flight=24
19:54:24: 1725x RT, 28.8 creatures/sec. Fitness: best=1123.5, avg=762.0, new=(qd-mutate=636.2). MAP-Elites(8x8, morphologies=3): occupied=22, pending=192, in flight=24
19:54:26: 1353x RT, 22.6 creatures/sec. Fitness: best=1123.5, avg=762.0, new=(qd-mutate=588.5). MAP-Elites(8x8, morphologies=3): occupied=22, pending=192, in flight=24
19:54:28: 2400x RT, 40.0 creatures/sec. Fitness: best=1123.5, avg=750.1, new=(qd-mutate=622.9). MAP-Elites(8x8, morphologies=3): occupied=23, pending=192, in flight=24
19:54:30: 2729x RT, 45.5 creatures/sec. Fitness: best=1123.5, avg=750.1, new=(qd-mutate=628.0). MAP-Elites(8x8, morphologies=3): occupied=23, pending=192, in flight=24
19:54:32: 3477x RT, 57.9 creatures/sec. Fitness: best=1123.5, avg=751.3, new=(qd-mutate=641.1). MAP-Elites(8x8, morphologies=3): occupied=23, pending=192, in flight=24
19:54:34: 2769x RT, 46.2 creatures/sec. Fitness: best=1123.5, avg=751.3, new=(qd-mutate=587.2). MAP-Elites(8x8, morphologies=3): occupied=23, pending=192, in flight=24
19:54:36: 3645x RT, 60.8 creatures/sec. Fitness: best=1123.5, avg=753.1, new=(qd-mutate=644.5). MAP-Elites(8x8, morphologies=3): occupied=23, pending=192, in flight=24
19:54:38: 3739x RT, 62.3 creatures/sec. Fitness: best=1123.5, avg=756.1, new=(qd-mutate=644.5). MAP-Elites(8x8, morphologies=3): occupied=23, pending=192, in flight=24
19:54:40: 4167x RT, 69.4 creatures/sec. Fitness: best=1123.5, avg=756.1, new=(qd-mutate=655.9). MAP-Elites(8x8, morphologies=3): occupied=23, pending=192, in flight=24
19:54:42: 2114x RT, 35.2 creatures/sec. Fitness: best=1123.5, avg=760.7, new=(qd-mutate=613.6). MAP-Elites(8x8, morphologies=3): occupied=23, pending=192, in flight=24
19:54:44: 1611x RT, 26.8 creatures/sec. Fitness: best=1123.5, avg=762.6, new=(qd-mutate=592.4). MAP-Elites(8x8, morphologies=3): occupied=23, pending=192, in flight=24
19:54:47: 3914x RT, 65.2 creatures/sec. Fitness: best=1123.5, avg=778.3, new=(qd-mutate=635.9). MAP-Elites(8x8, morphologies=3): occupied=23, pending=192, in flight=24
19:54:49: 3561x RT, 59.4 creatures/sec. Fitness: best=1123.5, avg=766.5, new=(qd-mutate=644.3). MAP-Elites(8x8, morphologies=3): occupied=24, pending=192, in flight=24
19:54:51: 4015x RT, 66.9 creatures/sec. Fitness: best=1123.5, avg=766.5, new=(qd-mutate=613.8). MAP-Elites(8x8, morphologies=3): occupied=24, pending=192, in flight=24
19:54:53: 2836x RT, 47.3 creatures/sec. Fitness: best=1123.5, avg=766.5, new=(qd-mutate=662.2). MAP-Elites(8x8, morphologies=3): occupied=24, pending=192, in flight=24
19:54:55: 929x RT, 15.5 creatures/sec. Fitness: best=1123.5, avg=766.5, new=(qd-mutate=627.2). MAP-Elites(8x8, morphologies=3): occupied=24, pending=192, in flight=24
19:54:57: 4582x RT, 76.4 creatures/sec. Fitness: best=1123.5, avg=766.5, new=(qd-mutate=622.3). MAP-Elites(8x8, morphologies=3): occupied=24, pending=192, in flight=24
19:54:59: 4664x RT, 77.7 creatures/sec. Fitness: best=1123.5, avg=768.5, new=(qd-mutate=609.5). MAP-Elites(8x8, morphologies=3): occupied=24, pending=192, in flight=24
19:55:01: 3540x RT, 59.0 creatures/sec. Fitness: best=1123.5, avg=758.8, new=(qd-mutate=633.8). MAP-Elites(8x8, morphologies=3): occupied=25, pending=192, in flight=24
19:55:03: 3192x RT, 53.2 creatures/sec. Fitness: best=1123.5, avg=761.0, new=(qd-mutate=652.9). MAP-Elites(8x8, morphologies=3): occupied=25, pending=192, in flight=24
19:55:05: 1448x RT, 24.1 creatures/sec. Fitness: best=1123.5, avg=762.5, new=(qd-mutate=672.0). MAP-Elites(8x8, morphologies=3): occupied=25, pending=192, in flight=24
19:55:07: 2147x RT, 35.8 creatures/sec. Fitness: best=1123.5, avg=764.1, new=(qd-mutate=653.5). MAP-Elites(8x8, morphologies=3): occupied=25, pending=192, in flight=24
19:55:09: 2861x RT, 47.7 creatures/sec. Fitness: best=1123.5, avg=769.3, new=(qd-mutate=614.8). MAP-Elites(8x8, morphologies=3): occupied=25, pending=192, in flight=24
2848395 bytes written to /Users/dag/projects/Machine-Evolved-credible-training/training-runs/me-v2-harmonic-qd-01-double-gravity-8w/config.json. 
19:55:11: 3112x RT, 51.9 creatures/sec. Fitness: best=1123.5, avg=774.4, new=(qd-mutate=600.6). MAP-Elites(8x8, morphologies=3): occupied=25, pending=192, in flight=24
19:55:13: 2437x RT, 40.6 creatures/sec. Fitness: best=1123.5, avg=774.4, new=(qd-mutate=657.9). MAP-Elites(8x8, morphologies=3): occupied=25, pending=192, in flight=24
--> new robust best creature found through qd-mutate! Fitness=1284.168160360325 domains=[1277.307861, 1312.506714, 1283.542725]
19:55:15: 2411x RT, 40.2 creatures/sec. Fitness: best=1284.2, avg=785.8, new=(qd-mutate=682.2). MAP-Elites(8x8, morphologies=3): occupied=25, pending=192, in flight=24
19:55:17: 2285x RT, 38.1 creatures/sec. Fitness: best=1284.2, avg=785.8, new=(qd-mutate=613.5). MAP-Elites(8x8, morphologies=3): occupied=25, pending=192, in flight=24
19:55:19: 2231x RT, 37.2 creatures/sec. Fitness: best=1284.2, avg=785.8, new=(qd-mutate=650.4). MAP-Elites(8x8, morphologies=3): occupied=25, pending=192, in flight=24
19:55:21: 1988x RT, 33.1 creatures/sec. Fitness: best=1284.2, avg=785.8, new=(qd-mutate=651.3). MAP-Elites(8x8, morphologies=3): occupied=25, pending=192, in flight=24
19:55:24: 1977x RT, 32.9 creatures/sec. Fitness: best=1284.2, avg=785.8, new=(qd-mutate=617.4). MAP-Elites(8x8, morphologies=3): occupied=25, pending=192, in flight=24
19:55:26: 1926x RT, 32.1 creatures/sec. Fitness: best=1284.2, avg=785.8, new=(qd-mutate=658.7). MAP-Elites(8x8, morphologies=3): occupied=25, pending=192, in flight=24
19:55:28: 1972x RT, 32.9 creatures/sec. Fitness: best=1284.2, avg=785.8, new=(qd-mutate=586.5). MAP-Elites(8x8, morphologies=3): occupied=25, pending=192, in flight=24
19:55:30: 1173x RT, 19.5 creatures/sec. Fitness: best=1284.2, avg=785.8, new=(qd-mutate=609.6). MAP-Elites(8x8, morphologies=3): occupied=25, pending=192, in flight=24
19:55:32: 901x RT, 15.0 creatures/sec. Fitness: best=1284.2, avg=785.8, new=(qd-mutate=618.0). MAP-Elites(8x8, morphologies=3): occupied=25, pending=192, in flight=24
19:55:34: 919x RT, 15.3 creatures/sec. Fitness: best=1284.2, avg=785.8, new=(qd-mutate=658.3). MAP-Elites(8x8, morphologies=3): occupied=25, pending=192, in flight=24
19:55:36: 1004x RT, 16.7 creatures/sec. Fitness: best=1284.2, avg=785.8, new=(qd-mutate=630.3). MAP-Elites(8x8, morphologies=3): occupied=25, pending=192, in flight=24
19:55:38: 620x RT, 10.3 creatures/sec. Fitness: best=1284.2, avg=785.8, new=(qd-mutate=517.9). MAP-Elites(8x8, morphologies=3): occupied=25, pending=192, in flight=24
19:55:40: 504x RT, 8.4 creatures/sec. Fitness: best=1284.2, avg=785.8, new=(qd-mutate=625.5). MAP-Elites(8x8, morphologies=3): occupied=25, pending=192, in flight=24
19:55:42: 1043x RT, 17.4 creatures/sec. Fitness: best=1284.2, avg=785.8, new=(qd-mutate=571.8). MAP-Elites(8x8, morphologies=3): occupied=25, pending=192, in flight=24
19:55:44: 630x RT, 10.5 creatures/sec. Fitness: best=1284.2, avg=785.8, new=(qd-mutate=685.4). MAP-Elites(8x8, morphologies=3): occupied=25, pending=192, in flight=24
19:55:46: 1038x RT, 17.3 creatures/sec. Fitness: best=1284.2, avg=785.8, new=(qd-mutate=549.5). MAP-Elites(8x8, morphologies=3): occupied=25, pending=192, in flight=24
19:55:48: 1177x RT, 19.6 creatures/sec. Fitness: best=1284.2, avg=785.8, new=(qd-mutate=578.6). MAP-Elites(8x8, morphologies=3): occupied=25, pending=192, in flight=24
19:55:51: 1116x RT, 18.6 creatures/sec. Fitness: best=1284.2, avg=785.8, new=(qd-mutate=711.9). MAP-Elites(8x8, morphologies=3): occupied=25, pending=192, in flight=24
19:55:53: 1065x RT, 17.8 creatures/sec. Fitness: best=1284.2, avg=785.8, new=(qd-mutate=680.4). MAP-Elites(8x8, morphologies=3): occupied=25, pending=192, in flight=24
19:55:55: 1133x RT, 18.9 creatures/sec. Fitness: best=1284.2, avg=785.8, new=(qd-mutate=617.5). MAP-Elites(8x8, morphologies=3): occupied=25, pending=192, in flight=24
19:55:57: 196x RT, 3.3 creatures/sec. Fitness: best=1284.2, avg=785.8, new=(qd-mutate=978.3). MAP-Elites(8x8, morphologies=3): occupied=25, pending=192, in flight=24
19:55:59: 203x RT, 3.4 creatures/sec. Fitness: best=1284.2, avg=785.8, new=(qd-mutate=640.0). MAP-Elites(8x8, morphologies=3): occupied=25, pending=192, in flight=24
19:56:01: 193x RT, 3.2 creatures/sec. Fitness: best=1284.2, avg=785.8, new=(qd-mutate=625.8). MAP-Elites(8x8, morphologies=3): occupied=25, pending=192, in flight=24
19:56:03: 108x RT, 1.8 creatures/sec. Fitness: best=1284.2, avg=785.8, new=(qd-mutate=752.9). MAP-Elites(8x8, morphologies=3): occupied=25, pending=192, in flight=24
19:56:05: 143x RT, 2.4 creatures/sec. Fitness: best=1284.2, avg=785.8, new=(qd-mutate=509.1). MAP-Elites(8x8, morphologies=3): occupied=25, pending=192, in flight=24
19:56:07: 168x RT, 2.8 creatures/sec. Fitness: best=1284.2, avg=785.8, new=(qd-mutate=627.4). MAP-Elites(8x8, morphologies=3): occupied=25, pending=192, in flight=24
19:56:10: 200x RT, 3.3 creatures/sec. Fitness: best=1284.2, avg=785.8, new=(qd-mutate=779.3). MAP-Elites(8x8, morphologies=3): occupied=25, pending=192, in flight=24
3001314 bytes written to /Users/dag/projects/Machine-Evolved-credible-training/training-runs/me-v2-harmonic-qd-01-double-gravity-8w/config.json. 
19:56:12: 293x RT, 4.9 creatures/sec. Fitness: best=1284.2, avg=785.8, new=(qd-mutate=596.0). MAP-Elites(8x8, morphologies=3): occupied=25, pending=192, in flight=24
19:56:14: 818x RT, 13.6 creatures/sec. Fitness: best=1284.2, avg=785.8, new=(qd-mutate=570.2). MAP-Elites(8x8, morphologies=3): occupied=25, pending=192, in flight=24
19:56:16: 1051x RT, 17.5 creatures/sec. Fitness: best=1284.2, avg=785.8, new=(qd-mutate=626.8). MAP-Elites(8x8, morphologies=3): occupied=25, pending=192, in flight=24
19:56:18: 1068x RT, 17.8 creatures/sec. Fitness: best=1284.2, avg=785.8, new=(qd-mutate=638.5). MAP-Elites(8x8, morphologies=3): occupied=25, pending=192, in flight=24
19:56:20: 1114x RT, 18.6 creatures/sec. Fitness: best=1284.2, avg=785.8, new=(qd-mutate=639.3). MAP-Elites(8x8, morphologies=3): occupied=25, pending=192, in flight=24
19:56:22: 1053x RT, 17.5 creatures/sec. Fitness: best=1284.2, avg=785.8, new=(qd-mutate=618.2). MAP-Elites(8x8, morphologies=3): occupied=25, pending=192, in flight=24
19:56:24: 951x RT, 15.8 creatures/sec. Fitness: best=1284.2, avg=785.8, new=(qd-mutate=627.3). MAP-Elites(8x8, morphologies=3): occupied=25, pending=192, in flight=24
19:56:26: 1125x RT, 18.7 creatures/sec. Fitness: best=1284.2, avg=785.8, new=(qd-mutate=684.7). MAP-Elites(8x8, morphologies=3): occupied=25, pending=192, in flight=24
19:56:28: 1054x RT, 17.6 creatures/sec. Fitness: best=1284.2, avg=785.8, new=(qd-mutate=558.9). MAP-Elites(8x8, morphologies=3): occupied=25, pending=192, in flight=24
19:56:30: 1118x RT, 18.6 creatures/sec. Fitness: best=1284.2, avg=785.8, new=(qd-mutate=645.2). MAP-Elites(8x8, morphologies=3): occupied=25, pending=192, in flight=24
19:56:33: 1449x RT, 24.2 creatures/sec. Fitness: best=1284.2, avg=785.8, new=(qd-mutate=585.4). MAP-Elites(8x8, morphologies=3): occupied=25, pending=192, in flight=24
19:56:35: 1514x RT, 25.2 creatures/sec. Fitness: best=1284.2, avg=785.8, new=(qd-mutate=573.0). MAP-Elites(8x8, morphologies=3): occupied=25, pending=192, in flight=24
19:56:37: 984x RT, 16.4 creatures/sec. Fitness: best=1284.2, avg=785.8, new=(qd-mutate=624.2). MAP-Elites(8x8, morphologies=3): occupied=25, pending=192, in flight=24
19:56:39: 474x RT, 7.9 creatures/sec. Fitness: best=1284.2, avg=792.4, new=(qd-mutate=682.5). MAP-Elites(8x8, morphologies=3): occupied=25, pending=192, in flight=24
19:56:41: 1124x RT, 18.7 creatures/sec. Fitness: best=1284.2, avg=792.4, new=(qd-mutate=632.7). MAP-Elites(8x8, morphologies=3): occupied=25, pending=192, in flight=24
19:56:43: 2062x RT, 34.4 creatures/sec. Fitness: best=1284.2, avg=792.4, new=(qd-mutate=606.5). MAP-Elites(8x8, morphologies=3): occupied=25, pending=192, in flight=24
19:56:45: 1995x RT, 33.3 creatures/sec. Fitness: best=1284.2, avg=792.4, new=(qd-mutate=640.5). MAP-Elites(8x8, morphologies=3): occupied=25, pending=192, in flight=24
19:56:47: 1067x RT, 17.8 creatures/sec. Fitness: best=1284.2, avg=792.4, new=(qd-mutate=674.4). MAP-Elites(8x8, morphologies=3): occupied=25, pending=192, in flight=24
19:56:49: 1347x RT, 22.5 creatures/sec. Fitness: best=1284.2, avg=792.4, new=(qd-mutate=532.6). MAP-Elites(8x8, morphologies=3): occupied=25, pending=192, in flight=24
19:56:51: 1152x RT, 19.2 creatures/sec. Fitness: best=1284.2, avg=792.4, new=(qd-mutate=611.2). MAP-Elites(8x8, morphologies=3): occupied=25, pending=192, in flight=24
19:56:53: 955x RT, 15.9 creatures/sec. Fitness: best=1284.2, avg=792.4, new=(qd-mutate=650.9). MAP-Elites(8x8, morphologies=3): occupied=25, pending=192, in flight=24
19:56:55: 1475x RT, 24.6 creatures/sec. Fitness: best=1284.2, avg=792.4, new=(qd-mutate=647.4). MAP-Elites(8x8, morphologies=3): occupied=25, pending=192, in flight=24
19:56:57: 1908x RT, 31.8 creatures/sec. Fitness: best=1284.2, avg=792.4, new=(qd-mutate=610.0). MAP-Elites(8x8, morphologies=3): occupied=25, pending=192, in flight=24
19:56:59: 410x RT, 6.8 creatures/sec. Fitness: best=1284.2, avg=792.4, new=(qd-mutate=653.8). MAP-Elites(8x8, morphologies=3): occupied=25, pending=192, in flight=24
19:57:01: 450x RT, 7.5 creatures/sec. Fitness: best=1284.2, avg=797.9, new=(qd-mutate=636.4). MAP-Elites(8x8, morphologies=3): occupied=25, pending=192, in flight=24
19:57:03: 1015x RT, 16.9 creatures/sec. Fitness: best=1284.2, avg=797.9, new=(qd-mutate=617.2). MAP-Elites(8x8, morphologies=3): occupied=25, pending=192, in flight=24
19:57:05: 1162x RT, 19.4 creatures/sec. Fitness: best=1284.2, avg=798.1, new=(qd-mutate=681.9). MAP-Elites(8x8, morphologies=3): occupied=25, pending=192, in flight=24
19:57:08: 799x RT, 13.3 creatures/sec. Fitness: best=1284.2, avg=798.1, new=(qd-mutate=674.8). MAP-Elites(8x8, morphologies=3): occupied=25, pending=192, in flight=24
19:57:10: 1167x RT, 19.4 creatures/sec. Fitness: best=1284.2, avg=798.1, new=(qd-mutate=629.9). MAP-Elites(8x8, morphologies=3): occupied=25, pending=192, in flight=23
3130371 bytes written to /Users/dag/projects/Machine-Evolved-credible-training/training-runs/me-v2-harmonic-qd-01-double-gravity-8w/config.json. 
19:57:12: 957x RT, 16.0 creatures/sec. Fitness: best=1284.2, avg=798.1, new=(qd-mutate=705.7). MAP-Elites(8x8, morphologies=3): occupied=25, pending=192, in flight=24
19:57:14: 803x RT, 13.4 creatures/sec. Fitness: best=1284.2, avg=798.1, new=(qd-mutate=654.1). MAP-Elites(8x8, morphologies=3): occupied=25, pending=192, in flight=24
19:57:16: 1062x RT, 17.7 creatures/sec. Fitness: best=1284.2, avg=798.1, new=(qd-mutate=704.4). MAP-Elites(8x8, morphologies=3): occupied=25, pending=192, in flight=24
19:57:18: 1585x RT, 26.4 creatures/sec. Fitness: best=1284.2, avg=798.1, new=(qd-mutate=618.5). MAP-Elites(8x8, morphologies=3): occupied=25, pending=192, in flight=24
19:57:20: 2323x RT, 38.7 creatures/sec. Fitness: best=1284.2, avg=788.9, new=(qd-mutate=621.7). MAP-Elites(8x8, morphologies=3): occupied=26, pending=192, in flight=24
19:57:22: 2625x RT, 43.8 creatures/sec. Fitness: best=1284.2, avg=788.9, new=(qd-mutate=601.4). MAP-Elites(8x8, morphologies=3): occupied=26, pending=192, in flight=24
19:57:24: 1845x RT, 30.7 creatures/sec. Fitness: best=1284.2, avg=788.9, new=(qd-mutate=612.8). MAP-Elites(8x8, morphologies=3): occupied=26, pending=192, in flight=24
19:57:26: 1377x RT, 22.9 creatures/sec. Fitness: best=1284.2, avg=788.9, new=(qd-mutate=559.9). MAP-Elites(8x8, morphologies=3): occupied=26, pending=192, in flight=24
19:57:28: 1485x RT, 24.8 creatures/sec. Fitness: best=1284.2, avg=788.9, new=(qd-mutate=634.6). MAP-Elites(8x8, morphologies=3): occupied=26, pending=192, in flight=24
19:57:30: 1746x RT, 29.1 creatures/sec. Fitness: best=1284.2, avg=788.9, new=(qd-mutate=610.1). MAP-Elites(8x8, morphologies=3): occupied=26, pending=192, in flight=24
19:57:32: 1465x RT, 24.4 creatures/sec. Fitness: best=1284.2, avg=788.9, new=(qd-mutate=644.2). MAP-Elites(8x8, morphologies=3): occupied=26, pending=192, in flight=24
19:57:35: 1265x RT, 21.1 creatures/sec. Fitness: best=1284.2, avg=788.9, new=(qd-mutate=538.7). MAP-Elites(8x8, morphologies=3): occupied=26, pending=192, in flight=24
19:57:37: 960x RT, 16.0 creatures/sec. Fitness: best=1284.2, avg=788.9, new=(qd-mutate=730.0). MAP-Elites(8x8, morphologies=3): occupied=26, pending=192, in flight=24
19:57:39: 937x RT, 15.6 creatures/sec. Fitness: best=1284.2, avg=788.9, new=(qd-mutate=579.2). MAP-Elites(8x8, morphologies=3): occupied=26, pending=192, in flight=24
19:57:41: 2408x RT, 40.1 creatures/sec. Fitness: best=1284.2, avg=792.8, new=(qd-mutate=668.7). MAP-Elites(8x8, morphologies=3): occupied=26, pending=192, in flight=24
19:57:43: 1767x RT, 29.5 creatures/sec. Fitness: best=1284.2, avg=801.8, new=(qd-mutate=628.8). MAP-Elites(8x8, morphologies=3): occupied=26, pending=192, in flight=24
19:57:45: 2486x RT, 41.4 creatures/sec. Fitness: best=1284.2, avg=801.8, new=(qd-mutate=602.5). MAP-Elites(8x8, morphologies=3): occupied=26, pending=192, in flight=24
19:57:47: 2589x RT, 43.2 creatures/sec. Fitness: best=1284.2, avg=801.8, new=(qd-mutate=632.6). MAP-Elites(8x8, morphologies=3): occupied=26, pending=192, in flight=24
19:57:49: 2614x RT, 43.6 creatures/sec. Fitness: best=1284.2, avg=801.8, new=(qd-mutate=615.7). MAP-Elites(8x8, morphologies=3): occupied=26, pending=192, in flight=24
19:57:51: 2180x RT, 36.3 creatures/sec. Fitness: best=1284.2, avg=801.8, new=(qd-mutate=643.6). MAP-Elites(8x8, morphologies=3): occupied=26, pending=192, in flight=24
19:57:53: 2429x RT, 40.5 creatures/sec. Fitness: best=1284.2, avg=801.8, new=(qd-mutate=610.7). MAP-Elites(8x8, morphologies=3): occupied=26, pending=192, in flight=24
19:57:55: 936x RT, 15.6 creatures/sec. Fitness: best=1284.2, avg=801.8, new=(qd-mutate=634.8). MAP-Elites(8x8, morphologies=3): occupied=26, pending=192, in flight=24
19:57:57: 1539x RT, 25.7 creatures/sec. Fitness: best=1284.2, avg=801.8, new=(qd-mutate=606.0). MAP-Elites(8x8, morphologies=3): occupied=26, pending=192, in flight=24
19:57:59: 1883x RT, 31.4 creatures/sec. Fitness: best=1284.2, avg=801.8, new=(qd-mutate=657.9). MAP-Elites(8x8, morphologies=3): occupied=26, pending=192, in flight=24
19:58:01: 1865x RT, 31.1 creatures/sec. Fitness: best=1284.2, avg=801.8, new=(qd-mutate=612.3). MAP-Elites(8x8, morphologies=3): occupied=26, pending=192, in flight=24
19:58:04: 1205x RT, 20.1 creatures/sec. Fitness: best=1284.2, avg=801.8, new=(qd-mutate=667.9). MAP-Elites(8x8, morphologies=3): occupied=26, pending=192, in flight=24
19:58:06: 1766x RT, 29.4 creatures/sec. Fitness: best=1284.2, avg=801.8, new=(qd-mutate=634.0). MAP-Elites(8x8, morphologies=3): occupied=26, pending=192, in flight=24
19:58:08: 1751x RT, 29.2 creatures/sec. Fitness: best=1284.2, avg=801.8, new=(qd-mutate=659.4). MAP-Elites(8x8, morphologies=3): occupied=26, pending=192, in flight=24
19:58:10: 1461x RT, 24.4 creatures/sec. Fitness: best=1284.2, avg=801.8, new=(qd-mutate=589.7). MAP-Elites(8x8, morphologies=3): occupied=26, pending=192, in flight=24
3348770 bytes written to /Users/dag/projects/Machine-Evolved-credible-training/training-runs/me-v2-harmonic-qd-01-double-gravity-8w/config.json. 
19:58:12: 1785x RT, 29.7 creatures/sec. Fitness: best=1284.2, avg=801.8, new=(qd-mutate=632.4). MAP-Elites(8x8, morphologies=3): occupied=26, pending=192, in flight=24
19:58:14: 1594x RT, 26.6 creatures/sec. Fitness: best=1284.2, avg=801.8, new=(qd-mutate=661.6). MAP-Elites(8x8, morphologies=3): occupied=26, pending=192, in flight=24
19:58:16: 1543x RT, 25.7 creatures/sec. Fitness: best=1284.2, avg=801.8, new=(qd-mutate=610.7). MAP-Elites(8x8, morphologies=3): occupied=26, pending=192, in flight=24
19:58:18: 1238x RT, 20.6 creatures/sec. Fitness: best=1284.2, avg=807.0, new=(qd-mutate=630.3). MAP-Elites(8x8, morphologies=3): occupied=26, pending=192, in flight=24
19:58:20: 1482x RT, 24.7 creatures/sec. Fitness: best=1284.2, avg=807.0, new=(qd-mutate=566.8). MAP-Elites(8x8, morphologies=3): occupied=26, pending=192, in flight=24
19:58:22: 1307x RT, 21.8 creatures/sec. Fitness: best=1284.2, avg=809.7, new=(qd-mutate=611.2). MAP-Elites(8x8, morphologies=3): occupied=26, pending=192, in flight=24
19:58:24: 1282x RT, 21.4 creatures/sec. Fitness: best=1284.2, avg=809.7, new=(qd-mutate=666.6). MAP-Elites(8x8, morphologies=3): occupied=26, pending=192, in flight=24
19:58:26: 1227x RT, 20.4 creatures/sec. Fitness: best=1284.2, avg=809.7, new=(qd-mutate=661.1). MAP-Elites(8x8, morphologies=3): occupied=26, pending=192, in flight=24
19:58:28: 1137x RT, 19.0 creatures/sec. Fitness: best=1284.2, avg=809.7, new=(qd-mutate=670.9). MAP-Elites(8x8, morphologies=3): occupied=26, pending=192, in flight=24
19:58:30: 1165x RT, 19.4 creatures/sec. Fitness: best=1284.2, avg=809.7, new=(qd-mutate=648.3). MAP-Elites(8x8, morphologies=3): occupied=26, pending=192, in flight=24
19:58:32: 1217x RT, 20.3 creatures/sec. Fitness: best=1284.2, avg=809.7, new=(qd-mutate=662.3). MAP-Elites(8x8, morphologies=3): occupied=26, pending=192, in flight=24
19:58:34: 1346x RT, 22.4 creatures/sec. Fitness: best=1284.2, avg=809.7, new=(qd-mutate=735.6). MAP-Elites(8x8, morphologies=3): occupied=26, pending=192, in flight=24
19:58:37: 1258x RT, 21.0 creatures/sec. Fitness: best=1284.2, avg=809.7, new=(qd-mutate=609.6). MAP-Elites(8x8, morphologies=3): occupied=26, pending=192, in flight=24
19:58:39: 1003x RT, 16.7 creatures/sec. Fitness: best=1284.2, avg=809.7, new=(qd-mutate=561.2). MAP-Elites(8x8, morphologies=3): occupied=26, pending=192, in flight=24
19:58:41: 516x RT, 8.6 creatures/sec. Fitness: best=1284.2, avg=809.7, new=(qd-mutate=603.5). MAP-Elites(8x8, morphologies=3): occupied=26, pending=192, in flight=24
19:58:43: 745x RT, 12.4 creatures/sec. Fitness: best=1284.2, avg=809.7, new=(qd-mutate=607.6). MAP-Elites(8x8, morphologies=3): occupied=26, pending=192, in flight=24
19:58:45: 1123x RT, 18.7 creatures/sec. Fitness: best=1284.2, avg=809.7, new=(qd-mutate=611.5). MAP-Elites(8x8, morphologies=3): occupied=26, pending=192, in flight=24
19:58:47: 894x RT, 14.9 creatures/sec. Fitness: best=1284.2, avg=809.7, new=(qd-mutate=704.7). MAP-Elites(8x8, morphologies=3): occupied=26, pending=192, in flight=24
19:58:49: 639x RT, 10.7 creatures/sec. Fitness: best=1284.2, avg=809.7, new=(qd-mutate=634.3). MAP-Elites(8x8, morphologies=3): occupied=26, pending=192, in flight=24
19:58:51: 876x RT, 14.6 creatures/sec. Fitness: best=1284.2, avg=809.7, new=(qd-mutate=657.8). MAP-Elites(8x8, morphologies=3): occupied=26, pending=192, in flight=24
19:58:53: 990x RT, 16.5 creatures/sec. Fitness: best=1284.2, avg=809.7, new=(qd-mutate=611.5). MAP-Elites(8x8, morphologies=3): occupied=26, pending=192, in flight=24
19:58:55: 1875x RT, 31.3 creatures/sec. Fitness: best=1284.2, avg=809.7, new=(qd-mutate=665.4). MAP-Elites(8x8, morphologies=3): occupied=26, pending=192, in flight=24
19:58:57: 1660x RT, 27.7 creatures/sec. Fitness: best=1284.2, avg=809.7, new=(qd-mutate=587.7). MAP-Elites(8x8, morphologies=3): occupied=26, pending=192, in flight=24
19:58:59: 1946x RT, 32.4 creatures/sec. Fitness: best=1284.2, avg=809.7, new=(qd-mutate=630.6). MAP-Elites(8x8, morphologies=3): occupied=26, pending=192, in flight=24
19:59:01: 3205x RT, 53.4 creatures/sec. Fitness: best=1284.2, avg=811.6, new=(qd-mutate=666.1). MAP-Elites(8x8, morphologies=3): occupied=26, pending=192, in flight=24
19:59:04: 2886x RT, 48.1 creatures/sec. Fitness: best=1284.2, avg=811.6, new=(qd-mutate=639.5). MAP-Elites(8x8, morphologies=3): occupied=26, pending=192, in flight=24
19:59:06: 2389x RT, 39.8 creatures/sec. Fitness: best=1284.2, avg=811.6, new=(qd-mutate=675.3). MAP-Elites(8x8, morphologies=3): occupied=26, pending=192, in flight=24
19:59:08: 1690x RT, 28.2 creatures/sec. Fitness: best=1284.2, avg=811.6, new=(qd-mutate=635.1). MAP-Elites(8x8, morphologies=3): occupied=26, pending=192, in flight=24
19:59:10: 888x RT, 14.8 creatures/sec. Fitness: best=1284.2, avg=811.6, new=(qd-mutate=533.9). MAP-Elites(8x8, morphologies=3): occupied=26, pending=192, in flight=24
3534071 bytes written to /Users/dag/projects/Machine-Evolved-credible-training/training-runs/me-v2-harmonic-qd-01-double-gravity-8w/config.json. 
19:59:12: 1227x RT, 20.4 creatures/sec. Fitness: best=1284.2, avg=811.6, new=(qd-mutate=583.3). MAP-Elites(8x8, morphologies=3): occupied=26, pending=192, in flight=24
19:59:14: 1396x RT, 23.3 creatures/sec. Fitness: best=1284.2, avg=811.6, new=(qd-mutate=655.8). MAP-Elites(8x8, morphologies=3): occupied=26, pending=192, in flight=24
19:59:16: 729x RT, 12.2 creatures/sec. Fitness: best=1284.2, avg=811.6, new=(qd-mutate=588.4). MAP-Elites(8x8, morphologies=3): occupied=26, pending=192, in flight=24
19:59:18: 1391x RT, 23.2 creatures/sec. Fitness: best=1284.2, avg=811.6, new=(qd-mutate=675.9). MAP-Elites(8x8, morphologies=3): occupied=26, pending=192, in flight=24
19:59:20: 817x RT, 13.6 creatures/sec. Fitness: best=1284.2, avg=819.7, new=(qd-mutate=708.3). MAP-Elites(8x8, morphologies=3): occupied=26, pending=192, in flight=24
19:59:22: 1304x RT, 21.7 creatures/sec. Fitness: best=1284.2, avg=819.7, new=(qd-mutate=711.7). MAP-Elites(8x8, morphologies=3): occupied=26, pending=192, in flight=24
19:59:24: 1415x RT, 23.6 creatures/sec. Fitness: best=1284.2, avg=819.7, new=(qd-mutate=671.6). MAP-Elites(8x8, morphologies=3): occupied=26, pending=192, in flight=23
19:59:26: 1094x RT, 18.2 creatures/sec. Fitness: best=1284.2, avg=819.7, new=(qd-mutate=643.3). MAP-Elites(8x8, morphologies=3): occupied=26, pending=192, in flight=24
19:59:28: 828x RT, 13.8 creatures/sec. Fitness: best=1284.2, avg=819.7, new=(qd-mutate=619.8). MAP-Elites(8x8, morphologies=3): occupied=26, pending=192, in flight=24
19:59:30: 805x RT, 13.4 creatures/sec. Fitness: best=1284.2, avg=819.7, new=(qd-mutate=663.7). MAP-Elites(8x8, morphologies=3): occupied=26, pending=192, in flight=24
19:59:32: 1441x RT, 24.0 creatures/sec. Fitness: best=1284.2, avg=819.7, new=(qd-mutate=658.9). MAP-Elites(8x8, morphologies=3): occupied=26, pending=192, in flight=24
19:59:34: 1298x RT, 21.6 creatures/sec. Fitness: best=1284.2, avg=819.7, new=(qd-mutate=594.3). MAP-Elites(8x8, morphologies=3): occupied=26, pending=192, in flight=24
19:59:36: 1480x RT, 24.7 creatures/sec. Fitness: best=1284.2, avg=819.7, new=(qd-mutate=655.4). MAP-Elites(8x8, morphologies=3): occupied=26, pending=192, in flight=24
19:59:38: 1122x RT, 18.7 creatures/sec. Fitness: best=1284.2, avg=819.7, new=(qd-mutate=682.7). MAP-Elites(8x8, morphologies=3): occupied=26, pending=192, in flight=24
19:59:41: 295x RT, 4.9 creatures/sec. Fitness: best=1284.2, avg=819.7, new=(qd-mutate=542.0). MAP-Elites(8x8, morphologies=3): occupied=26, pending=192, in flight=24
19:59:43: 381x RT, 6.3 creatures/sec. Fitness: best=1284.2, avg=819.7, new=(qd-mutate=598.2). MAP-Elites(8x8, morphologies=3): occupied=26, pending=192, in flight=24
19:59:45: 235x RT, 3.9 creatures/sec. Fitness: best=1284.2, avg=819.7, new=(qd-mutate=627.6). MAP-Elites(8x8, morphologies=3): occupied=26, pending=192, in flight=24
19:59:47: 406x RT, 6.8 creatures/sec. Fitness: best=1284.2, avg=819.7, new=(qd-mutate=554.7). MAP-Elites(8x8, morphologies=3): occupied=26, pending=192, in flight=24
19:59:49: 350x RT, 5.8 creatures/sec. Fitness: best=1284.2, avg=819.7, new=(qd-mutate=653.8). MAP-Elites(8x8, morphologies=3): occupied=26, pending=192, in flight=24
19:59:51: 231x RT, 3.9 creatures/sec. Fitness: best=1284.2, avg=819.7, new=(qd-mutate=468.9). MAP-Elites(8x8, morphologies=3): occupied=26, pending=192, in flight=24
19:59:54: 308x RT, 5.1 creatures/sec. Fitness: best=1284.2, avg=819.7, new=(qd-mutate=630.8). MAP-Elites(8x8, morphologies=3): occupied=26, pending=192, in flight=24
19:59:56: 260x RT, 4.3 creatures/sec. Fitness: best=1284.2, avg=819.7, new=(qd-mutate=651.6). MAP-Elites(8x8, morphologies=3): occupied=26, pending=192, in flight=24
19:59:58: 378x RT, 6.3 creatures/sec. Fitness: best=1284.2, avg=819.7, new=(qd-mutate=500.1). MAP-Elites(8x8, morphologies=3): occupied=26, pending=192, in flight=24
20:00:00: 347x RT, 5.8 creatures/sec. Fitness: best=1284.2, avg=819.7, new=(qd-mutate=664.8). MAP-Elites(8x8, morphologies=3): occupied=26, pending=192, in flight=24
20:00:02: 250x RT, 4.2 creatures/sec. Fitness: best=1284.2, avg=819.7, new=(qd-mutate=583.9). MAP-Elites(8x8, morphologies=3): occupied=26, pending=192, in flight=24
20:00:04: 372x RT, 6.2 creatures/sec. Fitness: best=1284.2, avg=819.7, new=(qd-mutate=732.8). MAP-Elites(8x8, morphologies=3): occupied=26, pending=192, in flight=24
20:00:06: 428x RT, 7.1 creatures/sec. Fitness: best=1284.2, avg=819.7, new=(qd-mutate=583.6). MAP-Elites(8x8, morphologies=3): occupied=26, pending=192, in flight=24
20:00:08: 383x RT, 6.4 creatures/sec. Fitness: best=1284.2, avg=819.7, new=(qd-mutate=676.3). MAP-Elites(8x8, morphologies=3): occupied=26, pending=192, in flight=24
3624401 bytes written to /Users/dag/projects/Machine-Evolved-credible-training/training-runs/me-v2-harmonic-qd-01-double-gravity-8w/config.json. 
20:00:11: 240x RT, 4.0 creatures/sec. Fitness: best=1284.2, avg=819.7, new=(qd-mutate=710.1). MAP-Elites(8x8, morphologies=3): occupied=26, pending=192, in flight=24
20:00:13: 509x RT, 8.5 creatures/sec. Fitness: best=1284.2, avg=819.7, new=(qd-mutate=592.2). MAP-Elites(8x8, morphologies=3): occupied=26, pending=192, in flight=24
20:00:16: 374x RT, 6.2 creatures/sec. Fitness: best=1284.2, avg=819.7, new=(qd-mutate=566.5). MAP-Elites(8x8, morphologies=3): occupied=26, pending=192, in flight=24
20:00:18: 422x RT, 7.0 creatures/sec. Fitness: best=1284.2, avg=819.7, new=(qd-mutate=685.2). MAP-Elites(8x8, morphologies=3): occupied=26, pending=192, in flight=24
20:00:24: 95x RT, 1.6 creatures/sec. Fitness: best=1284.2, avg=819.7, new=(qd-mutate=654.5). MAP-Elites(8x8, morphologies=3): occupied=26, pending=192, in flight=24
20:00:26: 349x RT, 5.8 creatures/sec. Fitness: best=1284.2, avg=819.7, new=(qd-mutate=544.3). MAP-Elites(8x8, morphologies=3): occupied=26, pending=192, in flight=24
20:00:28: 369x RT, 6.2 creatures/sec. Fitness: best=1284.2, avg=819.7, new=(qd-mutate=581.4). MAP-Elites(8x8, morphologies=3): occupied=26, pending=192, in flight=24
20:00:30: 416x RT, 6.9 creatures/sec. Fitness: best=1284.2, avg=819.7, new=(qd-mutate=677.9). MAP-Elites(8x8, morphologies=3): occupied=26, pending=192, in flight=24
20:00:32: 470x RT, 7.8 creatures/sec. Fitness: best=1284.2, avg=819.7, new=(qd-mutate=656.3). MAP-Elites(8x8, morphologies=3): occupied=26, pending=192, in flight=24
20:00:34: 409x RT, 6.8 creatures/sec. Fitness: best=1284.2, avg=819.7, new=(qd-mutate=662.7). MAP-Elites(8x8, morphologies=3): occupied=26, pending=192, in flight=24
20:00:36: 420x RT, 7.0 creatures/sec. Fitness: best=1284.2, avg=819.7, new=(qd-mutate=558.5). MAP-Elites(8x8, morphologies=3): occupied=26, pending=192, in flight=24
20:00:38: 606x RT, 10.1 creatures/sec. Fitness: best=1284.2, avg=819.7, new=(qd-mutate=624.3). MAP-Elites(8x8, morphologies=3): occupied=26, pending=192, in flight=24
20:00:40: 549x RT, 9.2 creatures/sec. Fitness: best=1284.2, avg=819.7, new=(qd-mutate=592.6). MAP-Elites(8x8, morphologies=3): occupied=26, pending=192, in flight=24
20:00:42: 617x RT, 10.3 creatures/sec. Fitness: best=1284.2, avg=819.7, new=(qd-mutate=618.3). MAP-Elites(8x8, morphologies=3): occupied=26, pending=192, in flight=24
20:00:45: 1235x RT, 20.6 creatures/sec. Fitness: best=1284.2, avg=819.7, new=(qd-mutate=613.0). MAP-Elites(8x8, morphologies=3): occupied=26, pending=192, in flight=24
20:00:47: 1205x RT, 20.1 creatures/sec. Fitness: best=1284.2, avg=819.7, new=(qd-mutate=685.8). MAP-Elites(8x8, morphologies=3): occupied=26, pending=192, in flight=24
20:00:49: 1564x RT, 26.1 creatures/sec. Fitness: best=1284.2, avg=819.7, new=(qd-mutate=607.5). MAP-Elites(8x8, morphologies=3): occupied=26, pending=192, in flight=24
20:00:51: 1598x RT, 26.6 creatures/sec. Fitness: best=1284.2, avg=819.7, new=(qd-mutate=649.3). MAP-Elites(8x8, morphologies=3): occupied=26, pending=192, in flight=24
20:00:53: 2403x RT, 40.1 creatures/sec. Fitness: best=1284.2, avg=819.7, new=(qd-mutate=579.4). MAP-Elites(8x8, morphologies=3): occupied=26, pending=192, in flight=24
20:00:55: 2273x RT, 37.9 creatures/sec. Fitness: best=1284.2, avg=819.7, new=(qd-mutate=636.7). MAP-Elites(8x8, morphologies=3): occupied=26, pending=192, in flight=24
20:00:57: 1531x RT, 25.5 creatures/sec. Fitness: best=1284.2, avg=822.0, new=(qd-mutate=749.1). MAP-Elites(8x8, morphologies=3): occupied=26, pending=192, in flight=24
20:00:59: 1869x RT, 31.1 creatures/sec. Fitness: best=1284.2, avg=822.5, new=(qd-mutate=676.5). MAP-Elites(8x8, morphologies=3): occupied=26, pending=192, in flight=24
20:01:01: 2770x RT, 46.2 creatures/sec. Fitness: best=1284.2, avg=822.5, new=(qd-mutate=636.5). MAP-Elites(8x8, morphologies=3): occupied=26, pending=192, in flight=24
20:01:03: 2484x RT, 41.4 creatures/sec. Fitness: best=1284.2, avg=822.5, new=(qd-mutate=655.6). MAP-Elites(8x8, morphologies=3): occupied=26, pending=192, in flight=24
20:01:05: 2444x RT, 40.7 creatures/sec. Fitness: best=1284.2, avg=822.5, new=(qd-mutate=608.9). MAP-Elites(8x8, morphologies=3): occupied=26, pending=192, in flight=24
20:01:07: 2842x RT, 47.4 creatures/sec. Fitness: best=1284.2, avg=822.5, new=(qd-mutate=601.8). MAP-Elites(8x8, morphologies=3): occupied=26, pending=192, in flight=24
20:01:09: 4075x RT, 67.9 creatures/sec. Fitness: best=1284.2, avg=822.5, new=(qd-mutate=641.9). MAP-Elites(8x8, morphologies=3): occupied=26, pending=192, in flight=24
3771727 bytes written to /Users/dag/projects/Machine-Evolved-credible-training/training-runs/me-v2-harmonic-qd-01-double-gravity-8w/config.json. 
20:01:11: 4122x RT, 68.7 creatures/sec. Fitness: best=1284.2, avg=822.5, new=(qd-mutate=666.0). MAP-Elites(8x8, morphologies=3): occupied=26, pending=192, in flight=24
20:01:13: 4975x RT, 82.9 creatures/sec. Fitness: best=1284.2, avg=819.2, new=(qd-mutate=623.3). MAP-Elites(8x8, morphologies=3): occupied=27, pending=192, in flight=24
20:01:15: 6044x RT, 100.7 creatures/sec. Fitness: best=1284.2, avg=819.2, new=(qd-mutate=617.0). MAP-Elites(8x8, morphologies=3): occupied=27, pending=192, in flight=24
20:01:17: 5531x RT, 92.2 creatures/sec. Fitness: best=1284.2, avg=819.2, new=(qd-mutate=594.1). MAP-Elites(8x8, morphologies=3): occupied=27, pending=192, in flight=24
20:01:19: 6510x RT, 108.5 creatures/sec. Fitness: best=1284.2, avg=819.2, new=(qd-mutate=631.9). MAP-Elites(8x8, morphologies=3): occupied=27, pending=192, in flight=24
20:01:21: 6577x RT, 109.6 creatures/sec. Fitness: best=1284.2, avg=819.2, new=(qd-mutate=619.8). MAP-Elites(8x8, morphologies=3): occupied=27, pending=192, in flight=24
20:01:24: 6302x RT, 105.0 creatures/sec. Fitness: best=1284.2, avg=819.2, new=(qd-mutate=665.3). MAP-Elites(8x8, morphologies=3): occupied=27, pending=192, in flight=24
20:01:26: 6486x RT, 108.1 creatures/sec. Fitness: best=1284.2, avg=819.2, new=(qd-mutate=655.9). MAP-Elites(8x8, morphologies=3): occupied=27, pending=192, in flight=24
20:01:28: 6295x RT, 104.9 creatures/sec. Fitness: best=1284.2, avg=819.2, new=(qd-mutate=654.7). MAP-Elites(8x8, morphologies=3): occupied=27, pending=192, in flight=24
20:01:30: 5801x RT, 96.7 creatures/sec. Fitness: best=1284.2, avg=820.2, new=(qd-mutate=632.5). MAP-Elites(8x8, morphologies=3): occupied=27, pending=192, in flight=24
20:01:32: 4329x RT, 72.2 creatures/sec. Fitness: best=1284.2, avg=820.2, new=(qd-mutate=668.4). MAP-Elites(8x8, morphologies=3): occupied=27, pending=192, in flight=24
20:01:34: 5155x RT, 85.9 creatures/sec. Fitness: best=1284.2, avg=824.2, new=(qd-mutate=655.6). MAP-Elites(8x8, morphologies=3): occupied=27, pending=192, in flight=24
20:01:36: 5641x RT, 94.0 creatures/sec. Fitness: best=1284.2, avg=826.9, new=(qd-mutate=650.4). MAP-Elites(8x8, morphologies=3): occupied=27, pending=192, in flight=24
20:01:38: 5288x RT, 88.1 creatures/sec. Fitness: best=1284.2, avg=826.9, new=(qd-mutate=643.7). MAP-Elites(8x8, morphologies=3): occupied=27, pending=192, in flight=24
20:01:40: 5763x RT, 96.1 creatures/sec. Fitness: best=1284.2, avg=826.9, new=(qd-mutate=651.8). MAP-Elites(8x8, morphologies=3): occupied=27, pending=192, in flight=24
20:01:42: 5471x RT, 91.2 creatures/sec. Fitness: best=1284.2, avg=826.9, new=(qd-mutate=671.3). MAP-Elites(8x8, morphologies=3): occupied=27, pending=192, in flight=24
20:01:44: 5806x RT, 96.8 creatures/sec. Fitness: best=1284.2, avg=830.6, new=(qd-mutate=612.4). MAP-Elites(8x8, morphologies=3): occupied=27, pending=192, in flight=24
20:01:46: 6586x RT, 109.8 creatures/sec. Fitness: best=1284.2, avg=830.6, new=(qd-mutate=670.6). MAP-Elites(8x8, morphologies=3): occupied=27, pending=192, in flight=24
20:01:48: 6116x RT, 101.9 creatures/sec. Fitness: best=1284.2, avg=830.6, new=(qd-mutate=643.2). MAP-Elites(8x8, morphologies=3): occupied=27, pending=192, in flight=24
20:01:50: 6205x RT, 103.4 creatures/sec. Fitness: best=1284.2, avg=830.6, new=(qd-mutate=637.6). MAP-Elites(8x8, morphologies=3): occupied=27, pending=192, in flight=24
20:01:52: 6564x RT, 109.4 creatures/sec. Fitness: best=1284.2, avg=830.6, new=(qd-mutate=653.1). MAP-Elites(8x8, morphologies=3): occupied=27, pending=192, in flight=24
20:01:54: 6534x RT, 108.9 creatures/sec. Fitness: best=1284.2, avg=840.3, new=(qd-mutate=643.6). MAP-Elites(8x8, morphologies=3): occupied=27, pending=192, in flight=24
20:01:56: 6268x RT, 104.5 creatures/sec. Fitness: best=1284.2, avg=840.3, new=(qd-mutate=626.3). MAP-Elites(8x8, morphologies=3): occupied=27, pending=192, in flight=24
20:01:58: 5436x RT, 90.6 creatures/sec. Fitness: best=1284.2, avg=846.5, new=(qd-mutate=633.6). MAP-Elites(8x8, morphologies=3): occupied=27, pending=192, in flight=24
20:02:01: 5138x RT, 85.6 creatures/sec. Fitness: best=1284.2, avg=846.5, new=(qd-mutate=649.9). MAP-Elites(8x8, morphologies=3): occupied=27, pending=192, in flight=24
20:02:03: 5447x RT, 90.8 creatures/sec. Fitness: best=1284.2, avg=846.5, new=(qd-mutate=638.1). MAP-Elites(8x8, morphologies=3): occupied=27, pending=192, in flight=24
20:02:05: 5608x RT, 93.5 creatures/sec. Fitness: best=1284.2, avg=846.5, new=(qd-mutate=588.3). MAP-Elites(8x8, morphologies=3): occupied=27, pending=192, in flight=24
20:02:07: 6328x RT, 105.5 creatures/sec. Fitness: best=1284.2, avg=846.5, new=(qd-mutate=638.7). MAP-Elites(8x8, morphologies=3): occupied=27, pending=192, in flight=24
20:02:09: 4952x RT, 82.5 creatures/sec. Fitness: best=1284.2, avg=846.5, new=(qd-mutate=633.9). MAP-Elites(8x8, morphologies=3): occupied=27, pending=192, in flight=24
4489295 bytes written to /Users/dag/projects/Machine-Evolved-credible-training/training-runs/me-v2-harmonic-qd-01-double-gravity-8w/config.json. 
20:02:11: 4460x RT, 74.3 creatures/sec. Fitness: best=1284.2, avg=846.5, new=(qd-mutate=699.6). MAP-Elites(8x8, morphologies=3): occupied=27, pending=192, in flight=24
20:02:13: 4156x RT, 69.3 creatures/sec. Fitness: best=1284.2, avg=846.5, new=(qd-mutate=630.0). MAP-Elites(8x8, morphologies=3): occupied=27, pending=192, in flight=24
20:02:15: 6581x RT, 109.7 creatures/sec. Fitness: best=1284.2, avg=848.8, new=(qd-mutate=614.7). MAP-Elites(8x8, morphologies=3): occupied=27, pending=192, in flight=24
20:02:17: 6970x RT, 116.2 creatures/sec. Fitness: best=1284.2, avg=861.2, new=(qd-mutate=660.3). MAP-Elites(8x8, morphologies=3): occupied=27, pending=192, in flight=24
20:02:19: 6969x RT, 116.1 creatures/sec. Fitness: best=1284.2, avg=861.7, new=(qd-mutate=621.5). MAP-Elites(8x8, morphologies=3): occupied=27, pending=192, in flight=24
20:02:21: 7132x RT, 118.9 creatures/sec. Fitness: best=1284.2, avg=852.6, new=(qd-mutate=665.3). MAP-Elites(8x8, morphologies=3): occupied=28, pending=192, in flight=40
20:02:23: 7028x RT, 117.1 creatures/sec. Fitness: best=1284.2, avg=852.6, new=(qd-mutate=670.2). MAP-Elites(8x8, morphologies=3): occupied=28, pending=192, in flight=40
20:02:25: 6955x RT, 115.9 creatures/sec. Fitness: best=1284.2, avg=852.8, new=(qd-mutate=674.1). MAP-Elites(8x8, morphologies=3): occupied=28, pending=192, in flight=40
20:02:27: 6924x RT, 115.4 creatures/sec. Fitness: best=1284.2, avg=852.8, new=(qd-mutate=676.1). MAP-Elites(8x8, morphologies=3): occupied=28, pending=192, in flight=40
20:02:29: 6541x RT, 109.0 creatures/sec. Fitness: best=1284.2, avg=854.1, new=(qd-mutate=657.5). MAP-Elites(8x8, morphologies=3): occupied=28, pending=192, in flight=40
20:02:31: 7057x RT, 117.6 creatures/sec. Fitness: best=1284.2, avg=854.1, new=(qd-mutate=647.6). MAP-Elites(8x8, morphologies=3): occupied=28, pending=192, in flight=40
20:02:33: 7037x RT, 117.3 creatures/sec. Fitness: best=1284.2, avg=854.1, new=(qd-mutate=687.0). MAP-Elites(8x8, morphologies=3): occupied=28, pending=192, in flight=40
20:02:35: 7050x RT, 117.5 creatures/sec. Fitness: best=1284.2, avg=856.4, new=(qd-mutate=658.3). MAP-Elites(8x8, morphologies=3): occupied=28, pending=192, in flight=40
20:02:37: 7009x RT, 116.8 creatures/sec. Fitness: best=1284.2, avg=856.4, new=(qd-mutate=642.2). MAP-Elites(8x8, morphologies=3): occupied=28, pending=192, in flight=40
20:02:39: 6833x RT, 113.9 creatures/sec. Fitness: best=1284.2, avg=856.4, new=(qd-mutate=645.9). MAP-Elites(8x8, morphologies=3): occupied=28, pending=192, in flight=40
20:02:42: 6801x RT, 113.3 creatures/sec. Fitness: best=1284.2, avg=856.4, new=(qd-mutate=631.3). MAP-Elites(8x8, morphologies=3): occupied=28, pending=192, in flight=40
20:02:44: 7088x RT, 118.1 creatures/sec. Fitness: best=1284.2, avg=856.4, new=(qd-mutate=638.8). MAP-Elites(8x8, morphologies=3): occupied=28, pending=192, in flight=40
20:02:46: 6911x RT, 115.2 creatures/sec. Fitness: best=1284.2, avg=856.4, new=(qd-mutate=648.9). MAP-Elites(8x8, morphologies=3): occupied=28, pending=192, in flight=40
20:02:48: 7044x RT, 117.4 creatures/sec. Fitness: best=1284.2, avg=856.4, new=(qd-mutate=633.4). MAP-Elites(8x8, morphologies=3): occupied=28, pending=192, in flight=40
20:02:50: 7025x RT, 117.1 creatures/sec. Fitness: best=1284.2, avg=856.4, new=(qd-mutate=646.7). MAP-Elites(8x8, morphologies=3): occupied=28, pending=192, in flight=40
20:02:52: 6862x RT, 114.4 creatures/sec. Fitness: best=1284.2, avg=856.4, new=(qd-mutate=657.5). MAP-Elites(8x8, morphologies=3): occupied=28, pending=192, in flight=40
20:02:54: 7060x RT, 117.7 creatures/sec. Fitness: best=1284.2, avg=856.4, new=(qd-mutate=627.3). MAP-Elites(8x8, morphologies=3): occupied=28, pending=192, in flight=40
20:02:56: 6955x RT, 115.9 creatures/sec. Fitness: best=1284.2, avg=856.4, new=(qd-mutate=641.2). MAP-Elites(8x8, morphologies=3): occupied=28, pending=192, in flight=40
20:02:58: 7025x RT, 117.1 creatures/sec. Fitness: best=1284.2, avg=856.4, new=(qd-mutate=653.0). MAP-Elites(8x8, morphologies=3): occupied=28, pending=192, in flight=40
20:03:00: 7035x RT, 117.3 creatures/sec. Fitness: best=1284.2, avg=856.4, new=(qd-mutate=630.4). MAP-Elites(8x8, morphologies=3): occupied=28, pending=192, in flight=40
20:03:02: 7028x RT, 117.1 creatures/sec. Fitness: best=1284.2, avg=865.8, new=(qd-mutate=666.9). MAP-Elites(8x8, morphologies=3): occupied=28, pending=192, in flight=40
20:03:04: 6879x RT, 114.7 creatures/sec. Fitness: best=1284.2, avg=865.8, new=(qd-mutate=652.0). MAP-Elites(8x8, morphologies=3): occupied=28, pending=192, in flight=40
20:03:07: 6893x RT, 114.9 creatures/sec. Fitness: best=1284.2, avg=865.8, new=(qd-mutate=657.2). MAP-Elites(8x8, morphologies=3): occupied=28, pending=192, in flight=40
20:03:09: 7072x RT, 117.9 creatures/sec. Fitness: best=1284.2, avg=865.8, new=(qd-mutate=627.8). MAP-Elites(8x8, morphologies=3): occupied=28, pending=192, in flight=40
5367382 bytes written to /Users/dag/projects/Machine-Evolved-credible-training/training-runs/me-v2-harmonic-qd-01-double-gravity-8w/config.json. 
20:03:11: 7031x RT, 117.2 creatures/sec. Fitness: best=1284.2, avg=870.3, new=(qd-mutate=645.5). MAP-Elites(8x8, morphologies=3): occupied=28, pending=192, in flight=40
20:03:13: 7045x RT, 117.4 creatures/sec. Fitness: best=1284.2, avg=874.4, new=(qd-mutate=676.8). MAP-Elites(8x8, morphologies=3): occupied=28, pending=192, in flight=40
20:03:15: 6920x RT, 115.3 creatures/sec. Fitness: best=1284.2, avg=874.4, new=(qd-mutate=685.5). MAP-Elites(8x8, morphologies=3): occupied=28, pending=192, in flight=40
20:03:17: 6875x RT, 114.6 creatures/sec. Fitness: best=1284.2, avg=874.4, new=(qd-mutate=665.4). MAP-Elites(8x8, morphologies=3): occupied=28, pending=192, in flight=40
20:03:19: 6995x RT, 116.6 creatures/sec. Fitness: best=1284.2, avg=874.4, new=(qd-mutate=646.5). MAP-Elites(8x8, morphologies=3): occupied=28, pending=192, in flight=40
20:03:21: 7052x RT, 117.5 creatures/sec. Fitness: best=1284.2, avg=875.9, new=(qd-mutate=648.9). MAP-Elites(8x8, morphologies=3): occupied=28, pending=192, in flight=40
20:03:23: 6807x RT, 113.5 creatures/sec. Fitness: best=1284.2, avg=878.0, new=(qd-mutate=656.7). MAP-Elites(8x8, morphologies=3): occupied=28, pending=192, in flight=40
20:03:25: 7009x RT, 116.8 creatures/sec. Fitness: best=1284.2, avg=888.2, new=(qd-mutate=648.0). MAP-Elites(8x8, morphologies=3): occupied=28, pending=192, in flight=40
20:03:27: 7074x RT, 117.9 creatures/sec. Fitness: best=1284.2, avg=888.2, new=(qd-mutate=642.3). MAP-Elites(8x8, morphologies=3): occupied=28, pending=192, in flight=40
20:03:29: 6984x RT, 116.4 creatures/sec. Fitness: best=1284.2, avg=888.2, new=(qd-mutate=650.4). MAP-Elites(8x8, morphologies=3): occupied=28, pending=192, in flight=40
20:03:31: 6559x RT, 109.3 creatures/sec. Fitness: best=1284.2, avg=888.2, new=(qd-mutate=658.5). MAP-Elites(8x8, morphologies=3): occupied=28, pending=192, in flight=40
20:03:34: 7087x RT, 118.1 creatures/sec. Fitness: best=1284.2, avg=888.2, new=(qd-mutate=634.1). MAP-Elites(8x8, morphologies=3): occupied=28, pending=192, in flight=40
20:03:36: 6689x RT, 111.5 creatures/sec. Fitness: best=1284.2, avg=888.2, new=(qd-mutate=669.5). MAP-Elites(8x8, morphologies=3): occupied=28, pending=192, in flight=40
20:03:38: 6947x RT, 115.8 creatures/sec. Fitness: best=1284.2, avg=888.2, new=(qd-mutate=691.7). MAP-Elites(8x8, morphologies=3): occupied=28, pending=192, in flight=40
20:03:40: 6817x RT, 113.6 creatures/sec. Fitness: best=1284.2, avg=888.2, new=(qd-mutate=662.5). MAP-Elites(8x8, morphologies=3): occupied=28, pending=192, in flight=40
20:03:42: 6943x RT, 115.7 creatures/sec. Fitness: best=1284.2, avg=889.4, new=(qd-mutate=632.6). MAP-Elites(8x8, morphologies=3): occupied=28, pending=192, in flight=40
20:03:44: 7008x RT, 116.8 creatures/sec. Fitness: best=1284.2, avg=889.4, new=(qd-mutate=653.4). MAP-Elites(8x8, morphologies=3): occupied=28, pending=192, in flight=40
20:03:46: 6700x RT, 111.7 creatures/sec. Fitness: best=1284.2, avg=889.4, new=(qd-mutate=658.4). MAP-Elites(8x8, morphologies=3): occupied=28, pending=192, in flight=40
20:03:48: 6957x RT, 116.0 creatures/sec. Fitness: best=1284.2, avg=891.6, new=(qd-mutate=658.9). MAP-Elites(8x8, morphologies=3): occupied=28, pending=192, in flight=40
20:03:50: 6937x RT, 115.6 creatures/sec. Fitness: best=1284.2, avg=891.6, new=(qd-mutate=619.6). MAP-Elites(8x8, morphologies=3): occupied=28, pending=192, in flight=40
20:03:52: 6978x RT, 116.3 creatures/sec. Fitness: best=1284.2, avg=891.6, new=(qd-mutate=655.7). MAP-Elites(8x8, morphologies=3): occupied=28, pending=192, in flight=40
20:03:54: 6904x RT, 115.1 creatures/sec. Fitness: best=1284.2, avg=891.6, new=(qd-mutate=657.7). MAP-Elites(8x8, morphologies=3): occupied=28, pending=192, in flight=40
20:03:56: 7112x RT, 118.5 creatures/sec. Fitness: best=1284.2, avg=891.8, new=(qd-mutate=605.8). MAP-Elites(8x8, morphologies=3): occupied=28, pending=192, in flight=40
20:03:58: 7015x RT, 116.9 creatures/sec. Fitness: best=1284.2, avg=891.8, new=(qd-mutate=663.4). MAP-Elites(8x8, morphologies=3): occupied=28, pending=192, in flight=40
20:04:00: 7052x RT, 117.5 creatures/sec. Fitness: best=1284.2, avg=891.8, new=(qd-mutate=634.2). MAP-Elites(8x8, morphologies=3): occupied=28, pending=192, in flight=40
20:04:02: 7042x RT, 117.4 creatures/sec. Fitness: best=1284.2, avg=891.8, new=(qd-mutate=633.1). MAP-Elites(8x8, morphologies=3): occupied=28, pending=192, in flight=40
20:04:04: 6886x RT, 114.8 creatures/sec. Fitness: best=1284.2, avg=891.9, new=(qd-mutate=652.9). MAP-Elites(8x8, morphologies=3): occupied=28, pending=192, in flight=40
20:04:07: 7031x RT, 117.2 creatures/sec. Fitness: best=1284.2, avg=891.9, new=(qd-mutate=663.6). MAP-Elites(8x8, morphologies=3): occupied=28, pending=192, in flight=40
20:04:09: 6927x RT, 115.5 creatures/sec. Fitness: best=1284.2, avg=894.3, new=(qd-mutate=638.3). MAP-Elites(8x8, morphologies=3): occupied=28, pending=192, in flight=40
5798231 bytes written to /Users/dag/projects/Machine-Evolved-credible-training/training-runs/me-v2-harmonic-qd-01-double-gravity-8w/config.json. 
20:04:11: 7029x RT, 117.1 creatures/sec. Fitness: best=1284.2, avg=894.3, new=(qd-mutate=622.5). MAP-Elites(8x8, morphologies=3): occupied=28, pending=192, in flight=40
20:04:13: 7022x RT, 117.0 creatures/sec. Fitness: best=1284.2, avg=894.3, new=(qd-mutate=634.2). MAP-Elites(8x8, morphologies=3): occupied=28, pending=192, in flight=40
20:04:15: 7035x RT, 117.2 creatures/sec. Fitness: best=1284.2, avg=894.3, new=(qd-mutate=651.5). MAP-Elites(8x8, morphologies=3): occupied=28, pending=192, in flight=40
20:04:17: 7074x RT, 117.9 creatures/sec. Fitness: best=1284.2, avg=894.3, new=(qd-mutate=652.3). MAP-Elites(8x8, morphologies=3): occupied=28, pending=192, in flight=40
20:04:19: 7047x RT, 117.4 creatures/sec. Fitness: best=1284.2, avg=894.3, new=(qd-mutate=657.8). MAP-Elites(8x8, morphologies=3): occupied=28, pending=192, in flight=40
20:04:21: 7068x RT, 117.8 creatures/sec. Fitness: best=1284.2, avg=902.7, new=(qd-mutate=643.5). MAP-Elites(8x8, morphologies=3): occupied=28, pending=192, in flight=40
20:04:23: 7021x RT, 117.0 creatures/sec. Fitness: best=1284.2, avg=903.9, new=(qd-mutate=645.4). MAP-Elites(8x8, morphologies=3): occupied=28, pending=192, in flight=40
20:04:25: 7089x RT, 118.1 creatures/sec. Fitness: best=1284.2, avg=903.9, new=(qd-mutate=624.3). MAP-Elites(8x8, morphologies=3): occupied=28, pending=192, in flight=40
20:04:27: 7079x RT, 118.0 creatures/sec. Fitness: best=1284.2, avg=903.9, new=(qd-mutate=653.1). MAP-Elites(8x8, morphologies=3): occupied=28, pending=192, in flight=40
20:04:29: 7036x RT, 117.3 creatures/sec. Fitness: best=1284.2, avg=903.9, new=(qd-mutate=650.8). MAP-Elites(8x8, morphologies=3): occupied=28, pending=192, in flight=40
20:04:31: 7017x RT, 117.0 creatures/sec. Fitness: best=1284.2, avg=903.9, new=(qd-mutate=656.7). MAP-Elites(8x8, morphologies=3): occupied=28, pending=192, in flight=40
20:04:33: 7076x RT, 117.9 creatures/sec. Fitness: best=1284.2, avg=903.9, new=(qd-mutate=656.6). MAP-Elites(8x8, morphologies=3): occupied=28, pending=192, in flight=40
20:04:35: 6574x RT, 109.6 creatures/sec. Fitness: best=1284.2, avg=903.9, new=(qd-mutate=620.2). MAP-Elites(8x8, morphologies=3): occupied=28, pending=192, in flight=40
20:04:38: 7009x RT, 116.8 creatures/sec. Fitness: best=1284.2, avg=903.9, new=(qd-mutate=651.1). MAP-Elites(8x8, morphologies=3): occupied=28, pending=192, in flight=40
20:04:40: 7033x RT, 117.2 creatures/sec. Fitness: best=1284.2, avg=903.9, new=(qd-mutate=635.9). MAP-Elites(8x8, morphologies=3): occupied=28, pending=192, in flight=40
20:04:42: 6726x RT, 112.1 creatures/sec. Fitness: best=1284.2, avg=903.9, new=(qd-mutate=672.6). MAP-Elites(8x8, morphologies=3): occupied=28, pending=192, in flight=40
20:04:44: 5757x RT, 96.0 creatures/sec. Fitness: best=1284.2, avg=903.9, new=(qd-mutate=617.9). MAP-Elites(8x8, morphologies=3): occupied=28, pending=192, in flight=40
20:04:46: 4543x RT, 75.7 creatures/sec. Fitness: best=1284.2, avg=904.5, new=(qd-mutate=699.2). MAP-Elites(8x8, morphologies=3): occupied=28, pending=192, in flight=40
20:04:48: 4335x RT, 72.2 creatures/sec. Fitness: best=1284.2, avg=904.5, new=(qd-mutate=658.9). MAP-Elites(8x8, morphologies=3): occupied=28, pending=192, in flight=40
20:04:50: 5754x RT, 95.9 creatures/sec. Fitness: best=1284.2, avg=906.7, new=(qd-mutate=645.2). MAP-Elites(8x8, morphologies=3): occupied=28, pending=192, in flight=40
20:04:52: 5875x RT, 97.9 creatures/sec. Fitness: best=1284.2, avg=907.6, new=(qd-mutate=673.7). MAP-Elites(8x8, morphologies=3): occupied=28, pending=192, in flight=40
20:04:54: 6036x RT, 100.6 creatures/sec. Fitness: best=1284.2, avg=907.6, new=(qd-mutate=672.7). MAP-Elites(8x8, morphologies=3): occupied=28, pending=192, in flight=40
20:04:56: 5997x RT, 100.0 creatures/sec. Fitness: best=1284.2, avg=907.6, new=(qd-mutate=625.4). MAP-Elites(8x8, morphologies=3): occupied=28, pending=192, in flight=40
20:04:58: 5771x RT, 96.2 creatures/sec. Fitness: best=1284.2, avg=907.6, new=(qd-mutate=656.8). MAP-Elites(8x8, morphologies=3): occupied=28, pending=192, in flight=40
20:05:00: 5930x RT, 98.8 creatures/sec. Fitness: best=1284.2, avg=907.6, new=(qd-mutate=628.5). MAP-Elites(8x8, morphologies=3): occupied=28, pending=192, in flight=40
20:05:02: 7038x RT, 117.3 creatures/sec. Fitness: best=1284.2, avg=909.2, new=(qd-mutate=627.0). MAP-Elites(8x8, morphologies=3): occupied=28, pending=192, in flight=40
20:05:04: 7069x RT, 117.8 creatures/sec. Fitness: best=1284.2, avg=909.2, new=(qd-mutate=653.8). MAP-Elites(8x8, morphologies=3): occupied=28, pending=192, in flight=40
20:05:06: 6897x RT, 115.0 creatures/sec. Fitness: best=1284.2, avg=909.2, new=(qd-mutate=648.1). MAP-Elites(8x8, morphologies=3): occupied=28, pending=192, in flight=40
20:05:08: 7058x RT, 117.6 creatures/sec. Fitness: best=1284.2, avg=909.2, new=(qd-mutate=628.6). MAP-Elites(8x8, morphologies=3): occupied=28, pending=192, in flight=40
20:05:10: 6958x RT, 116.0 creatures/sec. Fitness: best=1284.2, avg=909.2, new=(qd-mutate=661.7). MAP-Elites(8x8, morphologies=3): occupied=28, pending=192, in flight=40
5809535 bytes written to /Users/dag/projects/Machine-Evolved-credible-training/training-runs/me-v2-harmonic-qd-01-double-gravity-8w/config.json. 
20:05:12: 7038x RT, 117.3 creatures/sec. Fitness: best=1284.2, avg=909.2, new=(qd-mutate=698.7). MAP-Elites(8x8, morphologies=3): occupied=28, pending=192, in flight=40
20:05:14: 7105x RT, 118.4 creatures/sec. Fitness: best=1284.2, avg=909.2, new=(qd-mutate=639.6). MAP-Elites(8x8, morphologies=3): occupied=28, pending=192, in flight=40
20:05:16: 6808x RT, 113.5 creatures/sec. Fitness: best=1284.2, avg=909.2, new=(qd-mutate=682.0). MAP-Elites(8x8, morphologies=3): occupied=28, pending=192, in flight=40
20:05:18: 6712x RT, 111.9 creatures/sec. Fitness: best=1284.2, avg=909.2, new=(qd-mutate=636.8). MAP-Elites(8x8, morphologies=3): occupied=28, pending=192, in flight=40
20:05:21: 7047x RT, 117.4 creatures/sec. Fitness: best=1284.2, avg=909.2, new=(qd-mutate=636.1). MAP-Elites(8x8, morphologies=3): occupied=28, pending=192, in flight=40
20:05:23: 7087x RT, 118.1 creatures/sec. Fitness: best=1284.2, avg=912.8, new=(qd-mutate=672.4). MAP-Elites(8x8, morphologies=3): occupied=28, pending=192, in flight=40
20:05:25: 6944x RT, 115.7 creatures/sec. Fitness: best=1284.2, avg=912.8, new=(qd-mutate=672.2). MAP-Elites(8x8, morphologies=3): occupied=28, pending=192, in flight=40
20:05:27: 4931x RT, 82.2 creatures/sec. Fitness: best=1284.2, avg=912.8, new=(qd-mutate=675.9). MAP-Elites(8x8, morphologies=3): occupied=28, pending=192, in flight=40
20:05:29: 6617x RT, 110.3 creatures/sec. Fitness: best=1284.2, avg=912.8, new=(qd-mutate=618.2). MAP-Elites(8x8, morphologies=3): occupied=28, pending=192, in flight=40
20:05:31: 6516x RT, 108.6 creatures/sec. Fitness: best=1284.2, avg=912.8, new=(qd-mutate=648.9). MAP-Elites(8x8, morphologies=3): occupied=28, pending=192, in flight=40
20:05:33: 6718x RT, 112.0 creatures/sec. Fitness: best=1284.2, avg=914.1, new=(qd-mutate=708.6). MAP-Elites(8x8, morphologies=3): occupied=28, pending=192, in flight=40
20:05:35: 6802x RT, 113.4 creatures/sec. Fitness: best=1284.2, avg=914.1, new=(qd-mutate=623.2). MAP-Elites(8x8, morphologies=3): occupied=28, pending=192, in flight=40
20:05:37: 6782x RT, 113.0 creatures/sec. Fitness: best=1284.2, avg=914.1, new=(qd-mutate=609.7). MAP-Elites(8x8, morphologies=3): occupied=28, pending=192, in flight=40
20:05:39: 6669x RT, 111.2 creatures/sec. Fitness: best=1284.2, avg=914.1, new=(qd-mutate=659.7). MAP-Elites(8x8, morphologies=3): occupied=28, pending=192, in flight=40
20:05:41: 6700x RT, 111.7 creatures/sec. Fitness: best=1284.2, avg=914.1, new=(qd-mutate=660.9). MAP-Elites(8x8, morphologies=3): occupied=28, pending=192, in flight=40
20:05:43: 6840x RT, 114.0 creatures/sec. Fitness: best=1284.2, avg=914.1, new=(qd-mutate=634.7). MAP-Elites(8x8, morphologies=3): occupied=28, pending=192, in flight=40
20:05:45: 5952x RT, 99.2 creatures/sec. Fitness: best=1284.2, avg=914.1, new=(qd-mutate=663.3). MAP-Elites(8x8, morphologies=3): occupied=28, pending=192, in flight=40
20:05:47: 6550x RT, 109.2 creatures/sec. Fitness: best=1284.2, avg=915.5, new=(qd-mutate=652.2). MAP-Elites(8x8, morphologies=3): occupied=28, pending=192, in flight=40
20:05:50: 6303x RT, 105.1 creatures/sec. Fitness: best=1284.2, avg=904.6, new=(qd-mutate=672.2). MAP-Elites(8x8, morphologies=3): occupied=29, pending=192, in flight=40
20:05:52: 6029x RT, 100.5 creatures/sec. Fitness: best=1284.2, avg=904.6, new=(qd-mutate=655.9). MAP-Elites(8x8, morphologies=3): occupied=29, pending=192, in flight=40
20:05:54: 6202x RT, 103.4 creatures/sec. Fitness: best=1284.2, avg=904.6, new=(qd-mutate=626.1). MAP-Elites(8x8, morphologies=3): occupied=29, pending=192, in flight=40
20:05:56: 6683x RT, 111.4 creatures/sec. Fitness: best=1284.2, avg=904.6, new=(qd-mutate=646.9). MAP-Elites(8x8, morphologies=3): occupied=29, pending=192, in flight=40
20:05:58: 6695x RT, 111.6 creatures/sec. Fitness: best=1284.2, avg=904.6, new=(qd-mutate=629.7). MAP-Elites(8x8, morphologies=3): occupied=29, pending=192, in flight=40
20:06:00: 6530x RT, 108.8 creatures/sec. Fitness: best=1284.2, avg=904.6, new=(qd-mutate=623.4). MAP-Elites(8x8, morphologies=3): occupied=29, pending=192, in flight=40
20:06:02: 6267x RT, 104.5 creatures/sec. Fitness: best=1284.2, avg=904.6, new=(qd-mutate=670.2). MAP-Elites(8x8, morphologies=3): occupied=29, pending=192, in flight=40
20:06:04: 5748x RT, 95.8 creatures/sec. Fitness: best=1284.2, avg=904.6, new=(qd-mutate=646.8). MAP-Elites(8x8, morphologies=3): occupied=29, pending=192, in flight=40
20:06:06: 6007x RT, 100.1 creatures/sec. Fitness: best=1284.2, avg=904.6, new=(qd-mutate=641.4). MAP-Elites(8x8, morphologies=3): occupied=29, pending=192, in flight=40
20:06:08: 6084x RT, 101.4 creatures/sec. Fitness: best=1284.2, avg=904.6, new=(qd-mutate=616.4). MAP-Elites(8x8, morphologies=3): occupied=29, pending=192, in flight=40
20:06:10: 6599x RT, 110.0 creatures/sec. Fitness: best=1284.2, avg=904.6, new=(qd-mutate=690.6). MAP-Elites(8x8, morphologies=3): occupied=29, pending=192, in flight=40
5823725 bytes written to /Users/dag/projects/Machine-Evolved-credible-training/training-runs/me-v2-harmonic-qd-01-double-gravity-8w/config.json. 
20:06:12: 6554x RT, 109.2 creatures/sec. Fitness: best=1284.2, avg=904.6, new=(qd-mutate=669.5). MAP-Elites(8x8, morphologies=3): occupied=29, pending=192, in flight=40
20:06:14: 5836x RT, 97.3 creatures/sec. Fitness: best=1284.2, avg=904.6, new=(qd-mutate=658.3). MAP-Elites(8x8, morphologies=3): occupied=29, pending=192, in flight=40
20:06:16: 5247x RT, 87.5 creatures/sec. Fitness: best=1284.2, avg=904.6, new=(qd-mutate=642.3). MAP-Elites(8x8, morphologies=3): occupied=29, pending=192, in flight=40
20:06:19: 6279x RT, 104.7 creatures/sec. Fitness: best=1284.2, avg=904.6, new=(qd-mutate=630.0). MAP-Elites(8x8, morphologies=3): occupied=29, pending=192, in flight=40
20:06:21: 5959x RT, 99.3 creatures/sec. Fitness: best=1284.2, avg=904.6, new=(qd-mutate=681.4). MAP-Elites(8x8, morphologies=3): occupied=29, pending=192, in flight=40
20:06:23: 5955x RT, 99.3 creatures/sec. Fitness: best=1284.2, avg=904.6, new=(qd-mutate=662.1). MAP-Elites(8x8, morphologies=3): occupied=29, pending=192, in flight=40
20:06:25: 6276x RT, 104.6 creatures/sec. Fitness: best=1284.2, avg=890.3, new=(qd-mutate=643.9). MAP-Elites(8x8, morphologies=3): occupied=30, pending=192, in flight=40
20:06:27: 6195x RT, 103.2 creatures/sec. Fitness: best=1284.2, avg=890.3, new=(qd-mutate=655.4). MAP-Elites(8x8, morphologies=3): occupied=30, pending=192, in flight=40
20:06:29: 6571x RT, 109.5 creatures/sec. Fitness: best=1284.2, avg=890.3, new=(qd-mutate=664.2). MAP-Elites(8x8, morphologies=3): occupied=30, pending=192, in flight=40
20:06:31: 6559x RT, 109.3 creatures/sec. Fitness: best=1284.2, avg=890.3, new=(qd-mutate=634.1). MAP-Elites(8x8, morphologies=3): occupied=30, pending=192, in flight=40
20:06:33: 6632x RT, 110.5 creatures/sec. Fitness: best=1284.2, avg=892.2, new=(qd-mutate=695.3). MAP-Elites(8x8, morphologies=3): occupied=30, pending=192, in flight=40
20:06:35: 5942x RT, 99.0 creatures/sec. Fitness: best=1284.2, avg=894.4, new=(qd-mutate=677.0). MAP-Elites(8x8, morphologies=3): occupied=30, pending=192, in flight=40
20:06:37: 6578x RT, 109.6 creatures/sec. Fitness: best=1284.2, avg=894.4, new=(qd-mutate=626.6). MAP-Elites(8x8, morphologies=3): occupied=30, pending=192, in flight=40
20:06:39: 6279x RT, 104.6 creatures/sec. Fitness: best=1284.2, avg=894.4, new=(qd-mutate=649.8). MAP-Elites(8x8, morphologies=3): occupied=30, pending=192, in flight=40
20:06:41: 4922x RT, 82.0 creatures/sec. Fitness: best=1284.2, avg=894.4, new=(qd-mutate=617.9). MAP-Elites(8x8, morphologies=3): occupied=30, pending=192, in flight=40
20:06:43: 4750x RT, 79.2 creatures/sec. Fitness: best=1284.2, avg=894.4, new=(qd-mutate=653.9). MAP-Elites(8x8, morphologies=3): occupied=30, pending=192, in flight=40
20:06:45: 4883x RT, 81.4 creatures/sec. Fitness: best=1284.2, avg=894.4, new=(qd-mutate=671.5). MAP-Elites(8x8, morphologies=3): occupied=30, pending=192, in flight=40
20:06:47: 5661x RT, 94.4 creatures/sec. Fitness: best=1284.2, avg=894.4, new=(qd-mutate=668.5). MAP-Elites(8x8, morphologies=3): occupied=30, pending=192, in flight=40
20:06:49: 6231x RT, 103.8 creatures/sec. Fitness: best=1284.2, avg=894.4, new=(qd-mutate=679.9). MAP-Elites(8x8, morphologies=3): occupied=30, pending=192, in flight=40
20:06:51: 6546x RT, 109.1 creatures/sec. Fitness: best=1284.2, avg=894.4, new=(qd-mutate=675.2). MAP-Elites(8x8, morphologies=3): occupied=30, pending=192, in flight=40
20:06:53: 7088x RT, 118.1 creatures/sec. Fitness: best=1284.2, avg=894.4, new=(qd-mutate=662.1). MAP-Elites(8x8, morphologies=3): occupied=30, pending=192, in flight=40
20:06:55: 6929x RT, 115.5 creatures/sec. Fitness: best=1284.2, avg=894.4, new=(qd-mutate=663.7). MAP-Elites(8x8, morphologies=3): occupied=30, pending=192, in flight=40
20:06:57: 6933x RT, 115.5 creatures/sec. Fitness: best=1284.2, avg=894.4, new=(qd-mutate=657.0). MAP-Elites(8x8, morphologies=3): occupied=30, pending=192, in flight=40
20:07:00: 7039x RT, 117.3 creatures/sec. Fitness: best=1284.2, avg=894.4, new=(qd-mutate=636.6). MAP-Elites(8x8, morphologies=3): occupied=30, pending=192, in flight=40
20:07:02: 6526x RT, 108.8 creatures/sec. Fitness: best=1284.2, avg=894.4, new=(qd-mutate=649.3). MAP-Elites(8x8, morphologies=3): occupied=30, pending=192, in flight=40
20:07:04: 7009x RT, 116.8 creatures/sec. Fitness: best=1284.2, avg=894.4, new=(qd-mutate=698.1). MAP-Elites(8x8, morphologies=3): occupied=30, pending=192, in flight=40
20:07:06: 7001x RT, 116.7 creatures/sec. Fitness: best=1284.2, avg=894.4, new=(qd-mutate=624.8). MAP-Elites(8x8, morphologies=3): occupied=30, pending=192, in flight=40
20:07:08: 6867x RT, 114.5 creatures/sec. Fitness: best=1284.2, avg=894.4, new=(qd-mutate=673.8). MAP-Elites(8x8, morphologies=3): occupied=30, pending=192, in flight=40
20:07:10: 7037x RT, 117.3 creatures/sec. Fitness: best=1284.2, avg=894.4, new=(qd-mutate=638.9). MAP-Elites(8x8, morphologies=3): occupied=30, pending=192, in flight=40
5822023 bytes written to /Users/dag/projects/Machine-Evolved-credible-training/training-runs/me-v2-harmonic-qd-01-double-gravity-8w/config.json. 
20:07:12: 6992x RT, 116.5 creatures/sec. Fitness: best=1284.2, avg=894.4, new=(qd-mutate=654.4). MAP-Elites(8x8, morphologies=3): occupied=30, pending=192, in flight=40
20:07:14: 6518x RT, 108.6 creatures/sec. Fitness: best=1284.2, avg=894.4, new=(qd-mutate=671.4). MAP-Elites(8x8, morphologies=3): occupied=30, pending=192, in flight=40
20:07:16: 7033x RT, 117.2 creatures/sec. Fitness: best=1284.2, avg=894.4, new=(qd-mutate=653.5). MAP-Elites(8x8, morphologies=3): occupied=30, pending=192, in flight=40
20:07:18: 7064x RT, 117.7 creatures/sec. Fitness: best=1284.2, avg=894.4, new=(qd-mutate=666.4). MAP-Elites(8x8, morphologies=3): occupied=30, pending=192, in flight=40
20:07:20: 6977x RT, 116.3 creatures/sec. Fitness: best=1284.2, avg=894.4, new=(qd-mutate=651.5). MAP-Elites(8x8, morphologies=3): occupied=30, pending=192, in flight=40
20:07:22: 6871x RT, 114.5 creatures/sec. Fitness: best=1284.2, avg=894.4, new=(qd-mutate=640.5). MAP-Elites(8x8, morphologies=3): occupied=30, pending=192, in flight=40
20:07:24: 6973x RT, 116.2 creatures/sec. Fitness: best=1284.2, avg=894.4, new=(qd-mutate=689.7). MAP-Elites(8x8, morphologies=3): occupied=30, pending=192, in flight=40
20:07:26: 7107x RT, 118.4 creatures/sec. Fitness: best=1284.2, avg=894.4, new=(qd-mutate=678.9). MAP-Elites(8x8, morphologies=3): occupied=30, pending=192, in flight=40
20:07:29: 7053x RT, 117.5 creatures/sec. Fitness: best=1284.2, avg=902.8, new=(qd-mutate=674.8). MAP-Elites(8x8, morphologies=3): occupied=30, pending=192, in flight=40
20:07:31: 7061x RT, 117.7 creatures/sec. Fitness: best=1284.2, avg=903.7, new=(qd-mutate=655.1). MAP-Elites(8x8, morphologies=3): occupied=30, pending=192, in flight=40
20:07:33: 7294x RT, 121.6 creatures/sec. Fitness: best=1284.2, avg=903.7, new=(qd-mutate=639.9). MAP-Elites(8x8, morphologies=3): occupied=30, pending=192, in flight=40
20:07:35: 7657x RT, 127.6 creatures/sec. Fitness: best=1284.2, avg=903.7, new=(qd-mutate=630.1). MAP-Elites(8x8, morphologies=3): occupied=30, pending=192, in flight=40
20:07:37: 7624x RT, 127.1 creatures/sec. Fitness: best=1284.2, avg=903.7, new=(qd-mutate=637.3). MAP-Elites(8x8, morphologies=3): occupied=30, pending=192, in flight=40
20:07:39: 7615x RT, 126.9 creatures/sec. Fitness: best=1284.2, avg=905.6, new=(qd-mutate=645.1). MAP-Elites(8x8, morphologies=3): occupied=30, pending=192, in flight=40
20:07:41: 7714x RT, 128.6 creatures/sec. Fitness: best=1284.2, avg=908.8, new=(qd-mutate=661.5). MAP-Elites(8x8, morphologies=3): occupied=30, pending=192, in flight=40
20:07:43: 7643x RT, 127.4 creatures/sec. Fitness: best=1284.2, avg=908.8, new=(qd-mutate=647.4). MAP-Elites(8x8, morphologies=3): occupied=30, pending=192, in flight=40
20:07:45: 7613x RT, 126.9 creatures/sec. Fitness: best=1284.2, avg=908.8, new=(qd-mutate=670.0). MAP-Elites(8x8, morphologies=3): occupied=30, pending=192, in flight=40
20:07:47: 7205x RT, 120.1 creatures/sec. Fitness: best=1284.2, avg=908.8, new=(qd-mutate=619.9). MAP-Elites(8x8, morphologies=3): occupied=30, pending=192, in flight=40
20:07:49: 7607x RT, 126.8 creatures/sec. Fitness: best=1284.2, avg=908.8, new=(qd-mutate=666.5). MAP-Elites(8x8, morphologies=3): occupied=30, pending=192, in flight=40
20:07:51: 7500x RT, 125.0 creatures/sec. Fitness: best=1284.2, avg=908.8, new=(qd-mutate=670.2). MAP-Elites(8x8, morphologies=3): occupied=30, pending=192, in flight=40
20:07:53: 7703x RT, 128.4 creatures/sec. Fitness: best=1284.2, avg=908.8, new=(qd-mutate=643.8). MAP-Elites(8x8, morphologies=3): occupied=30, pending=192, in flight=40
20:07:55: 7684x RT, 128.1 creatures/sec. Fitness: best=1284.2, avg=908.8, new=(qd-mutate=647.1). MAP-Elites(8x8, morphologies=3): occupied=30, pending=192, in flight=40
20:07:57: 7683x RT, 128.0 creatures/sec. Fitness: best=1284.2, avg=908.8, new=(qd-mutate=651.8). MAP-Elites(8x8, morphologies=3): occupied=30, pending=192, in flight=40
20:07:59: 7575x RT, 126.2 creatures/sec. Fitness: best=1284.2, avg=908.8, new=(qd-mutate=649.3). MAP-Elites(8x8, morphologies=3): occupied=30, pending=192, in flight=40
20:08:01: 7708x RT, 128.5 creatures/sec. Fitness: best=1284.2, avg=908.8, new=(qd-mutate=662.3). MAP-Elites(8x8, morphologies=3): occupied=30, pending=192, in flight=40
20:08:03: 7117x RT, 118.6 creatures/sec. Fitness: best=1284.2, avg=908.8, new=(qd-mutate=634.3). MAP-Elites(8x8, morphologies=3): occupied=30, pending=192, in flight=40
20:08:05: 7593x RT, 126.5 creatures/sec. Fitness: best=1284.2, avg=908.8, new=(qd-mutate=677.3). MAP-Elites(8x8, morphologies=3): occupied=30, pending=192, in flight=40
20:08:07: 7648x RT, 127.5 creatures/sec. Fitness: best=1284.2, avg=910.5, new=(qd-mutate=613.0). MAP-Elites(8x8, morphologies=3): occupied=30, pending=192, in flight=40
20:08:09: 7738x RT, 129.0 creatures/sec. Fitness: best=1284.2, avg=910.5, new=(qd-mutate=652.7). MAP-Elites(8x8, morphologies=3): occupied=30, pending=192, in flight=40
5840044 bytes written to /Users/dag/projects/Machine-Evolved-credible-training/training-runs/me-v2-harmonic-qd-01-double-gravity-8w/config.json. 
20:08:11: 7546x RT, 125.8 creatures/sec. Fitness: best=1284.2, avg=910.5, new=(qd-mutate=651.5). MAP-Elites(8x8, morphologies=3): occupied=30, pending=192, in flight=40
20:08:13: 7701x RT, 128.3 creatures/sec. Fitness: best=1284.2, avg=910.5, new=(qd-mutate=654.1). MAP-Elites(8x8, morphologies=3): occupied=30, pending=192, in flight=40
20:08:15: 7637x RT, 127.3 creatures/sec. Fitness: best=1284.2, avg=910.5, new=(qd-mutate=648.3). MAP-Elites(8x8, morphologies=3): occupied=30, pending=192, in flight=40
20:08:17: 7475x RT, 124.6 creatures/sec. Fitness: best=1284.2, avg=910.5, new=(qd-mutate=654.9). MAP-Elites(8x8, morphologies=3): occupied=30, pending=192, in flight=40
20:08:19: 7121x RT, 118.7 creatures/sec. Fitness: best=1284.2, avg=910.5, new=(qd-mutate=647.5). MAP-Elites(8x8, morphologies=3): occupied=30, pending=192, in flight=40
20:08:21: 7680x RT, 128.0 creatures/sec. Fitness: best=1284.2, avg=910.5, new=(qd-mutate=645.9). MAP-Elites(8x8, morphologies=3): occupied=30, pending=192, in flight=40
20:08:23: 7668x RT, 127.8 creatures/sec. Fitness: best=1284.2, avg=913.7, new=(qd-mutate=646.3). MAP-Elites(8x8, morphologies=3): occupied=30, pending=192, in flight=40
20:08:25: 7660x RT, 127.7 creatures/sec. Fitness: best=1284.2, avg=914.5, new=(qd-mutate=630.6). MAP-Elites(8x8, morphologies=3): occupied=30, pending=192, in flight=40
20:08:27: 7628x RT, 127.1 creatures/sec. Fitness: best=1284.2, avg=914.5, new=(qd-mutate=630.2). MAP-Elites(8x8, morphologies=3): occupied=30, pending=192, in flight=40
20:08:30: 7650x RT, 127.5 creatures/sec. Fitness: best=1284.2, avg=914.5, new=(qd-mutate=661.6). MAP-Elites(8x8, morphologies=3): occupied=30, pending=192, in flight=40
20:08:32: 7684x RT, 128.1 creatures/sec. Fitness: best=1284.2, avg=914.5, new=(qd-mutate=637.3). MAP-Elites(8x8, morphologies=3): occupied=30, pending=192, in flight=40
20:08:34: 7607x RT, 126.8 creatures/sec. Fitness: best=1284.2, avg=914.5, new=(qd-mutate=680.4). MAP-Elites(8x8, morphologies=3): occupied=30, pending=192, in flight=40
20:08:36: 7681x RT, 128.0 creatures/sec. Fitness: best=1284.2, avg=914.5, new=(qd-mutate=659.5). MAP-Elites(8x8, morphologies=3): occupied=30, pending=192, in flight=40
20:08:38: 7642x RT, 127.4 creatures/sec. Fitness: best=1284.2, avg=914.5, new=(qd-mutate=643.1). MAP-Elites(8x8, morphologies=3): occupied=30, pending=192, in flight=40
20:08:40: 7699x RT, 128.3 creatures/sec. Fitness: best=1284.2, avg=914.5, new=(qd-mutate=620.9). MAP-Elites(8x8, morphologies=3): occupied=30, pending=192, in flight=40
20:08:42: 7600x RT, 126.7 creatures/sec. Fitness: best=1284.2, avg=914.5, new=(qd-mutate=661.6). MAP-Elites(8x8, morphologies=3): occupied=30, pending=192, in flight=40
20:08:44: 7194x RT, 119.9 creatures/sec. Fitness: best=1284.2, avg=914.5, new=(qd-mutate=652.3). MAP-Elites(8x8, morphologies=3): occupied=30, pending=192, in flight=40
20:08:46: 7668x RT, 127.8 creatures/sec. Fitness: best=1284.2, avg=914.5, new=(qd-mutate=641.5). MAP-Elites(8x8, morphologies=3): occupied=30, pending=192, in flight=40
20:08:48: 7715x RT, 128.6 creatures/sec. Fitness: best=1284.2, avg=914.5, new=(qd-mutate=638.9). MAP-Elites(8x8, morphologies=3): occupied=30, pending=192, in flight=40
20:08:50: 7588x RT, 126.5 creatures/sec. Fitness: best=1284.2, avg=914.8, new=(qd-mutate=675.5). MAP-Elites(8x8, morphologies=3): occupied=30, pending=192, in flight=40
20:08:52: 7716x RT, 128.6 creatures/sec. Fitness: best=1284.2, avg=914.8, new=(qd-mutate=650.9). MAP-Elites(8x8, morphologies=3): occupied=30, pending=192, in flight=40
20:08:54: 7668x RT, 127.8 creatures/sec. Fitness: best=1284.2, avg=914.8, new=(qd-mutate=661.4). MAP-Elites(8x8, morphologies=3): occupied=30, pending=192, in flight=40
20:08:56: 7376x RT, 122.9 creatures/sec. Fitness: best=1284.2, avg=914.8, new=(qd-mutate=646.1). MAP-Elites(8x8, morphologies=3): occupied=30, pending=192, in flight=40
20:08:58: 7701x RT, 128.4 creatures/sec. Fitness: best=1284.2, avg=914.8, new=(qd-mutate=685.2). MAP-Elites(8x8, morphologies=3): occupied=30, pending=192, in flight=40
20:09:00: 7698x RT, 128.3 creatures/sec. Fitness: best=1284.2, avg=914.8, new=(qd-mutate=658.5). MAP-Elites(8x8, morphologies=3): occupied=30, pending=192, in flight=40
20:09:02: 7689x RT, 128.1 creatures/sec. Fitness: best=1284.2, avg=914.8, new=(qd-mutate=653.1). MAP-Elites(8x8, morphologies=3): occupied=30, pending=192, in flight=40
20:09:04: 7690x RT, 128.2 creatures/sec. Fitness: best=1284.2, avg=914.8, new=(qd-mutate=647.4). MAP-Elites(8x8, morphologies=3): occupied=30, pending=192, in flight=40
20:09:06: 7695x RT, 128.2 creatures/sec. Fitness: best=1284.2, avg=914.8, new=(qd-mutate=671.1). MAP-Elites(8x8, morphologies=3): occupied=30, pending=192, in flight=40
20:09:08: 7672x RT, 127.9 creatures/sec. Fitness: best=1284.2, avg=914.8, new=(qd-mutate=609.7). MAP-Elites(8x8, morphologies=3): occupied=30, pending=192, in flight=40
20:09:10: 7594x RT, 126.6 creatures/sec. Fitness: best=1284.2, avg=914.8, new=(qd-mutate=643.6). MAP-Elites(8x8, morphologies=3): occupied=30, pending=192, in flight=40
5842719 bytes written to /Users/dag/projects/Machine-Evolved-credible-training/training-runs/me-v2-harmonic-qd-01-double-gravity-8w/config.json. 
20:09:12: 7621x RT, 127.0 creatures/sec. Fitness: best=1284.2, avg=914.8, new=(qd-mutate=669.3). MAP-Elites(8x8, morphologies=3): occupied=30, pending=192, in flight=40
20:09:14: 7603x RT, 126.7 creatures/sec. Fitness: best=1284.2, avg=914.8, new=(qd-mutate=645.2). MAP-Elites(8x8, morphologies=3): occupied=30, pending=192, in flight=40
20:09:16: 5540x RT, 92.3 creatures/sec. Fitness: best=1284.2, avg=914.8, new=(qd-mutate=645.1). MAP-Elites(8x8, morphologies=3): occupied=30, pending=192, in flight=40
20:09:18: 7570x RT, 126.2 creatures/sec. Fitness: best=1284.2, avg=914.8, new=(qd-mutate=636.8). MAP-Elites(8x8, morphologies=3): occupied=30, pending=192, in flight=40
20:09:20: 7682x RT, 128.0 creatures/sec. Fitness: best=1284.2, avg=914.8, new=(qd-mutate=655.1). MAP-Elites(8x8, morphologies=3): occupied=30, pending=192, in flight=40
20:09:22: 7639x RT, 127.3 creatures/sec. Fitness: best=1284.2, avg=914.8, new=(qd-mutate=629.3). MAP-Elites(8x8, morphologies=3): occupied=30, pending=192, in flight=40
20:09:24: 7672x RT, 127.9 creatures/sec. Fitness: best=1284.2, avg=914.8, new=(qd-mutate=665.2). MAP-Elites(8x8, morphologies=3): occupied=30, pending=192, in flight=40
20:09:26: 7216x RT, 120.3 creatures/sec. Fitness: best=1284.2, avg=914.8, new=(qd-mutate=653.2). MAP-Elites(8x8, morphologies=3): occupied=30, pending=192, in flight=40
20:09:28: 5627x RT, 93.8 creatures/sec. Fitness: best=1284.2, avg=914.8, new=(qd-mutate=674.6). MAP-Elites(8x8, morphologies=3): occupied=30, pending=192, in flight=40
20:09:30: 5256x RT, 87.6 creatures/sec. Fitness: best=1284.2, avg=914.8, new=(qd-mutate=649.8). MAP-Elites(8x8, morphologies=3): occupied=30, pending=192, in flight=40
20:09:32: 6101x RT, 101.7 creatures/sec. Fitness: best=1284.2, avg=914.8, new=(qd-mutate=668.9). MAP-Elites(8x8, morphologies=3): occupied=30, pending=192, in flight=40
20:09:34: 6023x RT, 100.4 creatures/sec. Fitness: best=1284.2, avg=914.8, new=(qd-mutate=654.3). MAP-Elites(8x8, morphologies=3): occupied=30, pending=192, in flight=40
20:09:36: 6387x RT, 106.5 creatures/sec. Fitness: best=1284.2, avg=914.8, new=(qd-mutate=672.1). MAP-Elites(8x8, morphologies=3): occupied=30, pending=192, in flight=40
20:09:39: 6399x RT, 106.7 creatures/sec. Fitness: best=1284.2, avg=914.8, new=(qd-mutate=664.7). MAP-Elites(8x8, morphologies=3): occupied=30, pending=192, in flight=40
20:09:41: 6450x RT, 107.5 creatures/sec. Fitness: best=1284.2, avg=914.8, new=(qd-mutate=656.6). MAP-Elites(8x8, morphologies=3): occupied=30, pending=192, in flight=40
20:09:43: 6309x RT, 105.1 creatures/sec. Fitness: best=1284.2, avg=914.8, new=(qd-mutate=683.3). MAP-Elites(8x8, morphologies=3): occupied=30, pending=192, in flight=40
20:09:45: 6260x RT, 104.3 creatures/sec. Fitness: best=1284.2, avg=914.8, new=(qd-mutate=632.8). MAP-Elites(8x8, morphologies=3): occupied=30, pending=192, in flight=40
20:09:47: 6398x RT, 106.6 creatures/sec. Fitness: best=1284.2, avg=914.8, new=(qd-mutate=637.7). MAP-Elites(8x8, morphologies=3): occupied=30, pending=192, in flight=40
20:09:49: 6568x RT, 109.5 creatures/sec. Fitness: best=1284.2, avg=914.8, new=(qd-mutate=654.9). MAP-Elites(8x8, morphologies=3): occupied=30, pending=192, in flight=40
20:09:51: 6522x RT, 108.7 creatures/sec. Fitness: best=1284.2, avg=914.8, new=(qd-mutate=663.6). MAP-Elites(8x8, morphologies=3): occupied=30, pending=192, in flight=40
20:09:53: 6566x RT, 109.4 creatures/sec. Fitness: best=1284.2, avg=914.8, new=(qd-mutate=672.5). MAP-Elites(8x8, morphologies=3): occupied=30, pending=192, in flight=40
20:09:55: 6520x RT, 108.7 creatures/sec. Fitness: best=1284.2, avg=914.8, new=(qd-mutate=669.4). MAP-Elites(8x8, morphologies=3): occupied=30, pending=192, in flight=40
20:09:57: 6571x RT, 109.5 creatures/sec. Fitness: best=1284.2, avg=914.8, new=(qd-mutate=651.7). MAP-Elites(8x8, morphologies=3): occupied=30, pending=192, in flight=40
20:09:59: 6520x RT, 108.7 creatures/sec. Fitness: best=1284.2, avg=914.8, new=(qd-mutate=642.0). MAP-Elites(8x8, morphologies=3): occupied=30, pending=192, in flight=40
20:10:01: 6607x RT, 110.1 creatures/sec. Fitness: best=1284.2, avg=914.8, new=(qd-mutate=650.1). MAP-Elites(8x8, morphologies=3): occupied=30, pending=192, in flight=40
20:10:03: 6575x RT, 109.6 creatures/sec. Fitness: best=1284.2, avg=914.8, new=(qd-mutate=647.8). MAP-Elites(8x8, morphologies=3): occupied=30, pending=192, in flight=40
20:10:05: 6443x RT, 107.4 creatures/sec. Fitness: best=1284.2, avg=914.8, new=(qd-mutate=623.7). MAP-Elites(8x8, morphologies=3): occupied=30, pending=192, in flight=40
20:10:07: 6446x RT, 107.4 creatures/sec. Fitness: best=1284.2, avg=914.8, new=(qd-mutate=648.3). MAP-Elites(8x8, morphologies=3): occupied=30, pending=192, in flight=40
20:10:09: 6454x RT, 107.6 creatures/sec. Fitness: best=1284.2, avg=921.5, new=(qd-mutate=630.0). MAP-Elites(8x8, morphologies=3): occupied=30, pending=192, in flight=40
5833522 bytes written to /Users/dag/projects/Machine-Evolved-credible-training/training-runs/me-v2-harmonic-qd-01-double-gravity-8w/config.json. 
20:10:11: 6561x RT, 109.4 creatures/sec. Fitness: best=1284.2, avg=922.4, new=(qd-mutate=603.3). MAP-Elites(8x8, morphologies=3): occupied=30, pending=192, in flight=40
20:10:13: 6437x RT, 107.3 creatures/sec. Fitness: best=1284.2, avg=922.4, new=(qd-mutate=643.0). MAP-Elites(8x8, morphologies=3): occupied=30, pending=192, in flight=40
20:10:15: 6127x RT, 102.1 creatures/sec. Fitness: best=1284.2, avg=922.4, new=(qd-mutate=665.1). MAP-Elites(8x8, morphologies=3): occupied=30, pending=192, in flight=40
20:10:18: 6531x RT, 108.8 creatures/sec. Fitness: best=1284.2, avg=922.4, new=(qd-mutate=616.9). MAP-Elites(8x8, morphologies=3): occupied=30, pending=192, in flight=40
20:10:20: 6511x RT, 108.5 creatures/sec. Fitness: best=1284.2, avg=922.4, new=(qd-mutate=635.8). MAP-Elites(8x8, morphologies=3): occupied=30, pending=192, in flight=40
--> new robust best creature found through qd-mutate! Fitness=1356.0999752851646 domains=[1497.62793, 1321.571899, 1358.74585]
20:10:22: 6349x RT, 105.8 creatures/sec. Fitness: best=1356.1, avg=924.9, new=(qd-mutate=648.5). MAP-Elites(8x8, morphologies=3): occupied=30, pending=192, in flight=40
20:10:24: 6595x RT, 109.9 creatures/sec. Fitness: best=1356.1, avg=924.9, new=(qd-mutate=664.5). MAP-Elites(8x8, morphologies=3): occupied=30, pending=192, in flight=40
20:10:26: 6516x RT, 108.6 creatures/sec. Fitness: best=1356.1, avg=924.9, new=(qd-mutate=665.7). MAP-Elites(8x8, morphologies=3): occupied=30, pending=192, in flight=40
20:10:28: 6601x RT, 110.0 creatures/sec. Fitness: best=1356.1, avg=924.9, new=(qd-mutate=625.6). MAP-Elites(8x8, morphologies=3): occupied=30, pending=192, in flight=40
20:10:30: 6593x RT, 109.9 creatures/sec. Fitness: best=1356.1, avg=924.9, new=(qd-mutate=636.3). MAP-Elites(8x8, morphologies=3): occupied=30, pending=192, in flight=40
20:10:32: 6451x RT, 107.5 creatures/sec. Fitness: best=1356.1, avg=926.8, new=(qd-mutate=649.8). MAP-Elites(8x8, morphologies=3): occupied=30, pending=192, in flight=40
20:10:34: 6651x RT, 110.8 creatures/sec. Fitness: best=1356.1, avg=926.8, new=(qd-mutate=674.5). MAP-Elites(8x8, morphologies=3): occupied=30, pending=192, in flight=40
20:10:36: 6626x RT, 110.4 creatures/sec. Fitness: best=1356.1, avg=926.8, new=(qd-mutate=633.1). MAP-Elites(8x8, morphologies=3): occupied=30, pending=192, in flight=40
20:10:38: 6657x RT, 110.9 creatures/sec. Fitness: best=1356.1, avg=926.8, new=(qd-mutate=643.8). MAP-Elites(8x8, morphologies=3): occupied=30, pending=192, in flight=40
20:10:40: 6484x RT, 108.1 creatures/sec. Fitness: best=1356.1, avg=926.8, new=(qd-mutate=683.2). MAP-Elites(8x8, morphologies=3): occupied=30, pending=192, in flight=40
20:10:42: 6598x RT, 110.0 creatures/sec. Fitness: best=1356.1, avg=926.8, new=(qd-mutate=646.5). MAP-Elites(8x8, morphologies=3): occupied=30, pending=192, in flight=40
20:10:44: 6590x RT, 109.8 creatures/sec. Fitness: best=1356.1, avg=926.8, new=(qd-mutate=661.5). MAP-Elites(8x8, morphologies=3): occupied=30, pending=192, in flight=40
20:10:46: 6566x RT, 109.4 creatures/sec. Fitness: best=1356.1, avg=926.8, new=(qd-mutate=635.0). MAP-Elites(8x8, morphologies=3): occupied=30, pending=192, in flight=40
20:10:48: 6585x RT, 109.7 creatures/sec. Fitness: best=1356.1, avg=926.8, new=(qd-mutate=690.6). MAP-Elites(8x8, morphologies=3): occupied=30, pending=192, in flight=40
20:10:50: 7004x RT, 116.7 creatures/sec. Fitness: best=1356.1, avg=926.8, new=(qd-mutate=675.0). MAP-Elites(8x8, morphologies=3): occupied=30, pending=192, in flight=40
20:10:52: 7684x RT, 128.1 creatures/sec. Fitness: best=1356.1, avg=929.3, new=(qd-mutate=674.0). MAP-Elites(8x8, morphologies=3): occupied=30, pending=192, in flight=40
20:10:55: 7332x RT, 122.2 creatures/sec. Fitness: best=1356.1, avg=931.7, new=(qd-mutate=633.2). MAP-Elites(8x8, morphologies=3): occupied=30, pending=192, in flight=40
20:10:57: 7621x RT, 127.0 creatures/sec. Fitness: best=1356.1, avg=931.7, new=(qd-mutate=651.7). MAP-Elites(8x8, morphologies=3): occupied=30, pending=192, in flight=40
20:10:59: 7750x RT, 129.2 creatures/sec. Fitness: best=1356.1, avg=931.7, new=(qd-mutate=658.1). MAP-Elites(8x8, morphologies=3): occupied=30, pending=192, in flight=40
20:11:01: 7695x RT, 128.3 creatures/sec. Fitness: best=1356.1, avg=931.7, new=(qd-mutate=638.2). MAP-Elites(8x8, morphologies=3): occupied=30, pending=192, in flight=40
20:11:03: 7588x RT, 126.5 creatures/sec. Fitness: best=1356.1, avg=931.7, new=(qd-mutate=650.3). MAP-Elites(8x8, morphologies=3): occupied=30, pending=192, in flight=40
20:11:05: 7674x RT, 127.9 creatures/sec. Fitness: best=1356.1, avg=931.7, new=(qd-mutate=659.7). MAP-Elites(8x8, morphologies=3): occupied=30, pending=192, in flight=40
20:11:07: 7678x RT, 128.0 creatures/sec. Fitness: best=1356.1, avg=931.7, new=(qd-mutate=631.5). MAP-Elites(8x8, morphologies=3): occupied=30, pending=192, in flight=40
20:11:09: 7673x RT, 127.9 creatures/sec. Fitness: best=1356.1, avg=931.7, new=(qd-mutate=656.3). MAP-Elites(8x8, morphologies=3): occupied=30, pending=192, in flight=40
5818930 bytes written to /Users/dag/projects/Machine-Evolved-credible-training/training-runs/me-v2-harmonic-qd-01-double-gravity-8w/config.json. 
20:11:11: 7393x RT, 123.2 creatures/sec. Fitness: best=1356.1, avg=931.7, new=(qd-mutate=647.9). MAP-Elites(8x8, morphologies=3): occupied=30, pending=192, in flight=40
20:11:13: 7703x RT, 128.4 creatures/sec. Fitness: best=1356.1, avg=931.7, new=(qd-mutate=635.5). MAP-Elites(8x8, morphologies=3): occupied=30, pending=192, in flight=40
20:11:15: 7715x RT, 128.6 creatures/sec. Fitness: best=1356.1, avg=931.7, new=(qd-mutate=656.3). MAP-Elites(8x8, morphologies=3): occupied=30, pending=192, in flight=40
20:11:17: 7697x RT, 128.3 creatures/sec. Fitness: best=1356.1, avg=931.7, new=(qd-mutate=615.9). MAP-Elites(8x8, morphologies=3): occupied=30, pending=192, in flight=40
20:11:19: 7552x RT, 125.9 creatures/sec. Fitness: best=1356.1, avg=933.0, new=(qd-mutate=631.0). MAP-Elites(8x8, morphologies=3): occupied=30, pending=192, in flight=40
20:11:21: 7648x RT, 127.5 creatures/sec. Fitness: best=1356.1, avg=933.0, new=(qd-mutate=660.0). MAP-Elites(8x8, morphologies=3): occupied=30, pending=192, in flight=40
20:11:23: 7728x RT, 128.8 creatures/sec. Fitness: best=1356.1, avg=933.5, new=(qd-mutate=661.3). MAP-Elites(8x8, morphologies=3): occupied=30, pending=192, in flight=40
20:11:25: 7720x RT, 128.7 creatures/sec. Fitness: best=1356.1, avg=933.5, new=(qd-mutate=654.5). MAP-Elites(8x8, morphologies=3): occupied=30, pending=192, in flight=40
20:11:27: 7658x RT, 127.6 creatures/sec. Fitness: best=1356.1, avg=933.5, new=(qd-mutate=664.3). MAP-Elites(8x8, morphologies=3): occupied=30, pending=192, in flight=40
20:11:29: 7623x RT, 127.1 creatures/sec. Fitness: best=1356.1, avg=933.5, new=(qd-mutate=694.0). MAP-Elites(8x8, morphologies=3): occupied=30, pending=192, in flight=40
20:11:31: 7722x RT, 128.7 creatures/sec. Fitness: best=1356.1, avg=933.5, new=(qd-mutate=637.9). MAP-Elites(8x8, morphologies=3): occupied=30, pending=192, in flight=40
20:11:33: 7624x RT, 127.1 creatures/sec. Fitness: best=1356.1, avg=933.5, new=(qd-mutate=666.0). MAP-Elites(8x8, morphologies=3): occupied=30, pending=192, in flight=40
20:11:35: 7350x RT, 122.5 creatures/sec. Fitness: best=1356.1, avg=933.5, new=(qd-mutate=668.5). MAP-Elites(8x8, morphologies=3): occupied=30, pending=192, in flight=40
20:11:37: 7697x RT, 128.3 creatures/sec. Fitness: best=1356.1, avg=933.5, new=(qd-mutate=654.1). MAP-Elites(8x8, morphologies=3): occupied=30, pending=192, in flight=40
20:11:39: 7643x RT, 127.4 creatures/sec. Fitness: best=1356.1, avg=933.5, new=(qd-mutate=649.4). MAP-Elites(8x8, morphologies=3): occupied=30, pending=192, in flight=40
20:11:41: 7490x RT, 124.8 creatures/sec. Fitness: best=1356.1, avg=933.5, new=(qd-mutate=622.8). MAP-Elites(8x8, morphologies=3): occupied=30, pending=192, in flight=40
20:11:43: 7659x RT, 127.6 creatures/sec. Fitness: best=1356.1, avg=933.5, new=(qd-mutate=685.0). MAP-Elites(8x8, morphologies=3): occupied=30, pending=192, in flight=40
20:11:45: 7679x RT, 128.0 creatures/sec. Fitness: best=1356.1, avg=933.5, new=(qd-mutate=649.9). MAP-Elites(8x8, morphologies=3): occupied=30, pending=192, in flight=40
20:11:47: 7722x RT, 128.7 creatures/sec. Fitness: best=1356.1, avg=933.5, new=(qd-mutate=657.8). MAP-Elites(8x8, morphologies=3): occupied=30, pending=192, in flight=40
20:11:49: 7648x RT, 127.5 creatures/sec. Fitness: best=1356.1, avg=933.5, new=(qd-mutate=640.6). MAP-Elites(8x8, morphologies=3): occupied=30, pending=192, in flight=40
20:11:51: 7613x RT, 126.9 creatures/sec. Fitness: best=1356.1, avg=933.5, new=(qd-mutate=679.0). MAP-Elites(8x8, morphologies=3): occupied=30, pending=192, in flight=40
20:11:53: 7691x RT, 128.2 creatures/sec. Fitness: best=1356.1, avg=933.5, new=(qd-mutate=649.8). MAP-Elites(8x8, morphologies=3): occupied=30, pending=192, in flight=40
20:11:55: 7711x RT, 128.5 creatures/sec. Fitness: best=1356.1, avg=933.5, new=(qd-mutate=664.8). MAP-Elites(8x8, morphologies=3): occupied=30, pending=192, in flight=40
20:11:57: 7612x RT, 126.9 creatures/sec. Fitness: best=1356.1, avg=933.5, new=(qd-mutate=643.7). MAP-Elites(8x8, morphologies=3): occupied=30, pending=192, in flight=40
20:11:59: 7732x RT, 128.9 creatures/sec. Fitness: best=1356.1, avg=933.5, new=(qd-mutate=624.7). MAP-Elites(8x8, morphologies=3): occupied=30, pending=192, in flight=40
20:12:01: 7529x RT, 125.5 creatures/sec. Fitness: best=1356.1, avg=933.5, new=(qd-mutate=635.4). MAP-Elites(8x8, morphologies=3): occupied=30, pending=192, in flight=40
20:12:04: 7698x RT, 128.3 creatures/sec. Fitness: best=1356.1, avg=933.5, new=(qd-mutate=646.0). MAP-Elites(8x8, morphologies=3): occupied=30, pending=192, in flight=40
20:12:06: 7684x RT, 128.1 creatures/sec. Fitness: best=1356.1, avg=933.5, new=(qd-mutate=684.2). MAP-Elites(8x8, morphologies=3): occupied=30, pending=192, in flight=40
20:12:08: 7682x RT, 128.0 creatures/sec. Fitness: best=1356.1, avg=933.5, new=(qd-mutate=630.6). MAP-Elites(8x8, morphologies=3): occupied=30, pending=192, in flight=40
20:12:10: 7712x RT, 128.5 creatures/sec. Fitness: best=1356.1, avg=933.5, new=(qd-mutate=601.0). MAP-Elites(8x8, morphologies=3): occupied=30, pending=192, in flight=40
5836435 bytes written to /Users/dag/projects/Machine-Evolved-credible-training/training-runs/me-v2-harmonic-qd-01-double-gravity-8w/config.json. 
20:12:12: 7601x RT, 126.7 creatures/sec. Fitness: best=1356.1, avg=942.5, new=(qd-mutate=700.8). MAP-Elites(8x8, morphologies=3): occupied=30, pending=192, in flight=40
20:12:14: 7687x RT, 128.1 creatures/sec. Fitness: best=1356.1, avg=942.5, new=(qd-mutate=648.7). MAP-Elites(8x8, morphologies=3): occupied=30, pending=192, in flight=40
20:12:16: 7189x RT, 119.8 creatures/sec. Fitness: best=1356.1, avg=942.5, new=(qd-mutate=667.4). MAP-Elites(8x8, morphologies=3): occupied=30, pending=192, in flight=40
20:12:18: 5868x RT, 97.8 creatures/sec. Fitness: best=1356.1, avg=942.5, new=(qd-mutate=668.1). MAP-Elites(8x8, morphologies=3): occupied=30, pending=192, in flight=40
20:12:20: 6355x RT, 105.9 creatures/sec. Fitness: best=1356.1, avg=942.5, new=(qd-mutate=663.1). MAP-Elites(8x8, morphologies=3): occupied=30, pending=192, in flight=40
20:12:22: 7657x RT, 127.6 creatures/sec. Fitness: best=1356.1, avg=942.5, new=(qd-mutate=656.0). MAP-Elites(8x8, morphologies=3): occupied=30, pending=192, in flight=40
20:12:24: 7701x RT, 128.3 creatures/sec. Fitness: best=1356.1, avg=942.5, new=(qd-mutate=662.5). MAP-Elites(8x8, morphologies=3): occupied=30, pending=192, in flight=40
20:12:26: 7649x RT, 127.5 creatures/sec. Fitness: best=1356.1, avg=942.5, new=(qd-mutate=689.7). MAP-Elites(8x8, morphologies=3): occupied=30, pending=192, in flight=40
20:12:28: 7581x RT, 126.4 creatures/sec. Fitness: best=1356.1, avg=942.8, new=(qd-mutate=638.5). MAP-Elites(8x8, morphologies=3): occupied=30, pending=192, in flight=40
20:12:30: 6547x RT, 109.1 creatures/sec. Fitness: best=1356.1, avg=944.3, new=(qd-mutate=674.4). MAP-Elites(8x8, morphologies=3): occupied=30, pending=192, in flight=40
20:12:32: 7640x RT, 127.3 creatures/sec. Fitness: best=1356.1, avg=944.3, new=(qd-mutate=620.9). MAP-Elites(8x8, morphologies=3): occupied=30, pending=192, in flight=40
20:12:34: 7697x RT, 128.3 creatures/sec. Fitness: best=1356.1, avg=944.3, new=(qd-mutate=655.3). MAP-Elites(8x8, morphologies=3): occupied=30, pending=192, in flight=40
20:12:36: 7654x RT, 127.6 creatures/sec. Fitness: best=1356.1, avg=944.3, new=(qd-mutate=678.4). MAP-Elites(8x8, morphologies=3): occupied=30, pending=192, in flight=40
20:12:38: 7661x RT, 127.7 creatures/sec. Fitness: best=1356.1, avg=944.3, new=(qd-mutate=624.4). MAP-Elites(8x8, morphologies=3): occupied=30, pending=192, in flight=40
20:12:40: 7730x RT, 128.8 creatures/sec. Fitness: best=1356.1, avg=944.3, new=(qd-mutate=650.0). MAP-Elites(8x8, morphologies=3): occupied=30, pending=192, in flight=40
20:12:42: 7601x RT, 126.7 creatures/sec. Fitness: best=1356.1, avg=944.3, new=(qd-mutate=640.7). MAP-Elites(8x8, morphologies=3): occupied=30, pending=192, in flight=40
20:12:44: 7586x RT, 126.4 creatures/sec. Fitness: best=1356.1, avg=944.3, new=(qd-mutate=635.1). MAP-Elites(8x8, morphologies=3): occupied=30, pending=192, in flight=40
20:12:46: 7558x RT, 126.0 creatures/sec. Fitness: best=1356.1, avg=944.3, new=(qd-mutate=661.3). MAP-Elites(8x8, morphologies=3): occupied=30, pending=192, in flight=40
20:12:48: 7412x RT, 123.5 creatures/sec. Fitness: best=1356.1, avg=944.3, new=(qd-mutate=659.7). MAP-Elites(8x8, morphologies=3): occupied=30, pending=192, in flight=40
20:12:50: 7667x RT, 127.8 creatures/sec. Fitness: best=1356.1, avg=947.4, new=(qd-mutate=690.4). MAP-Elites(8x8, morphologies=3): occupied=30, pending=192, in flight=40
20:12:52: 7664x RT, 127.7 creatures/sec. Fitness: best=1356.1, avg=947.4, new=(qd-mutate=614.4). MAP-Elites(8x8, morphologies=3): occupied=30, pending=192, in flight=40
20:12:55: 7746x RT, 129.1 creatures/sec. Fitness: best=1356.1, avg=947.4, new=(qd-mutate=664.6). MAP-Elites(8x8, morphologies=3): occupied=30, pending=192, in flight=40
20:12:57: 7605x RT, 126.7 creatures/sec. Fitness: best=1356.1, avg=947.4, new=(qd-mutate=704.4). MAP-Elites(8x8, morphologies=3): occupied=30, pending=192, in flight=40
20:12:59: 7681x RT, 128.0 creatures/sec. Fitness: best=1356.1, avg=947.4, new=(qd-mutate=688.1). MAP-Elites(8x8, morphologies=3): occupied=30, pending=192, in flight=40
20:13:01: 7648x RT, 127.5 creatures/sec. Fitness: best=1356.1, avg=947.4, new=(qd-mutate=630.5). MAP-Elites(8x8, morphologies=3): occupied=30, pending=192, in flight=40
20:13:03: 7702x RT, 128.4 creatures/sec. Fitness: best=1356.1, avg=947.4, new=(qd-mutate=639.5). MAP-Elites(8x8, morphologies=3): occupied=30, pending=192, in flight=40
20:13:05: 7658x RT, 127.6 creatures/sec. Fitness: best=1356.1, avg=947.4, new=(qd-mutate=611.2). MAP-Elites(8x8, morphologies=3): occupied=30, pending=192, in flight=40
20:13:07: 7709x RT, 128.5 creatures/sec. Fitness: best=1356.1, avg=947.4, new=(qd-mutate=684.9). MAP-Elites(8x8, morphologies=3): occupied=30, pending=192, in flight=40
20:13:09: 7723x RT, 128.7 creatures/sec. Fitness: best=1356.1, avg=947.4, new=(qd-mutate=626.4). MAP-Elites(8x8, morphologies=3): occupied=30, pending=192, in flight=40
5824332 bytes written to /Users/dag/projects/Machine-Evolved-credible-training/training-runs/me-v2-harmonic-qd-01-double-gravity-8w/config.json. 
20:13:11: 7561x RT, 126.0 creatures/sec. Fitness: best=1356.1, avg=947.4, new=(qd-mutate=639.3). MAP-Elites(8x8, morphologies=3): occupied=30, pending=192, in flight=40
20:13:13: 7677x RT, 128.0 creatures/sec. Fitness: best=1356.1, avg=947.4, new=(qd-mutate=660.1). MAP-Elites(8x8, morphologies=3): occupied=30, pending=192, in flight=40
20:13:15: 7686x RT, 128.1 creatures/sec. Fitness: best=1356.1, avg=947.4, new=(qd-mutate=669.5). MAP-Elites(8x8, morphologies=3): occupied=30, pending=192, in flight=40
20:13:17: 7598x RT, 126.6 creatures/sec. Fitness: best=1356.1, avg=947.4, new=(qd-mutate=693.1). MAP-Elites(8x8, morphologies=3): occupied=30, pending=192, in flight=40
20:13:19: 7710x RT, 128.5 creatures/sec. Fitness: best=1356.1, avg=947.4, new=(qd-mutate=628.1). MAP-Elites(8x8, morphologies=3): occupied=30, pending=192, in flight=40
20:13:21: 7618x RT, 127.0 creatures/sec. Fitness: best=1356.1, avg=947.4, new=(qd-mutate=654.7). MAP-Elites(8x8, morphologies=3): occupied=30, pending=192, in flight=40
20:13:23: 7365x RT, 122.7 creatures/sec. Fitness: best=1356.1, avg=947.4, new=(qd-mutate=685.4). MAP-Elites(8x8, morphologies=3): occupied=30, pending=192, in flight=40
20:13:25: 7561x RT, 126.0 creatures/sec. Fitness: best=1356.1, avg=947.4, new=(qd-mutate=644.8). MAP-Elites(8x8, morphologies=3): occupied=30, pending=192, in flight=40
20:13:27: 7629x RT, 127.2 creatures/sec. Fitness: best=1356.1, avg=947.4, new=(qd-mutate=629.1). MAP-Elites(8x8, morphologies=3): occupied=30, pending=192, in flight=40
20:13:29: 7753x RT, 129.2 creatures/sec. Fitness: best=1356.1, avg=947.4, new=(qd-mutate=672.7). MAP-Elites(8x8, morphologies=3): occupied=30, pending=192, in flight=40
20:13:31: 7571x RT, 126.2 creatures/sec. Fitness: best=1356.1, avg=947.4, new=(qd-mutate=674.3). MAP-Elites(8x8, morphologies=3): occupied=30, pending=192, in flight=40
20:13:33: 7687x RT, 128.1 creatures/sec. Fitness: best=1356.1, avg=947.4, new=(qd-mutate=657.5). MAP-Elites(8x8, morphologies=3): occupied=30, pending=192, in flight=40
20:13:35: 7594x RT, 126.6 creatures/sec. Fitness: best=1356.1, avg=947.4, new=(qd-mutate=662.1). MAP-Elites(8x8, morphologies=3): occupied=30, pending=192, in flight=40
20:13:37: 7731x RT, 128.9 creatures/sec. Fitness: best=1356.1, avg=947.4, new=(qd-mutate=613.8). MAP-Elites(8x8, morphologies=3): occupied=30, pending=192, in flight=40
20:13:39: 7689x RT, 128.2 creatures/sec. Fitness: best=1356.1, avg=947.4, new=(qd-mutate=657.0). MAP-Elites(8x8, morphologies=3): occupied=30, pending=192, in flight=40
20:13:42: 7710x RT, 128.5 creatures/sec. Fitness: best=1356.1, avg=947.4, new=(qd-mutate=654.5). MAP-Elites(8x8, morphologies=3): occupied=30, pending=192, in flight=40
20:13:44: 7612x RT, 126.9 creatures/sec. Fitness: best=1356.1, avg=947.4, new=(qd-mutate=649.7). MAP-Elites(8x8, morphologies=3): occupied=30, pending=192, in flight=40
20:13:46: 7726x RT, 128.8 creatures/sec. Fitness: best=1356.1, avg=947.4, new=(qd-mutate=621.8). MAP-Elites(8x8, morphologies=3): occupied=30, pending=192, in flight=40
20:13:48: 7625x RT, 127.1 creatures/sec. Fitness: best=1356.1, avg=947.4, new=(qd-mutate=672.2). MAP-Elites(8x8, morphologies=3): occupied=30, pending=192, in flight=40
20:13:50: 7726x RT, 128.8 creatures/sec. Fitness: best=1356.1, avg=951.0, new=(qd-mutate=659.7). MAP-Elites(8x8, morphologies=3): occupied=30, pending=192, in flight=40
20:13:52: 7625x RT, 127.1 creatures/sec. Fitness: best=1356.1, avg=951.2, new=(qd-mutate=681.7). MAP-Elites(8x8, morphologies=3): occupied=30, pending=192, in flight=40
20:13:54: 7724x RT, 128.7 creatures/sec. Fitness: best=1356.1, avg=951.2, new=(qd-mutate=657.5). MAP-Elites(8x8, morphologies=3): occupied=30, pending=192, in flight=40
20:13:56: 7702x RT, 128.4 creatures/sec. Fitness: best=1356.1, avg=951.2, new=(qd-mutate=639.3). MAP-Elites(8x8, morphologies=3): occupied=30, pending=192, in flight=40
20:13:58: 7646x RT, 127.4 creatures/sec. Fitness: best=1356.1, avg=951.2, new=(qd-mutate=669.0). MAP-Elites(8x8, morphologies=3): occupied=30, pending=192, in flight=40
20:14:00: 7742x RT, 129.0 creatures/sec. Fitness: best=1356.1, avg=954.3, new=(qd-mutate=707.5). MAP-Elites(8x8, morphologies=3): occupied=30, pending=192, in flight=40
20:14:02: 7671x RT, 127.8 creatures/sec. Fitness: best=1356.1, avg=954.3, new=(qd-mutate=680.7). MAP-Elites(8x8, morphologies=3): occupied=30, pending=192, in flight=40
20:14:04: 7325x RT, 122.1 creatures/sec. Fitness: best=1356.1, avg=954.3, new=(qd-mutate=651.8). MAP-Elites(8x8, morphologies=3): occupied=30, pending=192, in flight=40
20:14:06: 7710x RT, 128.5 creatures/sec. Fitness: best=1356.1, avg=954.3, new=(qd-mutate=625.4). MAP-Elites(8x8, morphologies=3): occupied=30, pending=192, in flight=40
20:14:08: 7716x RT, 128.6 creatures/sec. Fitness: best=1356.1, avg=954.3, new=(qd-mutate=677.2). MAP-Elites(8x8, morphologies=3): occupied=30, pending=192, in flight=40
20:14:10: 7666x RT, 127.8 creatures/sec. Fitness: best=1356.1, avg=954.3, new=(qd-mutate=674.2). MAP-Elites(8x8, morphologies=3): occupied=30, pending=192, in flight=40
5820807 bytes written to /Users/dag/projects/Machine-Evolved-credible-training/training-runs/me-v2-harmonic-qd-01-double-gravity-8w/config.json. 
20:14:12: 7702x RT, 128.4 creatures/sec. Fitness: best=1356.1, avg=954.3, new=(qd-mutate=646.9). MAP-Elites(8x8, morphologies=3): occupied=30, pending=192, in flight=40
20:14:14: 7668x RT, 127.8 creatures/sec. Fitness: best=1356.1, avg=954.3, new=(qd-mutate=635.3). MAP-Elites(8x8, morphologies=3): occupied=30, pending=192, in flight=40
20:14:16: 7702x RT, 128.4 creatures/sec. Fitness: best=1356.1, avg=954.3, new=(qd-mutate=646.4). MAP-Elites(8x8, morphologies=3): occupied=30, pending=192, in flight=40
20:14:18: 7611x RT, 126.9 creatures/sec. Fitness: best=1356.1, avg=954.3, new=(qd-mutate=655.7). MAP-Elites(8x8, morphologies=3): occupied=30, pending=192, in flight=40
20:14:20: 7705x RT, 128.4 creatures/sec. Fitness: best=1356.1, avg=954.3, new=(qd-mutate=675.3). MAP-Elites(8x8, morphologies=3): occupied=30, pending=192, in flight=40
20:14:22: 7673x RT, 127.9 creatures/sec. Fitness: best=1356.1, avg=954.3, new=(qd-mutate=678.6). MAP-Elites(8x8, morphologies=3): occupied=30, pending=192, in flight=40
20:14:24: 7705x RT, 128.4 creatures/sec. Fitness: best=1356.1, avg=954.3, new=(qd-mutate=680.8). MAP-Elites(8x8, morphologies=3): occupied=30, pending=192, in flight=40
20:14:26: 7618x RT, 127.0 creatures/sec. Fitness: best=1356.1, avg=954.3, new=(qd-mutate=654.3). MAP-Elites(8x8, morphologies=3): occupied=30, pending=192, in flight=40
20:14:28: 7690x RT, 128.2 creatures/sec. Fitness: best=1356.1, avg=954.3, new=(qd-mutate=656.5). MAP-Elites(8x8, morphologies=3): occupied=30, pending=192, in flight=40
20:14:30: 7678x RT, 128.0 creatures/sec. Fitness: best=1356.1, avg=954.3, new=(qd-mutate=660.9). MAP-Elites(8x8, morphologies=3): occupied=30, pending=192, in flight=40
20:14:32: 7685x RT, 128.1 creatures/sec. Fitness: best=1356.1, avg=954.3, new=(qd-mutate=666.6). MAP-Elites(8x8, morphologies=3): occupied=30, pending=192, in flight=40
20:14:34: 7749x RT, 129.2 creatures/sec. Fitness: best=1356.1, avg=954.3, new=(qd-mutate=681.0). MAP-Elites(8x8, morphologies=3): occupied=30, pending=192, in flight=40
20:14:36: 7674x RT, 127.9 creatures/sec. Fitness: best=1356.1, avg=954.3, new=(qd-mutate=660.9). MAP-Elites(8x8, morphologies=3): occupied=30, pending=192, in flight=40
20:14:38: 7659x RT, 127.7 creatures/sec. Fitness: best=1356.1, avg=954.3, new=(qd-mutate=669.1). MAP-Elites(8x8, morphologies=3): occupied=30, pending=192, in flight=40
20:14:41: 7353x RT, 122.6 creatures/sec. Fitness: best=1356.1, avg=954.3, new=(qd-mutate=672.7). MAP-Elites(8x8, morphologies=3): occupied=30, pending=192, in flight=40
20:14:43: 7638x RT, 127.3 creatures/sec. Fitness: best=1356.1, avg=954.3, new=(qd-mutate=653.0). MAP-Elites(8x8, morphologies=3): occupied=30, pending=192, in flight=40
20:14:45: 7707x RT, 128.5 creatures/sec. Fitness: best=1356.1, avg=954.3, new=(qd-mutate=648.1). MAP-Elites(8x8, morphologies=3): occupied=30, pending=192, in flight=40
20:14:47: 7673x RT, 127.9 creatures/sec. Fitness: best=1356.1, avg=954.3, new=(qd-mutate=687.5). MAP-Elites(8x8, morphologies=3): occupied=30, pending=192, in flight=40
20:14:49: 7664x RT, 127.7 creatures/sec. Fitness: best=1356.1, avg=954.3, new=(qd-mutate=649.1). MAP-Elites(8x8, morphologies=3): occupied=30, pending=192, in flight=40
20:14:51: 7645x RT, 127.4 creatures/sec. Fitness: best=1356.1, avg=954.3, new=(qd-mutate=658.9). MAP-Elites(8x8, morphologies=3): occupied=30, pending=192, in flight=40
20:14:53: 7675x RT, 127.9 creatures/sec. Fitness: best=1356.1, avg=954.3, new=(qd-mutate=679.7). MAP-Elites(8x8, morphologies=3): occupied=30, pending=192, in flight=40
20:14:55: 7723x RT, 128.7 creatures/sec. Fitness: best=1356.1, avg=958.1, new=(qd-mutate=665.0). MAP-Elites(8x8, morphologies=3): occupied=30, pending=192, in flight=40
20:14:57: 7652x RT, 127.5 creatures/sec. Fitness: best=1356.1, avg=959.4, new=(qd-mutate=658.4). MAP-Elites(8x8, morphologies=3): occupied=30, pending=192, in flight=40
20:14:59: 7722x RT, 128.7 creatures/sec. Fitness: best=1356.1, avg=959.4, new=(qd-mutate=647.1). MAP-Elites(8x8, morphologies=3): occupied=30, pending=192, in flight=40
20:15:01: 7731x RT, 128.9 creatures/sec. Fitness: best=1356.1, avg=959.4, new=(qd-mutate=629.7). MAP-Elites(8x8, morphologies=3): occupied=30, pending=192, in flight=40
20:15:03: 7703x RT, 128.4 creatures/sec. Fitness: best=1356.1, avg=959.4, new=(qd-mutate=682.0). MAP-Elites(8x8, morphologies=3): occupied=30, pending=192, in flight=40
20:15:05: 7594x RT, 126.6 creatures/sec. Fitness: best=1356.1, avg=959.4, new=(qd-mutate=655.5). MAP-Elites(8x8, morphologies=3): occupied=30, pending=192, in flight=40
20:15:07: 7736x RT, 128.9 creatures/sec. Fitness: best=1356.1, avg=959.4, new=(qd-mutate=621.2). MAP-Elites(8x8, morphologies=3): occupied=30, pending=192, in flight=40
20:15:09: 7649x RT, 127.5 creatures/sec. Fitness: best=1356.1, avg=959.4, new=(qd-mutate=690.6). MAP-Elites(8x8, morphologies=3): occupied=30, pending=192, in flight=40
5824429 bytes written to /Users/dag/projects/Machine-Evolved-credible-training/training-runs/me-v2-harmonic-qd-01-double-gravity-8w/config.json. 
20:15:11: 7644x RT, 127.4 creatures/sec. Fitness: best=1356.1, avg=959.4, new=(qd-mutate=636.3). MAP-Elites(8x8, morphologies=3): occupied=30, pending=192, in flight=40
20:15:13: 7666x RT, 127.8 creatures/sec. Fitness: best=1356.1, avg=959.4, new=(qd-mutate=652.6). MAP-Elites(8x8, morphologies=3): occupied=30, pending=192, in flight=40
20:15:15: 7541x RT, 125.7 creatures/sec. Fitness: best=1356.1, avg=959.4, new=(qd-mutate=615.6). MAP-Elites(8x8, morphologies=3): occupied=30, pending=192, in flight=40
20:15:17: 7357x RT, 122.6 creatures/sec. Fitness: best=1356.1, avg=960.9, new=(qd-mutate=624.6). MAP-Elites(8x8, morphologies=3): occupied=30, pending=192, in flight=40
20:15:19: 7684x RT, 128.1 creatures/sec. Fitness: best=1356.1, avg=960.9, new=(qd-mutate=653.2). MAP-Elites(8x8, morphologies=3): occupied=30, pending=192, in flight=40
20:15:21: 7655x RT, 127.6 creatures/sec. Fitness: best=1356.1, avg=961.5, new=(qd-mutate=660.6). MAP-Elites(8x8, morphologies=3): occupied=30, pending=192, in flight=40
20:15:23: 7633x RT, 127.2 creatures/sec. Fitness: best=1356.1, avg=961.5, new=(qd-mutate=641.2). MAP-Elites(8x8, morphologies=3): occupied=30, pending=192, in flight=40
20:15:26: 7732x RT, 128.9 creatures/sec. Fitness: best=1356.1, avg=961.5, new=(qd-mutate=660.7). MAP-Elites(8x8, morphologies=3): occupied=30, pending=192, in flight=40
20:15:28: 7700x RT, 128.3 creatures/sec. Fitness: best=1356.1, avg=961.5, new=(qd-mutate=668.6). MAP-Elites(8x8, morphologies=3): occupied=30, pending=192, in flight=40
20:15:30: 7664x RT, 127.7 creatures/sec. Fitness: best=1356.1, avg=961.5, new=(qd-mutate=680.3). MAP-Elites(8x8, morphologies=3): occupied=30, pending=192, in flight=40
20:15:32: 7636x RT, 127.3 creatures/sec. Fitness: best=1356.1, avg=961.5, new=(qd-mutate=659.1). MAP-Elites(8x8, morphologies=3): occupied=30, pending=192, in flight=40
20:15:34: 7691x RT, 128.2 creatures/sec. Fitness: best=1356.1, avg=961.5, new=(qd-mutate=670.2). MAP-Elites(8x8, morphologies=3): occupied=30, pending=192, in flight=40
20:15:36: 7707x RT, 128.5 creatures/sec. Fitness: best=1356.1, avg=961.5, new=(qd-mutate=624.6). MAP-Elites(8x8, morphologies=3): occupied=30, pending=192, in flight=40
20:15:38: 7639x RT, 127.3 creatures/sec. Fitness: best=1356.1, avg=961.5, new=(qd-mutate=642.9). MAP-Elites(8x8, morphologies=3): occupied=30, pending=192, in flight=40
20:15:40: 7709x RT, 128.5 creatures/sec. Fitness: best=1356.1, avg=961.5, new=(qd-mutate=643.3). MAP-Elites(8x8, morphologies=3): occupied=30, pending=192, in flight=40
20:15:42: 7688x RT, 128.1 creatures/sec. Fitness: best=1356.1, avg=961.5, new=(qd-mutate=680.6). MAP-Elites(8x8, morphologies=3): occupied=30, pending=192, in flight=40
20:15:44: 7587x RT, 126.5 creatures/sec. Fitness: best=1356.1, avg=961.5, new=(qd-mutate=675.8). MAP-Elites(8x8, morphologies=3): occupied=30, pending=192, in flight=40
20:15:46: 7707x RT, 128.4 creatures/sec. Fitness: best=1356.1, avg=961.5, new=(qd-mutate=668.7). MAP-Elites(8x8, morphologies=3): occupied=30, pending=192, in flight=40
20:15:48: 7677x RT, 127.9 creatures/sec. Fitness: best=1356.1, avg=961.5, new=(qd-mutate=649.3). MAP-Elites(8x8, morphologies=3): occupied=30, pending=192, in flight=40
20:15:50: 7697x RT, 128.3 creatures/sec. Fitness: best=1356.1, avg=961.5, new=(qd-mutate=623.5). MAP-Elites(8x8, morphologies=3): occupied=30, pending=192, in flight=40
20:15:52: 7649x RT, 127.5 creatures/sec. Fitness: best=1356.1, avg=961.5, new=(qd-mutate=671.1). MAP-Elites(8x8, morphologies=3): occupied=30, pending=192, in flight=40
20:15:54: 7345x RT, 122.4 creatures/sec. Fitness: best=1356.1, avg=961.5, new=(qd-mutate=630.2). MAP-Elites(8x8, morphologies=3): occupied=30, pending=192, in flight=40
20:15:56: 7720x RT, 128.7 creatures/sec. Fitness: best=1356.1, avg=961.5, new=(qd-mutate=655.9). MAP-Elites(8x8, morphologies=3): occupied=30, pending=192, in flight=40
20:15:58: 7671x RT, 127.8 creatures/sec. Fitness: best=1356.1, avg=961.5, new=(qd-mutate=683.5). MAP-Elites(8x8, morphologies=3): occupied=30, pending=192, in flight=40
20:16:00: 7688x RT, 128.1 creatures/sec. Fitness: best=1356.1, avg=961.5, new=(qd-mutate=649.0). MAP-Elites(8x8, morphologies=3): occupied=30, pending=192, in flight=40
20:16:02: 7683x RT, 128.0 creatures/sec. Fitness: best=1356.1, avg=961.5, new=(qd-mutate=665.3). MAP-Elites(8x8, morphologies=3): occupied=30, pending=192, in flight=40
20:16:04: 7291x RT, 121.5 creatures/sec. Fitness: best=1356.1, avg=961.5, new=(qd-mutate=652.1). MAP-Elites(8x8, morphologies=3): occupied=30, pending=192, in flight=40
20:16:06: 7587x RT, 126.5 creatures/sec. Fitness: best=1356.1, avg=961.5, new=(qd-mutate=652.5). MAP-Elites(8x8, morphologies=3): occupied=30, pending=192, in flight=40
20:16:08: 7617x RT, 127.0 creatures/sec. Fitness: best=1356.1, avg=961.5, new=(qd-mutate=684.6). MAP-Elites(8x8, morphologies=3): occupied=30, pending=192, in flight=40
20:16:10: 7652x RT, 127.5 creatures/sec. Fitness: best=1356.1, avg=961.5, new=(qd-mutate=650.4). MAP-Elites(8x8, morphologies=3): occupied=30, pending=192, in flight=40
5835242 bytes written to /Users/dag/projects/Machine-Evolved-credible-training/training-runs/me-v2-harmonic-qd-01-double-gravity-8w/config.json. 
20:16:12: 7600x RT, 126.7 creatures/sec. Fitness: best=1356.1, avg=961.5, new=(qd-mutate=641.2). MAP-Elites(8x8, morphologies=3): occupied=30, pending=192, in flight=40
20:16:14: 7706x RT, 128.4 creatures/sec. Fitness: best=1356.1, avg=961.5, new=(qd-mutate=662.8). MAP-Elites(8x8, morphologies=3): occupied=30, pending=192, in flight=40
20:16:17: 7656x RT, 127.6 creatures/sec. Fitness: best=1356.1, avg=961.5, new=(qd-mutate=650.7). MAP-Elites(8x8, morphologies=3): occupied=30, pending=192, in flight=40
20:16:19: 7632x RT, 127.2 creatures/sec. Fitness: best=1356.1, avg=961.5, new=(qd-mutate=657.9). MAP-Elites(8x8, morphologies=3): occupied=30, pending=192, in flight=40
20:16:21: 7701x RT, 128.3 creatures/sec. Fitness: best=1356.1, avg=961.5, new=(qd-mutate=682.2). MAP-Elites(8x8, morphologies=3): occupied=30, pending=192, in flight=40
20:16:23: 7636x RT, 127.3 creatures/sec. Fitness: best=1356.1, avg=961.5, new=(qd-mutate=643.6). MAP-Elites(8x8, morphologies=3): occupied=30, pending=192, in flight=40
20:16:25: 7705x RT, 128.4 creatures/sec. Fitness: best=1356.1, avg=963.2, new=(qd-mutate=686.5). MAP-Elites(8x8, morphologies=3): occupied=30, pending=192, in flight=40
20:16:27: 7636x RT, 127.3 creatures/sec. Fitness: best=1356.1, avg=964.1, new=(qd-mutate=656.5). MAP-Elites(8x8, morphologies=3): occupied=30, pending=192, in flight=40
20:16:29: 7674x RT, 127.9 creatures/sec. Fitness: best=1356.1, avg=964.1, new=(qd-mutate=652.6). MAP-Elites(8x8, morphologies=3): occupied=30, pending=192, in flight=40
20:16:31: 7655x RT, 127.6 creatures/sec. Fitness: best=1356.1, avg=964.1, new=(qd-mutate=693.2). MAP-Elites(8x8, morphologies=3): occupied=30, pending=192, in flight=40
20:16:33: 7702x RT, 128.4 creatures/sec. Fitness: best=1356.1, avg=964.1, new=(qd-mutate=637.3). MAP-Elites(8x8, morphologies=3): occupied=30, pending=192, in flight=40
20:16:35: 7656x RT, 127.6 creatures/sec. Fitness: best=1356.1, avg=964.1, new=(qd-mutate=667.1). MAP-Elites(8x8, morphologies=3): occupied=30, pending=192, in flight=40
20:16:37: 7380x RT, 123.0 creatures/sec. Fitness: best=1356.1, avg=964.1, new=(qd-mutate=645.5). MAP-Elites(8x8, morphologies=3): occupied=30, pending=192, in flight=40
20:16:39: 7693x RT, 128.2 creatures/sec. Fitness: best=1356.1, avg=964.1, new=(qd-mutate=637.1). MAP-Elites(8x8, morphologies=3): occupied=30, pending=192, in flight=40
20:16:41: 7696x RT, 128.3 creatures/sec. Fitness: best=1356.1, avg=964.1, new=(qd-mutate=628.2). MAP-Elites(8x8, morphologies=3): occupied=30, pending=192, in flight=40
20:16:43: 7585x RT, 126.4 creatures/sec. Fitness: best=1356.1, avg=964.1, new=(qd-mutate=646.3). MAP-Elites(8x8, morphologies=3): occupied=30, pending=192, in flight=40
20:16:45: 7672x RT, 127.9 creatures/sec. Fitness: best=1356.1, avg=966.8, new=(qd-mutate=656.5). MAP-Elites(8x8, morphologies=3): occupied=30, pending=192, in flight=40
20:16:47: 7760x RT, 129.3 creatures/sec. Fitness: best=1356.1, avg=969.3, new=(qd-mutate=699.3). MAP-Elites(8x8, morphologies=3): occupied=30, pending=192, in flight=40
20:16:49: 7638x RT, 127.3 creatures/sec. Fitness: best=1356.1, avg=969.3, new=(qd-mutate=652.6). MAP-Elites(8x8, morphologies=3): occupied=30, pending=192, in flight=40
20:16:51: 7655x RT, 127.6 creatures/sec. Fitness: best=1356.1, avg=969.3, new=(qd-mutate=671.7). MAP-Elites(8x8, morphologies=3): occupied=30, pending=192, in flight=40
20:16:53: 7708x RT, 128.5 creatures/sec. Fitness: best=1356.1, avg=969.3, new=(qd-mutate=634.0). MAP-Elites(8x8, morphologies=3): occupied=30, pending=192, in flight=40
20:16:55: 7628x RT, 127.1 creatures/sec. Fitness: best=1356.1, avg=969.3, new=(qd-mutate=648.3). MAP-Elites(8x8, morphologies=3): occupied=30, pending=192, in flight=40
20:16:57: 7710x RT, 128.5 creatures/sec. Fitness: best=1356.1, avg=969.3, new=(qd-mutate=651.3). MAP-Elites(8x8, morphologies=3): occupied=30, pending=192, in flight=40
20:16:59: 7652x RT, 127.5 creatures/sec. Fitness: best=1356.1, avg=969.3, new=(qd-mutate=657.6). MAP-Elites(8x8, morphologies=3): occupied=30, pending=192, in flight=40
20:17:01: 7721x RT, 128.7 creatures/sec. Fitness: best=1356.1, avg=969.3, new=(qd-mutate=669.2). MAP-Elites(8x8, morphologies=3): occupied=30, pending=192, in flight=40
20:17:03: 7590x RT, 126.5 creatures/sec. Fitness: best=1356.1, avg=969.3, new=(qd-mutate=664.8). MAP-Elites(8x8, morphologies=3): occupied=30, pending=192, in flight=40
20:17:05: 7713x RT, 128.6 creatures/sec. Fitness: best=1356.1, avg=969.3, new=(qd-mutate=662.8). MAP-Elites(8x8, morphologies=3): occupied=30, pending=192, in flight=40
20:17:07: 7698x RT, 128.3 creatures/sec. Fitness: best=1356.1, avg=969.3, new=(qd-mutate=659.4). MAP-Elites(8x8, morphologies=3): occupied=30, pending=192, in flight=40
20:17:09: 7654x RT, 127.6 creatures/sec. Fitness: best=1356.1, avg=969.3, new=(qd-mutate=649.7). MAP-Elites(8x8, morphologies=3): occupied=30, pending=192, in flight=40
--> new robust best creature found through qd-mutate! Fitness=1364.8668098163553 domains=[1189.934326, 1365.789429, 2246.392334]
5832670 bytes written to /Users/dag/projects/Machine-Evolved-credible-training/training-runs/me-v2-harmonic-qd-01-double-gravity-8w/config.json. 
20:17:11: 7674x RT, 127.9 creatures/sec. Fitness: best=1364.9, avg=973.1, new=(qd-mutate=640.3). MAP-Elites(8x8, morphologies=3): occupied=30, pending=192, in flight=40
20:17:14: 7365x RT, 122.8 creatures/sec. Fitness: best=1364.9, avg=973.1, new=(qd-mutate=650.5). MAP-Elites(8x8, morphologies=3): occupied=30, pending=192, in flight=40
20:17:16: 7639x RT, 127.3 creatures/sec. Fitness: best=1364.9, avg=973.1, new=(qd-mutate=656.6). MAP-Elites(8x8, morphologies=3): occupied=30, pending=192, in flight=40
20:17:18: 7668x RT, 127.8 creatures/sec. Fitness: best=1364.9, avg=973.1, new=(qd-mutate=663.2). MAP-Elites(8x8, morphologies=3): occupied=30, pending=192, in flight=40
20:17:20: 7712x RT, 128.5 creatures/sec. Fitness: best=1364.9, avg=973.1, new=(qd-mutate=657.6). MAP-Elites(8x8, morphologies=3): occupied=30, pending=192, in flight=40
20:17:22: 7634x RT, 127.2 creatures/sec. Fitness: best=1364.9, avg=973.1, new=(qd-mutate=662.6). MAP-Elites(8x8, morphologies=3): occupied=30, pending=192, in flight=40
20:17:24: 7667x RT, 127.8 creatures/sec. Fitness: best=1364.9, avg=980.4, new=(qd-mutate=631.0). MAP-Elites(8x8, morphologies=3): occupied=30, pending=192, in flight=40
20:17:26: 7662x RT, 127.7 creatures/sec. Fitness: best=1364.9, avg=980.4, new=(qd-mutate=666.2). MAP-Elites(8x8, morphologies=3): occupied=30, pending=192, in flight=40
20:17:28: 7717x RT, 128.6 creatures/sec. Fitness: best=1364.9, avg=980.4, new=(qd-mutate=640.1). MAP-Elites(8x8, morphologies=3): occupied=30, pending=192, in flight=40
20:17:30: 7656x RT, 127.6 creatures/sec. Fitness: best=1364.9, avg=980.4, new=(qd-mutate=689.9). MAP-Elites(8x8, morphologies=3): occupied=30, pending=192, in flight=40
20:17:32: 7646x RT, 127.4 creatures/sec. Fitness: best=1364.9, avg=980.4, new=(qd-mutate=658.5). MAP-Elites(8x8, morphologies=3): occupied=30, pending=192, in flight=40
20:17:34: 7673x RT, 127.9 creatures/sec. Fitness: best=1364.9, avg=980.4, new=(qd-mutate=665.6). MAP-Elites(8x8, morphologies=3): occupied=30, pending=192, in flight=40
20:17:36: 7679x RT, 128.0 creatures/sec. Fitness: best=1364.9, avg=980.4, new=(qd-mutate=668.9). MAP-Elites(8x8, morphologies=3): occupied=30, pending=192, in flight=40
20:17:38: 7614x RT, 126.9 creatures/sec. Fitness: best=1364.9, avg=980.4, new=(qd-mutate=665.9). MAP-Elites(8x8, morphologies=3): occupied=30, pending=192, in flight=40
20:17:40: 7746x RT, 129.1 creatures/sec. Fitness: best=1364.9, avg=980.4, new=(qd-mutate=670.1). MAP-Elites(8x8, morphologies=3): occupied=30, pending=192, in flight=40
20:17:42: 7700x RT, 128.3 creatures/sec. Fitness: best=1364.9, avg=980.4, new=(qd-mutate=659.4). MAP-Elites(8x8, morphologies=3): occupied=30, pending=192, in flight=40
20:17:44: 7583x RT, 126.4 creatures/sec. Fitness: best=1364.9, avg=980.4, new=(qd-mutate=674.5). MAP-Elites(8x8, morphologies=3): occupied=30, pending=192, in flight=40
20:17:46: 7721x RT, 128.7 creatures/sec. Fitness: best=1364.9, avg=980.4, new=(qd-mutate=667.4). MAP-Elites(8x8, morphologies=3): occupied=30, pending=192, in flight=40
20:17:48: 7667x RT, 127.8 creatures/sec. Fitness: best=1364.9, avg=980.4, new=(qd-mutate=625.1). MAP-Elites(8x8, morphologies=3): occupied=30, pending=192, in flight=40
20:17:50: 7649x RT, 127.5 creatures/sec. Fitness: best=1364.9, avg=980.4, new=(qd-mutate=665.9). MAP-Elites(8x8, morphologies=3): occupied=30, pending=192, in flight=40
20:17:52: 7704x RT, 128.4 creatures/sec. Fitness: best=1364.9, avg=980.4, new=(qd-mutate=673.9). MAP-Elites(8x8, morphologies=3): occupied=30, pending=192, in flight=40
20:17:54: 7662x RT, 127.7 creatures/sec. Fitness: best=1364.9, avg=983.3, new=(qd-mutate=707.2). MAP-Elites(8x8, morphologies=3): occupied=30, pending=192, in flight=40
20:17:56: 7659x RT, 127.7 creatures/sec. Fitness: best=1364.9, avg=983.3, new=(qd-mutate=668.5). MAP-Elites(8x8, morphologies=3): occupied=30, pending=192, in flight=40
20:17:58: 7410x RT, 123.5 creatures/sec. Fitness: best=1364.9, avg=983.3, new=(qd-mutate=655.8). MAP-Elites(8x8, morphologies=3): occupied=30, pending=192, in flight=40
20:18:00: 7655x RT, 127.6 creatures/sec. Fitness: best=1364.9, avg=983.3, new=(qd-mutate=648.0). MAP-Elites(8x8, morphologies=3): occupied=30, pending=192, in flight=40
20:18:02: 7538x RT, 125.6 creatures/sec. Fitness: best=1364.9, avg=983.3, new=(qd-mutate=676.7). MAP-Elites(8x8, morphologies=3): occupied=30, pending=192, in flight=40
20:18:04: 7666x RT, 127.8 creatures/sec. Fitness: best=1364.9, avg=987.2, new=(qd-mutate=650.3). MAP-Elites(8x8, morphologies=3): occupied=30, pending=192, in flight=40
20:18:07: 7666x RT, 127.8 creatures/sec. Fitness: best=1364.9, avg=987.2, new=(qd-mutate=675.3). MAP-Elites(8x8, morphologies=3): occupied=30, pending=192, in flight=40
20:18:09: 7620x RT, 127.0 creatures/sec. Fitness: best=1364.9, avg=987.2, new=(qd-mutate=643.1). MAP-Elites(8x8, morphologies=3): occupied=30, pending=192, in flight=40
20:18:11: 7668x RT, 127.8 creatures/sec. Fitness: best=1364.9, avg=987.2, new=(qd-mutate=631.1). MAP-Elites(8x8, morphologies=3): occupied=30, pending=192, in flight=40
5829588 bytes written to /Users/dag/projects/Machine-Evolved-credible-training/training-runs/me-v2-harmonic-qd-01-double-gravity-8w/config.json. 
20:18:13: 7707x RT, 128.5 creatures/sec. Fitness: best=1364.9, avg=987.2, new=(qd-mutate=654.8). MAP-Elites(8x8, morphologies=3): occupied=30, pending=192, in flight=40
20:18:15: 7608x RT, 126.8 creatures/sec. Fitness: best=1364.9, avg=987.2, new=(qd-mutate=709.4). MAP-Elites(8x8, morphologies=3): occupied=30, pending=192, in flight=40
20:18:17: 7705x RT, 128.4 creatures/sec. Fitness: best=1364.9, avg=987.2, new=(qd-mutate=663.3). MAP-Elites(8x8, morphologies=3): occupied=30, pending=192, in flight=40
20:18:19: 7688x RT, 128.1 creatures/sec. Fitness: best=1364.9, avg=987.2, new=(qd-mutate=641.6). MAP-Elites(8x8, morphologies=3): occupied=30, pending=192, in flight=40
20:18:21: 7648x RT, 127.5 creatures/sec. Fitness: best=1364.9, avg=987.2, new=(qd-mutate=639.0). MAP-Elites(8x8, morphologies=3): occupied=30, pending=192, in flight=40
20:18:23: 7654x RT, 127.6 creatures/sec. Fitness: best=1364.9, avg=992.6, new=(qd-mutate=667.5). MAP-Elites(8x8, morphologies=3): occupied=30, pending=192, in flight=40
20:18:25: 7677x RT, 127.9 creatures/sec. Fitness: best=1364.9, avg=992.6, new=(qd-mutate=686.1). MAP-Elites(8x8, morphologies=3): occupied=30, pending=192, in flight=40
20:18:27: 7650x RT, 127.5 creatures/sec. Fitness: best=1364.9, avg=992.6, new=(qd-mutate=730.4). MAP-Elites(8x8, morphologies=3): occupied=30, pending=192, in flight=40
20:18:29: 7731x RT, 128.8 creatures/sec. Fitness: best=1364.9, avg=992.6, new=(qd-mutate=671.8). MAP-Elites(8x8, morphologies=3): occupied=30, pending=192, in flight=40
20:18:31: 7686x RT, 128.1 creatures/sec. Fitness: best=1364.9, avg=992.6, new=(qd-mutate=655.0). MAP-Elites(8x8, morphologies=3): occupied=30, pending=192, in flight=40
20:18:33: 7690x RT, 128.2 creatures/sec. Fitness: best=1364.9, avg=992.6, new=(qd-mutate=678.2). MAP-Elites(8x8, morphologies=3): occupied=30, pending=192, in flight=40
20:18:35: 7675x RT, 127.9 creatures/sec. Fitness: best=1364.9, avg=992.6, new=(qd-mutate=676.0). MAP-Elites(8x8, morphologies=3): occupied=30, pending=192, in flight=40
20:18:37: 7738x RT, 129.0 creatures/sec. Fitness: best=1364.9, avg=992.6, new=(qd-mutate=671.6). MAP-Elites(8x8, morphologies=3): occupied=30, pending=192, in flight=40
20:18:39: 7719x RT, 128.7 creatures/sec. Fitness: best=1364.9, avg=992.6, new=(qd-mutate=673.1). MAP-Elites(8x8, morphologies=3): occupied=30, pending=192, in flight=40
20:18:41: 7648x RT, 127.5 creatures/sec. Fitness: best=1364.9, avg=992.6, new=(qd-mutate=652.4). MAP-Elites(8x8, morphologies=3): occupied=30, pending=192, in flight=40
20:18:43: 7620x RT, 127.0 creatures/sec. Fitness: best=1364.9, avg=992.6, new=(qd-mutate=677.5). MAP-Elites(8x8, morphologies=3): occupied=30, pending=192, in flight=40
20:18:45: 7470x RT, 124.5 creatures/sec. Fitness: best=1364.9, avg=992.6, new=(qd-mutate=667.0). MAP-Elites(8x8, morphologies=3): occupied=30, pending=192, in flight=40
20:18:47: 7589x RT, 126.5 creatures/sec. Fitness: best=1364.9, avg=992.6, new=(qd-mutate=656.5). MAP-Elites(8x8, morphologies=3): occupied=30, pending=192, in flight=40
20:18:49: 7671x RT, 127.8 creatures/sec. Fitness: best=1364.9, avg=992.6, new=(qd-mutate=654.7). MAP-Elites(8x8, morphologies=3): occupied=30, pending=192, in flight=40
20:18:51: 7638x RT, 127.3 creatures/sec. Fitness: best=1364.9, avg=992.6, new=(qd-mutate=644.3). MAP-Elites(8x8, morphologies=3): occupied=30, pending=192, in flight=40
20:18:53: 7621x RT, 127.0 creatures/sec. Fitness: best=1364.9, avg=992.6, new=(qd-mutate=653.4). MAP-Elites(8x8, morphologies=3): occupied=30, pending=192, in flight=40
20:18:55: 7629x RT, 127.2 creatures/sec. Fitness: best=1364.9, avg=992.6, new=(qd-mutate=706.6). MAP-Elites(8x8, morphologies=3): occupied=30, pending=192, in flight=40
20:18:57: 7659x RT, 127.6 creatures/sec. Fitness: best=1364.9, avg=992.6, new=(qd-mutate=664.3). MAP-Elites(8x8, morphologies=3): occupied=30, pending=192, in flight=40
20:18:59: 7689x RT, 128.2 creatures/sec. Fitness: best=1364.9, avg=992.6, new=(qd-mutate=641.6). MAP-Elites(8x8, morphologies=3): occupied=30, pending=192, in flight=40
20:19:01: 7551x RT, 125.9 creatures/sec. Fitness: best=1364.9, avg=992.6, new=(qd-mutate=643.9). MAP-Elites(8x8, morphologies=3): occupied=30, pending=192, in flight=40
20:19:03: 7700x RT, 128.3 creatures/sec. Fitness: best=1364.9, avg=992.6, new=(qd-mutate=670.3). MAP-Elites(8x8, morphologies=3): occupied=30, pending=192, in flight=40
20:19:05: 7571x RT, 126.2 creatures/sec. Fitness: best=1364.9, avg=992.6, new=(qd-mutate=703.1). MAP-Elites(8x8, morphologies=3): occupied=30, pending=192, in flight=40
20:19:07: 7639x RT, 127.3 creatures/sec. Fitness: best=1364.9, avg=992.6, new=(qd-mutate=668.1). MAP-Elites(8x8, morphologies=3): occupied=30, pending=192, in flight=40
20:19:10: 7698x RT, 128.3 creatures/sec. Fitness: best=1364.9, avg=992.6, new=(qd-mutate=637.5). MAP-Elites(8x8, morphologies=3): occupied=30, pending=192, in flight=40
5814973 bytes written to /Users/dag/projects/Machine-Evolved-credible-training/training-runs/me-v2-harmonic-qd-01-double-gravity-8w/config.json. 
20:19:12: 7586x RT, 126.4 creatures/sec. Fitness: best=1364.9, avg=992.6, new=(qd-mutate=664.7). MAP-Elites(8x8, morphologies=3): occupied=30, pending=192, in flight=40
20:19:14: 7546x RT, 125.8 creatures/sec. Fitness: best=1364.9, avg=992.6, new=(qd-mutate=671.7). MAP-Elites(8x8, morphologies=3): occupied=30, pending=192, in flight=40
20:19:16: 7672x RT, 127.9 creatures/sec. Fitness: best=1364.9, avg=992.6, new=(qd-mutate=637.6). MAP-Elites(8x8, morphologies=3): occupied=30, pending=192, in flight=40
20:19:18: 7649x RT, 127.5 creatures/sec. Fitness: best=1364.9, avg=992.6, new=(qd-mutate=658.4). MAP-Elites(8x8, morphologies=3): occupied=30, pending=192, in flight=40
20:19:20: 7726x RT, 128.8 creatures/sec. Fitness: best=1364.9, avg=992.6, new=(qd-mutate=636.2). MAP-Elites(8x8, morphologies=3): occupied=30, pending=192, in flight=40
20:19:22: 7583x RT, 126.4 creatures/sec. Fitness: best=1364.9, avg=992.6, new=(qd-mutate=629.6). MAP-Elites(8x8, morphologies=3): occupied=30, pending=192, in flight=40
20:19:24: 7697x RT, 128.3 creatures/sec. Fitness: best=1364.9, avg=992.6, new=(qd-mutate=639.5). MAP-Elites(8x8, morphologies=3): occupied=30, pending=192, in flight=40
20:19:26: 7669x RT, 127.8 creatures/sec. Fitness: best=1364.9, avg=992.6, new=(qd-mutate=681.7). MAP-Elites(8x8, morphologies=3): occupied=30, pending=192, in flight=40
20:19:28: 7657x RT, 127.6 creatures/sec. Fitness: best=1364.9, avg=992.6, new=(qd-mutate=670.5). MAP-Elites(8x8, morphologies=3): occupied=30, pending=192, in flight=40
20:19:30: 7749x RT, 129.2 creatures/sec. Fitness: best=1364.9, avg=992.6, new=(qd-mutate=672.6). MAP-Elites(8x8, morphologies=3): occupied=30, pending=192, in flight=40
20:19:32: 7618x RT, 127.0 creatures/sec. Fitness: best=1364.9, avg=992.6, new=(qd-mutate=660.8). MAP-Elites(8x8, morphologies=3): occupied=30, pending=192, in flight=40
20:19:34: 7360x RT, 122.7 creatures/sec. Fitness: best=1364.9, avg=992.6, new=(qd-mutate=656.0). MAP-Elites(8x8, morphologies=3): occupied=30, pending=192, in flight=40
20:19:36: 7687x RT, 128.1 creatures/sec. Fitness: best=1364.9, avg=992.6, new=(qd-mutate=672.9). MAP-Elites(8x8, morphologies=3): occupied=30, pending=192, in flight=40
20:19:38: 7707x RT, 128.4 creatures/sec. Fitness: best=1364.9, avg=992.6, new=(qd-mutate=690.5). MAP-Elites(8x8, morphologies=3): occupied=30, pending=192, in flight=40
20:19:40: 7651x RT, 127.5 creatures/sec. Fitness: best=1364.9, avg=992.6, new=(qd-mutate=634.3). MAP-Elites(8x8, morphologies=3): occupied=30, pending=192, in flight=40
20:19:42: 7606x RT, 126.8 creatures/sec. Fitness: best=1364.9, avg=992.6, new=(qd-mutate=658.7). MAP-Elites(8x8, morphologies=3): occupied=30, pending=192, in flight=40
20:19:44: 7659x RT, 127.7 creatures/sec. Fitness: best=1364.9, avg=992.6, new=(qd-mutate=671.2). MAP-Elites(8x8, morphologies=3): occupied=30, pending=192, in flight=40
20:19:46: 7641x RT, 127.3 creatures/sec. Fitness: best=1364.9, avg=992.6, new=(qd-mutate=678.3). MAP-Elites(8x8, morphologies=3): occupied=30, pending=192, in flight=40
20:19:48: 6778x RT, 113.0 creatures/sec. Fitness: best=1364.9, avg=992.6, new=(qd-mutate=656.7). MAP-Elites(8x8, morphologies=3): occupied=30, pending=192, in flight=40
20:19:50: 7286x RT, 121.4 creatures/sec. Fitness: best=1364.9, avg=992.6, new=(qd-mutate=685.3). MAP-Elites(8x8, morphologies=3): occupied=30, pending=192, in flight=40
20:19:52: 7673x RT, 127.9 creatures/sec. Fitness: best=1364.9, avg=992.6, new=(qd-mutate=683.0). MAP-Elites(8x8, morphologies=3): occupied=30, pending=192, in flight=40
20:19:54: 7556x RT, 125.9 creatures/sec. Fitness: best=1364.9, avg=992.6, new=(qd-mutate=666.5). MAP-Elites(8x8, morphologies=3): occupied=30, pending=192, in flight=40
20:19:56: 7660x RT, 127.7 creatures/sec. Fitness: best=1364.9, avg=992.6, new=(qd-mutate=660.1). MAP-Elites(8x8, morphologies=3): occupied=30, pending=192, in flight=40
20:19:58: 7732x RT, 128.9 creatures/sec. Fitness: best=1364.9, avg=992.6, new=(qd-mutate=674.7). MAP-Elites(8x8, morphologies=3): occupied=30, pending=192, in flight=40
20:20:00: 7580x RT, 126.3 creatures/sec. Fitness: best=1364.9, avg=992.6, new=(qd-mutate=686.7). MAP-Elites(8x8, morphologies=3): occupied=30, pending=192, in flight=40
20:20:03: 7086x RT, 118.1 creatures/sec. Fitness: best=1364.9, avg=992.6, new=(qd-mutate=655.8). MAP-Elites(8x8, morphologies=3): occupied=30, pending=192, in flight=40
20:20:05: 7592x RT, 126.5 creatures/sec. Fitness: best=1364.9, avg=992.6, new=(qd-mutate=631.1). MAP-Elites(8x8, morphologies=3): occupied=30, pending=192, in flight=40
20:20:07: 7642x RT, 127.4 creatures/sec. Fitness: best=1364.9, avg=992.6, new=(qd-mutate=698.8). MAP-Elites(8x8, morphologies=3): occupied=30, pending=192, in flight=40
20:20:09: 7705x RT, 128.4 creatures/sec. Fitness: best=1364.9, avg=992.6, new=(qd-mutate=650.5). MAP-Elites(8x8, morphologies=3): occupied=30, pending=192, in flight=40
20:20:11: 7646x RT, 127.4 creatures/sec. Fitness: best=1364.9, avg=992.6, new=(qd-mutate=688.2). MAP-Elites(8x8, morphologies=3): occupied=30, pending=192, in flight=40
5847632 bytes written to /Users/dag/projects/Machine-Evolved-credible-training/training-runs/me-v2-harmonic-qd-01-double-gravity-8w/config.json. 
20:20:13: 7391x RT, 123.2 creatures/sec. Fitness: best=1364.9, avg=992.6, new=(qd-mutate=675.7). MAP-Elites(8x8, morphologies=3): occupied=30, pending=192, in flight=40
20:20:15: 6973x RT, 116.2 creatures/sec. Fitness: best=1364.9, avg=992.6, new=(qd-mutate=661.4). MAP-Elites(8x8, morphologies=3): occupied=30, pending=192, in flight=40
20:20:17: 7363x RT, 122.7 creatures/sec. Fitness: best=1364.9, avg=992.6, new=(qd-mutate=648.3). MAP-Elites(8x8, morphologies=3): occupied=30, pending=192, in flight=40
20:20:19: 7671x RT, 127.8 creatures/sec. Fitness: best=1364.9, avg=992.6, new=(qd-mutate=639.0). MAP-Elites(8x8, morphologies=3): occupied=30, pending=192, in flight=40
20:20:21: 7016x RT, 116.9 creatures/sec. Fitness: best=1364.9, avg=992.6, new=(qd-mutate=650.9). MAP-Elites(8x8, morphologies=3): occupied=30, pending=192, in flight=40
20:20:23: 6295x RT, 104.9 creatures/sec. Fitness: best=1364.9, avg=992.6, new=(qd-mutate=653.9). MAP-Elites(8x8, morphologies=3): occupied=30, pending=192, in flight=40
20:20:25: 6388x RT, 106.5 creatures/sec. Fitness: best=1364.9, avg=992.6, new=(qd-mutate=644.7). MAP-Elites(8x8, morphologies=3): occupied=30, pending=192, in flight=40
20:20:27: 7047x RT, 117.5 creatures/sec. Fitness: best=1364.9, avg=992.6, new=(qd-mutate=662.3). MAP-Elites(8x8, morphologies=3): occupied=30, pending=192, in flight=40
20:20:29: 7168x RT, 119.5 creatures/sec. Fitness: best=1364.9, avg=992.6, new=(qd-mutate=659.9). MAP-Elites(8x8, morphologies=3): occupied=30, pending=192, in flight=40
20:20:31: 6933x RT, 115.6 creatures/sec. Fitness: best=1364.9, avg=992.6, new=(qd-mutate=686.1). MAP-Elites(8x8, morphologies=3): occupied=30, pending=192, in flight=40
20:20:33: 6827x RT, 113.8 creatures/sec. Fitness: best=1364.9, avg=992.6, new=(qd-mutate=686.7). MAP-Elites(8x8, morphologies=3): occupied=30, pending=192, in flight=40
20:20:35: 7030x RT, 117.2 creatures/sec. Fitness: best=1364.9, avg=992.6, new=(qd-mutate=646.9). MAP-Elites(8x8, morphologies=3): occupied=30, pending=192, in flight=40
20:20:38: 7152x RT, 119.2 creatures/sec. Fitness: best=1364.9, avg=992.6, new=(qd-mutate=671.6). MAP-Elites(8x8, morphologies=3): occupied=30, pending=192, in flight=40
20:20:40: 6988x RT, 116.5 creatures/sec. Fitness: best=1364.9, avg=992.6, new=(qd-mutate=653.7). MAP-Elites(8x8, morphologies=3): occupied=30, pending=192, in flight=40
20:20:42: 7226x RT, 120.4 creatures/sec. Fitness: best=1364.9, avg=992.6, new=(qd-mutate=695.7). MAP-Elites(8x8, morphologies=3): occupied=30, pending=192, in flight=40
20:20:44: 6796x RT, 113.3 creatures/sec. Fitness: best=1364.9, avg=992.6, new=(qd-mutate=673.8). MAP-Elites(8x8, morphologies=3): occupied=30, pending=192, in flight=40
20:20:46: 7138x RT, 119.0 creatures/sec. Fitness: best=1364.9, avg=992.6, new=(qd-mutate=659.0). MAP-Elites(8x8, morphologies=3): occupied=30, pending=192, in flight=40
20:20:48: 7530x RT, 125.5 creatures/sec. Fitness: best=1364.9, avg=992.6, new=(qd-mutate=667.1). MAP-Elites(8x8, morphologies=3): occupied=30, pending=192, in flight=40
20:20:50: 6362x RT, 106.0 creatures/sec. Fitness: best=1364.9, avg=992.6, new=(qd-mutate=646.7). MAP-Elites(8x8, morphologies=3): occupied=30, pending=192, in flight=40
20:20:52: 7251x RT, 120.8 creatures/sec. Fitness: best=1364.9, avg=992.6, new=(qd-mutate=671.2). MAP-Elites(8x8, morphologies=3): occupied=30, pending=192, in flight=40
20:20:54: 7124x RT, 118.7 creatures/sec. Fitness: best=1364.9, avg=1000.6, new=(qd-mutate=637.7). MAP-Elites(8x8, morphologies=3): occupied=30, pending=192, in flight=40
20:20:56: 6967x RT, 116.1 creatures/sec. Fitness: best=1364.9, avg=1000.6, new=(qd-mutate=673.1). MAP-Elites(8x8, morphologies=3): occupied=30, pending=192, in flight=40
20:20:58: 7062x RT, 117.7 creatures/sec. Fitness: best=1364.9, avg=1000.6, new=(qd-mutate=646.8). MAP-Elites(8x8, morphologies=3): occupied=30, pending=192, in flight=40
20:21:00: 7158x RT, 119.3 creatures/sec. Fitness: best=1364.9, avg=1000.6, new=(qd-mutate=671.6). MAP-Elites(8x8, morphologies=3): occupied=30, pending=192, in flight=40
20:21:03: 7175x RT, 119.6 creatures/sec. Fitness: best=1364.9, avg=1000.6, new=(qd-mutate=658.3). MAP-Elites(8x8, morphologies=3): occupied=30, pending=192, in flight=40
20:21:05: 7216x RT, 120.3 creatures/sec. Fitness: best=1364.9, avg=1000.6, new=(qd-mutate=652.7). MAP-Elites(8x8, morphologies=3): occupied=30, pending=192, in flight=40
20:21:07: 7278x RT, 121.3 creatures/sec. Fitness: best=1364.9, avg=1000.6, new=(qd-mutate=671.9). MAP-Elites(8x8, morphologies=3): occupied=30, pending=192, in flight=40
20:21:09: 7246x RT, 120.8 creatures/sec. Fitness: best=1364.9, avg=1000.6, new=(qd-mutate=664.9). MAP-Elites(8x8, morphologies=3): occupied=30, pending=192, in flight=40
20:21:11: 7439x RT, 124.0 creatures/sec. Fitness: best=1364.9, avg=1000.6, new=(qd-mutate=671.9). MAP-Elites(8x8, morphologies=3): occupied=30, pending=192, in flight=40
5820749 bytes written to /Users/dag/projects/Machine-Evolved-credible-training/training-runs/me-v2-harmonic-qd-01-double-gravity-8w/config.json. 
20:21:13: 7097x RT, 118.3 creatures/sec. Fitness: best=1364.9, avg=1000.6, new=(qd-mutate=667.5). MAP-Elites(8x8, morphologies=3): occupied=30, pending=192, in flight=40
20:21:15: 7104x RT, 118.4 creatures/sec. Fitness: best=1364.9, avg=1000.6, new=(qd-mutate=670.0). MAP-Elites(8x8, morphologies=3): occupied=30, pending=192, in flight=40
20:21:17: 7049x RT, 117.5 creatures/sec. Fitness: best=1364.9, avg=1000.6, new=(qd-mutate=676.8). MAP-Elites(8x8, morphologies=3): occupied=30, pending=192, in flight=40
20:21:19: 7264x RT, 121.1 creatures/sec. Fitness: best=1364.9, avg=1000.6, new=(qd-mutate=668.3). MAP-Elites(8x8, morphologies=3): occupied=30, pending=192, in flight=40
20:21:21: 6956x RT, 115.9 creatures/sec. Fitness: best=1364.9, avg=1000.6, new=(qd-mutate=626.0). MAP-Elites(8x8, morphologies=3): occupied=30, pending=192, in flight=40
20:21:23: 7321x RT, 122.0 creatures/sec. Fitness: best=1364.9, avg=1000.6, new=(qd-mutate=665.1). MAP-Elites(8x8, morphologies=3): occupied=30, pending=192, in flight=40
20:21:25: 7364x RT, 122.7 creatures/sec. Fitness: best=1364.9, avg=1000.6, new=(qd-mutate=638.1). MAP-Elites(8x8, morphologies=3): occupied=30, pending=192, in flight=40
20:21:28: 6800x RT, 113.3 creatures/sec. Fitness: best=1364.9, avg=1000.6, new=(qd-mutate=679.9). MAP-Elites(8x8, morphologies=3): occupied=30, pending=192, in flight=40
20:21:30: 7100x RT, 118.3 creatures/sec. Fitness: best=1364.9, avg=1000.6, new=(qd-mutate=665.3). MAP-Elites(8x8, morphologies=3): occupied=30, pending=192, in flight=40
20:21:32: 7514x RT, 125.2 creatures/sec. Fitness: best=1364.9, avg=1000.6, new=(qd-mutate=653.7). MAP-Elites(8x8, morphologies=3): occupied=30, pending=192, in flight=40
20:21:34: 7590x RT, 126.5 creatures/sec. Fitness: best=1364.9, avg=1000.6, new=(qd-mutate=634.2). MAP-Elites(8x8, morphologies=3): occupied=30, pending=192, in flight=40
20:21:36: 7578x RT, 126.3 creatures/sec. Fitness: best=1364.9, avg=1000.6, new=(qd-mutate=682.1). MAP-Elites(8x8, morphologies=3): occupied=30, pending=192, in flight=40
20:21:38: 4839x RT, 80.6 creatures/sec. Fitness: best=1364.9, avg=1000.6, new=(qd-mutate=688.0). MAP-Elites(8x8, morphologies=3): occupied=30, pending=192, in flight=40
20:21:40: 6225x RT, 103.8 creatures/sec. Fitness: best=1364.9, avg=1000.6, new=(qd-mutate=673.7). MAP-Elites(8x8, morphologies=3): occupied=30, pending=192, in flight=40
20:21:42: 7554x RT, 125.9 creatures/sec. Fitness: best=1364.9, avg=1000.6, new=(qd-mutate=663.9). MAP-Elites(8x8, morphologies=3): occupied=30, pending=192, in flight=40
20:21:44: 7539x RT, 125.7 creatures/sec. Fitness: best=1364.9, avg=1000.6, new=(qd-mutate=679.6). MAP-Elites(8x8, morphologies=3): occupied=30, pending=192, in flight=40
20:21:46: 7524x RT, 125.4 creatures/sec. Fitness: best=1364.9, avg=1000.6, new=(qd-mutate=627.5). MAP-Elites(8x8, morphologies=3): occupied=30, pending=192, in flight=40
20:21:48: 7143x RT, 119.0 creatures/sec. Fitness: best=1364.9, avg=1000.6, new=(qd-mutate=660.0). MAP-Elites(8x8, morphologies=3): occupied=30, pending=192, in flight=40
20:21:50: 7502x RT, 125.0 creatures/sec. Fitness: best=1364.9, avg=1000.6, new=(qd-mutate=667.9). MAP-Elites(8x8, morphologies=3): occupied=30, pending=192, in flight=40
20:21:52: 7376x RT, 122.9 creatures/sec. Fitness: best=1364.9, avg=1000.6, new=(qd-mutate=645.1). MAP-Elites(8x8, morphologies=3): occupied=30, pending=192, in flight=40
20:21:54: 7422x RT, 123.7 creatures/sec. Fitness: best=1364.9, avg=1001.8, new=(qd-mutate=658.7). MAP-Elites(8x8, morphologies=3): occupied=30, pending=192, in flight=40
20:21:56: 7455x RT, 124.3 creatures/sec. Fitness: best=1364.9, avg=1001.8, new=(qd-mutate=654.9). MAP-Elites(8x8, morphologies=3): occupied=30, pending=192, in flight=40
20:21:58: 6944x RT, 115.7 creatures/sec. Fitness: best=1364.9, avg=1001.8, new=(qd-mutate=659.8). MAP-Elites(8x8, morphologies=3): occupied=30, pending=192, in flight=40
20:22:00: 7365x RT, 122.7 creatures/sec. Fitness: best=1364.9, avg=1001.8, new=(qd-mutate=653.2). MAP-Elites(8x8, morphologies=3): occupied=30, pending=192, in flight=40
20:22:02: 7418x RT, 123.6 creatures/sec. Fitness: best=1364.9, avg=1001.8, new=(qd-mutate=661.9). MAP-Elites(8x8, morphologies=3): occupied=30, pending=192, in flight=40
20:22:04: 7403x RT, 123.4 creatures/sec. Fitness: best=1364.9, avg=1001.8, new=(qd-mutate=655.2). MAP-Elites(8x8, morphologies=3): occupied=30, pending=192, in flight=40
20:22:07: 7474x RT, 124.6 creatures/sec. Fitness: best=1364.9, avg=1001.8, new=(qd-mutate=677.3). MAP-Elites(8x8, morphologies=3): occupied=30, pending=192, in flight=40
20:22:09: 7443x RT, 124.0 creatures/sec. Fitness: best=1364.9, avg=1001.8, new=(qd-mutate=653.8). MAP-Elites(8x8, morphologies=3): occupied=30, pending=192, in flight=40
20:22:11: 7253x RT, 120.9 creatures/sec. Fitness: best=1364.9, avg=1001.8, new=(qd-mutate=681.0). MAP-Elites(8x8, morphologies=3): occupied=30, pending=192, in flight=40
5832619 bytes written to /Users/dag/projects/Machine-Evolved-credible-training/training-runs/me-v2-harmonic-qd-01-double-gravity-8w/config.json. 
20:22:13: 7482x RT, 124.7 creatures/sec. Fitness: best=1364.9, avg=1001.8, new=(qd-mutate=659.7). MAP-Elites(8x8, morphologies=3): occupied=30, pending=192, in flight=40
20:22:15: 7307x RT, 121.8 creatures/sec. Fitness: best=1364.9, avg=1001.8, new=(qd-mutate=653.6). MAP-Elites(8x8, morphologies=3): occupied=30, pending=192, in flight=40
20:22:17: 7135x RT, 118.9 creatures/sec. Fitness: best=1364.9, avg=1005.4, new=(qd-mutate=656.3). MAP-Elites(8x8, morphologies=3): occupied=30, pending=192, in flight=40
20:22:19: 7271x RT, 121.2 creatures/sec. Fitness: best=1364.9, avg=1005.4, new=(qd-mutate=689.0). MAP-Elites(8x8, morphologies=3): occupied=30, pending=192, in flight=40
20:22:21: 7174x RT, 119.6 creatures/sec. Fitness: best=1364.9, avg=1005.4, new=(qd-mutate=678.3). MAP-Elites(8x8, morphologies=3): occupied=30, pending=192, in flight=40
20:22:23: 7159x RT, 119.3 creatures/sec. Fitness: best=1364.9, avg=1005.4, new=(qd-mutate=636.7). MAP-Elites(8x8, morphologies=3): occupied=30, pending=192, in flight=40
20:22:25: 7167x RT, 119.5 creatures/sec. Fitness: best=1364.9, avg=1005.4, new=(qd-mutate=678.0). MAP-Elites(8x8, morphologies=3): occupied=30, pending=192, in flight=40
20:22:27: 7217x RT, 120.3 creatures/sec. Fitness: best=1364.9, avg=1005.4, new=(qd-mutate=675.1). MAP-Elites(8x8, morphologies=3): occupied=30, pending=192, in flight=40
20:22:29: 7178x RT, 119.6 creatures/sec. Fitness: best=1364.9, avg=1005.4, new=(qd-mutate=675.2). MAP-Elites(8x8, morphologies=3): occupied=30, pending=192, in flight=40
20:22:31: 7233x RT, 120.6 creatures/sec. Fitness: best=1364.9, avg=1005.4, new=(qd-mutate=673.4). MAP-Elites(8x8, morphologies=3): occupied=30, pending=192, in flight=40
20:22:34: 7051x RT, 117.5 creatures/sec. Fitness: best=1364.9, avg=1005.4, new=(qd-mutate=649.5). MAP-Elites(8x8, morphologies=3): occupied=30, pending=192, in flight=40
20:22:36: 7164x RT, 119.4 creatures/sec. Fitness: best=1364.9, avg=1005.4, new=(qd-mutate=671.4). MAP-Elites(8x8, morphologies=3): occupied=30, pending=192, in flight=40
20:22:38: 7260x RT, 121.0 creatures/sec. Fitness: best=1364.9, avg=1005.4, new=(qd-mutate=642.3). MAP-Elites(8x8, morphologies=3): occupied=30, pending=192, in flight=40
20:22:40: 7175x RT, 119.6 creatures/sec. Fitness: best=1364.9, avg=1005.4, new=(qd-mutate=716.3). MAP-Elites(8x8, morphologies=3): occupied=30, pending=192, in flight=40
20:22:42: 7224x RT, 120.4 creatures/sec. Fitness: best=1364.9, avg=1005.4, new=(qd-mutate=675.8). MAP-Elites(8x8, morphologies=3): occupied=30, pending=192, in flight=40
20:22:44: 7180x RT, 119.7 creatures/sec. Fitness: best=1364.9, avg=1005.4, new=(qd-mutate=658.3). MAP-Elites(8x8, morphologies=3): occupied=30, pending=192, in flight=40
20:22:46: 7177x RT, 119.6 creatures/sec. Fitness: best=1364.9, avg=1005.4, new=(qd-mutate=647.4). MAP-Elites(8x8, morphologies=3): occupied=30, pending=192, in flight=40
20:22:48: 7266x RT, 121.1 creatures/sec. Fitness: best=1364.9, avg=1005.4, new=(qd-mutate=706.9). MAP-Elites(8x8, morphologies=3): occupied=30, pending=192, in flight=40
20:22:50: 7289x RT, 121.5 creatures/sec. Fitness: best=1364.9, avg=1005.4, new=(qd-mutate=615.8). MAP-Elites(8x8, morphologies=3): occupied=30, pending=192, in flight=40
20:22:52: 7222x RT, 120.4 creatures/sec. Fitness: best=1364.9, avg=1005.4, new=(qd-mutate=678.7). MAP-Elites(8x8, morphologies=3): occupied=30, pending=192, in flight=40
20:22:54: 7246x RT, 120.8 creatures/sec. Fitness: best=1364.9, avg=1005.4, new=(qd-mutate=670.4). MAP-Elites(8x8, morphologies=3): occupied=30, pending=192, in flight=40
20:22:57: 7291x RT, 121.5 creatures/sec. Fitness: best=1364.9, avg=1005.4, new=(qd-mutate=672.7). MAP-Elites(8x8, morphologies=3): occupied=30, pending=192, in flight=40
20:22:59: 7214x RT, 120.2 creatures/sec. Fitness: best=1364.9, avg=1005.4, new=(qd-mutate=691.4). MAP-Elites(8x8, morphologies=3): occupied=30, pending=192, in flight=40
20:23:01: 7062x RT, 117.7 creatures/sec. Fitness: best=1364.9, avg=1005.4, new=(qd-mutate=664.1). MAP-Elites(8x8, morphologies=3): occupied=30, pending=192, in flight=40
20:23:03: 7247x RT, 120.8 creatures/sec. Fitness: best=1364.9, avg=1005.4, new=(qd-mutate=694.2). MAP-Elites(8x8, morphologies=3): occupied=30, pending=192, in flight=40
20:23:05: 6443x RT, 107.4 creatures/sec. Fitness: best=1364.9, avg=1005.4, new=(qd-mutate=638.2). MAP-Elites(8x8, morphologies=3): occupied=30, pending=192, in flight=40
20:23:07: 7032x RT, 117.2 creatures/sec. Fitness: best=1364.9, avg=1005.4, new=(qd-mutate=671.9). MAP-Elites(8x8, morphologies=3): occupied=30, pending=192, in flight=40
20:23:09: 7456x RT, 124.3 creatures/sec. Fitness: best=1364.9, avg=1005.4, new=(qd-mutate=647.0). MAP-Elites(8x8, morphologies=3): occupied=30, pending=192, in flight=40
20:23:11: 7366x RT, 122.8 creatures/sec. Fitness: best=1364.9, avg=1005.4, new=(qd-mutate=649.9). MAP-Elites(8x8, morphologies=3): occupied=30, pending=192, in flight=40
5865898 bytes written to /Users/dag/projects/Machine-Evolved-credible-training/training-runs/me-v2-harmonic-qd-01-double-gravity-8w/config.json. 
20:23:13: 7113x RT, 118.6 creatures/sec. Fitness: best=1364.9, avg=1005.4, new=(qd-mutate=682.3). MAP-Elites(8x8, morphologies=3): occupied=30, pending=192, in flight=40
20:23:15: 6380x RT, 106.3 creatures/sec. Fitness: best=1364.9, avg=1005.4, new=(qd-mutate=641.6). MAP-Elites(8x8, morphologies=3): occupied=30, pending=192, in flight=40
20:23:17: 7311x RT, 121.8 creatures/sec. Fitness: best=1364.9, avg=1005.4, new=(qd-mutate=622.8). MAP-Elites(8x8, morphologies=3): occupied=30, pending=192, in flight=40
20:23:19: 7242x RT, 120.7 creatures/sec. Fitness: best=1364.9, avg=1005.4, new=(qd-mutate=674.5). MAP-Elites(8x8, morphologies=3): occupied=30, pending=192, in flight=40
20:23:21: 6909x RT, 115.1 creatures/sec. Fitness: best=1364.9, avg=1005.4, new=(qd-mutate=688.1). MAP-Elites(8x8, morphologies=3): occupied=30, pending=192, in flight=40
20:23:23: 6078x RT, 101.3 creatures/sec. Fitness: best=1364.9, avg=1005.4, new=(qd-mutate=681.4). MAP-Elites(8x8, morphologies=3): occupied=30, pending=192, in flight=40
20:23:26: 7196x RT, 119.9 creatures/sec. Fitness: best=1364.9, avg=1005.4, new=(qd-mutate=671.1). MAP-Elites(8x8, morphologies=3): occupied=30, pending=192, in flight=40
20:23:28: 7098x RT, 118.3 creatures/sec. Fitness: best=1364.9, avg=1006.4, new=(qd-mutate=678.3). MAP-Elites(8x8, morphologies=3): occupied=30, pending=192, in flight=40
20:23:30: 5985x RT, 99.8 creatures/sec. Fitness: best=1364.9, avg=1006.4, new=(qd-mutate=657.2). MAP-Elites(8x8, morphologies=3): occupied=30, pending=192, in flight=40
20:23:32: 6901x RT, 115.0 creatures/sec. Fitness: best=1364.9, avg=1006.4, new=(qd-mutate=641.7). MAP-Elites(8x8, morphologies=3): occupied=30, pending=192, in flight=40
20:23:34: 7273x RT, 121.2 creatures/sec. Fitness: best=1364.9, avg=1006.4, new=(qd-mutate=675.5). MAP-Elites(8x8, morphologies=3): occupied=30, pending=192, in flight=40
20:23:36: 7209x RT, 120.1 creatures/sec. Fitness: best=1364.9, avg=1006.4, new=(qd-mutate=649.3). MAP-Elites(8x8, morphologies=3): occupied=30, pending=192, in flight=40
20:23:38: 6911x RT, 115.2 creatures/sec. Fitness: best=1364.9, avg=1006.4, new=(qd-mutate=669.2). MAP-Elites(8x8, morphologies=3): occupied=30, pending=192, in flight=40
20:23:40: 6553x RT, 109.2 creatures/sec. Fitness: best=1364.9, avg=1006.4, new=(qd-mutate=685.5). MAP-Elites(8x8, morphologies=3): occupied=30, pending=192, in flight=40
20:23:42: 6422x RT, 107.0 creatures/sec. Fitness: best=1364.9, avg=1006.4, new=(qd-mutate=650.7). MAP-Elites(8x8, morphologies=3): occupied=30, pending=192, in flight=40
--> new robust best creature found through qd-mutate! Fitness=1376.0339464071653 domains=[1403.305298, 1348.030029, 1463.136108]
20:23:44: 7372x RT, 122.9 creatures/sec. Fitness: best=1376.0, avg=1011.2, new=(qd-mutate=668.1). MAP-Elites(8x8, morphologies=3): occupied=30, pending=192, in flight=40
20:23:46: 7228x RT, 120.5 creatures/sec. Fitness: best=1376.0, avg=1011.2, new=(qd-mutate=661.8). MAP-Elites(8x8, morphologies=3): occupied=30, pending=192, in flight=40
20:23:48: 7399x RT, 123.3 creatures/sec. Fitness: best=1376.0, avg=1011.2, new=(qd-mutate=674.5). MAP-Elites(8x8, morphologies=3): occupied=30, pending=192, in flight=40
20:23:51: 7324x RT, 122.1 creatures/sec. Fitness: best=1376.0, avg=1011.2, new=(qd-mutate=645.8). MAP-Elites(8x8, morphologies=3): occupied=30, pending=192, in flight=40
20:23:53: 7310x RT, 121.8 creatures/sec. Fitness: best=1376.0, avg=1011.2, new=(qd-mutate=630.7). MAP-Elites(8x8, morphologies=3): occupied=30, pending=192, in flight=40
20:23:55: 7385x RT, 123.1 creatures/sec. Fitness: best=1376.0, avg=1011.2, new=(qd-mutate=676.9). MAP-Elites(8x8, morphologies=3): occupied=30, pending=192, in flight=40
20:23:57: 6972x RT, 116.2 creatures/sec. Fitness: best=1376.0, avg=1014.4, new=(qd-mutate=674.4). MAP-Elites(8x8, morphologies=3): occupied=30, pending=192, in flight=40
20:23:59: 6983x RT, 116.4 creatures/sec. Fitness: best=1376.0, avg=1014.4, new=(qd-mutate=625.4). MAP-Elites(8x8, morphologies=3): occupied=30, pending=192, in flight=40
20:24:01: 7138x RT, 119.0 creatures/sec. Fitness: best=1376.0, avg=1014.4, new=(qd-mutate=643.1). MAP-Elites(8x8, morphologies=3): occupied=30, pending=192, in flight=40
20:24:03: 7400x RT, 123.3 creatures/sec. Fitness: best=1376.0, avg=1014.4, new=(qd-mutate=652.0). MAP-Elites(8x8, morphologies=3): occupied=30, pending=192, in flight=40
20:24:05: 7351x RT, 122.5 creatures/sec. Fitness: best=1376.0, avg=1014.4, new=(qd-mutate=703.9). MAP-Elites(8x8, morphologies=3): occupied=30, pending=192, in flight=40
20:24:07: 7408x RT, 123.5 creatures/sec. Fitness: best=1376.0, avg=1014.4, new=(qd-mutate=651.3). MAP-Elites(8x8, morphologies=3): occupied=30, pending=192, in flight=40
20:24:09: 7385x RT, 123.1 creatures/sec. Fitness: best=1376.0, avg=1014.4, new=(qd-mutate=673.2). MAP-Elites(8x8, morphologies=3): occupied=30, pending=192, in flight=40
20:24:11: 7408x RT, 123.5 creatures/sec. Fitness: best=1376.0, avg=1014.4, new=(qd-mutate=645.3). MAP-Elites(8x8, morphologies=3): occupied=30, pending=192, in flight=40
5847554 bytes written to /Users/dag/projects/Machine-Evolved-credible-training/training-runs/me-v2-harmonic-qd-01-double-gravity-8w/config.json. 
20:24:13: 7237x RT, 120.6 creatures/sec. Fitness: best=1376.0, avg=1014.4, new=(qd-mutate=674.8). MAP-Elites(8x8, morphologies=3): occupied=30, pending=192, in flight=40
20:24:16: 7443x RT, 124.0 creatures/sec. Fitness: best=1376.0, avg=1014.4, new=(qd-mutate=650.2). MAP-Elites(8x8, morphologies=3): occupied=30, pending=192, in flight=40
20:24:18: 7354x RT, 122.6 creatures/sec. Fitness: best=1376.0, avg=1014.4, new=(qd-mutate=664.1). MAP-Elites(8x8, morphologies=3): occupied=30, pending=192, in flight=40
20:24:20: 7481x RT, 124.7 creatures/sec. Fitness: best=1376.0, avg=1014.4, new=(qd-mutate=681.7). MAP-Elites(8x8, morphologies=3): occupied=30, pending=192, in flight=40
20:24:22: 7408x RT, 123.5 creatures/sec. Fitness: best=1376.0, avg=1014.4, new=(qd-mutate=641.3). MAP-Elites(8x8, morphologies=3): occupied=30, pending=192, in flight=40
20:24:24: 7411x RT, 123.5 creatures/sec. Fitness: best=1376.0, avg=1014.4, new=(qd-mutate=659.1). MAP-Elites(8x8, morphologies=3): occupied=30, pending=192, in flight=40
20:24:26: 7332x RT, 122.2 creatures/sec. Fitness: best=1376.0, avg=1014.4, new=(qd-mutate=667.2). MAP-Elites(8x8, morphologies=3): occupied=30, pending=192, in flight=40
20:24:28: 7337x RT, 122.3 creatures/sec. Fitness: best=1376.0, avg=1014.4, new=(qd-mutate=628.9). MAP-Elites(8x8, morphologies=3): occupied=30, pending=192, in flight=40
20:24:30: 7459x RT, 124.3 creatures/sec. Fitness: best=1376.0, avg=1014.4, new=(qd-mutate=663.7). MAP-Elites(8x8, morphologies=3): occupied=30, pending=192, in flight=40
20:24:32: 7355x RT, 122.6 creatures/sec. Fitness: best=1376.0, avg=1014.4, new=(qd-mutate=670.0). MAP-Elites(8x8, morphologies=3): occupied=30, pending=192, in flight=40
20:24:34: 7405x RT, 123.4 creatures/sec. Fitness: best=1376.0, avg=1014.4, new=(qd-mutate=657.1). MAP-Elites(8x8, morphologies=3): occupied=30, pending=192, in flight=40
20:24:36: 7398x RT, 123.3 creatures/sec. Fitness: best=1376.0, avg=1014.4, new=(qd-mutate=701.7). MAP-Elites(8x8, morphologies=3): occupied=30, pending=192, in flight=40
20:24:39: 7382x RT, 123.0 creatures/sec. Fitness: best=1376.0, avg=1014.4, new=(qd-mutate=641.7). MAP-Elites(8x8, morphologies=3): occupied=30, pending=192, in flight=40
20:24:41: 7420x RT, 123.7 creatures/sec. Fitness: best=1376.0, avg=1017.5, new=(qd-mutate=677.7). MAP-Elites(8x8, morphologies=3): occupied=30, pending=192, in flight=40
20:24:43: 7423x RT, 123.7 creatures/sec. Fitness: best=1376.0, avg=1017.5, new=(qd-mutate=671.9). MAP-Elites(8x8, morphologies=3): occupied=30, pending=192, in flight=40
20:24:45: 7368x RT, 122.8 creatures/sec. Fitness: best=1376.0, avg=1017.5, new=(qd-mutate=674.5). MAP-Elites(8x8, morphologies=3): occupied=30, pending=192, in flight=40
20:24:47: 7451x RT, 124.2 creatures/sec. Fitness: best=1376.0, avg=1017.5, new=(qd-mutate=648.7). MAP-Elites(8x8, morphologies=3): occupied=30, pending=192, in flight=40
20:24:49: 7255x RT, 120.9 creatures/sec. Fitness: best=1376.0, avg=1017.5, new=(qd-mutate=657.2). MAP-Elites(8x8, morphologies=3): occupied=30, pending=192, in flight=40
20:24:51: 7177x RT, 119.6 creatures/sec. Fitness: best=1376.0, avg=1017.5, new=(qd-mutate=677.2). MAP-Elites(8x8, morphologies=3): occupied=30, pending=192, in flight=40
20:24:53: 7274x RT, 121.2 creatures/sec. Fitness: best=1376.0, avg=1017.5, new=(qd-mutate=681.2). MAP-Elites(8x8, morphologies=3): occupied=30, pending=192, in flight=40
20:24:55: 7391x RT, 123.2 creatures/sec. Fitness: best=1376.0, avg=1017.5, new=(qd-mutate=644.1). MAP-Elites(8x8, morphologies=3): occupied=30, pending=192, in flight=40
20:24:57: 7048x RT, 117.5 creatures/sec. Fitness: best=1376.0, avg=1017.5, new=(qd-mutate=658.5). MAP-Elites(8x8, morphologies=3): occupied=30, pending=192, in flight=40
20:24:59: 7256x RT, 120.9 creatures/sec. Fitness: best=1376.0, avg=1017.5, new=(qd-mutate=658.5). MAP-Elites(8x8, morphologies=3): occupied=30, pending=192, in flight=40
20:25:01: 7305x RT, 121.7 creatures/sec. Fitness: best=1376.0, avg=1017.5, new=(qd-mutate=658.5). MAP-Elites(8x8, morphologies=3): occupied=30, pending=192, in flight=40
20:25:03: 7109x RT, 118.5 creatures/sec. Fitness: best=1376.0, avg=1017.5, new=(qd-mutate=675.1). MAP-Elites(8x8, morphologies=3): occupied=30, pending=192, in flight=40
20:25:06: 7270x RT, 121.2 creatures/sec. Fitness: best=1376.0, avg=1017.5, new=(qd-mutate=641.6). MAP-Elites(8x8, morphologies=3): occupied=30, pending=192, in flight=40
20:25:08: 7353x RT, 122.5 creatures/sec. Fitness: best=1376.0, avg=1017.5, new=(qd-mutate=685.3). MAP-Elites(8x8, morphologies=3): occupied=30, pending=192, in flight=40
20:25:10: 7030x RT, 117.2 creatures/sec. Fitness: best=1376.0, avg=1017.5, new=(qd-mutate=639.8). MAP-Elites(8x8, morphologies=3): occupied=30, pending=192, in flight=40
5821058 bytes written to /Users/dag/projects/Machine-Evolved-credible-training/training-runs/me-v2-harmonic-qd-01-double-gravity-8w/config.json. 
20:25:12: 7081x RT, 118.0 creatures/sec. Fitness: best=1376.0, avg=1017.5, new=(qd-mutate=652.4). MAP-Elites(8x8, morphologies=3): occupied=30, pending=192, in flight=40
20:25:14: 7239x RT, 120.7 creatures/sec. Fitness: best=1376.0, avg=1017.5, new=(qd-mutate=646.3). MAP-Elites(8x8, morphologies=3): occupied=30, pending=192, in flight=40
20:25:16: 6999x RT, 116.7 creatures/sec. Fitness: best=1376.0, avg=1017.5, new=(qd-mutate=646.3). MAP-Elites(8x8, morphologies=3): occupied=30, pending=192, in flight=40
20:25:18: 6692x RT, 111.5 creatures/sec. Fitness: best=1376.0, avg=1017.5, new=(qd-mutate=676.3). MAP-Elites(8x8, morphologies=3): occupied=30, pending=192, in flight=40
20:25:20: 7266x RT, 121.1 creatures/sec. Fitness: best=1376.0, avg=1017.5, new=(qd-mutate=668.4). MAP-Elites(8x8, morphologies=3): occupied=30, pending=192, in flight=40
20:25:22: 7305x RT, 121.8 creatures/sec. Fitness: best=1376.0, avg=1017.5, new=(qd-mutate=668.6). MAP-Elites(8x8, morphologies=3): occupied=30, pending=192, in flight=40
20:25:24: 6848x RT, 114.1 creatures/sec. Fitness: best=1376.0, avg=1017.5, new=(qd-mutate=720.5). MAP-Elites(8x8, morphologies=3): occupied=30, pending=192, in flight=40
20:25:26: 6043x RT, 100.7 creatures/sec. Fitness: best=1376.0, avg=1017.5, new=(qd-mutate=685.2). MAP-Elites(8x8, morphologies=3): occupied=30, pending=192, in flight=40
20:25:28: 6080x RT, 101.3 creatures/sec. Fitness: best=1376.0, avg=1017.5, new=(qd-mutate=673.0). MAP-Elites(8x8, morphologies=3): occupied=30, pending=192, in flight=40
20:25:31: 6658x RT, 111.0 creatures/sec. Fitness: best=1376.0, avg=1017.5, new=(qd-mutate=658.6). MAP-Elites(8x8, morphologies=3): occupied=30, pending=192, in flight=40
20:25:33: 6561x RT, 109.3 creatures/sec. Fitness: best=1376.0, avg=1017.5, new=(qd-mutate=629.3). MAP-Elites(8x8, morphologies=3): occupied=30, pending=192, in flight=40
20:25:35: 6297x RT, 104.9 creatures/sec. Fitness: best=1376.0, avg=1017.5, new=(qd-mutate=693.8). MAP-Elites(8x8, morphologies=3): occupied=30, pending=192, in flight=40
20:25:37: 6642x RT, 110.7 creatures/sec. Fitness: best=1376.0, avg=1017.5, new=(qd-mutate=652.4). MAP-Elites(8x8, morphologies=3): occupied=30, pending=192, in flight=40
20:25:39: 7238x RT, 120.6 creatures/sec. Fitness: best=1376.0, avg=1025.6, new=(qd-mutate=675.4). MAP-Elites(8x8, morphologies=3): occupied=30, pending=192, in flight=40
20:25:41: 6065x RT, 101.1 creatures/sec. Fitness: best=1376.0, avg=1025.6, new=(qd-mutate=669.7). MAP-Elites(8x8, morphologies=3): occupied=30, pending=192, in flight=40
20:25:43: 6016x RT, 100.3 creatures/sec. Fitness: best=1376.0, avg=1025.6, new=(qd-mutate=665.0). MAP-Elites(8x8, morphologies=3): occupied=30, pending=192, in flight=40
20:25:45: 6270x RT, 104.5 creatures/sec. Fitness: best=1376.0, avg=1025.6, new=(qd-mutate=673.7). MAP-Elites(8x8, morphologies=3): occupied=30, pending=192, in flight=40
20:25:47: 7020x RT, 117.0 creatures/sec. Fitness: best=1376.0, avg=1025.6, new=(qd-mutate=655.1). MAP-Elites(8x8, morphologies=3): occupied=30, pending=192, in flight=40
20:25:49: 6443x RT, 107.4 creatures/sec. Fitness: best=1376.0, avg=1025.6, new=(qd-mutate=630.8). MAP-Elites(8x8, morphologies=3): occupied=30, pending=192, in flight=40
20:25:51: 6077x RT, 101.3 creatures/sec. Fitness: best=1376.0, avg=1025.6, new=(qd-mutate=635.1). MAP-Elites(8x8, morphologies=3): occupied=30, pending=192, in flight=40
20:25:53: 6648x RT, 110.8 creatures/sec. Fitness: best=1376.0, avg=1025.6, new=(qd-mutate=641.7). MAP-Elites(8x8, morphologies=3): occupied=30, pending=192, in flight=40
20:25:55: 6897x RT, 114.9 creatures/sec. Fitness: best=1376.0, avg=1025.6, new=(qd-mutate=691.4). MAP-Elites(8x8, morphologies=3): occupied=30, pending=192, in flight=40
20:25:57: 7383x RT, 123.1 creatures/sec. Fitness: best=1376.0, avg=1025.6, new=(qd-mutate=664.2). MAP-Elites(8x8, morphologies=3): occupied=30, pending=192, in flight=40
20:25:59: 6828x RT, 113.8 creatures/sec. Fitness: best=1376.0, avg=1025.6, new=(qd-mutate=673.3). MAP-Elites(8x8, morphologies=3): occupied=30, pending=192, in flight=40
20:26:01: 5866x RT, 97.8 creatures/sec. Fitness: best=1376.0, avg=1025.6, new=(qd-mutate=668.6). MAP-Elites(8x8, morphologies=3): occupied=30, pending=192, in flight=40
20:26:03: 6508x RT, 108.5 creatures/sec. Fitness: best=1376.0, avg=1025.6, new=(qd-mutate=650.6). MAP-Elites(8x8, morphologies=3): occupied=30, pending=192, in flight=40
20:26:05: 6781x RT, 113.0 creatures/sec. Fitness: best=1376.0, avg=1025.6, new=(qd-mutate=664.5). MAP-Elites(8x8, morphologies=3): occupied=30, pending=192, in flight=40
20:26:07: 6861x RT, 114.4 creatures/sec. Fitness: best=1376.0, avg=1025.6, new=(qd-mutate=661.9). MAP-Elites(8x8, morphologies=3): occupied=30, pending=192, in flight=40
20:26:09: 5916x RT, 98.6 creatures/sec. Fitness: best=1376.0, avg=1025.6, new=(qd-mutate=653.0). MAP-Elites(8x8, morphologies=3): occupied=30, pending=192, in flight=40
20:26:11: 7197x RT, 119.9 creatures/sec. Fitness: best=1376.0, avg=1025.6, new=(qd-mutate=633.6). MAP-Elites(8x8, morphologies=3): occupied=30, pending=192, in flight=40
5830745 bytes written to /Users/dag/projects/Machine-Evolved-credible-training/training-runs/me-v2-harmonic-qd-01-double-gravity-8w/config.json. 
20:26:13: 7482x RT, 124.7 creatures/sec. Fitness: best=1376.0, avg=1025.6, new=(qd-mutate=628.1). MAP-Elites(8x8, morphologies=3): occupied=30, pending=192, in flight=40
20:26:15: 7362x RT, 122.7 creatures/sec. Fitness: best=1376.0, avg=1025.6, new=(qd-mutate=679.9). MAP-Elites(8x8, morphologies=3): occupied=30, pending=192, in flight=40
20:26:17: 7361x RT, 122.7 creatures/sec. Fitness: best=1376.0, avg=1025.6, new=(qd-mutate=683.2). MAP-Elites(8x8, morphologies=3): occupied=30, pending=192, in flight=40
20:26:19: 7263x RT, 121.0 creatures/sec. Fitness: best=1376.0, avg=1030.3, new=(qd-mutate=681.4). MAP-Elites(8x8, morphologies=3): occupied=30, pending=192, in flight=40
20:26:22: 7259x RT, 121.0 creatures/sec. Fitness: best=1376.0, avg=1030.3, new=(qd-mutate=644.5). MAP-Elites(8x8, morphologies=3): occupied=30, pending=192, in flight=40
20:26:24: 7208x RT, 120.1 creatures/sec. Fitness: best=1376.0, avg=1030.3, new=(qd-mutate=668.9). MAP-Elites(8x8, morphologies=3): occupied=30, pending=192, in flight=40
20:26:26: 7371x RT, 122.9 creatures/sec. Fitness: best=1376.0, avg=1030.3, new=(qd-mutate=693.3). MAP-Elites(8x8, morphologies=3): occupied=30, pending=192, in flight=40
20:26:28: 7217x RT, 120.3 creatures/sec. Fitness: best=1376.0, avg=1030.3, new=(qd-mutate=645.9). MAP-Elites(8x8, morphologies=3): occupied=30, pending=192, in flight=40
20:26:30: 7391x RT, 123.2 creatures/sec. Fitness: best=1376.0, avg=1030.3, new=(qd-mutate=623.9). MAP-Elites(8x8, morphologies=3): occupied=30, pending=192, in flight=40
20:26:32: 7313x RT, 121.9 creatures/sec. Fitness: best=1376.0, avg=1030.3, new=(qd-mutate=695.1). MAP-Elites(8x8, morphologies=3): occupied=30, pending=192, in flight=40
20:26:34: 7094x RT, 118.2 creatures/sec. Fitness: best=1376.0, avg=1030.3, new=(qd-mutate=668.0). MAP-Elites(8x8, morphologies=3): occupied=30, pending=192, in flight=40
20:26:36: 7061x RT, 117.7 creatures/sec. Fitness: best=1376.0, avg=1030.3, new=(qd-mutate=682.8). MAP-Elites(8x8, morphologies=3): occupied=30, pending=192, in flight=40
20:26:38: 7130x RT, 118.8 creatures/sec. Fitness: best=1376.0, avg=1030.3, new=(qd-mutate=683.6). MAP-Elites(8x8, morphologies=3): occupied=30, pending=192, in flight=40
20:26:40: 7233x RT, 120.6 creatures/sec. Fitness: best=1376.0, avg=1030.3, new=(qd-mutate=648.5). MAP-Elites(8x8, morphologies=3): occupied=30, pending=192, in flight=40
20:26:42: 7333x RT, 122.2 creatures/sec. Fitness: best=1376.0, avg=1030.3, new=(qd-mutate=665.1). MAP-Elites(8x8, morphologies=3): occupied=30, pending=192, in flight=40
20:26:45: 7196x RT, 119.9 creatures/sec. Fitness: best=1376.0, avg=1030.3, new=(qd-mutate=707.8). MAP-Elites(8x8, morphologies=3): occupied=30, pending=192, in flight=40
20:26:47: 7272x RT, 121.2 creatures/sec. Fitness: best=1376.0, avg=1030.3, new=(qd-mutate=662.8). MAP-Elites(8x8, morphologies=3): occupied=30, pending=192, in flight=40
20:26:49: 7365x RT, 122.7 creatures/sec. Fitness: best=1376.0, avg=1030.3, new=(qd-mutate=687.4). MAP-Elites(8x8, morphologies=3): occupied=30, pending=192, in flight=40
20:26:51: 7092x RT, 118.2 creatures/sec. Fitness: best=1376.0, avg=1030.3, new=(qd-mutate=657.3). MAP-Elites(8x8, morphologies=3): occupied=30, pending=192, in flight=40
20:26:53: 6218x RT, 103.6 creatures/sec. Fitness: best=1376.0, avg=1030.3, new=(qd-mutate=638.6). MAP-Elites(8x8, morphologies=3): occupied=30, pending=192, in flight=40
20:26:55: 6168x RT, 102.8 creatures/sec. Fitness: best=1376.0, avg=1030.3, new=(qd-mutate=696.2). MAP-Elites(8x8, morphologies=3): occupied=30, pending=192, in flight=40
20:26:57: 7153x RT, 119.2 creatures/sec. Fitness: best=1376.0, avg=1030.3, new=(qd-mutate=652.8). MAP-Elites(8x8, morphologies=3): occupied=30, pending=192, in flight=40
20:26:59: 7368x RT, 122.8 creatures/sec. Fitness: best=1376.0, avg=1030.3, new=(qd-mutate=661.2). MAP-Elites(8x8, morphologies=3): occupied=30, pending=192, in flight=40
20:27:01: 7396x RT, 123.3 creatures/sec. Fitness: best=1376.0, avg=1030.3, new=(qd-mutate=644.2). MAP-Elites(8x8, morphologies=3): occupied=30, pending=192, in flight=40
20:27:03: 7468x RT, 124.5 creatures/sec. Fitness: best=1376.0, avg=1030.3, new=(qd-mutate=640.9). MAP-Elites(8x8, morphologies=3): occupied=30, pending=192, in flight=40
20:27:05: 7096x RT, 118.3 creatures/sec. Fitness: best=1376.0, avg=1030.3, new=(qd-mutate=677.3). MAP-Elites(8x8, morphologies=3): occupied=30, pending=192, in flight=40
20:27:07: 7275x RT, 121.2 creatures/sec. Fitness: best=1376.0, avg=1030.3, new=(qd-mutate=676.5). MAP-Elites(8x8, morphologies=3): occupied=30, pending=192, in flight=40
20:27:09: 7177x RT, 119.6 creatures/sec. Fitness: best=1376.0, avg=1030.3, new=(qd-mutate=651.3). MAP-Elites(8x8, morphologies=3): occupied=30, pending=192, in flight=40
20:27:11: 6939x RT, 115.7 creatures/sec. Fitness: best=1376.0, avg=1030.3, new=(qd-mutate=680.2). MAP-Elites(8x8, morphologies=3): occupied=30, pending=192, in flight=40
5836287 bytes written to /Users/dag/projects/Machine-Evolved-credible-training/training-runs/me-v2-harmonic-qd-01-double-gravity-8w/config.json. 
20:27:13: 6137x RT, 102.3 creatures/sec. Fitness: best=1376.0, avg=1030.3, new=(qd-mutate=654.4). MAP-Elites(8x8, morphologies=3): occupied=30, pending=192, in flight=40
20:27:15: 6949x RT, 115.8 creatures/sec. Fitness: best=1376.0, avg=1030.3, new=(qd-mutate=664.4). MAP-Elites(8x8, morphologies=3): occupied=30, pending=192, in flight=40
20:27:17: 7324x RT, 122.1 creatures/sec. Fitness: best=1376.0, avg=1030.3, new=(qd-mutate=660.0). MAP-Elites(8x8, morphologies=3): occupied=30, pending=192, in flight=40
20:27:19: 7288x RT, 121.5 creatures/sec. Fitness: best=1376.0, avg=1030.3, new=(qd-mutate=680.5). MAP-Elites(8x8, morphologies=3): occupied=30, pending=192, in flight=40
20:27:21: 7482x RT, 124.7 creatures/sec. Fitness: best=1376.0, avg=1030.3, new=(qd-mutate=667.9). MAP-Elites(8x8, morphologies=3): occupied=30, pending=192, in flight=40
20:27:23: 7383x RT, 123.1 creatures/sec. Fitness: best=1376.0, avg=1030.3, new=(qd-mutate=674.2). MAP-Elites(8x8, morphologies=3): occupied=30, pending=192, in flight=40
20:27:25: 7105x RT, 118.4 creatures/sec. Fitness: best=1376.0, avg=1030.3, new=(qd-mutate=651.9). MAP-Elites(8x8, morphologies=3): occupied=30, pending=192, in flight=40
20:27:27: 7509x RT, 125.1 creatures/sec. Fitness: best=1376.0, avg=1030.3, new=(qd-mutate=671.5). MAP-Elites(8x8, morphologies=3): occupied=30, pending=192, in flight=40
20:27:30: 7019x RT, 117.0 creatures/sec. Fitness: best=1376.0, avg=1030.3, new=(qd-mutate=665.5). MAP-Elites(8x8, morphologies=3): occupied=30, pending=192, in flight=40
20:27:32: 6536x RT, 108.9 creatures/sec. Fitness: best=1376.0, avg=1030.3, new=(qd-mutate=671.3). MAP-Elites(8x8, morphologies=3): occupied=30, pending=192, in flight=40
20:27:34: 7188x RT, 119.8 creatures/sec. Fitness: best=1376.0, avg=1030.3, new=(qd-mutate=671.4). MAP-Elites(8x8, morphologies=3): occupied=30, pending=192, in flight=40
20:27:36: 7246x RT, 120.8 creatures/sec. Fitness: best=1376.0, avg=1030.3, new=(qd-mutate=667.1). MAP-Elites(8x8, morphologies=3): occupied=30, pending=192, in flight=40
20:27:38: 7323x RT, 122.0 creatures/sec. Fitness: best=1376.0, avg=1030.3, new=(qd-mutate=683.9). MAP-Elites(8x8, morphologies=3): occupied=30, pending=192, in flight=40
20:27:40: 6144x RT, 102.4 creatures/sec. Fitness: best=1376.0, avg=1030.3, new=(qd-mutate=664.2). MAP-Elites(8x8, morphologies=3): occupied=30, pending=192, in flight=40
20:27:42: 6682x RT, 111.4 creatures/sec. Fitness: best=1376.0, avg=1030.3, new=(qd-mutate=651.8). MAP-Elites(8x8, morphologies=3): occupied=30, pending=192, in flight=40
20:27:44: 6776x RT, 112.9 creatures/sec. Fitness: best=1376.0, avg=1030.3, new=(qd-mutate=656.9). MAP-Elites(8x8, morphologies=3): occupied=30, pending=192, in flight=40
20:27:46: 6490x RT, 108.2 creatures/sec. Fitness: best=1376.0, avg=1030.3, new=(qd-mutate=649.5). MAP-Elites(8x8, morphologies=3): occupied=30, pending=192, in flight=40
20:27:48: 7225x RT, 120.4 creatures/sec. Fitness: best=1376.0, avg=1030.3, new=(qd-mutate=690.8). MAP-Elites(8x8, morphologies=3): occupied=30, pending=192, in flight=40
20:27:50: 7184x RT, 119.7 creatures/sec. Fitness: best=1376.0, avg=1030.3, new=(qd-mutate=632.6). MAP-Elites(8x8, morphologies=3): occupied=30, pending=192, in flight=40
20:27:52: 7152x RT, 119.2 creatures/sec. Fitness: best=1376.0, avg=1030.3, new=(qd-mutate=662.7). MAP-Elites(8x8, morphologies=3): occupied=30, pending=192, in flight=40
20:27:54: 7302x RT, 121.7 creatures/sec. Fitness: best=1376.0, avg=1030.3, new=(qd-mutate=643.5). MAP-Elites(8x8, morphologies=3): occupied=30, pending=192, in flight=40
20:27:56: 6885x RT, 114.8 creatures/sec. Fitness: best=1376.0, avg=1030.3, new=(qd-mutate=666.9). MAP-Elites(8x8, morphologies=3): occupied=30, pending=192, in flight=40
20:27:58: 7261x RT, 121.0 creatures/sec. Fitness: best=1376.0, avg=1030.3, new=(qd-mutate=670.5). MAP-Elites(8x8, morphologies=3): occupied=30, pending=192, in flight=40
20:28:01: 7038x RT, 117.3 creatures/sec. Fitness: best=1376.0, avg=1030.3, new=(qd-mutate=655.5). MAP-Elites(8x8, morphologies=3): occupied=30, pending=192, in flight=40
20:28:03: 6271x RT, 104.5 creatures/sec. Fitness: best=1376.0, avg=1030.3, new=(qd-mutate=663.4). MAP-Elites(8x8, morphologies=3): occupied=30, pending=192, in flight=40
20:28:05: 6970x RT, 116.2 creatures/sec. Fitness: best=1376.0, avg=1030.3, new=(qd-mutate=680.6). MAP-Elites(8x8, morphologies=3): occupied=30, pending=192, in flight=40
20:28:07: 6633x RT, 110.6 creatures/sec. Fitness: best=1376.0, avg=1030.3, new=(qd-mutate=677.8). MAP-Elites(8x8, morphologies=3): occupied=30, pending=192, in flight=40
20:28:09: 7232x RT, 120.5 creatures/sec. Fitness: best=1376.0, avg=1030.3, new=(qd-mutate=712.8). MAP-Elites(8x8, morphologies=3): occupied=30, pending=192, in flight=40
20:28:11: 6373x RT, 106.2 creatures/sec. Fitness: best=1376.0, avg=1030.3, new=(qd-mutate=681.9). MAP-Elites(8x8, morphologies=3): occupied=30, pending=192, in flight=40
5837216 bytes written to /Users/dag/projects/Machine-Evolved-credible-training/training-runs/me-v2-harmonic-qd-01-double-gravity-8w/config.json. 
20:28:13: 7226x RT, 120.4 creatures/sec. Fitness: best=1376.0, avg=1030.3, new=(qd-mutate=687.6). MAP-Elites(8x8, morphologies=3): occupied=30, pending=192, in flight=40
20:28:15: 7249x RT, 120.8 creatures/sec. Fitness: best=1376.0, avg=1030.3, new=(qd-mutate=685.5). MAP-Elites(8x8, morphologies=3): occupied=30, pending=192, in flight=40
20:28:17: 7011x RT, 116.9 creatures/sec. Fitness: best=1376.0, avg=1030.3, new=(qd-mutate=673.0). MAP-Elites(8x8, morphologies=3): occupied=30, pending=192, in flight=40
20:28:19: 7258x RT, 121.0 creatures/sec. Fitness: best=1376.0, avg=1030.3, new=(qd-mutate=668.0). MAP-Elites(8x8, morphologies=3): occupied=30, pending=192, in flight=40
--> new robust best creature found through qd-mutate! Fitness=1378.711171016082 domains=[1381.020874, 1435.281738, 1364.236572]
20:28:21: 7323x RT, 122.1 creatures/sec. Fitness: best=1378.7, avg=1032.0, new=(qd-mutate=647.7). MAP-Elites(8x8, morphologies=3): occupied=30, pending=192, in flight=40
20:28:23: 7199x RT, 120.0 creatures/sec. Fitness: best=1378.7, avg=1032.0, new=(qd-mutate=667.8). MAP-Elites(8x8, morphologies=3): occupied=30, pending=192, in flight=40
20:28:25: 7046x RT, 117.4 creatures/sec. Fitness: best=1378.7, avg=1032.0, new=(qd-mutate=662.2). MAP-Elites(8x8, morphologies=3): occupied=30, pending=192, in flight=40
20:28:27: 7242x RT, 120.7 creatures/sec. Fitness: best=1378.7, avg=1032.0, new=(qd-mutate=663.7). MAP-Elites(8x8, morphologies=3): occupied=30, pending=192, in flight=40
20:28:29: 6149x RT, 102.5 creatures/sec. Fitness: best=1378.7, avg=1032.0, new=(qd-mutate=657.8). MAP-Elites(8x8, morphologies=3): occupied=30, pending=192, in flight=40
20:28:31: 7128x RT, 118.8 creatures/sec. Fitness: best=1378.7, avg=1032.0, new=(qd-mutate=694.1). MAP-Elites(8x8, morphologies=3): occupied=30, pending=192, in flight=40
20:28:33: 6789x RT, 113.2 creatures/sec. Fitness: best=1378.7, avg=1032.0, new=(qd-mutate=656.2). MAP-Elites(8x8, morphologies=3): occupied=30, pending=192, in flight=40
20:28:35: 7245x RT, 120.8 creatures/sec. Fitness: best=1378.7, avg=1032.0, new=(qd-mutate=679.4). MAP-Elites(8x8, morphologies=3): occupied=30, pending=192, in flight=40
20:28:37: 7390x RT, 123.2 creatures/sec. Fitness: best=1378.7, avg=1032.0, new=(qd-mutate=639.7). MAP-Elites(8x8, morphologies=3): occupied=30, pending=192, in flight=40
20:28:39: 7019x RT, 117.0 creatures/sec. Fitness: best=1378.7, avg=1032.0, new=(qd-mutate=640.4). MAP-Elites(8x8, morphologies=3): occupied=30, pending=192, in flight=40
20:28:41: 7168x RT, 119.5 creatures/sec. Fitness: best=1378.7, avg=1032.0, new=(qd-mutate=713.6). MAP-Elites(8x8, morphologies=3): occupied=30, pending=192, in flight=40
20:28:43: 7029x RT, 117.2 creatures/sec. Fitness: best=1378.7, avg=1032.0, new=(qd-mutate=687.0). MAP-Elites(8x8, morphologies=3): occupied=30, pending=192, in flight=40
20:28:45: 6623x RT, 110.4 creatures/sec. Fitness: best=1378.7, avg=1032.0, new=(qd-mutate=660.4). MAP-Elites(8x8, morphologies=3): occupied=30, pending=192, in flight=40
20:28:47: 7111x RT, 118.5 creatures/sec. Fitness: best=1378.7, avg=1032.0, new=(qd-mutate=673.9). MAP-Elites(8x8, morphologies=3): occupied=30, pending=192, in flight=40
20:28:49: 6780x RT, 113.0 creatures/sec. Fitness: best=1378.7, avg=1032.0, new=(qd-mutate=710.7). MAP-Elites(8x8, morphologies=3): occupied=30, pending=192, in flight=40
20:28:52: 7292x RT, 121.5 creatures/sec. Fitness: best=1378.7, avg=1032.0, new=(qd-mutate=638.3). MAP-Elites(8x8, morphologies=3): occupied=30, pending=192, in flight=40
20:28:54: 7156x RT, 119.3 creatures/sec. Fitness: best=1378.7, avg=1032.0, new=(qd-mutate=668.6). MAP-Elites(8x8, morphologies=3): occupied=30, pending=192, in flight=40
20:28:56: 7257x RT, 120.9 creatures/sec. Fitness: best=1378.7, avg=1032.0, new=(qd-mutate=667.5). MAP-Elites(8x8, morphologies=3): occupied=30, pending=192, in flight=40
20:28:58: 6932x RT, 115.5 creatures/sec. Fitness: best=1378.7, avg=1032.0, new=(qd-mutate=685.3). MAP-Elites(8x8, morphologies=3): occupied=30, pending=192, in flight=40
20:29:00: 7205x RT, 120.1 creatures/sec. Fitness: best=1378.7, avg=1032.0, new=(qd-mutate=666.1). MAP-Elites(8x8, morphologies=3): occupied=30, pending=192, in flight=40
20:29:02: 6843x RT, 114.1 creatures/sec. Fitness: best=1378.7, avg=1032.0, new=(qd-mutate=679.6). MAP-Elites(8x8, morphologies=3): occupied=30, pending=192, in flight=40
20:29:04: 6133x RT, 102.2 creatures/sec. Fitness: best=1378.7, avg=1032.0, new=(qd-mutate=660.8). MAP-Elites(8x8, morphologies=3): occupied=30, pending=192, in flight=40
20:29:06: 6729x RT, 112.2 creatures/sec. Fitness: best=1378.7, avg=1032.0, new=(qd-mutate=648.3). MAP-Elites(8x8, morphologies=3): occupied=30, pending=192, in flight=40
20:29:08: 5722x RT, 95.4 creatures/sec. Fitness: best=1378.7, avg=1032.0, new=(qd-mutate=658.0). MAP-Elites(8x8, morphologies=3): occupied=30, pending=192, in flight=40
20:29:10: 6527x RT, 108.8 creatures/sec. Fitness: best=1378.7, avg=1032.0, new=(qd-mutate=717.8). MAP-Elites(8x8, morphologies=3): occupied=30, pending=192, in flight=40
5822345 bytes written to /Users/dag/projects/Machine-Evolved-credible-training/training-runs/me-v2-harmonic-qd-01-double-gravity-8w/config.json. 
20:29:12: 6975x RT, 116.2 creatures/sec. Fitness: best=1378.7, avg=1032.0, new=(qd-mutate=666.1). MAP-Elites(8x8, morphologies=3): occupied=30, pending=192, in flight=40
20:29:14: 7347x RT, 122.4 creatures/sec. Fitness: best=1378.7, avg=1032.0, new=(qd-mutate=632.4). MAP-Elites(8x8, morphologies=3): occupied=30, pending=192, in flight=40
20:29:16: 7245x RT, 120.7 creatures/sec. Fitness: best=1378.7, avg=1032.0, new=(qd-mutate=672.2). MAP-Elites(8x8, morphologies=3): occupied=30, pending=192, in flight=40
20:29:18: 7434x RT, 123.9 creatures/sec. Fitness: best=1378.7, avg=1032.0, new=(qd-mutate=681.3). MAP-Elites(8x8, morphologies=3): occupied=30, pending=192, in flight=40
20:29:20: 7059x RT, 117.6 creatures/sec. Fitness: best=1378.7, avg=1032.0, new=(qd-mutate=680.6). MAP-Elites(8x8, morphologies=3): occupied=30, pending=192, in flight=40
20:29:22: 7048x RT, 117.5 creatures/sec. Fitness: best=1378.7, avg=1032.0, new=(qd-mutate=668.5). MAP-Elites(8x8, morphologies=3): occupied=30, pending=192, in flight=40
20:29:24: 7051x RT, 117.5 creatures/sec. Fitness: best=1378.7, avg=1032.0, new=(qd-mutate=663.9). MAP-Elites(8x8, morphologies=3): occupied=30, pending=192, in flight=40
20:29:27: 7263x RT, 121.0 creatures/sec. Fitness: best=1378.7, avg=1032.0, new=(qd-mutate=682.7). MAP-Elites(8x8, morphologies=3): occupied=30, pending=192, in flight=40
20:29:29: 7355x RT, 122.6 creatures/sec. Fitness: best=1378.7, avg=1032.0, new=(qd-mutate=670.0). MAP-Elites(8x8, morphologies=3): occupied=30, pending=192, in flight=40
20:29:31: 7191x RT, 119.8 creatures/sec. Fitness: best=1378.7, avg=1032.0, new=(qd-mutate=649.0). MAP-Elites(8x8, morphologies=3): occupied=30, pending=192, in flight=40
20:29:33: 7255x RT, 120.9 creatures/sec. Fitness: best=1378.7, avg=1032.0, new=(qd-mutate=624.3). MAP-Elites(8x8, morphologies=3): occupied=30, pending=192, in flight=40
20:29:35: 6799x RT, 113.3 creatures/sec. Fitness: best=1378.7, avg=1032.0, new=(qd-mutate=648.9). MAP-Elites(8x8, morphologies=3): occupied=30, pending=192, in flight=40
20:29:37: 7286x RT, 121.4 creatures/sec. Fitness: best=1378.7, avg=1032.0, new=(qd-mutate=640.8). MAP-Elites(8x8, morphologies=3): occupied=30, pending=192, in flight=40
20:29:39: 6774x RT, 112.9 creatures/sec. Fitness: best=1378.7, avg=1032.0, new=(qd-mutate=689.7). MAP-Elites(8x8, morphologies=3): occupied=30, pending=192, in flight=40
20:29:41: 6329x RT, 105.5 creatures/sec. Fitness: best=1378.7, avg=1032.0, new=(qd-mutate=665.2). MAP-Elites(8x8, morphologies=3): occupied=30, pending=192, in flight=40
20:29:43: 4873x RT, 81.2 creatures/sec. Fitness: best=1378.7, avg=1032.0, new=(qd-mutate=666.8). MAP-Elites(8x8, morphologies=3): occupied=30, pending=192, in flight=40
20:29:45: 6658x RT, 111.0 creatures/sec. Fitness: best=1378.7, avg=1032.0, new=(qd-mutate=662.2). MAP-Elites(8x8, morphologies=3): occupied=30, pending=192, in flight=40
20:29:47: 7072x RT, 117.9 creatures/sec. Fitness: best=1378.7, avg=1032.0, new=(qd-mutate=697.5). MAP-Elites(8x8, morphologies=3): occupied=30, pending=192, in flight=40
20:29:49: 7268x RT, 121.1 creatures/sec. Fitness: best=1378.7, avg=1032.0, new=(qd-mutate=699.2). MAP-Elites(8x8, morphologies=3): occupied=30, pending=192, in flight=40
20:29:51: 7132x RT, 118.9 creatures/sec. Fitness: best=1378.7, avg=1032.0, new=(qd-mutate=676.0). MAP-Elites(8x8, morphologies=3): occupied=30, pending=192, in flight=40
20:29:53: 6798x RT, 113.3 creatures/sec. Fitness: best=1378.7, avg=1032.0, new=(qd-mutate=696.5). MAP-Elites(8x8, morphologies=3): occupied=30, pending=192, in flight=40
20:29:55: 6183x RT, 103.1 creatures/sec. Fitness: best=1378.7, avg=1032.0, new=(qd-mutate=669.3). MAP-Elites(8x8, morphologies=3): occupied=30, pending=192, in flight=40
20:29:57: 6627x RT, 110.5 creatures/sec. Fitness: best=1378.7, avg=1032.0, new=(qd-mutate=642.2). MAP-Elites(8x8, morphologies=3): occupied=30, pending=192, in flight=40
20:30:00: 7058x RT, 117.6 creatures/sec. Fitness: best=1378.7, avg=1032.0, new=(qd-mutate=715.1). MAP-Elites(8x8, morphologies=3): occupied=30, pending=192, in flight=40
20:30:02: 6724x RT, 112.1 creatures/sec. Fitness: best=1378.7, avg=1032.0, new=(qd-mutate=678.2). MAP-Elites(8x8, morphologies=3): occupied=30, pending=192, in flight=40
20:30:04: 7524x RT, 125.4 creatures/sec. Fitness: best=1378.7, avg=1032.0, new=(qd-mutate=635.0). MAP-Elites(8x8, morphologies=3): occupied=30, pending=192, in flight=40
20:30:06: 7456x RT, 124.3 creatures/sec. Fitness: best=1378.7, avg=1032.0, new=(qd-mutate=671.2). MAP-Elites(8x8, morphologies=3): occupied=30, pending=192, in flight=40
20:30:08: 7574x RT, 126.2 creatures/sec. Fitness: best=1378.7, avg=1032.0, new=(qd-mutate=689.3). MAP-Elites(8x8, morphologies=3): occupied=30, pending=192, in flight=40
20:30:10: 7100x RT, 118.3 creatures/sec. Fitness: best=1378.7, avg=1032.0, new=(qd-mutate=666.1). MAP-Elites(8x8, morphologies=3): occupied=30, pending=192, in flight=40
5837732 bytes written to /Users/dag/projects/Machine-Evolved-credible-training/training-runs/me-v2-harmonic-qd-01-double-gravity-8w/config.json. 
20:30:12: 6702x RT, 111.7 creatures/sec. Fitness: best=1378.7, avg=1032.0, new=(qd-mutate=683.8). MAP-Elites(8x8, morphologies=3): occupied=30, pending=192, in flight=40
20:30:14: 6923x RT, 115.4 creatures/sec. Fitness: best=1378.7, avg=1032.0, new=(qd-mutate=648.9). MAP-Elites(8x8, morphologies=3): occupied=30, pending=192, in flight=40
20:30:16: 7147x RT, 119.1 creatures/sec. Fitness: best=1378.7, avg=1032.0, new=(qd-mutate=670.8). MAP-Elites(8x8, morphologies=3): occupied=30, pending=192, in flight=40
20:30:18: 7341x RT, 122.3 creatures/sec. Fitness: best=1378.7, avg=1032.0, new=(qd-mutate=667.1). MAP-Elites(8x8, morphologies=3): occupied=30, pending=192, in flight=40
20:30:20: 7069x RT, 117.8 creatures/sec. Fitness: best=1378.7, avg=1032.0, new=(qd-mutate=683.8). MAP-Elites(8x8, morphologies=3): occupied=30, pending=192, in flight=40
20:30:22: 7248x RT, 120.8 creatures/sec. Fitness: best=1378.7, avg=1032.0, new=(qd-mutate=648.9). MAP-Elites(8x8, morphologies=3): occupied=30, pending=192, in flight=40
20:30:24: 7439x RT, 124.0 creatures/sec. Fitness: best=1378.7, avg=1032.0, new=(qd-mutate=667.5). MAP-Elites(8x8, morphologies=3): occupied=30, pending=192, in flight=40
20:30:26: 7147x RT, 119.1 creatures/sec. Fitness: best=1378.7, avg=1032.0, new=(qd-mutate=683.2). MAP-Elites(8x8, morphologies=3): occupied=30, pending=192, in flight=40
--> new robust best creature found through qd-mutate! Fitness=1404.627895324912 domains=[1695.56311, 1340.75769, 1393.015381]
20:30:29: 7244x RT, 120.7 creatures/sec. Fitness: best=1404.6, avg=1033.3, new=(qd-mutate=668.4). MAP-Elites(8x8, morphologies=3): occupied=30, pending=192, in flight=40
20:30:31: 7407x RT, 123.4 creatures/sec. Fitness: best=1404.6, avg=1033.3, new=(qd-mutate=676.0). MAP-Elites(8x8, morphologies=3): occupied=30, pending=192, in flight=40
20:30:33: 7342x RT, 122.4 creatures/sec. Fitness: best=1404.6, avg=1033.3, new=(qd-mutate=686.4). MAP-Elites(8x8, morphologies=3): occupied=30, pending=192, in flight=40
20:30:35: 7127x RT, 118.8 creatures/sec. Fitness: best=1404.6, avg=1033.3, new=(qd-mutate=661.5). MAP-Elites(8x8, morphologies=3): occupied=30, pending=192, in flight=40
20:30:37: 6103x RT, 101.7 creatures/sec. Fitness: best=1404.6, avg=1033.3, new=(qd-mutate=622.1). MAP-Elites(8x8, morphologies=3): occupied=30, pending=192, in flight=40
20:30:39: 6299x RT, 105.0 creatures/sec. Fitness: best=1404.6, avg=1033.3, new=(qd-mutate=642.9). MAP-Elites(8x8, morphologies=3): occupied=30, pending=192, in flight=40
20:30:41: 6596x RT, 109.9 creatures/sec. Fitness: best=1404.6, avg=1033.3, new=(qd-mutate=656.8). MAP-Elites(8x8, morphologies=3): occupied=30, pending=192, in flight=40
20:30:43: 6995x RT, 116.6 creatures/sec. Fitness: best=1404.6, avg=1033.3, new=(qd-mutate=670.5). MAP-Elites(8x8, morphologies=3): occupied=30, pending=192, in flight=40
20:30:45: 7102x RT, 118.4 creatures/sec. Fitness: best=1404.6, avg=1033.3, new=(qd-mutate=688.9). MAP-Elites(8x8, morphologies=3): occupied=30, pending=192, in flight=40
20:30:47: 7198x RT, 120.0 creatures/sec. Fitness: best=1404.6, avg=1033.3, new=(qd-mutate=693.4). MAP-Elites(8x8, morphologies=3): occupied=30, pending=192, in flight=40
20:30:49: 7445x RT, 124.1 creatures/sec. Fitness: best=1404.6, avg=1033.3, new=(qd-mutate=704.2). MAP-Elites(8x8, morphologies=3): occupied=30, pending=192, in flight=40
20:30:51: 6785x RT, 113.1 creatures/sec. Fitness: best=1404.6, avg=1033.3, new=(qd-mutate=668.8). MAP-Elites(8x8, morphologies=3): occupied=30, pending=192, in flight=40
20:30:53: 7213x RT, 120.2 creatures/sec. Fitness: best=1404.6, avg=1033.3, new=(qd-mutate=675.6). MAP-Elites(8x8, morphologies=3): occupied=30, pending=192, in flight=40
20:30:55: 7013x RT, 116.9 creatures/sec. Fitness: best=1404.6, avg=1033.3, new=(qd-mutate=685.8). MAP-Elites(8x8, morphologies=3): occupied=30, pending=192, in flight=40
20:30:57: 6058x RT, 101.0 creatures/sec. Fitness: best=1404.6, avg=1033.3, new=(qd-mutate=635.1). MAP-Elites(8x8, morphologies=3): occupied=30, pending=192, in flight=40
20:30:59: 6412x RT, 106.9 creatures/sec. Fitness: best=1404.6, avg=1033.3, new=(qd-mutate=664.1). MAP-Elites(8x8, morphologies=3): occupied=30, pending=192, in flight=40
20:31:01: 7212x RT, 120.2 creatures/sec. Fitness: best=1404.6, avg=1033.3, new=(qd-mutate=662.7). MAP-Elites(8x8, morphologies=3): occupied=30, pending=192, in flight=40
20:31:03: 7300x RT, 121.7 creatures/sec. Fitness: best=1404.6, avg=1033.3, new=(qd-mutate=695.0). MAP-Elites(8x8, morphologies=3): occupied=30, pending=192, in flight=40
20:31:06: 7245x RT, 120.8 creatures/sec. Fitness: best=1404.6, avg=1033.3, new=(qd-mutate=671.8). MAP-Elites(8x8, morphologies=3): occupied=30, pending=192, in flight=40
20:31:08: 7202x RT, 120.0 creatures/sec. Fitness: best=1404.6, avg=1033.3, new=(qd-mutate=679.4). MAP-Elites(8x8, morphologies=3): occupied=30, pending=192, in flight=40
20:31:10: 7316x RT, 121.9 creatures/sec. Fitness: best=1404.6, avg=1033.3, new=(qd-mutate=673.1). MAP-Elites(8x8, morphologies=3): occupied=30, pending=192, in flight=40
20:31:12: 7161x RT, 119.3 creatures/sec. Fitness: best=1404.6, avg=1033.3, new=(qd-mutate=671.0). MAP-Elites(8x8, morphologies=3): occupied=30, pending=192, in flight=40
5805322 bytes written to /Users/dag/projects/Machine-Evolved-credible-training/training-runs/me-v2-harmonic-qd-01-double-gravity-8w/config.json. 
20:31:14: 7064x RT, 117.7 creatures/sec. Fitness: best=1404.6, avg=1033.3, new=(qd-mutate=645.3). MAP-Elites(8x8, morphologies=3): occupied=30, pending=192, in flight=40
20:31:16: 7458x RT, 124.3 creatures/sec. Fitness: best=1404.6, avg=1033.3, new=(qd-mutate=677.7). MAP-Elites(8x8, morphologies=3): occupied=30, pending=192, in flight=40
20:31:18: 7424x RT, 123.7 creatures/sec. Fitness: best=1404.6, avg=1033.3, new=(qd-mutate=664.1). MAP-Elites(8x8, morphologies=3): occupied=30, pending=192, in flight=40
20:31:20: 7421x RT, 123.7 creatures/sec. Fitness: best=1404.6, avg=1033.3, new=(qd-mutate=681.9). MAP-Elites(8x8, morphologies=3): occupied=30, pending=192, in flight=40
20:31:22: 7236x RT, 120.6 creatures/sec. Fitness: best=1404.6, avg=1033.3, new=(qd-mutate=663.2). MAP-Elites(8x8, morphologies=3): occupied=30, pending=192, in flight=40
20:31:24: 7118x RT, 118.6 creatures/sec. Fitness: best=1404.6, avg=1033.3, new=(qd-mutate=711.1). MAP-Elites(8x8, morphologies=3): occupied=30, pending=192, in flight=40
20:31:26: 7411x RT, 123.5 creatures/sec. Fitness: best=1404.6, avg=1033.3, new=(qd-mutate=665.1). MAP-Elites(8x8, morphologies=3): occupied=30, pending=192, in flight=40
20:31:28: 7350x RT, 122.5 creatures/sec. Fitness: best=1404.6, avg=1033.3, new=(qd-mutate=664.7). MAP-Elites(8x8, morphologies=3): occupied=30, pending=192, in flight=40
20:31:30: 7212x RT, 120.2 creatures/sec. Fitness: best=1404.6, avg=1033.3, new=(qd-mutate=663.2). MAP-Elites(8x8, morphologies=3): occupied=30, pending=192, in flight=40
20:31:32: 7282x RT, 121.4 creatures/sec. Fitness: best=1404.6, avg=1033.3, new=(qd-mutate=675.8). MAP-Elites(8x8, morphologies=3): occupied=30, pending=192, in flight=40
20:31:34: 7316x RT, 121.9 creatures/sec. Fitness: best=1404.6, avg=1033.3, new=(qd-mutate=651.2). MAP-Elites(8x8, morphologies=3): occupied=30, pending=192, in flight=40
20:31:37: 7484x RT, 124.7 creatures/sec. Fitness: best=1404.6, avg=1033.3, new=(qd-mutate=647.4). MAP-Elites(8x8, morphologies=3): occupied=30, pending=192, in flight=40
20:31:39: 7086x RT, 118.1 creatures/sec. Fitness: best=1404.6, avg=1033.3, new=(qd-mutate=669.2). MAP-Elites(8x8, morphologies=3): occupied=30, pending=192, in flight=40
20:31:41: 7242x RT, 120.7 creatures/sec. Fitness: best=1404.6, avg=1033.3, new=(qd-mutate=696.7). MAP-Elites(8x8, morphologies=3): occupied=30, pending=192, in flight=40
20:31:43: 7240x RT, 120.7 creatures/sec. Fitness: best=1404.6, avg=1033.3, new=(qd-mutate=689.7). MAP-Elites(8x8, morphologies=3): occupied=30, pending=192, in flight=40
20:31:45: 6979x RT, 116.3 creatures/sec. Fitness: best=1404.6, avg=1033.3, new=(qd-mutate=633.1). MAP-Elites(8x8, morphologies=3): occupied=30, pending=192, in flight=40
20:31:47: 7049x RT, 117.5 creatures/sec. Fitness: best=1404.6, avg=1033.3, new=(qd-mutate=665.2). MAP-Elites(8x8, morphologies=3): occupied=30, pending=192, in flight=40
20:31:49: 6836x RT, 113.9 creatures/sec. Fitness: best=1404.6, avg=1033.3, new=(qd-mutate=696.8). MAP-Elites(8x8, morphologies=3): occupied=30, pending=192, in flight=40
20:31:51: 5829x RT, 97.2 creatures/sec. Fitness: best=1404.6, avg=1033.3, new=(qd-mutate=661.8). MAP-Elites(8x8, morphologies=3): occupied=30, pending=192, in flight=40
20:31:53: 7005x RT, 116.7 creatures/sec. Fitness: best=1404.6, avg=1033.3, new=(qd-mutate=674.6). MAP-Elites(8x8, morphologies=3): occupied=30, pending=192, in flight=40
20:31:55: 6683x RT, 111.4 creatures/sec. Fitness: best=1404.6, avg=1033.3, new=(qd-mutate=633.3). MAP-Elites(8x8, morphologies=3): occupied=30, pending=192, in flight=40
20:31:57: 6826x RT, 113.8 creatures/sec. Fitness: best=1404.6, avg=1033.3, new=(qd-mutate=642.4). MAP-Elites(8x8, morphologies=3): occupied=30, pending=192, in flight=40
20:31:59: 7066x RT, 117.8 creatures/sec. Fitness: best=1404.6, avg=1033.3, new=(qd-mutate=709.7). MAP-Elites(8x8, morphologies=3): occupied=30, pending=192, in flight=40
20:32:01: 6740x RT, 112.3 creatures/sec. Fitness: best=1404.6, avg=1033.3, new=(qd-mutate=682.3). MAP-Elites(8x8, morphologies=3): occupied=30, pending=192, in flight=40
20:32:04: 6952x RT, 115.9 creatures/sec. Fitness: best=1404.6, avg=1033.3, new=(qd-mutate=650.0). MAP-Elites(8x8, morphologies=3): occupied=30, pending=192, in flight=40
20:32:06: 7085x RT, 118.1 creatures/sec. Fitness: best=1404.6, avg=1033.3, new=(qd-mutate=658.3). MAP-Elites(8x8, morphologies=3): occupied=30, pending=192, in flight=40
20:32:08: 6405x RT, 106.8 creatures/sec. Fitness: best=1404.6, avg=1033.3, new=(qd-mutate=631.8). MAP-Elites(8x8, morphologies=3): occupied=30, pending=192, in flight=40
20:32:10: 7172x RT, 119.5 creatures/sec. Fitness: best=1404.6, avg=1033.3, new=(qd-mutate=653.9). MAP-Elites(8x8, morphologies=3): occupied=30, pending=192, in flight=40
20:32:12: 7173x RT, 119.5 creatures/sec. Fitness: best=1404.6, avg=1033.3, new=(qd-mutate=645.1). MAP-Elites(8x8, morphologies=3): occupied=30, pending=192, in flight=40
5825722 bytes written to /Users/dag/projects/Machine-Evolved-credible-training/training-runs/me-v2-harmonic-qd-01-double-gravity-8w/config.json. 
20:32:14: 7453x RT, 124.2 creatures/sec. Fitness: best=1404.6, avg=1033.3, new=(qd-mutate=682.4). MAP-Elites(8x8, morphologies=3): occupied=30, pending=192, in flight=40
20:32:16: 7000x RT, 116.7 creatures/sec. Fitness: best=1404.6, avg=1033.3, new=(qd-mutate=685.4). MAP-Elites(8x8, morphologies=3): occupied=30, pending=192, in flight=40
20:32:18: 7282x RT, 121.4 creatures/sec. Fitness: best=1404.6, avg=1033.3, new=(qd-mutate=665.2). MAP-Elites(8x8, morphologies=3): occupied=30, pending=192, in flight=40
20:32:20: 7272x RT, 121.2 creatures/sec. Fitness: best=1404.6, avg=1033.3, new=(qd-mutate=642.1). MAP-Elites(8x8, morphologies=3): occupied=30, pending=192, in flight=40
20:32:22: 7437x RT, 124.0 creatures/sec. Fitness: best=1404.6, avg=1033.3, new=(qd-mutate=685.2). MAP-Elites(8x8, morphologies=3): occupied=30, pending=192, in flight=40
20:32:24: 6479x RT, 108.0 creatures/sec. Fitness: best=1404.6, avg=1033.3, new=(qd-mutate=618.3). MAP-Elites(8x8, morphologies=3): occupied=30, pending=192, in flight=40
20:32:26: 6664x RT, 111.1 creatures/sec. Fitness: best=1404.6, avg=1033.3, new=(qd-mutate=640.7). MAP-Elites(8x8, morphologies=3): occupied=30, pending=192, in flight=40
20:32:28: 6933x RT, 115.5 creatures/sec. Fitness: best=1404.6, avg=1033.3, new=(qd-mutate=674.5). MAP-Elites(8x8, morphologies=3): occupied=30, pending=192, in flight=40
20:32:30: 6670x RT, 111.2 creatures/sec. Fitness: best=1404.6, avg=1033.3, new=(qd-mutate=660.1). MAP-Elites(8x8, morphologies=3): occupied=30, pending=192, in flight=40
20:32:32: 7733x RT, 128.9 creatures/sec. Fitness: best=1404.6, avg=1033.3, new=(qd-mutate=670.1). MAP-Elites(8x8, morphologies=3): occupied=30, pending=192, in flight=40
20:32:34: 7713x RT, 128.6 creatures/sec. Fitness: best=1404.6, avg=1033.3, new=(qd-mutate=648.7). MAP-Elites(8x8, morphologies=3): occupied=30, pending=192, in flight=40
20:32:36: 7800x RT, 130.0 creatures/sec. Fitness: best=1404.6, avg=1033.3, new=(qd-mutate=688.3). MAP-Elites(8x8, morphologies=3): occupied=30, pending=192, in flight=40
20:32:38: 7425x RT, 123.8 creatures/sec. Fitness: best=1404.6, avg=1033.3, new=(qd-mutate=678.2). MAP-Elites(8x8, morphologies=3): occupied=30, pending=192, in flight=40
20:32:40: 7595x RT, 126.6 creatures/sec. Fitness: best=1404.6, avg=1033.3, new=(qd-mutate=675.8). MAP-Elites(8x8, morphologies=3): occupied=30, pending=192, in flight=40
20:32:42: 7527x RT, 125.4 creatures/sec. Fitness: best=1404.6, avg=1033.3, new=(qd-mutate=630.3). MAP-Elites(8x8, morphologies=3): occupied=30, pending=192, in flight=40
20:32:44: 7655x RT, 127.6 creatures/sec. Fitness: best=1404.6, avg=1033.3, new=(qd-mutate=665.1). MAP-Elites(8x8, morphologies=3): occupied=30, pending=192, in flight=40
20:32:46: 7708x RT, 128.5 creatures/sec. Fitness: best=1404.6, avg=1033.3, new=(qd-mutate=688.1). MAP-Elites(8x8, morphologies=3): occupied=30, pending=192, in flight=40
20:32:48: 7714x RT, 128.6 creatures/sec. Fitness: best=1404.6, avg=1033.3, new=(qd-mutate=682.2). MAP-Elites(8x8, morphologies=3): occupied=30, pending=192, in flight=40
20:32:50: 7714x RT, 128.6 creatures/sec. Fitness: best=1404.6, avg=1033.3, new=(qd-mutate=640.5). MAP-Elites(8x8, morphologies=3): occupied=30, pending=192, in flight=40
20:32:52: 7681x RT, 128.0 creatures/sec. Fitness: best=1404.6, avg=1033.6, new=(qd-mutate=677.1). MAP-Elites(8x8, morphologies=3): occupied=30, pending=192, in flight=40
20:32:54: 7638x RT, 127.3 creatures/sec. Fitness: best=1404.6, avg=1033.6, new=(qd-mutate=686.5). MAP-Elites(8x8, morphologies=3): occupied=30, pending=192, in flight=40
20:32:57: 7727x RT, 128.8 creatures/sec. Fitness: best=1404.6, avg=1033.6, new=(qd-mutate=672.7). MAP-Elites(8x8, morphologies=3): occupied=30, pending=192, in flight=40
20:32:59: 7672x RT, 127.9 creatures/sec. Fitness: best=1404.6, avg=1033.6, new=(qd-mutate=682.0). MAP-Elites(8x8, morphologies=3): occupied=30, pending=192, in flight=40
20:33:01: 7701x RT, 128.3 creatures/sec. Fitness: best=1404.6, avg=1033.6, new=(qd-mutate=677.5). MAP-Elites(8x8, morphologies=3): occupied=30, pending=192, in flight=40
20:33:03: 7665x RT, 127.7 creatures/sec. Fitness: best=1404.6, avg=1036.0, new=(qd-mutate=660.1). MAP-Elites(8x8, morphologies=3): occupied=30, pending=192, in flight=40
20:33:05: 7738x RT, 129.0 creatures/sec. Fitness: best=1404.6, avg=1036.0, new=(qd-mutate=665.5). MAP-Elites(8x8, morphologies=3): occupied=30, pending=192, in flight=40
20:33:07: 7685x RT, 128.1 creatures/sec. Fitness: best=1404.6, avg=1036.0, new=(qd-mutate=662.8). MAP-Elites(8x8, morphologies=3): occupied=30, pending=192, in flight=40
20:33:09: 7744x RT, 129.1 creatures/sec. Fitness: best=1404.6, avg=1036.0, new=(qd-mutate=668.7). MAP-Elites(8x8, morphologies=3): occupied=30, pending=192, in flight=40
20:33:11: 7681x RT, 128.0 creatures/sec. Fitness: best=1404.6, avg=1036.0, new=(qd-mutate=661.7). MAP-Elites(8x8, morphologies=3): occupied=30, pending=192, in flight=40
5825348 bytes written to /Users/dag/projects/Machine-Evolved-credible-training/training-runs/me-v2-harmonic-qd-01-double-gravity-8w/config.json. 
20:33:13: 7684x RT, 128.1 creatures/sec. Fitness: best=1404.6, avg=1036.0, new=(qd-mutate=675.9). MAP-Elites(8x8, morphologies=3): occupied=30, pending=192, in flight=40
20:33:15: 7759x RT, 129.3 creatures/sec. Fitness: best=1404.6, avg=1036.0, new=(qd-mutate=651.6). MAP-Elites(8x8, morphologies=3): occupied=30, pending=192, in flight=40
20:33:17: 7554x RT, 125.9 creatures/sec. Fitness: best=1404.6, avg=1036.0, new=(qd-mutate=670.8). MAP-Elites(8x8, morphologies=3): occupied=30, pending=192, in flight=40
20:33:19: 7555x RT, 125.9 creatures/sec. Fitness: best=1404.6, avg=1036.0, new=(qd-mutate=675.2). MAP-Elites(8x8, morphologies=3): occupied=30, pending=192, in flight=40
20:33:21: 7449x RT, 124.2 creatures/sec. Fitness: best=1404.6, avg=1036.0, new=(qd-mutate=676.3). MAP-Elites(8x8, morphologies=3): occupied=30, pending=192, in flight=40
20:33:23: 7147x RT, 119.1 creatures/sec. Fitness: best=1404.6, avg=1036.0, new=(qd-mutate=634.1). MAP-Elites(8x8, morphologies=3): occupied=30, pending=192, in flight=40
20:33:25: 7382x RT, 123.0 creatures/sec. Fitness: best=1404.6, avg=1036.0, new=(qd-mutate=661.3). MAP-Elites(8x8, morphologies=3): occupied=30, pending=192, in flight=40
20:33:27: 7227x RT, 120.4 creatures/sec. Fitness: best=1404.6, avg=1036.0, new=(qd-mutate=655.3). MAP-Elites(8x8, morphologies=3): occupied=30, pending=192, in flight=40
20:33:29: 7223x RT, 120.4 creatures/sec. Fitness: best=1404.6, avg=1036.0, new=(qd-mutate=666.7). MAP-Elites(8x8, morphologies=3): occupied=30, pending=192, in flight=40
20:33:31: 7091x RT, 118.2 creatures/sec. Fitness: best=1404.6, avg=1036.0, new=(qd-mutate=666.4). MAP-Elites(8x8, morphologies=3): occupied=30, pending=192, in flight=40
20:33:33: 6993x RT, 116.5 creatures/sec. Fitness: best=1404.6, avg=1036.0, new=(qd-mutate=671.8). MAP-Elites(8x8, morphologies=3): occupied=30, pending=192, in flight=40
20:33:35: 7346x RT, 122.4 creatures/sec. Fitness: best=1404.6, avg=1036.0, new=(qd-mutate=674.1). MAP-Elites(8x8, morphologies=3): occupied=30, pending=192, in flight=40
20:33:37: 7223x RT, 120.4 creatures/sec. Fitness: best=1404.6, avg=1036.0, new=(qd-mutate=687.1). MAP-Elites(8x8, morphologies=3): occupied=30, pending=192, in flight=40
20:33:39: 6964x RT, 116.1 creatures/sec. Fitness: best=1404.6, avg=1036.0, new=(qd-mutate=653.5). MAP-Elites(8x8, morphologies=3): occupied=30, pending=192, in flight=40
20:33:41: 6309x RT, 105.1 creatures/sec. Fitness: best=1404.6, avg=1036.0, new=(qd-mutate=679.1). MAP-Elites(8x8, morphologies=3): occupied=30, pending=192, in flight=40
20:33:44: 7198x RT, 120.0 creatures/sec. Fitness: best=1404.6, avg=1036.0, new=(qd-mutate=682.7). MAP-Elites(8x8, morphologies=3): occupied=30, pending=192, in flight=40
20:33:46: 7607x RT, 126.8 creatures/sec. Fitness: best=1404.6, avg=1036.0, new=(qd-mutate=683.0). MAP-Elites(8x8, morphologies=3): occupied=30, pending=192, in flight=40
20:33:48: 7426x RT, 123.8 creatures/sec. Fitness: best=1404.6, avg=1036.0, new=(qd-mutate=636.7). MAP-Elites(8x8, morphologies=3): occupied=30, pending=192, in flight=40
20:33:50: 7673x RT, 127.9 creatures/sec. Fitness: best=1404.6, avg=1036.0, new=(qd-mutate=649.1). MAP-Elites(8x8, morphologies=3): occupied=30, pending=192, in flight=40
20:33:52: 7629x RT, 127.2 creatures/sec. Fitness: best=1404.6, avg=1036.0, new=(qd-mutate=689.4). MAP-Elites(8x8, morphologies=3): occupied=30, pending=192, in flight=40
20:33:54: 7511x RT, 125.2 creatures/sec. Fitness: best=1404.6, avg=1036.0, new=(qd-mutate=664.2). MAP-Elites(8x8, morphologies=3): occupied=30, pending=192, in flight=40
20:33:56: 7472x RT, 124.5 creatures/sec. Fitness: best=1404.6, avg=1036.0, new=(qd-mutate=685.9). MAP-Elites(8x8, morphologies=3): occupied=30, pending=192, in flight=40
20:33:58: 7711x RT, 128.5 creatures/sec. Fitness: best=1404.6, avg=1036.0, new=(qd-mutate=650.3). MAP-Elites(8x8, morphologies=3): occupied=30, pending=192, in flight=40
20:34:00: 7508x RT, 125.1 creatures/sec. Fitness: best=1404.6, avg=1036.0, new=(qd-mutate=670.5). MAP-Elites(8x8, morphologies=3): occupied=30, pending=192, in flight=40
20:34:02: 7730x RT, 128.8 creatures/sec. Fitness: best=1404.6, avg=1036.0, new=(qd-mutate=710.3). MAP-Elites(8x8, morphologies=3): occupied=30, pending=192, in flight=40
20:34:04: 7360x RT, 122.7 creatures/sec. Fitness: best=1404.6, avg=1036.0, new=(qd-mutate=635.2). MAP-Elites(8x8, morphologies=3): occupied=30, pending=192, in flight=40
20:34:06: 7611x RT, 126.8 creatures/sec. Fitness: best=1404.6, avg=1036.0, new=(qd-mutate=616.5). MAP-Elites(8x8, morphologies=3): occupied=30, pending=192, in flight=40
20:34:08: 7427x RT, 123.8 creatures/sec. Fitness: best=1404.6, avg=1036.0, new=(qd-mutate=657.2). MAP-Elites(8x8, morphologies=3): occupied=30, pending=192, in flight=40
20:34:10: 7598x RT, 126.6 creatures/sec. Fitness: best=1404.6, avg=1036.0, new=(qd-mutate=640.0). MAP-Elites(8x8, morphologies=3): occupied=30, pending=192, in flight=40
20:34:12: 7563x RT, 126.1 creatures/sec. Fitness: best=1404.6, avg=1036.0, new=(qd-mutate=676.4). MAP-Elites(8x8, morphologies=3): occupied=30, pending=192, in flight=40
5816567 bytes written to /Users/dag/projects/Machine-Evolved-credible-training/training-runs/me-v2-harmonic-qd-01-double-gravity-8w/config.json. 
20:34:14: 7541x RT, 125.7 creatures/sec. Fitness: best=1404.6, avg=1036.0, new=(qd-mutate=663.7). MAP-Elites(8x8, morphologies=3): occupied=30, pending=192, in flight=40
20:34:16: 7613x RT, 126.9 creatures/sec. Fitness: best=1404.6, avg=1036.0, new=(qd-mutate=700.9). MAP-Elites(8x8, morphologies=3): occupied=30, pending=192, in flight=40
20:34:18: 7642x RT, 127.4 creatures/sec. Fitness: best=1404.6, avg=1038.3, new=(qd-mutate=685.9). MAP-Elites(8x8, morphologies=3): occupied=30, pending=192, in flight=40
20:34:20: 7596x RT, 126.6 creatures/sec. Fitness: best=1404.6, avg=1038.3, new=(qd-mutate=654.1). MAP-Elites(8x8, morphologies=3): occupied=30, pending=192, in flight=40
20:34:22: 7454x RT, 124.2 creatures/sec. Fitness: best=1404.6, avg=1038.3, new=(qd-mutate=670.8). MAP-Elites(8x8, morphologies=3): occupied=30, pending=192, in flight=40
20:34:24: 7584x RT, 126.4 creatures/sec. Fitness: best=1404.6, avg=1038.3, new=(qd-mutate=654.4). MAP-Elites(8x8, morphologies=3): occupied=30, pending=192, in flight=40
20:34:26: 7629x RT, 127.1 creatures/sec. Fitness: best=1404.6, avg=1038.3, new=(qd-mutate=716.2). MAP-Elites(8x8, morphologies=3): occupied=30, pending=192, in flight=40
20:34:28: 7563x RT, 126.0 creatures/sec. Fitness: best=1404.6, avg=1038.3, new=(qd-mutate=647.1). MAP-Elites(8x8, morphologies=3): occupied=30, pending=192, in flight=40
20:34:30: 7632x RT, 127.2 creatures/sec. Fitness: best=1404.6, avg=1038.3, new=(qd-mutate=670.0). MAP-Elites(8x8, morphologies=3): occupied=30, pending=192, in flight=40
20:34:32: 7610x RT, 126.8 creatures/sec. Fitness: best=1404.6, avg=1038.3, new=(qd-mutate=677.4). MAP-Elites(8x8, morphologies=3): occupied=30, pending=192, in flight=40
20:34:34: 7578x RT, 126.3 creatures/sec. Fitness: best=1404.6, avg=1038.3, new=(qd-mutate=655.7). MAP-Elites(8x8, morphologies=3): occupied=30, pending=192, in flight=40
20:34:36: 7598x RT, 126.6 creatures/sec. Fitness: best=1404.6, avg=1038.3, new=(qd-mutate=654.8). MAP-Elites(8x8, morphologies=3): occupied=30, pending=192, in flight=40
20:34:38: 7552x RT, 125.9 creatures/sec. Fitness: best=1404.6, avg=1038.3, new=(qd-mutate=664.1). MAP-Elites(8x8, morphologies=3): occupied=30, pending=192, in flight=40
20:34:40: 7588x RT, 126.5 creatures/sec. Fitness: best=1404.6, avg=1038.3, new=(qd-mutate=687.7). MAP-Elites(8x8, morphologies=3): occupied=30, pending=192, in flight=40
20:34:42: 7641x RT, 127.4 creatures/sec. Fitness: best=1404.6, avg=1038.3, new=(qd-mutate=685.4). MAP-Elites(8x8, morphologies=3): occupied=30, pending=192, in flight=40
20:34:44: 7623x RT, 127.1 creatures/sec. Fitness: best=1404.6, avg=1038.3, new=(qd-mutate=667.1). MAP-Elites(8x8, morphologies=3): occupied=30, pending=192, in flight=40
20:34:46: 7555x RT, 125.9 creatures/sec. Fitness: best=1404.6, avg=1038.3, new=(qd-mutate=611.8). MAP-Elites(8x8, morphologies=3): occupied=30, pending=192, in flight=40
20:34:48: 7688x RT, 128.1 creatures/sec. Fitness: best=1404.6, avg=1038.3, new=(qd-mutate=645.3). MAP-Elites(8x8, morphologies=3): occupied=30, pending=192, in flight=40
20:34:50: 7668x RT, 127.8 creatures/sec. Fitness: best=1404.6, avg=1040.0, new=(qd-mutate=697.7). MAP-Elites(8x8, morphologies=3): occupied=30, pending=192, in flight=40
20:34:52: 7553x RT, 125.9 creatures/sec. Fitness: best=1404.6, avg=1040.0, new=(qd-mutate=678.4). MAP-Elites(8x8, morphologies=3): occupied=30, pending=192, in flight=40
20:34:54: 7657x RT, 127.6 creatures/sec. Fitness: best=1404.6, avg=1040.0, new=(qd-mutate=690.4). MAP-Elites(8x8, morphologies=3): occupied=30, pending=192, in flight=40
20:34:56: 7660x RT, 127.7 creatures/sec. Fitness: best=1404.6, avg=1040.0, new=(qd-mutate=633.1). MAP-Elites(8x8, morphologies=3): occupied=30, pending=192, in flight=40
20:34:58: 7561x RT, 126.0 creatures/sec. Fitness: best=1404.6, avg=1040.0, new=(qd-mutate=650.5). MAP-Elites(8x8, morphologies=3): occupied=30, pending=192, in flight=40
20:35:00: 7698x RT, 128.3 creatures/sec. Fitness: best=1404.6, avg=1040.0, new=(qd-mutate=663.3). MAP-Elites(8x8, morphologies=3): occupied=30, pending=192, in flight=40
20:35:02: 7550x RT, 125.8 creatures/sec. Fitness: best=1404.6, avg=1045.7, new=(qd-mutate=676.6). MAP-Elites(8x8, morphologies=3): occupied=30, pending=192, in flight=40
20:35:04: 7609x RT, 126.8 creatures/sec. Fitness: best=1404.6, avg=1045.7, new=(qd-mutate=699.3). MAP-Elites(8x8, morphologies=3): occupied=30, pending=192, in flight=40
20:35:06: 7627x RT, 127.1 creatures/sec. Fitness: best=1404.6, avg=1045.7, new=(qd-mutate=662.0). MAP-Elites(8x8, morphologies=3): occupied=30, pending=192, in flight=40
20:35:08: 7605x RT, 126.8 creatures/sec. Fitness: best=1404.6, avg=1045.7, new=(qd-mutate=694.4). MAP-Elites(8x8, morphologies=3): occupied=30, pending=192, in flight=40
20:35:10: 7595x RT, 126.6 creatures/sec. Fitness: best=1404.6, avg=1045.7, new=(qd-mutate=636.8). MAP-Elites(8x8, morphologies=3): occupied=30, pending=192, in flight=40
5821586 bytes written to /Users/dag/projects/Machine-Evolved-credible-training/training-runs/me-v2-harmonic-qd-01-double-gravity-8w/config.json. 
20:35:12: 7632x RT, 127.2 creatures/sec. Fitness: best=1404.6, avg=1045.7, new=(qd-mutate=720.4). MAP-Elites(8x8, morphologies=3): occupied=30, pending=192, in flight=40
20:35:15: 7630x RT, 127.2 creatures/sec. Fitness: best=1404.6, avg=1045.7, new=(qd-mutate=695.3). MAP-Elites(8x8, morphologies=3): occupied=30, pending=192, in flight=40
20:35:17: 7522x RT, 125.4 creatures/sec. Fitness: best=1404.6, avg=1045.7, new=(qd-mutate=661.3). MAP-Elites(8x8, morphologies=3): occupied=30, pending=192, in flight=40
20:35:19: 7553x RT, 125.9 creatures/sec. Fitness: best=1404.6, avg=1045.7, new=(qd-mutate=653.8). MAP-Elites(8x8, morphologies=3): occupied=30, pending=192, in flight=40
20:35:21: 7744x RT, 129.1 creatures/sec. Fitness: best=1404.6, avg=1045.7, new=(qd-mutate=679.4). MAP-Elites(8x8, morphologies=3): occupied=30, pending=192, in flight=40
20:35:23: 7566x RT, 126.1 creatures/sec. Fitness: best=1404.6, avg=1045.7, new=(qd-mutate=685.1). MAP-Elites(8x8, morphologies=3): occupied=30, pending=192, in flight=40
20:35:25: 7449x RT, 124.2 creatures/sec. Fitness: best=1404.6, avg=1045.7, new=(qd-mutate=674.9). MAP-Elites(8x8, morphologies=3): occupied=30, pending=192, in flight=40
20:35:27: 7590x RT, 126.5 creatures/sec. Fitness: best=1404.6, avg=1045.7, new=(qd-mutate=669.5). MAP-Elites(8x8, morphologies=3): occupied=30, pending=192, in flight=40
20:35:29: 7639x RT, 127.3 creatures/sec. Fitness: best=1404.6, avg=1045.7, new=(qd-mutate=662.0). MAP-Elites(8x8, morphologies=3): occupied=30, pending=192, in flight=40
20:35:31: 7626x RT, 127.1 creatures/sec. Fitness: best=1404.6, avg=1045.7, new=(qd-mutate=682.5). MAP-Elites(8x8, morphologies=3): occupied=30, pending=192, in flight=40
20:35:33: 7693x RT, 128.2 creatures/sec. Fitness: best=1404.6, avg=1045.7, new=(qd-mutate=679.4). MAP-Elites(8x8, morphologies=3): occupied=30, pending=192, in flight=40
20:35:35: 7596x RT, 126.6 creatures/sec. Fitness: best=1404.6, avg=1045.7, new=(qd-mutate=642.5). MAP-Elites(8x8, morphologies=3): occupied=30, pending=192, in flight=40
20:35:37: 7652x RT, 127.5 creatures/sec. Fitness: best=1404.6, avg=1045.7, new=(qd-mutate=653.4). MAP-Elites(8x8, morphologies=3): occupied=30, pending=192, in flight=40
20:35:39: 7576x RT, 126.3 creatures/sec. Fitness: best=1404.6, avg=1045.7, new=(qd-mutate=657.3). MAP-Elites(8x8, morphologies=3): occupied=30, pending=192, in flight=40
20:35:41: 7594x RT, 126.6 creatures/sec. Fitness: best=1404.6, avg=1047.6, new=(qd-mutate=679.3). MAP-Elites(8x8, morphologies=3): occupied=30, pending=192, in flight=40
20:35:43: 7654x RT, 127.6 creatures/sec. Fitness: best=1404.6, avg=1047.6, new=(qd-mutate=636.6). MAP-Elites(8x8, morphologies=3): occupied=30, pending=192, in flight=40
20:35:45: 7605x RT, 126.7 creatures/sec. Fitness: best=1404.6, avg=1047.6, new=(qd-mutate=675.8). MAP-Elites(8x8, morphologies=3): occupied=30, pending=192, in flight=40
20:35:47: 7635x RT, 127.3 creatures/sec. Fitness: best=1404.6, avg=1047.6, new=(qd-mutate=702.3). MAP-Elites(8x8, morphologies=3): occupied=30, pending=192, in flight=40
20:35:49: 7584x RT, 126.4 creatures/sec. Fitness: best=1404.6, avg=1047.6, new=(qd-mutate=659.0). MAP-Elites(8x8, morphologies=3): occupied=30, pending=192, in flight=40
20:35:51: 7542x RT, 125.7 creatures/sec. Fitness: best=1404.6, avg=1047.6, new=(qd-mutate=648.3). MAP-Elites(8x8, morphologies=3): occupied=30, pending=192, in flight=40
20:35:53: 7669x RT, 127.8 creatures/sec. Fitness: best=1404.6, avg=1047.6, new=(qd-mutate=683.2). MAP-Elites(8x8, morphologies=3): occupied=30, pending=192, in flight=40
20:35:55: 7628x RT, 127.1 creatures/sec. Fitness: best=1404.6, avg=1047.6, new=(qd-mutate=680.8). MAP-Elites(8x8, morphologies=3): occupied=30, pending=192, in flight=40
20:35:57: 7547x RT, 125.8 creatures/sec. Fitness: best=1404.6, avg=1047.6, new=(qd-mutate=669.9). MAP-Elites(8x8, morphologies=3): occupied=30, pending=192, in flight=40
20:35:59: 7651x RT, 127.5 creatures/sec. Fitness: best=1404.6, avg=1047.6, new=(qd-mutate=644.6). MAP-Elites(8x8, morphologies=3): occupied=30, pending=192, in flight=40
20:36:01: 7653x RT, 127.6 creatures/sec. Fitness: best=1404.6, avg=1047.6, new=(qd-mutate=656.9). MAP-Elites(8x8, morphologies=3): occupied=30, pending=192, in flight=40
20:36:03: 7633x RT, 127.2 creatures/sec. Fitness: best=1404.6, avg=1047.6, new=(qd-mutate=657.0). MAP-Elites(8x8, morphologies=3): occupied=30, pending=192, in flight=40
20:36:05: 7620x RT, 127.0 creatures/sec. Fitness: best=1404.6, avg=1047.6, new=(qd-mutate=660.4). MAP-Elites(8x8, morphologies=3): occupied=30, pending=192, in flight=40
20:36:07: 7622x RT, 127.0 creatures/sec. Fitness: best=1404.6, avg=1047.6, new=(qd-mutate=648.6). MAP-Elites(8x8, morphologies=3): occupied=30, pending=192, in flight=40
20:36:09: 7614x RT, 126.9 creatures/sec. Fitness: best=1404.6, avg=1047.6, new=(qd-mutate=640.6). MAP-Elites(8x8, morphologies=3): occupied=30, pending=192, in flight=40
20:36:11: 7606x RT, 126.8 creatures/sec. Fitness: best=1404.6, avg=1047.6, new=(qd-mutate=665.9). MAP-Elites(8x8, morphologies=3): occupied=30, pending=192, in flight=40
5822456 bytes written to /Users/dag/projects/Machine-Evolved-credible-training/training-runs/me-v2-harmonic-qd-01-double-gravity-8w/config.json. 
20:36:13: 7553x RT, 125.9 creatures/sec. Fitness: best=1404.6, avg=1047.6, new=(qd-mutate=650.5). MAP-Elites(8x8, morphologies=3): occupied=30, pending=192, in flight=40
20:36:15: 7613x RT, 126.9 creatures/sec. Fitness: best=1404.6, avg=1047.6, new=(qd-mutate=684.0). MAP-Elites(8x8, morphologies=3): occupied=30, pending=192, in flight=40
20:36:17: 7634x RT, 127.2 creatures/sec. Fitness: best=1404.6, avg=1047.6, new=(qd-mutate=675.9). MAP-Elites(8x8, morphologies=3): occupied=30, pending=192, in flight=40
20:36:19: 7582x RT, 126.4 creatures/sec. Fitness: best=1404.6, avg=1047.6, new=(qd-mutate=640.3). MAP-Elites(8x8, morphologies=3): occupied=30, pending=192, in flight=40
20:36:21: 7605x RT, 126.8 creatures/sec. Fitness: best=1404.6, avg=1047.6, new=(qd-mutate=680.8). MAP-Elites(8x8, morphologies=3): occupied=30, pending=192, in flight=40
20:36:23: 7569x RT, 126.2 creatures/sec. Fitness: best=1404.6, avg=1047.6, new=(qd-mutate=668.5). MAP-Elites(8x8, morphologies=3): occupied=30, pending=192, in flight=40
20:36:25: 7680x RT, 128.0 creatures/sec. Fitness: best=1404.6, avg=1047.6, new=(qd-mutate=676.5). MAP-Elites(8x8, morphologies=3): occupied=30, pending=192, in flight=40
20:36:27: 7492x RT, 124.9 creatures/sec. Fitness: best=1404.6, avg=1047.6, new=(qd-mutate=667.9). MAP-Elites(8x8, morphologies=3): occupied=30, pending=192, in flight=40
20:36:29: 7597x RT, 126.6 creatures/sec. Fitness: best=1404.6, avg=1047.6, new=(qd-mutate=655.2). MAP-Elites(8x8, morphologies=3): occupied=30, pending=192, in flight=40
20:36:31: 7664x RT, 127.7 creatures/sec. Fitness: best=1404.6, avg=1047.6, new=(qd-mutate=675.4). MAP-Elites(8x8, morphologies=3): occupied=30, pending=192, in flight=40
20:36:33: 7607x RT, 126.8 creatures/sec. Fitness: best=1404.6, avg=1047.6, new=(qd-mutate=630.7). MAP-Elites(8x8, morphologies=3): occupied=30, pending=192, in flight=40
20:36:35: 7554x RT, 125.9 creatures/sec. Fitness: best=1404.6, avg=1047.6, new=(qd-mutate=638.7). MAP-Elites(8x8, morphologies=3): occupied=30, pending=192, in flight=40
20:36:37: 7542x RT, 125.7 creatures/sec. Fitness: best=1404.6, avg=1047.6, new=(qd-mutate=692.9). MAP-Elites(8x8, morphologies=3): occupied=30, pending=192, in flight=40
20:36:40: 7609x RT, 126.8 creatures/sec. Fitness: best=1404.6, avg=1047.6, new=(qd-mutate=709.2). MAP-Elites(8x8, morphologies=3): occupied=30, pending=192, in flight=40
20:36:42: 7601x RT, 126.7 creatures/sec. Fitness: best=1404.6, avg=1047.6, new=(qd-mutate=668.6). MAP-Elites(8x8, morphologies=3): occupied=30, pending=192, in flight=40
20:36:44: 7601x RT, 126.7 creatures/sec. Fitness: best=1404.6, avg=1047.6, new=(qd-mutate=672.4). MAP-Elites(8x8, morphologies=3): occupied=30, pending=192, in flight=40
20:36:46: 7668x RT, 127.8 creatures/sec. Fitness: best=1404.6, avg=1047.6, new=(qd-mutate=676.7). MAP-Elites(8x8, morphologies=3): occupied=30, pending=192, in flight=40
20:36:48: 7301x RT, 121.7 creatures/sec. Fitness: best=1404.6, avg=1047.6, new=(qd-mutate=656.0). MAP-Elites(8x8, morphologies=3): occupied=30, pending=192, in flight=40
20:36:50: 6437x RT, 107.3 creatures/sec. Fitness: best=1404.6, avg=1047.6, new=(qd-mutate=672.4). MAP-Elites(8x8, morphologies=3): occupied=30, pending=192, in flight=40
20:36:52: 6919x RT, 115.3 creatures/sec. Fitness: best=1404.6, avg=1047.6, new=(qd-mutate=654.6). MAP-Elites(8x8, morphologies=3): occupied=30, pending=192, in flight=40
20:36:54: 6263x RT, 104.4 creatures/sec. Fitness: best=1404.6, avg=1047.6, new=(qd-mutate=692.5). MAP-Elites(8x8, morphologies=3): occupied=30, pending=192, in flight=40
20:36:56: 6107x RT, 101.8 creatures/sec. Fitness: best=1404.6, avg=1047.6, new=(qd-mutate=648.2). MAP-Elites(8x8, morphologies=3): occupied=30, pending=192, in flight=40
20:36:58: 6843x RT, 114.0 creatures/sec. Fitness: best=1404.6, avg=1047.6, new=(qd-mutate=651.6). MAP-Elites(8x8, morphologies=3): occupied=30, pending=192, in flight=40
20:37:00: 5991x RT, 99.9 creatures/sec. Fitness: best=1404.6, avg=1047.6, new=(qd-mutate=639.1). MAP-Elites(8x8, morphologies=3): occupied=30, pending=192, in flight=40
20:37:02: 6378x RT, 106.3 creatures/sec. Fitness: best=1404.6, avg=1047.6, new=(qd-mutate=670.6). MAP-Elites(8x8, morphologies=3): occupied=30, pending=192, in flight=40
20:37:04: 7201x RT, 120.0 creatures/sec. Fitness: best=1404.6, avg=1047.6, new=(qd-mutate=655.8). MAP-Elites(8x8, morphologies=3): occupied=30, pending=192, in flight=40
20:37:06: 6901x RT, 115.0 creatures/sec. Fitness: best=1404.6, avg=1047.6, new=(qd-mutate=648.5). MAP-Elites(8x8, morphologies=3): occupied=30, pending=192, in flight=40
20:37:08: 6116x RT, 101.9 creatures/sec. Fitness: best=1404.6, avg=1047.6, new=(qd-mutate=685.6). MAP-Elites(8x8, morphologies=3): occupied=30, pending=192, in flight=40
20:37:10: 6073x RT, 101.2 creatures/sec. Fitness: best=1404.6, avg=1047.6, new=(qd-mutate=691.3). MAP-Elites(8x8, morphologies=3): occupied=30, pending=192, in flight=40
5838416 bytes written to /Users/dag/projects/Machine-Evolved-credible-training/training-runs/me-v2-harmonic-qd-01-double-gravity-8w/config.json. 
20:37:12: 6907x RT, 115.1 creatures/sec. Fitness: best=1404.6, avg=1047.6, new=(qd-mutate=650.2). MAP-Elites(8x8, morphologies=3): occupied=30, pending=192, in flight=40
20:37:14: 6884x RT, 114.7 creatures/sec. Fitness: best=1404.6, avg=1047.6, new=(qd-mutate=696.5). MAP-Elites(8x8, morphologies=3): occupied=30, pending=192, in flight=40
20:37:16: 6570x RT, 109.5 creatures/sec. Fitness: best=1404.6, avg=1047.6, new=(qd-mutate=645.3). MAP-Elites(8x8, morphologies=3): occupied=30, pending=192, in flight=40
20:37:19: 7186x RT, 119.8 creatures/sec. Fitness: best=1404.6, avg=1047.6, new=(qd-mutate=696.3). MAP-Elites(8x8, morphologies=3): occupied=30, pending=192, in flight=40
20:37:21: 6565x RT, 109.4 creatures/sec. Fitness: best=1404.6, avg=1047.6, new=(qd-mutate=659.6). MAP-Elites(8x8, morphologies=3): occupied=30, pending=192, in flight=40
20:37:23: 6932x RT, 115.5 creatures/sec. Fitness: best=1404.6, avg=1047.6, new=(qd-mutate=661.8). MAP-Elites(8x8, morphologies=3): occupied=30, pending=192, in flight=40
20:37:25: 6709x RT, 111.8 creatures/sec. Fitness: best=1404.6, avg=1047.6, new=(qd-mutate=675.0). MAP-Elites(8x8, morphologies=3): occupied=30, pending=192, in flight=40
20:37:27: 7365x RT, 122.7 creatures/sec. Fitness: best=1404.6, avg=1047.6, new=(qd-mutate=653.6). MAP-Elites(8x8, morphologies=3): occupied=30, pending=192, in flight=40
--> new robust best creature found through qd-mutate! Fitness=1520.2972512299598 domains=[1672.831543, 1574.953613, 1470.137695]
20:37:29: 6920x RT, 115.3 creatures/sec. Fitness: best=1520.3, avg=1053.1, new=(qd-mutate=622.8). MAP-Elites(8x8, morphologies=3): occupied=30, pending=192, in flight=40
20:37:31: 7350x RT, 122.5 creatures/sec. Fitness: best=1520.3, avg=1053.1, new=(qd-mutate=640.7). MAP-Elites(8x8, morphologies=3): occupied=30, pending=192, in flight=40
20:37:33: 7427x RT, 123.8 creatures/sec. Fitness: best=1520.3, avg=1053.1, new=(qd-mutate=705.9). MAP-Elites(8x8, morphologies=3): occupied=30, pending=192, in flight=40
20:37:35: 7436x RT, 123.9 creatures/sec. Fitness: best=1520.3, avg=1053.1, new=(qd-mutate=643.6). MAP-Elites(8x8, morphologies=3): occupied=30, pending=192, in flight=40
20:37:37: 7458x RT, 124.3 creatures/sec. Fitness: best=1520.3, avg=1053.1, new=(qd-mutate=681.3). MAP-Elites(8x8, morphologies=3): occupied=30, pending=192, in flight=40
20:37:39: 7338x RT, 122.3 creatures/sec. Fitness: best=1520.3, avg=1054.1, new=(qd-mutate=647.6). MAP-Elites(8x8, morphologies=3): occupied=30, pending=192, in flight=40
20:37:41: 7282x RT, 121.4 creatures/sec. Fitness: best=1520.3, avg=1054.1, new=(qd-mutate=672.2). MAP-Elites(8x8, morphologies=3): occupied=30, pending=192, in flight=40
20:37:43: 7469x RT, 124.5 creatures/sec. Fitness: best=1520.3, avg=1054.1, new=(qd-mutate=699.6). MAP-Elites(8x8, morphologies=3): occupied=30, pending=192, in flight=40
20:37:45: 7464x RT, 124.4 creatures/sec. Fitness: best=1520.3, avg=1054.1, new=(qd-mutate=699.2). MAP-Elites(8x8, morphologies=3): occupied=30, pending=192, in flight=40
20:37:47: 7422x RT, 123.7 creatures/sec. Fitness: best=1520.3, avg=1054.1, new=(qd-mutate=656.3). MAP-Elites(8x8, morphologies=3): occupied=30, pending=192, in flight=40
20:37:49: 7205x RT, 120.1 creatures/sec. Fitness: best=1520.3, avg=1054.1, new=(qd-mutate=651.7). MAP-Elites(8x8, morphologies=3): occupied=30, pending=192, in flight=40
20:37:51: 7432x RT, 123.9 creatures/sec. Fitness: best=1520.3, avg=1054.1, new=(qd-mutate=674.2). MAP-Elites(8x8, morphologies=3): occupied=30, pending=192, in flight=40
20:37:53: 7409x RT, 123.5 creatures/sec. Fitness: best=1520.3, avg=1054.1, new=(qd-mutate=685.6). MAP-Elites(8x8, morphologies=3): occupied=30, pending=192, in flight=40
20:37:56: 7444x RT, 124.1 creatures/sec. Fitness: best=1520.3, avg=1054.1, new=(qd-mutate=683.8). MAP-Elites(8x8, morphologies=3): occupied=30, pending=192, in flight=40
20:37:58: 7053x RT, 117.6 creatures/sec. Fitness: best=1520.3, avg=1054.1, new=(qd-mutate=675.0). MAP-Elites(8x8, morphologies=3): occupied=30, pending=192, in flight=40
20:38:00: 6836x RT, 113.9 creatures/sec. Fitness: best=1520.3, avg=1054.1, new=(qd-mutate=664.0). MAP-Elites(8x8, morphologies=3): occupied=30, pending=192, in flight=40
20:38:02: 6660x RT, 111.0 creatures/sec. Fitness: best=1520.3, avg=1054.1, new=(qd-mutate=656.6). MAP-Elites(8x8, morphologies=3): occupied=30, pending=192, in flight=40
20:38:04: 6332x RT, 105.5 creatures/sec. Fitness: best=1520.3, avg=1054.1, new=(qd-mutate=683.9). MAP-Elites(8x8, morphologies=3): occupied=30, pending=192, in flight=40
20:38:06: 7243x RT, 120.7 creatures/sec. Fitness: best=1520.3, avg=1054.1, new=(qd-mutate=674.3). MAP-Elites(8x8, morphologies=3): occupied=30, pending=192, in flight=40
20:38:08: 7470x RT, 124.5 creatures/sec. Fitness: best=1520.3, avg=1054.1, new=(qd-mutate=647.6). MAP-Elites(8x8, morphologies=3): occupied=30, pending=192, in flight=40
20:38:10: 7444x RT, 124.1 creatures/sec. Fitness: best=1520.3, avg=1054.1, new=(qd-mutate=669.0). MAP-Elites(8x8, morphologies=3): occupied=30, pending=192, in flight=40
20:38:12: 7505x RT, 125.1 creatures/sec. Fitness: best=1520.3, avg=1054.1, new=(qd-mutate=632.1). MAP-Elites(8x8, morphologies=3): occupied=30, pending=192, in flight=40
5830186 bytes written to /Users/dag/projects/Machine-Evolved-credible-training/training-runs/me-v2-harmonic-qd-01-double-gravity-8w/config.json. 
20:38:14: 7324x RT, 122.1 creatures/sec. Fitness: best=1520.3, avg=1054.1, new=(qd-mutate=651.8). MAP-Elites(8x8, morphologies=3): occupied=30, pending=192, in flight=40
20:38:16: 6835x RT, 113.9 creatures/sec. Fitness: best=1520.3, avg=1054.1, new=(qd-mutate=654.9). MAP-Elites(8x8, morphologies=3): occupied=30, pending=192, in flight=40
20:38:18: 7026x RT, 117.1 creatures/sec. Fitness: best=1520.3, avg=1054.1, new=(qd-mutate=675.1). MAP-Elites(8x8, morphologies=3): occupied=30, pending=192, in flight=40
20:38:20: 7249x RT, 120.8 creatures/sec. Fitness: best=1520.3, avg=1054.1, new=(qd-mutate=692.5). MAP-Elites(8x8, morphologies=3): occupied=30, pending=192, in flight=40
20:38:22: 6857x RT, 114.3 creatures/sec. Fitness: best=1520.3, avg=1054.1, new=(qd-mutate=685.0). MAP-Elites(8x8, morphologies=3): occupied=30, pending=192, in flight=40
20:38:24: 6942x RT, 115.7 creatures/sec. Fitness: best=1520.3, avg=1054.1, new=(qd-mutate=635.5). MAP-Elites(8x8, morphologies=3): occupied=30, pending=192, in flight=40
20:38:26: 6109x RT, 101.8 creatures/sec. Fitness: best=1520.3, avg=1054.1, new=(qd-mutate=698.0). MAP-Elites(8x8, morphologies=3): occupied=30, pending=192, in flight=40
20:38:29: 6373x RT, 106.2 creatures/sec. Fitness: best=1520.3, avg=1054.1, new=(qd-mutate=658.7). MAP-Elites(8x8, morphologies=3): occupied=30, pending=192, in flight=40
20:38:31: 6989x RT, 116.5 creatures/sec. Fitness: best=1520.3, avg=1054.1, new=(qd-mutate=674.4). MAP-Elites(8x8, morphologies=3): occupied=30, pending=192, in flight=40
20:38:33: 6957x RT, 116.0 creatures/sec. Fitness: best=1520.3, avg=1054.1, new=(qd-mutate=683.3). MAP-Elites(8x8, morphologies=3): occupied=30, pending=192, in flight=40
20:38:35: 7092x RT, 118.2 creatures/sec. Fitness: best=1520.3, avg=1054.1, new=(qd-mutate=677.4). MAP-Elites(8x8, morphologies=3): occupied=30, pending=192, in flight=40
20:38:37: 7208x RT, 120.1 creatures/sec. Fitness: best=1520.3, avg=1054.1, new=(qd-mutate=649.3). MAP-Elites(8x8, morphologies=3): occupied=30, pending=192, in flight=40
20:38:39: 7223x RT, 120.4 creatures/sec. Fitness: best=1520.3, avg=1054.1, new=(qd-mutate=661.8). MAP-Elites(8x8, morphologies=3): occupied=30, pending=192, in flight=40
20:38:41: 6556x RT, 109.3 creatures/sec. Fitness: best=1520.3, avg=1054.1, new=(qd-mutate=671.7). MAP-Elites(8x8, morphologies=3): occupied=30, pending=192, in flight=40
20:38:43: 7049x RT, 117.5 creatures/sec. Fitness: best=1520.3, avg=1054.1, new=(qd-mutate=677.7). MAP-Elites(8x8, morphologies=3): occupied=30, pending=192, in flight=40
20:38:45: 7194x RT, 119.9 creatures/sec. Fitness: best=1520.3, avg=1054.1, new=(qd-mutate=664.6). MAP-Elites(8x8, morphologies=3): occupied=30, pending=192, in flight=40
20:38:47: 7216x RT, 120.3 creatures/sec. Fitness: best=1520.3, avg=1054.1, new=(qd-mutate=689.8). MAP-Elites(8x8, morphologies=3): occupied=30, pending=192, in flight=40
20:38:49: 7279x RT, 121.3 creatures/sec. Fitness: best=1520.3, avg=1054.1, new=(qd-mutate=653.2). MAP-Elites(8x8, morphologies=3): occupied=30, pending=192, in flight=40
20:38:51: 6767x RT, 112.8 creatures/sec. Fitness: best=1520.3, avg=1054.1, new=(qd-mutate=680.0). MAP-Elites(8x8, morphologies=3): occupied=30, pending=192, in flight=40
20:38:53: 7315x RT, 121.9 creatures/sec. Fitness: best=1520.3, avg=1054.1, new=(qd-mutate=711.0). MAP-Elites(8x8, morphologies=3): occupied=30, pending=192, in flight=40
20:38:55: 7217x RT, 120.3 creatures/sec. Fitness: best=1520.3, avg=1054.1, new=(qd-mutate=670.3). MAP-Elites(8x8, morphologies=3): occupied=30, pending=192, in flight=40
20:38:57: 7215x RT, 120.3 creatures/sec. Fitness: best=1520.3, avg=1054.1, new=(qd-mutate=666.4). MAP-Elites(8x8, morphologies=3): occupied=30, pending=192, in flight=40
20:38:59: 7220x RT, 120.3 creatures/sec. Fitness: best=1520.3, avg=1054.1, new=(qd-mutate=674.9). MAP-Elites(8x8, morphologies=3): occupied=30, pending=192, in flight=40
20:39:01: 7277x RT, 121.3 creatures/sec. Fitness: best=1520.3, avg=1054.1, new=(qd-mutate=670.4). MAP-Elites(8x8, morphologies=3): occupied=30, pending=192, in flight=40
20:39:03: 7270x RT, 121.2 creatures/sec. Fitness: best=1520.3, avg=1054.1, new=(qd-mutate=673.9). MAP-Elites(8x8, morphologies=3): occupied=30, pending=192, in flight=40
20:39:06: 7249x RT, 120.8 creatures/sec. Fitness: best=1520.3, avg=1054.1, new=(qd-mutate=668.2). MAP-Elites(8x8, morphologies=3): occupied=30, pending=192, in flight=40
20:39:08: 7201x RT, 120.0 creatures/sec. Fitness: best=1520.3, avg=1054.1, new=(qd-mutate=646.3). MAP-Elites(8x8, morphologies=3): occupied=30, pending=192, in flight=40
20:39:10: 7179x RT, 119.6 creatures/sec. Fitness: best=1520.3, avg=1054.1, new=(qd-mutate=678.0). MAP-Elites(8x8, morphologies=3): occupied=30, pending=192, in flight=40
20:39:12: 7218x RT, 120.3 creatures/sec. Fitness: best=1520.3, avg=1054.1, new=(qd-mutate=651.0). MAP-Elites(8x8, morphologies=3): occupied=30, pending=192, in flight=40
5847848 bytes written to /Users/dag/projects/Machine-Evolved-credible-training/training-runs/me-v2-harmonic-qd-01-double-gravity-8w/config.json. 
20:39:14: 7299x RT, 121.6 creatures/sec. Fitness: best=1520.3, avg=1054.1, new=(qd-mutate=649.6). MAP-Elites(8x8, morphologies=3): occupied=30, pending=192, in flight=40
20:39:16: 7249x RT, 120.8 creatures/sec. Fitness: best=1520.3, avg=1054.1, new=(qd-mutate=677.9). MAP-Elites(8x8, morphologies=3): occupied=30, pending=192, in flight=40
20:39:18: 7305x RT, 121.8 creatures/sec. Fitness: best=1520.3, avg=1054.1, new=(qd-mutate=640.3). MAP-Elites(8x8, morphologies=3): occupied=30, pending=192, in flight=40
20:39:20: 7305x RT, 121.7 creatures/sec. Fitness: best=1520.3, avg=1054.1, new=(qd-mutate=665.4). MAP-Elites(8x8, morphologies=3): occupied=30, pending=192, in flight=40
20:39:22: 7175x RT, 119.6 creatures/sec. Fitness: best=1520.3, avg=1054.1, new=(qd-mutate=661.3). MAP-Elites(8x8, morphologies=3): occupied=30, pending=192, in flight=40
20:39:24: 7022x RT, 117.0 creatures/sec. Fitness: best=1520.3, avg=1054.1, new=(qd-mutate=656.9). MAP-Elites(8x8, morphologies=3): occupied=30, pending=192, in flight=40
20:39:26: 6993x RT, 116.6 creatures/sec. Fitness: best=1520.3, avg=1054.1, new=(qd-mutate=666.4). MAP-Elites(8x8, morphologies=3): occupied=30, pending=192, in flight=40
20:39:28: 7035x RT, 117.3 creatures/sec. Fitness: best=1520.3, avg=1054.1, new=(qd-mutate=680.7). MAP-Elites(8x8, morphologies=3): occupied=30, pending=192, in flight=40
20:39:30: 7037x RT, 117.3 creatures/sec. Fitness: best=1520.3, avg=1054.1, new=(qd-mutate=672.7). MAP-Elites(8x8, morphologies=3): occupied=30, pending=192, in flight=40
20:39:32: 6817x RT, 113.6 creatures/sec. Fitness: best=1520.3, avg=1054.1, new=(qd-mutate=643.6). MAP-Elites(8x8, morphologies=3): occupied=30, pending=192, in flight=40
20:39:34: 7146x RT, 119.1 creatures/sec. Fitness: best=1520.3, avg=1054.1, new=(qd-mutate=670.7). MAP-Elites(8x8, morphologies=3): occupied=30, pending=192, in flight=40
20:39:36: 7253x RT, 120.9 creatures/sec. Fitness: best=1520.3, avg=1054.1, new=(qd-mutate=698.3). MAP-Elites(8x8, morphologies=3): occupied=30, pending=192, in flight=40
20:39:38: 7255x RT, 120.9 creatures/sec. Fitness: best=1520.3, avg=1054.1, new=(qd-mutate=647.0). MAP-Elites(8x8, morphologies=3): occupied=30, pending=192, in flight=40
20:39:40: 7150x RT, 119.2 creatures/sec. Fitness: best=1520.3, avg=1054.1, new=(qd-mutate=668.6). MAP-Elites(8x8, morphologies=3): occupied=30, pending=192, in flight=40
20:39:42: 7051x RT, 117.5 creatures/sec. Fitness: best=1520.3, avg=1054.1, new=(qd-mutate=678.3). MAP-Elites(8x8, morphologies=3): occupied=30, pending=192, in flight=40
20:39:44: 7048x RT, 117.5 creatures/sec. Fitness: best=1520.3, avg=1054.1, new=(qd-mutate=665.5). MAP-Elites(8x8, morphologies=3): occupied=30, pending=192, in flight=40
20:39:46: 7141x RT, 119.0 creatures/sec. Fitness: best=1520.3, avg=1054.1, new=(qd-mutate=672.6). MAP-Elites(8x8, morphologies=3): occupied=30, pending=192, in flight=40
20:39:48: 7251x RT, 120.8 creatures/sec. Fitness: best=1520.3, avg=1054.1, new=(qd-mutate=691.7). MAP-Elites(8x8, morphologies=3): occupied=30, pending=192, in flight=40
20:39:50: 7190x RT, 119.8 creatures/sec. Fitness: best=1520.3, avg=1054.1, new=(qd-mutate=684.1). MAP-Elites(8x8, morphologies=3): occupied=30, pending=192, in flight=40
20:39:52: 6962x RT, 116.0 creatures/sec. Fitness: best=1520.3, avg=1054.1, new=(qd-mutate=683.6). MAP-Elites(8x8, morphologies=3): occupied=30, pending=192, in flight=40
20:39:54: 6812x RT, 113.5 creatures/sec. Fitness: best=1520.3, avg=1054.1, new=(qd-mutate=647.2). MAP-Elites(8x8, morphologies=3): occupied=30, pending=192, in flight=40
20:39:57: 7158x RT, 119.3 creatures/sec. Fitness: best=1520.3, avg=1054.1, new=(qd-mutate=669.3). MAP-Elites(8x8, morphologies=3): occupied=30, pending=192, in flight=40
20:39:59: 6959x RT, 116.0 creatures/sec. Fitness: best=1520.3, avg=1054.1, new=(qd-mutate=704.8). MAP-Elites(8x8, morphologies=3): occupied=30, pending=192, in flight=40
20:40:01: 6268x RT, 104.5 creatures/sec. Fitness: best=1520.3, avg=1054.1, new=(qd-mutate=703.6). MAP-Elites(8x8, morphologies=3): occupied=30, pending=192, in flight=40
20:40:03: 7181x RT, 119.7 creatures/sec. Fitness: best=1520.3, avg=1054.1, new=(qd-mutate=634.0). MAP-Elites(8x8, morphologies=3): occupied=30, pending=192, in flight=40
20:40:05: 6752x RT, 112.5 creatures/sec. Fitness: best=1520.3, avg=1054.1, new=(qd-mutate=644.7). MAP-Elites(8x8, morphologies=3): occupied=30, pending=192, in flight=40
20:40:07: 7146x RT, 119.1 creatures/sec. Fitness: best=1520.3, avg=1054.1, new=(qd-mutate=675.6). MAP-Elites(8x8, morphologies=3): occupied=30, pending=192, in flight=40
20:40:09: 6923x RT, 115.4 creatures/sec. Fitness: best=1520.3, avg=1054.1, new=(qd-mutate=672.0). MAP-Elites(8x8, morphologies=3): occupied=30, pending=192, in flight=40
20:40:11: 7244x RT, 120.7 creatures/sec. Fitness: best=1520.3, avg=1054.1, new=(qd-mutate=659.3). MAP-Elites(8x8, morphologies=3): occupied=30, pending=192, in flight=40
5838508 bytes written to /Users/dag/projects/Machine-Evolved-credible-training/training-runs/me-v2-harmonic-qd-01-double-gravity-8w/config.json. 
20:40:13: 7035x RT, 117.3 creatures/sec. Fitness: best=1520.3, avg=1054.1, new=(qd-mutate=665.7). MAP-Elites(8x8, morphologies=3): occupied=30, pending=192, in flight=40
20:40:15: 7081x RT, 118.0 creatures/sec. Fitness: best=1520.3, avg=1054.1, new=(qd-mutate=691.9). MAP-Elites(8x8, morphologies=3): occupied=30, pending=192, in flight=40
20:40:17: 7153x RT, 119.2 creatures/sec. Fitness: best=1520.3, avg=1054.1, new=(qd-mutate=673.1). MAP-Elites(8x8, morphologies=3): occupied=30, pending=192, in flight=40
20:40:19: 7237x RT, 120.6 creatures/sec. Fitness: best=1520.3, avg=1054.1, new=(qd-mutate=671.4). MAP-Elites(8x8, morphologies=3): occupied=30, pending=192, in flight=40
20:40:22: 7208x RT, 120.1 creatures/sec. Fitness: best=1520.3, avg=1054.1, new=(qd-mutate=686.5). MAP-Elites(8x8, morphologies=3): occupied=30, pending=192, in flight=40
20:40:24: 7077x RT, 117.9 creatures/sec. Fitness: best=1520.3, avg=1054.1, new=(qd-mutate=683.8). MAP-Elites(8x8, morphologies=3): occupied=30, pending=192, in flight=40
20:40:26: 7203x RT, 120.0 creatures/sec. Fitness: best=1520.3, avg=1054.1, new=(qd-mutate=698.6). MAP-Elites(8x8, morphologies=3): occupied=30, pending=192, in flight=40
20:40:28: 6976x RT, 116.3 creatures/sec. Fitness: best=1520.3, avg=1054.1, new=(qd-mutate=684.9). MAP-Elites(8x8, morphologies=3): occupied=30, pending=192, in flight=40
20:40:30: 7228x RT, 120.5 creatures/sec. Fitness: best=1520.3, avg=1054.1, new=(qd-mutate=654.4). MAP-Elites(8x8, morphologies=3): occupied=30, pending=192, in flight=40
20:40:32: 7271x RT, 121.2 creatures/sec. Fitness: best=1520.3, avg=1054.1, new=(qd-mutate=662.2). MAP-Elites(8x8, morphologies=3): occupied=30, pending=192, in flight=40
20:40:34: 7177x RT, 119.6 creatures/sec. Fitness: best=1520.3, avg=1054.1, new=(qd-mutate=683.6). MAP-Elites(8x8, morphologies=3): occupied=30, pending=192, in flight=40
20:40:36: 7261x RT, 121.0 creatures/sec. Fitness: best=1520.3, avg=1054.1, new=(qd-mutate=681.8). MAP-Elites(8x8, morphologies=3): occupied=30, pending=192, in flight=40
20:40:38: 7185x RT, 119.7 creatures/sec. Fitness: best=1520.3, avg=1054.1, new=(qd-mutate=675.2). MAP-Elites(8x8, morphologies=3): occupied=30, pending=192, in flight=40
20:40:40: 7034x RT, 117.2 creatures/sec. Fitness: best=1520.3, avg=1054.1, new=(qd-mutate=669.8). MAP-Elites(8x8, morphologies=3): occupied=30, pending=192, in flight=40
20:40:42: 7237x RT, 120.6 creatures/sec. Fitness: best=1520.3, avg=1054.1, new=(qd-mutate=683.8). MAP-Elites(8x8, morphologies=3): occupied=30, pending=192, in flight=40
20:40:44: 7214x RT, 120.2 creatures/sec. Fitness: best=1520.3, avg=1054.1, new=(qd-mutate=657.4). MAP-Elites(8x8, morphologies=3): occupied=30, pending=192, in flight=40
20:40:47: 7320x RT, 122.0 creatures/sec. Fitness: best=1520.3, avg=1054.1, new=(qd-mutate=682.1). MAP-Elites(8x8, morphologies=3): occupied=30, pending=192, in flight=40
20:40:49: 6418x RT, 107.0 creatures/sec. Fitness: best=1520.3, avg=1054.1, new=(qd-mutate=669.0). MAP-Elites(8x8, morphologies=3): occupied=30, pending=192, in flight=40
20:40:51: 7211x RT, 120.2 creatures/sec. Fitness: best=1520.3, avg=1054.1, new=(qd-mutate=649.4). MAP-Elites(8x8, morphologies=3): occupied=30, pending=192, in flight=40
20:40:53: 7097x RT, 118.3 creatures/sec. Fitness: best=1520.3, avg=1054.1, new=(qd-mutate=693.4). MAP-Elites(8x8, morphologies=3): occupied=30, pending=192, in flight=40
20:40:55: 7268x RT, 121.1 creatures/sec. Fitness: best=1520.3, avg=1054.1, new=(qd-mutate=657.3). MAP-Elites(8x8, morphologies=3): occupied=30, pending=192, in flight=40
20:40:57: 7276x RT, 121.3 creatures/sec. Fitness: best=1520.3, avg=1054.1, new=(qd-mutate=661.3). MAP-Elites(8x8, morphologies=3): occupied=30, pending=192, in flight=40
20:40:59: 7267x RT, 121.1 creatures/sec. Fitness: best=1520.3, avg=1054.1, new=(qd-mutate=634.6). MAP-Elites(8x8, morphologies=3): occupied=30, pending=192, in flight=40
20:41:01: 6930x RT, 115.5 creatures/sec. Fitness: best=1520.3, avg=1054.1, new=(qd-mutate=676.4). MAP-Elites(8x8, morphologies=3): occupied=30, pending=192, in flight=40
20:41:03: 7165x RT, 119.4 creatures/sec. Fitness: best=1520.3, avg=1054.1, new=(qd-mutate=671.6). MAP-Elites(8x8, morphologies=3): occupied=30, pending=192, in flight=40
20:41:05: 7099x RT, 118.3 creatures/sec. Fitness: best=1520.3, avg=1054.1, new=(qd-mutate=664.6). MAP-Elites(8x8, morphologies=3): occupied=30, pending=192, in flight=40
20:41:07: 7286x RT, 121.4 creatures/sec. Fitness: best=1520.3, avg=1054.1, new=(qd-mutate=646.6). MAP-Elites(8x8, morphologies=3): occupied=30, pending=192, in flight=40
20:41:09: 7109x RT, 118.5 creatures/sec. Fitness: best=1520.3, avg=1054.1, new=(qd-mutate=649.6). MAP-Elites(8x8, morphologies=3): occupied=30, pending=192, in flight=40
20:41:11: 5934x RT, 98.9 creatures/sec. Fitness: best=1520.3, avg=1054.1, new=(qd-mutate=645.8). MAP-Elites(8x8, morphologies=3): occupied=30, pending=192, in flight=40
5844289 bytes written to /Users/dag/projects/Machine-Evolved-credible-training/training-runs/me-v2-harmonic-qd-01-double-gravity-8w/config.json. 
20:41:13: 7290x RT, 121.5 creatures/sec. Fitness: best=1520.3, avg=1054.1, new=(qd-mutate=642.8). MAP-Elites(8x8, morphologies=3): occupied=30, pending=192, in flight=40
20:41:15: 7366x RT, 122.8 creatures/sec. Fitness: best=1520.3, avg=1054.1, new=(qd-mutate=704.7). MAP-Elites(8x8, morphologies=3): occupied=30, pending=192, in flight=40
20:41:17: 7209x RT, 120.1 creatures/sec. Fitness: best=1520.3, avg=1054.1, new=(qd-mutate=635.6). MAP-Elites(8x8, morphologies=3): occupied=30, pending=192, in flight=40
20:41:19: 7335x RT, 122.3 creatures/sec. Fitness: best=1520.3, avg=1054.1, new=(qd-mutate=691.5). MAP-Elites(8x8, morphologies=3): occupied=30, pending=192, in flight=40
20:41:21: 7240x RT, 120.7 creatures/sec. Fitness: best=1520.3, avg=1054.5, new=(qd-mutate=673.6). MAP-Elites(8x8, morphologies=3): occupied=30, pending=192, in flight=40
20:41:23: 7388x RT, 123.1 creatures/sec. Fitness: best=1520.3, avg=1054.5, new=(qd-mutate=668.3). MAP-Elites(8x8, morphologies=3): occupied=30, pending=192, in flight=40
20:41:26: 7270x RT, 121.2 creatures/sec. Fitness: best=1520.3, avg=1054.5, new=(qd-mutate=647.5). MAP-Elites(8x8, morphologies=3): occupied=30, pending=192, in flight=40
20:41:28: 7215x RT, 120.2 creatures/sec. Fitness: best=1520.3, avg=1054.5, new=(qd-mutate=660.8). MAP-Elites(8x8, morphologies=3): occupied=30, pending=192, in flight=40
20:41:30: 7334x RT, 122.2 creatures/sec. Fitness: best=1520.3, avg=1054.5, new=(qd-mutate=638.2). MAP-Elites(8x8, morphologies=3): occupied=30, pending=192, in flight=40
20:41:32: 7270x RT, 121.2 creatures/sec. Fitness: best=1520.3, avg=1054.5, new=(qd-mutate=706.0). MAP-Elites(8x8, morphologies=3): occupied=30, pending=192, in flight=40
20:41:34: 7275x RT, 121.3 creatures/sec. Fitness: best=1520.3, avg=1054.5, new=(qd-mutate=677.1). MAP-Elites(8x8, morphologies=3): occupied=30, pending=192, in flight=40
20:41:36: 7155x RT, 119.3 creatures/sec. Fitness: best=1520.3, avg=1054.5, new=(qd-mutate=655.5). MAP-Elites(8x8, morphologies=3): occupied=30, pending=192, in flight=40
20:41:38: 7107x RT, 118.5 creatures/sec. Fitness: best=1520.3, avg=1054.5, new=(qd-mutate=660.6). MAP-Elites(8x8, morphologies=3): occupied=30, pending=192, in flight=40
20:41:40: 7186x RT, 119.8 creatures/sec. Fitness: best=1520.3, avg=1054.5, new=(qd-mutate=637.6). MAP-Elites(8x8, morphologies=3): occupied=30, pending=192, in flight=40
20:41:42: 7253x RT, 120.9 creatures/sec. Fitness: best=1520.3, avg=1054.5, new=(qd-mutate=662.9). MAP-Elites(8x8, morphologies=3): occupied=30, pending=192, in flight=40
20:41:44: 7294x RT, 121.6 creatures/sec. Fitness: best=1520.3, avg=1054.5, new=(qd-mutate=640.5). MAP-Elites(8x8, morphologies=3): occupied=30, pending=192, in flight=40
20:41:46: 7083x RT, 118.0 creatures/sec. Fitness: best=1520.3, avg=1054.5, new=(qd-mutate=652.0). MAP-Elites(8x8, morphologies=3): occupied=30, pending=192, in flight=40
20:41:48: 7294x RT, 121.6 creatures/sec. Fitness: best=1520.3, avg=1054.5, new=(qd-mutate=679.1). MAP-Elites(8x8, morphologies=3): occupied=30, pending=192, in flight=40
20:41:50: 7317x RT, 121.9 creatures/sec. Fitness: best=1520.3, avg=1054.5, new=(qd-mutate=623.5). MAP-Elites(8x8, morphologies=3): occupied=30, pending=192, in flight=40
20:41:52: 7217x RT, 120.3 creatures/sec. Fitness: best=1520.3, avg=1054.5, new=(qd-mutate=624.2). MAP-Elites(8x8, morphologies=3): occupied=30, pending=192, in flight=40
20:41:54: 7228x RT, 120.5 creatures/sec. Fitness: best=1520.3, avg=1054.5, new=(qd-mutate=648.4). MAP-Elites(8x8, morphologies=3): occupied=30, pending=192, in flight=40
20:41:56: 7287x RT, 121.4 creatures/sec. Fitness: best=1520.3, avg=1054.5, new=(qd-mutate=671.2). MAP-Elites(8x8, morphologies=3): occupied=30, pending=192, in flight=40
20:41:58: 7068x RT, 117.8 creatures/sec. Fitness: best=1520.3, avg=1054.5, new=(qd-mutate=706.4). MAP-Elites(8x8, morphologies=3): occupied=30, pending=192, in flight=40
20:42:01: 7258x RT, 121.0 creatures/sec. Fitness: best=1520.3, avg=1054.5, new=(qd-mutate=666.2). MAP-Elites(8x8, morphologies=3): occupied=30, pending=192, in flight=40
20:42:03: 7258x RT, 121.0 creatures/sec. Fitness: best=1520.3, avg=1054.5, new=(qd-mutate=661.5). MAP-Elites(8x8, morphologies=3): occupied=30, pending=192, in flight=40
20:42:05: 7266x RT, 121.1 creatures/sec. Fitness: best=1520.3, avg=1054.5, new=(qd-mutate=680.5). MAP-Elites(8x8, morphologies=3): occupied=30, pending=192, in flight=40
20:42:07: 7318x RT, 122.0 creatures/sec. Fitness: best=1520.3, avg=1054.5, new=(qd-mutate=676.3). MAP-Elites(8x8, morphologies=3): occupied=30, pending=192, in flight=40
20:42:09: 7225x RT, 120.4 creatures/sec. Fitness: best=1520.3, avg=1054.5, new=(qd-mutate=666.2). MAP-Elites(8x8, morphologies=3): occupied=30, pending=192, in flight=40
20:42:11: 7278x RT, 121.3 creatures/sec. Fitness: best=1520.3, avg=1054.5, new=(qd-mutate=645.6). MAP-Elites(8x8, morphologies=3): occupied=30, pending=192, in flight=40
5841521 bytes written to /Users/dag/projects/Machine-Evolved-credible-training/training-runs/me-v2-harmonic-qd-01-double-gravity-8w/config.json. 
20:42:13: 7192x RT, 119.9 creatures/sec. Fitness: best=1520.3, avg=1054.5, new=(qd-mutate=661.5). MAP-Elites(8x8, morphologies=3): occupied=30, pending=192, in flight=40
20:42:15: 7315x RT, 121.9 creatures/sec. Fitness: best=1520.3, avg=1054.5, new=(qd-mutate=661.8). MAP-Elites(8x8, morphologies=3): occupied=30, pending=192, in flight=40
20:42:17: 7285x RT, 121.4 creatures/sec. Fitness: best=1520.3, avg=1054.5, new=(qd-mutate=641.5). MAP-Elites(8x8, morphologies=3): occupied=30, pending=192, in flight=40
20:42:19: 7342x RT, 122.4 creatures/sec. Fitness: best=1520.3, avg=1054.5, new=(qd-mutate=674.7). MAP-Elites(8x8, morphologies=3): occupied=30, pending=192, in flight=40
20:42:21: 6846x RT, 114.1 creatures/sec. Fitness: best=1520.3, avg=1054.5, new=(qd-mutate=647.3). MAP-Elites(8x8, morphologies=3): occupied=30, pending=192, in flight=40
20:42:23: 7234x RT, 120.6 creatures/sec. Fitness: best=1520.3, avg=1054.5, new=(qd-mutate=652.7). MAP-Elites(8x8, morphologies=3): occupied=30, pending=192, in flight=40
20:42:25: 7266x RT, 121.1 creatures/sec. Fitness: best=1520.3, avg=1054.5, new=(qd-mutate=648.6). MAP-Elites(8x8, morphologies=3): occupied=30, pending=192, in flight=40
20:42:27: 7059x RT, 117.7 creatures/sec. Fitness: best=1520.3, avg=1054.5, new=(qd-mutate=645.6). MAP-Elites(8x8, morphologies=3): occupied=30, pending=192, in flight=40
20:42:29: 7309x RT, 121.8 creatures/sec. Fitness: best=1520.3, avg=1054.5, new=(qd-mutate=636.6). MAP-Elites(8x8, morphologies=3): occupied=30, pending=192, in flight=40
20:42:31: 7305x RT, 121.7 creatures/sec. Fitness: best=1520.3, avg=1054.5, new=(qd-mutate=681.4). MAP-Elites(8x8, morphologies=3): occupied=30, pending=192, in flight=40
20:42:33: 7251x RT, 120.9 creatures/sec. Fitness: best=1520.3, avg=1054.5, new=(qd-mutate=658.8). MAP-Elites(8x8, morphologies=3): occupied=30, pending=192, in flight=40
20:42:35: 7301x RT, 121.7 creatures/sec. Fitness: best=1520.3, avg=1054.5, new=(qd-mutate=678.6). MAP-Elites(8x8, morphologies=3): occupied=30, pending=192, in flight=40
20:42:37: 7171x RT, 119.5 creatures/sec. Fitness: best=1520.3, avg=1054.5, new=(qd-mutate=662.1). MAP-Elites(8x8, morphologies=3): occupied=30, pending=192, in flight=40
20:42:39: 7067x RT, 117.8 creatures/sec. Fitness: best=1520.3, avg=1054.5, new=(qd-mutate=657.9). MAP-Elites(8x8, morphologies=3): occupied=30, pending=192, in flight=40
20:42:41: 7247x RT, 120.8 creatures/sec. Fitness: best=1520.3, avg=1054.5, new=(qd-mutate=638.1). MAP-Elites(8x8, morphologies=3): occupied=30, pending=192, in flight=40
20:42:43: 7290x RT, 121.5 creatures/sec. Fitness: best=1520.3, avg=1054.5, new=(qd-mutate=657.7). MAP-Elites(8x8, morphologies=3): occupied=30, pending=192, in flight=40
20:42:45: 7297x RT, 121.6 creatures/sec. Fitness: best=1520.3, avg=1054.5, new=(qd-mutate=646.3). MAP-Elites(8x8, morphologies=3): occupied=30, pending=192, in flight=40
20:42:48: 7225x RT, 120.4 creatures/sec. Fitness: best=1520.3, avg=1054.5, new=(qd-mutate=672.4). MAP-Elites(8x8, morphologies=3): occupied=30, pending=192, in flight=40
20:42:50: 7303x RT, 121.7 creatures/sec. Fitness: best=1520.3, avg=1054.5, new=(qd-mutate=664.2). MAP-Elites(8x8, morphologies=3): occupied=30, pending=192, in flight=40
20:42:52: 7165x RT, 119.4 creatures/sec. Fitness: best=1520.3, avg=1054.5, new=(qd-mutate=649.6). MAP-Elites(8x8, morphologies=3): occupied=30, pending=192, in flight=40
20:42:54: 7109x RT, 118.5 creatures/sec. Fitness: best=1520.3, avg=1054.5, new=(qd-mutate=709.5). MAP-Elites(8x8, morphologies=3): occupied=30, pending=192, in flight=40
20:42:56: 7286x RT, 121.4 creatures/sec. Fitness: best=1520.3, avg=1054.5, new=(qd-mutate=651.3). MAP-Elites(8x8, morphologies=3): occupied=30, pending=192, in flight=40
20:42:58: 7321x RT, 122.0 creatures/sec. Fitness: best=1520.3, avg=1054.5, new=(qd-mutate=675.1). MAP-Elites(8x8, morphologies=3): occupied=30, pending=192, in flight=40
20:43:00: 7119x RT, 118.6 creatures/sec. Fitness: best=1520.3, avg=1054.5, new=(qd-mutate=653.0). MAP-Elites(8x8, morphologies=3): occupied=30, pending=192, in flight=40
20:43:02: 7220x RT, 120.3 creatures/sec. Fitness: best=1520.3, avg=1057.4, new=(qd-mutate=658.0). MAP-Elites(8x8, morphologies=3): occupied=30, pending=192, in flight=40
20:43:04: 7301x RT, 121.7 creatures/sec. Fitness: best=1520.3, avg=1057.4, new=(qd-mutate=666.6). MAP-Elites(8x8, morphologies=3): occupied=30, pending=192, in flight=40
20:43:06: 7243x RT, 120.7 creatures/sec. Fitness: best=1520.3, avg=1057.4, new=(qd-mutate=672.2). MAP-Elites(8x8, morphologies=3): occupied=30, pending=192, in flight=40
20:43:08: 7199x RT, 120.0 creatures/sec. Fitness: best=1520.3, avg=1057.4, new=(qd-mutate=693.9). MAP-Elites(8x8, morphologies=3): occupied=30, pending=192, in flight=40
20:43:11: 7253x RT, 120.9 creatures/sec. Fitness: best=1520.3, avg=1057.4, new=(qd-mutate=659.6). MAP-Elites(8x8, morphologies=3): occupied=30, pending=192, in flight=40
20:43:13: 7297x RT, 121.6 creatures/sec. Fitness: best=1520.3, avg=1057.4, new=(qd-mutate=678.0). MAP-Elites(8x8, morphologies=3): occupied=30, pending=192, in flight=40
5825327 bytes written to /Users/dag/projects/Machine-Evolved-credible-training/training-runs/me-v2-harmonic-qd-01-double-gravity-8w/config.json. 
20:43:15: 7250x RT, 120.8 creatures/sec. Fitness: best=1520.3, avg=1057.4, new=(qd-mutate=649.6). MAP-Elites(8x8, morphologies=3): occupied=30, pending=192, in flight=40
20:43:17: 7173x RT, 119.5 creatures/sec. Fitness: best=1520.3, avg=1057.4, new=(qd-mutate=637.8). MAP-Elites(8x8, morphologies=3): occupied=30, pending=192, in flight=40
20:43:19: 7013x RT, 116.9 creatures/sec. Fitness: best=1520.3, avg=1057.4, new=(qd-mutate=673.1). MAP-Elites(8x8, morphologies=3): occupied=30, pending=192, in flight=40
20:43:21: 7197x RT, 119.9 creatures/sec. Fitness: best=1520.3, avg=1057.4, new=(qd-mutate=677.1). MAP-Elites(8x8, morphologies=3): occupied=30, pending=192, in flight=40
20:43:23: 7324x RT, 122.1 creatures/sec. Fitness: best=1520.3, avg=1057.4, new=(qd-mutate=685.9). MAP-Elites(8x8, morphologies=3): occupied=30, pending=192, in flight=40
20:43:25: 7170x RT, 119.5 creatures/sec. Fitness: best=1520.3, avg=1057.4, new=(qd-mutate=627.0). MAP-Elites(8x8, morphologies=3): occupied=30, pending=192, in flight=40
20:43:27: 7335x RT, 122.3 creatures/sec. Fitness: best=1520.3, avg=1057.4, new=(qd-mutate=636.2). MAP-Elites(8x8, morphologies=3): occupied=30, pending=192, in flight=40
20:43:29: 7186x RT, 119.8 creatures/sec. Fitness: best=1520.3, avg=1057.4, new=(qd-mutate=664.4). MAP-Elites(8x8, morphologies=3): occupied=30, pending=192, in flight=40
20:43:31: 7226x RT, 120.4 creatures/sec. Fitness: best=1520.3, avg=1057.4, new=(qd-mutate=671.8). MAP-Elites(8x8, morphologies=3): occupied=30, pending=192, in flight=40
20:43:33: 7293x RT, 121.6 creatures/sec. Fitness: best=1520.3, avg=1040.3, new=(qd-mutate=675.2). MAP-Elites(8x8, morphologies=3): occupied=31, pending=192, in flight=40
20:43:35: 7208x RT, 120.1 creatures/sec. Fitness: best=1520.3, avg=1040.3, new=(qd-mutate=680.6). MAP-Elites(8x8, morphologies=3): occupied=31, pending=192, in flight=40
20:43:37: 7183x RT, 119.7 creatures/sec. Fitness: best=1520.3, avg=1040.3, new=(qd-mutate=663.2). MAP-Elites(8x8, morphologies=3): occupied=31, pending=192, in flight=40
20:43:39: 7082x RT, 118.0 creatures/sec. Fitness: best=1520.3, avg=1040.3, new=(qd-mutate=730.1). MAP-Elites(8x8, morphologies=3): occupied=31, pending=192, in flight=40
20:43:42: 7259x RT, 121.0 creatures/sec. Fitness: best=1520.3, avg=1040.3, new=(qd-mutate=694.9). MAP-Elites(8x8, morphologies=3): occupied=31, pending=192, in flight=40
20:43:44: 7244x RT, 120.7 creatures/sec. Fitness: best=1520.3, avg=1040.3, new=(qd-mutate=674.7). MAP-Elites(8x8, morphologies=3): occupied=31, pending=192, in flight=40
20:43:46: 7135x RT, 118.9 creatures/sec. Fitness: best=1520.3, avg=1040.3, new=(qd-mutate=687.5). MAP-Elites(8x8, morphologies=3): occupied=31, pending=192, in flight=40
20:43:48: 7253x RT, 120.9 creatures/sec. Fitness: best=1520.3, avg=1040.3, new=(qd-mutate=691.8). MAP-Elites(8x8, morphologies=3): occupied=31, pending=192, in flight=40
20:43:50: 7145x RT, 119.1 creatures/sec. Fitness: best=1520.3, avg=1040.3, new=(qd-mutate=677.3). MAP-Elites(8x8, morphologies=3): occupied=31, pending=192, in flight=40
20:43:52: 7212x RT, 120.2 creatures/sec. Fitness: best=1520.3, avg=1040.3, new=(qd-mutate=670.5). MAP-Elites(8x8, morphologies=3): occupied=31, pending=192, in flight=40
20:43:54: 7301x RT, 121.7 creatures/sec. Fitness: best=1520.3, avg=1040.3, new=(qd-mutate=661.7). MAP-Elites(8x8, morphologies=3): occupied=31, pending=192, in flight=40
20:43:56: 7198x RT, 120.0 creatures/sec. Fitness: best=1520.3, avg=1040.3, new=(qd-mutate=641.6). MAP-Elites(8x8, morphologies=3): occupied=31, pending=192, in flight=40
20:43:58: 7233x RT, 120.5 creatures/sec. Fitness: best=1520.3, avg=1040.3, new=(qd-mutate=658.0). MAP-Elites(8x8, morphologies=3): occupied=31, pending=192, in flight=40
20:44:00: 7328x RT, 122.1 creatures/sec. Fitness: best=1520.3, avg=1040.3, new=(qd-mutate=655.8). MAP-Elites(8x8, morphologies=3): occupied=31, pending=192, in flight=40
20:44:02: 6770x RT, 112.8 creatures/sec. Fitness: best=1520.3, avg=1040.3, new=(qd-mutate=654.4). MAP-Elites(8x8, morphologies=3): occupied=31, pending=192, in flight=40
20:44:04: 7237x RT, 120.6 creatures/sec. Fitness: best=1520.3, avg=1040.3, new=(qd-mutate=685.9). MAP-Elites(8x8, morphologies=3): occupied=31, pending=192, in flight=40
20:44:06: 7287x RT, 121.4 creatures/sec. Fitness: best=1520.3, avg=1040.3, new=(qd-mutate=673.1). MAP-Elites(8x8, morphologies=3): occupied=31, pending=192, in flight=40
20:44:08: 7231x RT, 120.5 creatures/sec. Fitness: best=1520.3, avg=1040.3, new=(qd-mutate=693.4). MAP-Elites(8x8, morphologies=3): occupied=31, pending=192, in flight=40
20:44:10: 7251x RT, 120.9 creatures/sec. Fitness: best=1520.3, avg=1040.3, new=(qd-mutate=672.1). MAP-Elites(8x8, morphologies=3): occupied=31, pending=192, in flight=40
20:44:12: 7226x RT, 120.4 creatures/sec. Fitness: best=1520.3, avg=1040.3, new=(qd-mutate=674.7). MAP-Elites(8x8, morphologies=3): occupied=31, pending=192, in flight=40
5879057 bytes written to /Users/dag/projects/Machine-Evolved-credible-training/training-runs/me-v2-harmonic-qd-01-double-gravity-8w/config.json. 
20:44:15: 7135x RT, 118.9 creatures/sec. Fitness: best=1520.3, avg=1040.3, new=(qd-mutate=611.0). MAP-Elites(8x8, morphologies=3): occupied=31, pending=192, in flight=40
20:44:17: 7231x RT, 120.5 creatures/sec. Fitness: best=1520.3, avg=1040.3, new=(qd-mutate=667.4). MAP-Elites(8x8, morphologies=3): occupied=31, pending=192, in flight=40
20:44:19: 7327x RT, 122.1 creatures/sec. Fitness: best=1520.3, avg=1040.3, new=(qd-mutate=700.3). MAP-Elites(8x8, morphologies=3): occupied=31, pending=192, in flight=40
20:44:21: 7215x RT, 120.2 creatures/sec. Fitness: best=1520.3, avg=1040.3, new=(qd-mutate=683.1). MAP-Elites(8x8, morphologies=3): occupied=31, pending=192, in flight=40
20:44:23: 7165x RT, 119.4 creatures/sec. Fitness: best=1520.3, avg=1040.3, new=(qd-mutate=681.9). MAP-Elites(8x8, morphologies=3): occupied=31, pending=192, in flight=40
20:44:25: 7161x RT, 119.3 creatures/sec. Fitness: best=1520.3, avg=1040.3, new=(qd-mutate=663.3). MAP-Elites(8x8, morphologies=3): occupied=31, pending=192, in flight=40
20:44:27: 7218x RT, 120.3 creatures/sec. Fitness: best=1520.3, avg=1040.3, new=(qd-mutate=660.4). MAP-Elites(8x8, morphologies=3): occupied=31, pending=192, in flight=40
20:44:29: 7319x RT, 122.0 creatures/sec. Fitness: best=1520.3, avg=1040.3, new=(qd-mutate=634.2). MAP-Elites(8x8, morphologies=3): occupied=31, pending=192, in flight=40
20:44:31: 7215x RT, 120.2 creatures/sec. Fitness: best=1520.3, avg=1040.3, new=(qd-mutate=659.3). MAP-Elites(8x8, morphologies=3): occupied=31, pending=192, in flight=40
20:44:33: 7203x RT, 120.0 creatures/sec. Fitness: best=1520.3, avg=1040.3, new=(qd-mutate=639.6). MAP-Elites(8x8, morphologies=3): occupied=31, pending=192, in flight=40
20:44:35: 7188x RT, 119.8 creatures/sec. Fitness: best=1520.3, avg=1040.3, new=(qd-mutate=688.5). MAP-Elites(8x8, morphologies=3): occupied=31, pending=192, in flight=40
20:44:37: 7266x RT, 121.1 creatures/sec. Fitness: best=1520.3, avg=1040.3, new=(qd-mutate=674.8). MAP-Elites(8x8, morphologies=3): occupied=31, pending=192, in flight=40
20:44:39: 7207x RT, 120.1 creatures/sec. Fitness: best=1520.3, avg=1040.3, new=(qd-mutate=694.3). MAP-Elites(8x8, morphologies=3): occupied=31, pending=192, in flight=40
20:44:41: 7089x RT, 118.2 creatures/sec. Fitness: best=1520.3, avg=1040.3, new=(qd-mutate=653.3). MAP-Elites(8x8, morphologies=3): occupied=31, pending=192, in flight=40
20:44:43: 7209x RT, 120.2 creatures/sec. Fitness: best=1520.3, avg=1040.3, new=(qd-mutate=650.0). MAP-Elites(8x8, morphologies=3): occupied=31, pending=192, in flight=40
20:44:45: 7294x RT, 121.6 creatures/sec. Fitness: best=1520.3, avg=1040.3, new=(qd-mutate=671.3). MAP-Elites(8x8, morphologies=3): occupied=31, pending=192, in flight=40
20:44:47: 7344x RT, 122.4 creatures/sec. Fitness: best=1520.3, avg=1040.3, new=(qd-mutate=682.7). MAP-Elites(8x8, morphologies=3): occupied=31, pending=192, in flight=40
20:44:49: 7225x RT, 120.4 creatures/sec. Fitness: best=1520.3, avg=1040.3, new=(qd-mutate=677.7). MAP-Elites(8x8, morphologies=3): occupied=31, pending=192, in flight=40
20:44:51: 7188x RT, 119.8 creatures/sec. Fitness: best=1520.3, avg=1040.3, new=(qd-mutate=657.4). MAP-Elites(8x8, morphologies=3): occupied=31, pending=192, in flight=40
20:44:54: 6396x RT, 106.6 creatures/sec. Fitness: best=1520.3, avg=1040.3, new=(qd-mutate=672.9). MAP-Elites(8x8, morphologies=3): occupied=31, pending=192, in flight=40
20:44:56: 6512x RT, 108.5 creatures/sec. Fitness: best=1520.3, avg=1040.3, new=(qd-mutate=668.6). MAP-Elites(8x8, morphologies=3): occupied=31, pending=192, in flight=40
20:44:58: 7308x RT, 121.8 creatures/sec. Fitness: best=1520.3, avg=1040.3, new=(qd-mutate=687.4). MAP-Elites(8x8, morphologies=3): occupied=31, pending=192, in flight=40
20:45:00: 7490x RT, 124.8 creatures/sec. Fitness: best=1520.3, avg=1042.1, new=(qd-mutate=687.3). MAP-Elites(8x8, morphologies=3): occupied=31, pending=192, in flight=40
20:45:02: 7459x RT, 124.3 creatures/sec. Fitness: best=1520.3, avg=1042.1, new=(qd-mutate=673.2). MAP-Elites(8x8, morphologies=3): occupied=31, pending=192, in flight=40
20:45:04: 7402x RT, 123.4 creatures/sec. Fitness: best=1520.3, avg=1042.1, new=(qd-mutate=648.8). MAP-Elites(8x8, morphologies=3): occupied=31, pending=192, in flight=40
20:45:06: 7348x RT, 122.5 creatures/sec. Fitness: best=1520.3, avg=1042.1, new=(qd-mutate=642.1). MAP-Elites(8x8, morphologies=3): occupied=31, pending=192, in flight=40
20:45:08: 7409x RT, 123.5 creatures/sec. Fitness: best=1520.3, avg=1042.1, new=(qd-mutate=724.1). MAP-Elites(8x8, morphologies=3): occupied=31, pending=192, in flight=40
20:45:10: 7211x RT, 120.2 creatures/sec. Fitness: best=1520.3, avg=1042.1, new=(qd-mutate=656.5). MAP-Elites(8x8, morphologies=3): occupied=31, pending=192, in flight=40
20:45:12: 7358x RT, 122.6 creatures/sec. Fitness: best=1520.3, avg=1042.1, new=(qd-mutate=681.0). MAP-Elites(8x8, morphologies=3): occupied=31, pending=192, in flight=40
5818456 bytes written to /Users/dag/projects/Machine-Evolved-credible-training/training-runs/me-v2-harmonic-qd-01-double-gravity-8w/config.json. 
20:45:14: 7440x RT, 124.0 creatures/sec. Fitness: best=1520.3, avg=1042.1, new=(qd-mutate=662.3). MAP-Elites(8x8, morphologies=3): occupied=31, pending=192, in flight=40
20:45:16: 7431x RT, 123.8 creatures/sec. Fitness: best=1520.3, avg=1042.1, new=(qd-mutate=654.8). MAP-Elites(8x8, morphologies=3): occupied=31, pending=192, in flight=40
20:45:18: 7501x RT, 125.0 creatures/sec. Fitness: best=1520.3, avg=1042.1, new=(qd-mutate=696.3). MAP-Elites(8x8, morphologies=3): occupied=31, pending=192, in flight=40
20:45:20: 7485x RT, 124.7 creatures/sec. Fitness: best=1520.3, avg=1042.1, new=(qd-mutate=676.7). MAP-Elites(8x8, morphologies=3): occupied=31, pending=192, in flight=40
20:45:22: 7481x RT, 124.7 creatures/sec. Fitness: best=1520.3, avg=1042.1, new=(qd-mutate=660.5). MAP-Elites(8x8, morphologies=3): occupied=31, pending=192, in flight=40
20:45:24: 7494x RT, 124.9 creatures/sec. Fitness: best=1520.3, avg=1042.1, new=(qd-mutate=661.2). MAP-Elites(8x8, morphologies=3): occupied=31, pending=192, in flight=40
20:45:26: 7139x RT, 119.0 creatures/sec. Fitness: best=1520.3, avg=1042.1, new=(qd-mutate=676.9). MAP-Elites(8x8, morphologies=3): occupied=31, pending=192, in flight=40
20:45:28: 7382x RT, 123.0 creatures/sec. Fitness: best=1520.3, avg=1042.1, new=(qd-mutate=673.5). MAP-Elites(8x8, morphologies=3): occupied=31, pending=192, in flight=40
20:45:30: 7533x RT, 125.5 creatures/sec. Fitness: best=1520.3, avg=1042.1, new=(qd-mutate=624.3). MAP-Elites(8x8, morphologies=3): occupied=31, pending=192, in flight=40
20:45:32: 7520x RT, 125.3 creatures/sec. Fitness: best=1520.3, avg=1042.1, new=(qd-mutate=625.4). MAP-Elites(8x8, morphologies=3): occupied=31, pending=192, in flight=40
20:45:34: 7430x RT, 123.8 creatures/sec. Fitness: best=1520.3, avg=1042.1, new=(qd-mutate=673.8). MAP-Elites(8x8, morphologies=3): occupied=31, pending=192, in flight=40
20:45:36: 7398x RT, 123.3 creatures/sec. Fitness: best=1520.3, avg=1042.1, new=(qd-mutate=673.6). MAP-Elites(8x8, morphologies=3): occupied=31, pending=192, in flight=40
20:45:39: 7427x RT, 123.8 creatures/sec. Fitness: best=1520.3, avg=1042.1, new=(qd-mutate=649.2). MAP-Elites(8x8, morphologies=3): occupied=31, pending=192, in flight=40
20:45:41: 7453x RT, 124.2 creatures/sec. Fitness: best=1520.3, avg=1042.1, new=(qd-mutate=674.1). MAP-Elites(8x8, morphologies=3): occupied=31, pending=192, in flight=40
20:45:43: 7410x RT, 123.5 creatures/sec. Fitness: best=1520.3, avg=1042.1, new=(qd-mutate=683.9). MAP-Elites(8x8, morphologies=3): occupied=31, pending=192, in flight=40
20:45:45: 7326x RT, 122.1 creatures/sec. Fitness: best=1520.3, avg=1042.1, new=(qd-mutate=650.4). MAP-Elites(8x8, morphologies=3): occupied=31, pending=192, in flight=40
20:45:47: 7203x RT, 120.0 creatures/sec. Fitness: best=1520.3, avg=1042.1, new=(qd-mutate=695.8). MAP-Elites(8x8, morphologies=3): occupied=31, pending=192, in flight=40
20:45:49: 7291x RT, 121.5 creatures/sec. Fitness: best=1520.3, avg=1042.1, new=(qd-mutate=671.0). MAP-Elites(8x8, morphologies=3): occupied=31, pending=192, in flight=40
20:45:51: 7462x RT, 124.4 creatures/sec. Fitness: best=1520.3, avg=1042.1, new=(qd-mutate=687.3). MAP-Elites(8x8, morphologies=3): occupied=31, pending=192, in flight=40
20:45:53: 7485x RT, 124.8 creatures/sec. Fitness: best=1520.3, avg=1042.1, new=(qd-mutate=690.2). MAP-Elites(8x8, morphologies=3): occupied=31, pending=192, in flight=40
20:45:55: 7412x RT, 123.5 creatures/sec. Fitness: best=1520.3, avg=1042.1, new=(qd-mutate=673.1). MAP-Elites(8x8, morphologies=3): occupied=31, pending=192, in flight=40
20:45:57: 6041x RT, 100.7 creatures/sec. Fitness: best=1520.3, avg=1042.1, new=(qd-mutate=657.9). MAP-Elites(8x8, morphologies=3): occupied=31, pending=192, in flight=40
20:45:59: 6979x RT, 116.3 creatures/sec. Fitness: best=1520.3, avg=1042.7, new=(qd-mutate=695.0). MAP-Elites(8x8, morphologies=3): occupied=31, pending=192, in flight=40
20:46:01: 7184x RT, 119.7 creatures/sec. Fitness: best=1520.3, avg=1042.7, new=(qd-mutate=626.6). MAP-Elites(8x8, morphologies=3): occupied=31, pending=192, in flight=40
20:46:03: 7471x RT, 124.5 creatures/sec. Fitness: best=1520.3, avg=1042.7, new=(qd-mutate=680.3). MAP-Elites(8x8, morphologies=3): occupied=31, pending=192, in flight=40
20:46:05: 7379x RT, 123.0 creatures/sec. Fitness: best=1520.3, avg=1042.7, new=(qd-mutate=716.7). MAP-Elites(8x8, morphologies=3): occupied=31, pending=192, in flight=40
20:46:07: 7432x RT, 123.9 creatures/sec. Fitness: best=1520.3, avg=1042.7, new=(qd-mutate=681.1). MAP-Elites(8x8, morphologies=3): occupied=31, pending=192, in flight=40
20:46:09: 7479x RT, 124.6 creatures/sec. Fitness: best=1520.3, avg=1042.7, new=(qd-mutate=695.8). MAP-Elites(8x8, morphologies=3): occupied=31, pending=192, in flight=40
20:46:11: 7433x RT, 123.9 creatures/sec. Fitness: best=1520.3, avg=1042.7, new=(qd-mutate=634.4). MAP-Elites(8x8, morphologies=3): occupied=31, pending=192, in flight=40
5861224 bytes written to /Users/dag/projects/Machine-Evolved-credible-training/training-runs/me-v2-harmonic-qd-01-double-gravity-8w/config.json. 
20:46:13: 7411x RT, 123.5 creatures/sec. Fitness: best=1520.3, avg=1042.7, new=(qd-mutate=700.0). MAP-Elites(8x8, morphologies=3): occupied=31, pending=192, in flight=40
20:46:15: 7397x RT, 123.3 creatures/sec. Fitness: best=1520.3, avg=1042.7, new=(qd-mutate=658.3). MAP-Elites(8x8, morphologies=3): occupied=31, pending=192, in flight=40
20:46:17: 7386x RT, 123.1 creatures/sec. Fitness: best=1520.3, avg=1042.7, new=(qd-mutate=686.8). MAP-Elites(8x8, morphologies=3): occupied=31, pending=192, in flight=40
20:46:19: 7385x RT, 123.1 creatures/sec. Fitness: best=1520.3, avg=1042.7, new=(qd-mutate=687.7). MAP-Elites(8x8, morphologies=3): occupied=31, pending=192, in flight=40
20:46:21: 7323x RT, 122.0 creatures/sec. Fitness: best=1520.3, avg=1042.7, new=(qd-mutate=660.5). MAP-Elites(8x8, morphologies=3): occupied=31, pending=192, in flight=40
20:46:23: 7418x RT, 123.6 creatures/sec. Fitness: best=1520.3, avg=1042.7, new=(qd-mutate=659.3). MAP-Elites(8x8, morphologies=3): occupied=31, pending=192, in flight=40
20:46:25: 7411x RT, 123.5 creatures/sec. Fitness: best=1520.3, avg=1042.7, new=(qd-mutate=653.0). MAP-Elites(8x8, morphologies=3): occupied=31, pending=192, in flight=40
20:46:27: 7079x RT, 118.0 creatures/sec. Fitness: best=1520.3, avg=1042.7, new=(qd-mutate=670.6). MAP-Elites(8x8, morphologies=3): occupied=31, pending=192, in flight=40
20:46:29: 6814x RT, 113.6 creatures/sec. Fitness: best=1520.3, avg=1042.7, new=(qd-mutate=729.2). MAP-Elites(8x8, morphologies=3): occupied=31, pending=192, in flight=40
20:46:31: 7446x RT, 124.1 creatures/sec. Fitness: best=1520.3, avg=1042.7, new=(qd-mutate=696.5). MAP-Elites(8x8, morphologies=3): occupied=31, pending=192, in flight=40
20:46:34: 7480x RT, 124.7 creatures/sec. Fitness: best=1520.3, avg=1042.7, new=(qd-mutate=639.9). MAP-Elites(8x8, morphologies=3): occupied=31, pending=192, in flight=40
20:46:36: 7486x RT, 124.8 creatures/sec. Fitness: best=1520.3, avg=1042.7, new=(qd-mutate=635.1). MAP-Elites(8x8, morphologies=3): occupied=31, pending=192, in flight=40
20:46:38: 7342x RT, 122.4 creatures/sec. Fitness: best=1520.3, avg=1042.7, new=(qd-mutate=689.6). MAP-Elites(8x8, morphologies=3): occupied=31, pending=192, in flight=40
20:46:40: 7487x RT, 124.8 creatures/sec. Fitness: best=1520.3, avg=1042.7, new=(qd-mutate=667.1). MAP-Elites(8x8, morphologies=3): occupied=31, pending=192, in flight=40
20:46:42: 7456x RT, 124.3 creatures/sec. Fitness: best=1520.3, avg=1042.7, new=(qd-mutate=662.1). MAP-Elites(8x8, morphologies=3): occupied=31, pending=192, in flight=40
20:46:44: 7502x RT, 125.0 creatures/sec. Fitness: best=1520.3, avg=1042.7, new=(qd-mutate=679.2). MAP-Elites(8x8, morphologies=3): occupied=31, pending=192, in flight=40
20:46:46: 7317x RT, 122.0 creatures/sec. Fitness: best=1520.3, avg=1042.7, new=(qd-mutate=688.2). MAP-Elites(8x8, morphologies=3): occupied=31, pending=192, in flight=40
20:46:48: 7348x RT, 122.5 creatures/sec. Fitness: best=1520.3, avg=1042.7, new=(qd-mutate=647.3). MAP-Elites(8x8, morphologies=3): occupied=31, pending=192, in flight=40
20:46:50: 7461x RT, 124.4 creatures/sec. Fitness: best=1520.3, avg=1042.7, new=(qd-mutate=710.7). MAP-Elites(8x8, morphologies=3): occupied=31, pending=192, in flight=40
20:46:52: 7410x RT, 123.5 creatures/sec. Fitness: best=1520.3, avg=1042.7, new=(qd-mutate=661.4). MAP-Elites(8x8, morphologies=3): occupied=31, pending=192, in flight=40
20:46:54: 7487x RT, 124.8 creatures/sec. Fitness: best=1520.3, avg=1042.7, new=(qd-mutate=665.6). MAP-Elites(8x8, morphologies=3): occupied=31, pending=192, in flight=40
20:46:56: 7491x RT, 124.8 creatures/sec. Fitness: best=1520.3, avg=1042.7, new=(qd-mutate=673.8). MAP-Elites(8x8, morphologies=3): occupied=31, pending=192, in flight=40
20:46:58: 7374x RT, 122.9 creatures/sec. Fitness: best=1520.3, avg=1042.7, new=(qd-mutate=659.7). MAP-Elites(8x8, morphologies=3): occupied=31, pending=192, in flight=40
20:47:00: 7503x RT, 125.1 creatures/sec. Fitness: best=1520.3, avg=1042.7, new=(qd-mutate=639.7). MAP-Elites(8x8, morphologies=3): occupied=31, pending=192, in flight=40
20:47:02: 7533x RT, 125.6 creatures/sec. Fitness: best=1520.3, avg=1042.7, new=(qd-mutate=653.4). MAP-Elites(8x8, morphologies=3): occupied=31, pending=192, in flight=40
20:47:04: 7399x RT, 123.3 creatures/sec. Fitness: best=1520.3, avg=1042.7, new=(qd-mutate=674.1). MAP-Elites(8x8, morphologies=3): occupied=31, pending=192, in flight=40
20:47:06: 7466x RT, 124.4 creatures/sec. Fitness: best=1520.3, avg=1042.7, new=(qd-mutate=669.6). MAP-Elites(8x8, morphologies=3): occupied=31, pending=192, in flight=40
20:47:08: 7525x RT, 125.4 creatures/sec. Fitness: best=1520.3, avg=1042.7, new=(qd-mutate=672.5). MAP-Elites(8x8, morphologies=3): occupied=31, pending=192, in flight=40
20:47:10: 7375x RT, 122.9 creatures/sec. Fitness: best=1520.3, avg=1042.7, new=(qd-mutate=718.0). MAP-Elites(8x8, morphologies=3): occupied=31, pending=192, in flight=40
20:47:12: 7478x RT, 124.6 creatures/sec. Fitness: best=1520.3, avg=1042.7, new=(qd-mutate=653.9). MAP-Elites(8x8, morphologies=3): occupied=31, pending=192, in flight=40
5860494 bytes written to /Users/dag/projects/Machine-Evolved-credible-training/training-runs/me-v2-harmonic-qd-01-double-gravity-8w/config.json. 
20:47:14: 7317x RT, 122.0 creatures/sec. Fitness: best=1520.3, avg=1042.7, new=(qd-mutate=677.9). MAP-Elites(8x8, morphologies=3): occupied=31, pending=192, in flight=40
20:47:16: 7295x RT, 121.6 creatures/sec. Fitness: best=1520.3, avg=1042.7, new=(qd-mutate=695.0). MAP-Elites(8x8, morphologies=3): occupied=31, pending=192, in flight=40
20:47:18: 7256x RT, 120.9 creatures/sec. Fitness: best=1520.3, avg=1042.7, new=(qd-mutate=683.2). MAP-Elites(8x8, morphologies=3): occupied=31, pending=192, in flight=40
20:47:21: 7294x RT, 121.6 creatures/sec. Fitness: best=1520.3, avg=1042.7, new=(qd-mutate=648.5). MAP-Elites(8x8, morphologies=3): occupied=31, pending=192, in flight=40
20:47:23: 7364x RT, 122.7 creatures/sec. Fitness: best=1520.3, avg=1042.7, new=(qd-mutate=656.3). MAP-Elites(8x8, morphologies=3): occupied=31, pending=192, in flight=40
20:47:25: 7379x RT, 123.0 creatures/sec. Fitness: best=1520.3, avg=1042.7, new=(qd-mutate=638.1). MAP-Elites(8x8, morphologies=3): occupied=31, pending=192, in flight=40
20:47:27: 7403x RT, 123.4 creatures/sec. Fitness: best=1520.3, avg=1042.7, new=(qd-mutate=666.0). MAP-Elites(8x8, morphologies=3): occupied=31, pending=192, in flight=40
20:47:29: 7443x RT, 124.1 creatures/sec. Fitness: best=1520.3, avg=1042.7, new=(qd-mutate=667.0). MAP-Elites(8x8, morphologies=3): occupied=31, pending=192, in flight=40
20:47:31: 7292x RT, 121.5 creatures/sec. Fitness: best=1520.3, avg=1042.7, new=(qd-mutate=709.0). MAP-Elites(8x8, morphologies=3): occupied=31, pending=192, in flight=40
20:47:33: 7138x RT, 119.0 creatures/sec. Fitness: best=1520.3, avg=1044.4, new=(qd-mutate=713.1). MAP-Elites(8x8, morphologies=3): occupied=31, pending=192, in flight=40
20:47:35: 6623x RT, 110.4 creatures/sec. Fitness: best=1520.3, avg=1044.4, new=(qd-mutate=678.9). MAP-Elites(8x8, morphologies=3): occupied=31, pending=192, in flight=40
20:47:37: 7457x RT, 124.3 creatures/sec. Fitness: best=1520.3, avg=1044.4, new=(qd-mutate=694.1). MAP-Elites(8x8, morphologies=3): occupied=31, pending=192, in flight=40
20:47:39: 7378x RT, 123.0 creatures/sec. Fitness: best=1520.3, avg=1044.4, new=(qd-mutate=705.2). MAP-Elites(8x8, morphologies=3): occupied=31, pending=192, in flight=40
20:47:41: 7230x RT, 120.5 creatures/sec. Fitness: best=1520.3, avg=1044.4, new=(qd-mutate=692.2). MAP-Elites(8x8, morphologies=3): occupied=31, pending=192, in flight=40
20:47:43: 7448x RT, 124.1 creatures/sec. Fitness: best=1520.3, avg=1044.4, new=(qd-mutate=708.4). MAP-Elites(8x8, morphologies=3): occupied=31, pending=192, in flight=40
20:47:45: 7558x RT, 126.0 creatures/sec. Fitness: best=1520.3, avg=1044.4, new=(qd-mutate=676.1). MAP-Elites(8x8, morphologies=3): occupied=31, pending=192, in flight=40
20:47:47: 7468x RT, 124.5 creatures/sec. Fitness: best=1520.3, avg=1044.4, new=(qd-mutate=625.4). MAP-Elites(8x8, morphologies=3): occupied=31, pending=192, in flight=40
20:47:49: 7435x RT, 123.9 creatures/sec. Fitness: best=1520.3, avg=1044.4, new=(qd-mutate=649.3). MAP-Elites(8x8, morphologies=3): occupied=31, pending=192, in flight=40
20:47:51: 7442x RT, 124.0 creatures/sec. Fitness: best=1520.3, avg=1044.4, new=(qd-mutate=671.8). MAP-Elites(8x8, morphologies=3): occupied=31, pending=192, in flight=40
20:47:53: 7504x RT, 125.1 creatures/sec. Fitness: best=1520.3, avg=1044.4, new=(qd-mutate=678.8). MAP-Elites(8x8, morphologies=3): occupied=31, pending=192, in flight=40
20:47:55: 7423x RT, 123.7 creatures/sec. Fitness: best=1520.3, avg=1044.4, new=(qd-mutate=679.9). MAP-Elites(8x8, morphologies=3): occupied=31, pending=192, in flight=40
20:47:57: 7418x RT, 123.6 creatures/sec. Fitness: best=1520.3, avg=1044.9, new=(qd-mutate=675.3). MAP-Elites(8x8, morphologies=3): occupied=31, pending=192, in flight=40
20:47:59: 7386x RT, 123.1 creatures/sec. Fitness: best=1520.3, avg=1044.9, new=(qd-mutate=679.2). MAP-Elites(8x8, morphologies=3): occupied=31, pending=192, in flight=40
20:48:01: 7345x RT, 122.4 creatures/sec. Fitness: best=1520.3, avg=1044.9, new=(qd-mutate=678.8). MAP-Elites(8x8, morphologies=3): occupied=31, pending=192, in flight=40
20:48:03: 7404x RT, 123.4 creatures/sec. Fitness: best=1520.3, avg=1044.9, new=(qd-mutate=688.9). MAP-Elites(8x8, morphologies=3): occupied=31, pending=192, in flight=40
20:48:05: 7341x RT, 122.4 creatures/sec. Fitness: best=1520.3, avg=1044.9, new=(qd-mutate=690.6). MAP-Elites(8x8, morphologies=3): occupied=31, pending=192, in flight=40
20:48:07: 7451x RT, 124.2 creatures/sec. Fitness: best=1520.3, avg=1044.9, new=(qd-mutate=721.5). MAP-Elites(8x8, morphologies=3): occupied=31, pending=192, in flight=40
20:48:10: 7473x RT, 124.6 creatures/sec. Fitness: best=1520.3, avg=1044.9, new=(qd-mutate=664.6). MAP-Elites(8x8, morphologies=3): occupied=31, pending=192, in flight=40
20:48:12: 7381x RT, 123.0 creatures/sec. Fitness: best=1520.3, avg=1044.9, new=(qd-mutate=645.1). MAP-Elites(8x8, morphologies=3): occupied=31, pending=192, in flight=40
5877717 bytes written to /Users/dag/projects/Machine-Evolved-credible-training/training-runs/me-v2-harmonic-qd-01-double-gravity-8w/config.json. 
20:48:14: 7437x RT, 124.0 creatures/sec. Fitness: best=1520.3, avg=1044.9, new=(qd-mutate=706.9). MAP-Elites(8x8, morphologies=3): occupied=31, pending=192, in flight=40
20:48:16: 7469x RT, 124.5 creatures/sec. Fitness: best=1520.3, avg=1044.9, new=(qd-mutate=675.7). MAP-Elites(8x8, morphologies=3): occupied=31, pending=192, in flight=40
20:48:18: 7465x RT, 124.4 creatures/sec. Fitness: best=1520.3, avg=1044.9, new=(qd-mutate=665.4). MAP-Elites(8x8, morphologies=3): occupied=31, pending=192, in flight=40
20:48:20: 7474x RT, 124.6 creatures/sec. Fitness: best=1520.3, avg=1044.9, new=(qd-mutate=678.1). MAP-Elites(8x8, morphologies=3): occupied=31, pending=192, in flight=40
20:48:22: 7490x RT, 124.8 creatures/sec. Fitness: best=1520.3, avg=1044.9, new=(qd-mutate=668.6). MAP-Elites(8x8, morphologies=3): occupied=31, pending=192, in flight=40
20:48:24: 7434x RT, 123.9 creatures/sec. Fitness: best=1520.3, avg=1044.9, new=(qd-mutate=690.8). MAP-Elites(8x8, morphologies=3): occupied=31, pending=192, in flight=40
20:48:26: 7401x RT, 123.4 creatures/sec. Fitness: best=1520.3, avg=1044.9, new=(qd-mutate=712.1). MAP-Elites(8x8, morphologies=3): occupied=31, pending=192, in flight=40
20:48:28: 7473x RT, 124.5 creatures/sec. Fitness: best=1520.3, avg=1044.9, new=(qd-mutate=676.7). MAP-Elites(8x8, morphologies=3): occupied=31, pending=192, in flight=40
20:48:30: 7491x RT, 124.8 creatures/sec. Fitness: best=1520.3, avg=1044.9, new=(qd-mutate=684.3). MAP-Elites(8x8, morphologies=3): occupied=31, pending=192, in flight=40
20:48:32: 7484x RT, 124.7 creatures/sec. Fitness: best=1520.3, avg=1044.9, new=(qd-mutate=668.8). MAP-Elites(8x8, morphologies=3): occupied=31, pending=192, in flight=40
20:48:34: 7482x RT, 124.7 creatures/sec. Fitness: best=1520.3, avg=1045.0, new=(qd-mutate=654.1). MAP-Elites(8x8, morphologies=3): occupied=31, pending=192, in flight=40
20:48:36: 7512x RT, 125.2 creatures/sec. Fitness: best=1520.3, avg=1045.0, new=(qd-mutate=678.2). MAP-Elites(8x8, morphologies=3): occupied=31, pending=192, in flight=40
20:48:38: 7408x RT, 123.5 creatures/sec. Fitness: best=1520.3, avg=1045.0, new=(qd-mutate=661.6). MAP-Elites(8x8, morphologies=3): occupied=31, pending=192, in flight=40
20:48:40: 7486x RT, 124.8 creatures/sec. Fitness: best=1520.3, avg=1045.0, new=(qd-mutate=669.4). MAP-Elites(8x8, morphologies=3): occupied=31, pending=192, in flight=40
20:48:42: 7458x RT, 124.3 creatures/sec. Fitness: best=1520.3, avg=1048.3, new=(qd-mutate=681.6). MAP-Elites(8x8, morphologies=3): occupied=31, pending=192, in flight=40
20:48:44: 7393x RT, 123.2 creatures/sec. Fitness: best=1520.3, avg=1048.3, new=(qd-mutate=651.4). MAP-Elites(8x8, morphologies=3): occupied=31, pending=192, in flight=40
20:48:46: 7554x RT, 125.9 creatures/sec. Fitness: best=1520.3, avg=1048.7, new=(qd-mutate=683.3). MAP-Elites(8x8, morphologies=3): occupied=31, pending=192, in flight=40
20:48:48: 7435x RT, 123.9 creatures/sec. Fitness: best=1520.3, avg=1048.7, new=(qd-mutate=688.7). MAP-Elites(8x8, morphologies=3): occupied=31, pending=192, in flight=40
20:48:50: 7472x RT, 124.5 creatures/sec. Fitness: best=1520.3, avg=1048.7, new=(qd-mutate=631.5). MAP-Elites(8x8, morphologies=3): occupied=31, pending=192, in flight=40
20:48:52: 7522x RT, 125.4 creatures/sec. Fitness: best=1520.3, avg=1048.7, new=(qd-mutate=705.2). MAP-Elites(8x8, morphologies=3): occupied=31, pending=192, in flight=40
20:48:54: 7479x RT, 124.7 creatures/sec. Fitness: best=1520.3, avg=1048.7, new=(qd-mutate=650.5). MAP-Elites(8x8, morphologies=3): occupied=31, pending=192, in flight=40
20:48:56: 7483x RT, 124.7 creatures/sec. Fitness: best=1520.3, avg=1048.7, new=(qd-mutate=687.5). MAP-Elites(8x8, morphologies=3): occupied=31, pending=192, in flight=40
20:48:58: 7412x RT, 123.5 creatures/sec. Fitness: best=1520.3, avg=1048.7, new=(qd-mutate=659.8). MAP-Elites(8x8, morphologies=3): occupied=31, pending=192, in flight=40
20:49:00: 7500x RT, 125.0 creatures/sec. Fitness: best=1520.3, avg=1048.7, new=(qd-mutate=669.8). MAP-Elites(8x8, morphologies=3): occupied=31, pending=192, in flight=40
20:49:02: 7467x RT, 124.5 creatures/sec. Fitness: best=1520.3, avg=1048.7, new=(qd-mutate=637.4). MAP-Elites(8x8, morphologies=3): occupied=31, pending=192, in flight=40
20:49:04: 7505x RT, 125.1 creatures/sec. Fitness: best=1520.3, avg=1048.7, new=(qd-mutate=669.3). MAP-Elites(8x8, morphologies=3): occupied=31, pending=192, in flight=40
20:49:06: 7401x RT, 123.4 creatures/sec. Fitness: best=1520.3, avg=1048.7, new=(qd-mutate=684.5). MAP-Elites(8x8, morphologies=3): occupied=31, pending=192, in flight=40
20:49:08: 7426x RT, 123.8 creatures/sec. Fitness: best=1520.3, avg=1048.7, new=(qd-mutate=671.3). MAP-Elites(8x8, morphologies=3): occupied=31, pending=192, in flight=40
20:49:11: 7389x RT, 123.2 creatures/sec. Fitness: best=1520.3, avg=1048.7, new=(qd-mutate=677.2). MAP-Elites(8x8, morphologies=3): occupied=31, pending=192, in flight=40
20:49:13: 7496x RT, 124.9 creatures/sec. Fitness: best=1520.3, avg=1048.7, new=(qd-mutate=660.4). MAP-Elites(8x8, morphologies=3): occupied=31, pending=192, in flight=40
5866954 bytes written to /Users/dag/projects/Machine-Evolved-credible-training/training-runs/me-v2-harmonic-qd-01-double-gravity-8w/config.json. 
20:49:15: 7316x RT, 121.9 creatures/sec. Fitness: best=1520.3, avg=1048.7, new=(qd-mutate=659.6). MAP-Elites(8x8, morphologies=3): occupied=31, pending=192, in flight=40
20:49:17: 7395x RT, 123.2 creatures/sec. Fitness: best=1520.3, avg=1048.7, new=(qd-mutate=637.2). MAP-Elites(8x8, morphologies=3): occupied=31, pending=192, in flight=40
20:49:19: 7501x RT, 125.0 creatures/sec. Fitness: best=1520.3, avg=1048.7, new=(qd-mutate=673.6). MAP-Elites(8x8, morphologies=3): occupied=31, pending=192, in flight=40
20:49:21: 7471x RT, 124.5 creatures/sec. Fitness: best=1520.3, avg=1048.7, new=(qd-mutate=641.2). MAP-Elites(8x8, morphologies=3): occupied=31, pending=192, in flight=40
20:49:23: 7471x RT, 124.5 creatures/sec. Fitness: best=1520.3, avg=1048.7, new=(qd-mutate=731.3). MAP-Elites(8x8, morphologies=3): occupied=31, pending=192, in flight=40
20:49:25: 7500x RT, 125.0 creatures/sec. Fitness: best=1520.3, avg=1048.7, new=(qd-mutate=696.0). MAP-Elites(8x8, morphologies=3): occupied=31, pending=192, in flight=40
20:49:27: 7446x RT, 124.1 creatures/sec. Fitness: best=1520.3, avg=1048.7, new=(qd-mutate=655.1). MAP-Elites(8x8, morphologies=3): occupied=31, pending=192, in flight=40
20:49:29: 7437x RT, 124.0 creatures/sec. Fitness: best=1520.3, avg=1048.7, new=(qd-mutate=684.0). MAP-Elites(8x8, morphologies=3): occupied=31, pending=192, in flight=40
20:49:31: 7488x RT, 124.8 creatures/sec. Fitness: best=1520.3, avg=1048.7, new=(qd-mutate=669.7). MAP-Elites(8x8, morphologies=3): occupied=31, pending=192, in flight=40
20:49:33: 7415x RT, 123.6 creatures/sec. Fitness: best=1520.3, avg=1048.7, new=(qd-mutate=644.1). MAP-Elites(8x8, morphologies=3): occupied=31, pending=192, in flight=40
20:49:35: 7414x RT, 123.6 creatures/sec. Fitness: best=1520.3, avg=1048.7, new=(qd-mutate=670.3). MAP-Elites(8x8, morphologies=3): occupied=31, pending=192, in flight=40
20:49:37: 7457x RT, 124.3 creatures/sec. Fitness: best=1520.3, avg=1048.7, new=(qd-mutate=653.6). MAP-Elites(8x8, morphologies=3): occupied=31, pending=192, in flight=40
20:49:39: 7456x RT, 124.3 creatures/sec. Fitness: best=1520.3, avg=1048.7, new=(qd-mutate=661.0). MAP-Elites(8x8, morphologies=3): occupied=31, pending=192, in flight=40
20:49:41: 7394x RT, 123.2 creatures/sec. Fitness: best=1520.3, avg=1048.7, new=(qd-mutate=682.1). MAP-Elites(8x8, morphologies=3): occupied=31, pending=192, in flight=40
20:49:43: 7422x RT, 123.7 creatures/sec. Fitness: best=1520.3, avg=1048.7, new=(qd-mutate=699.6). MAP-Elites(8x8, morphologies=3): occupied=31, pending=192, in flight=40
20:49:45: 7491x RT, 124.8 creatures/sec. Fitness: best=1520.3, avg=1048.7, new=(qd-mutate=658.0). MAP-Elites(8x8, morphologies=3): occupied=31, pending=192, in flight=40
20:49:47: 7485x RT, 124.8 creatures/sec. Fitness: best=1520.3, avg=1048.7, new=(qd-mutate=698.0). MAP-Elites(8x8, morphologies=3): occupied=31, pending=192, in flight=40
20:49:49: 7495x RT, 124.9 creatures/sec. Fitness: best=1520.3, avg=1048.7, new=(qd-mutate=686.0). MAP-Elites(8x8, morphologies=3): occupied=31, pending=192, in flight=40
20:49:51: 7524x RT, 125.4 creatures/sec. Fitness: best=1520.3, avg=1048.7, new=(qd-mutate=689.1). MAP-Elites(8x8, morphologies=3): occupied=31, pending=192, in flight=40
20:49:53: 7407x RT, 123.4 creatures/sec. Fitness: best=1520.3, avg=1048.7, new=(qd-mutate=700.9). MAP-Elites(8x8, morphologies=3): occupied=31, pending=192, in flight=40
20:49:55: 7519x RT, 125.3 creatures/sec. Fitness: best=1520.3, avg=1048.7, new=(qd-mutate=678.6). MAP-Elites(8x8, morphologies=3): occupied=31, pending=192, in flight=40
20:49:57: 7478x RT, 124.6 creatures/sec. Fitness: best=1520.3, avg=1048.7, new=(qd-mutate=668.2). MAP-Elites(8x8, morphologies=3): occupied=31, pending=192, in flight=40
20:49:59: 7348x RT, 122.5 creatures/sec. Fitness: best=1520.3, avg=1048.7, new=(qd-mutate=676.7). MAP-Elites(8x8, morphologies=3): occupied=31, pending=192, in flight=40
20:50:01: 7524x RT, 125.4 creatures/sec. Fitness: best=1520.3, avg=1048.7, new=(qd-mutate=706.2). MAP-Elites(8x8, morphologies=3): occupied=31, pending=192, in flight=40
20:50:03: 7517x RT, 125.3 creatures/sec. Fitness: best=1520.3, avg=1048.7, new=(qd-mutate=687.0). MAP-Elites(8x8, morphologies=3): occupied=31, pending=192, in flight=40
20:50:05: 7396x RT, 123.3 creatures/sec. Fitness: best=1520.3, avg=1048.7, new=(qd-mutate=684.2). MAP-Elites(8x8, morphologies=3): occupied=31, pending=192, in flight=40
20:50:07: 7459x RT, 124.3 creatures/sec. Fitness: best=1520.3, avg=1048.7, new=(qd-mutate=623.5). MAP-Elites(8x8, morphologies=3): occupied=31, pending=192, in flight=40
20:50:09: 7457x RT, 124.3 creatures/sec. Fitness: best=1520.3, avg=1048.7, new=(qd-mutate=661.2). MAP-Elites(8x8, morphologies=3): occupied=31, pending=192, in flight=40
20:50:11: 7385x RT, 123.1 creatures/sec. Fitness: best=1520.3, avg=1048.7, new=(qd-mutate=673.3). MAP-Elites(8x8, morphologies=3): occupied=31, pending=192, in flight=40
5851571 bytes written to /Users/dag/projects/Machine-Evolved-credible-training/training-runs/me-v2-harmonic-qd-01-double-gravity-8w/config.json. 
20:50:13: 7464x RT, 124.4 creatures/sec. Fitness: best=1520.3, avg=1048.7, new=(qd-mutate=648.6). MAP-Elites(8x8, morphologies=3): occupied=31, pending=192, in flight=40
20:50:15: 7337x RT, 122.3 creatures/sec. Fitness: best=1520.3, avg=1048.7, new=(qd-mutate=643.0). MAP-Elites(8x8, morphologies=3): occupied=31, pending=192, in flight=40
20:50:17: 7433x RT, 123.9 creatures/sec. Fitness: best=1520.3, avg=1048.7, new=(qd-mutate=624.8). MAP-Elites(8x8, morphologies=3): occupied=31, pending=192, in flight=40
20:50:19: 7398x RT, 123.3 creatures/sec. Fitness: best=1520.3, avg=1048.7, new=(qd-mutate=687.1). MAP-Elites(8x8, morphologies=3): occupied=31, pending=192, in flight=40
20:50:21: 7321x RT, 122.0 creatures/sec. Fitness: best=1520.3, avg=1048.7, new=(qd-mutate=688.1). MAP-Elites(8x8, morphologies=3): occupied=31, pending=192, in flight=40
20:50:23: 7440x RT, 124.0 creatures/sec. Fitness: best=1520.3, avg=1048.7, new=(qd-mutate=681.8). MAP-Elites(8x8, morphologies=3): occupied=31, pending=192, in flight=40
20:50:25: 7453x RT, 124.2 creatures/sec. Fitness: best=1520.3, avg=1048.7, new=(qd-mutate=698.6). MAP-Elites(8x8, morphologies=3): occupied=31, pending=192, in flight=40
20:50:27: 7399x RT, 123.3 creatures/sec. Fitness: best=1520.3, avg=1048.7, new=(qd-mutate=680.7). MAP-Elites(8x8, morphologies=3): occupied=31, pending=192, in flight=40
20:50:30: 7415x RT, 123.6 creatures/sec. Fitness: best=1520.3, avg=1048.7, new=(qd-mutate=666.1). MAP-Elites(8x8, morphologies=3): occupied=31, pending=192, in flight=40
20:50:32: 7372x RT, 122.9 creatures/sec. Fitness: best=1520.3, avg=1048.7, new=(qd-mutate=686.7). MAP-Elites(8x8, morphologies=3): occupied=31, pending=192, in flight=40
20:50:34: 7539x RT, 125.7 creatures/sec. Fitness: best=1520.3, avg=1048.7, new=(qd-mutate=674.1). MAP-Elites(8x8, morphologies=3): occupied=31, pending=192, in flight=40
20:50:36: 7463x RT, 124.4 creatures/sec. Fitness: best=1520.3, avg=1048.7, new=(qd-mutate=642.5). MAP-Elites(8x8, morphologies=3): occupied=31, pending=192, in flight=40
20:50:38: 7427x RT, 123.8 creatures/sec. Fitness: best=1520.3, avg=1048.7, new=(qd-mutate=700.4). MAP-Elites(8x8, morphologies=3): occupied=31, pending=192, in flight=40
20:50:40: 7424x RT, 123.7 creatures/sec. Fitness: best=1520.3, avg=1048.7, new=(qd-mutate=649.6). MAP-Elites(8x8, morphologies=3): occupied=31, pending=192, in flight=40
20:50:42: 7404x RT, 123.4 creatures/sec. Fitness: best=1520.3, avg=1048.7, new=(qd-mutate=677.6). MAP-Elites(8x8, morphologies=3): occupied=31, pending=192, in flight=40
20:50:44: 7491x RT, 124.8 creatures/sec. Fitness: best=1520.3, avg=1048.7, new=(qd-mutate=669.5). MAP-Elites(8x8, morphologies=3): occupied=31, pending=192, in flight=40
20:50:46: 7500x RT, 125.0 creatures/sec. Fitness: best=1520.3, avg=1048.7, new=(qd-mutate=665.6). MAP-Elites(8x8, morphologies=3): occupied=31, pending=192, in flight=40
20:50:48: 7416x RT, 123.6 creatures/sec. Fitness: best=1520.3, avg=1048.7, new=(qd-mutate=698.2). MAP-Elites(8x8, morphologies=3): occupied=31, pending=192, in flight=40
20:50:50: 7507x RT, 125.1 creatures/sec. Fitness: best=1520.3, avg=1048.7, new=(qd-mutate=690.3). MAP-Elites(8x8, morphologies=3): occupied=31, pending=192, in flight=40
20:50:52: 6315x RT, 105.3 creatures/sec. Fitness: best=1520.3, avg=1048.7, new=(qd-mutate=676.0). MAP-Elites(8x8, morphologies=3): occupied=31, pending=192, in flight=40
20:50:54: 7514x RT, 125.2 creatures/sec. Fitness: best=1520.3, avg=1048.7, new=(qd-mutate=655.2). MAP-Elites(8x8, morphologies=3): occupied=31, pending=192, in flight=40
20:50:56: 7342x RT, 122.4 creatures/sec. Fitness: best=1520.3, avg=1048.7, new=(qd-mutate=690.1). MAP-Elites(8x8, morphologies=3): occupied=31, pending=192, in flight=40
20:50:58: 7448x RT, 124.1 creatures/sec. Fitness: best=1520.3, avg=1048.7, new=(qd-mutate=684.0). MAP-Elites(8x8, morphologies=3): occupied=31, pending=192, in flight=40
20:51:00: 7360x RT, 122.7 creatures/sec. Fitness: best=1520.3, avg=1048.7, new=(qd-mutate=645.7). MAP-Elites(8x8, morphologies=3): occupied=31, pending=192, in flight=40
20:51:02: 7457x RT, 124.3 creatures/sec. Fitness: best=1520.3, avg=1048.7, new=(qd-mutate=747.7). MAP-Elites(8x8, morphologies=3): occupied=31, pending=192, in flight=40
20:51:04: 7504x RT, 125.1 creatures/sec. Fitness: best=1520.3, avg=1048.7, new=(qd-mutate=728.6). MAP-Elites(8x8, morphologies=3): occupied=31, pending=192, in flight=40
20:51:06: 7487x RT, 124.8 creatures/sec. Fitness: best=1520.3, avg=1048.7, new=(qd-mutate=676.2). MAP-Elites(8x8, morphologies=3): occupied=31, pending=192, in flight=40
20:51:08: 7512x RT, 125.2 creatures/sec. Fitness: best=1520.3, avg=1048.7, new=(qd-mutate=677.7). MAP-Elites(8x8, morphologies=3): occupied=31, pending=192, in flight=40
20:51:10: 7420x RT, 123.7 creatures/sec. Fitness: best=1520.3, avg=1048.7, new=(qd-mutate=667.3). MAP-Elites(8x8, morphologies=3): occupied=31, pending=192, in flight=40
20:51:12: 7446x RT, 124.1 creatures/sec. Fitness: best=1520.3, avg=1048.7, new=(qd-mutate=703.4). MAP-Elites(8x8, morphologies=3): occupied=31, pending=192, in flight=40
5866496 bytes written to /Users/dag/projects/Machine-Evolved-credible-training/training-runs/me-v2-harmonic-qd-01-double-gravity-8w/config.json. 
20:51:14: 7356x RT, 122.6 creatures/sec. Fitness: best=1520.3, avg=1048.7, new=(qd-mutate=664.7). MAP-Elites(8x8, morphologies=3): occupied=31, pending=192, in flight=40
20:51:16: 7506x RT, 125.1 creatures/sec. Fitness: best=1520.3, avg=1048.7, new=(qd-mutate=687.3). MAP-Elites(8x8, morphologies=3): occupied=31, pending=192, in flight=40
20:51:18: 7453x RT, 124.2 creatures/sec. Fitness: best=1520.3, avg=1048.7, new=(qd-mutate=691.1). MAP-Elites(8x8, morphologies=3): occupied=31, pending=192, in flight=40
20:51:20: 7558x RT, 126.0 creatures/sec. Fitness: best=1520.3, avg=1048.7, new=(qd-mutate=670.9). MAP-Elites(8x8, morphologies=3): occupied=31, pending=192, in flight=40
20:51:22: 7394x RT, 123.2 creatures/sec. Fitness: best=1520.3, avg=1048.7, new=(qd-mutate=686.9). MAP-Elites(8x8, morphologies=3): occupied=31, pending=192, in flight=40
20:51:24: 7482x RT, 124.7 creatures/sec. Fitness: best=1520.3, avg=1048.7, new=(qd-mutate=682.8). MAP-Elites(8x8, morphologies=3): occupied=31, pending=192, in flight=40
20:51:26: 7501x RT, 125.0 creatures/sec. Fitness: best=1520.3, avg=1048.7, new=(qd-mutate=676.9). MAP-Elites(8x8, morphologies=3): occupied=31, pending=192, in flight=40
20:51:29: 7532x RT, 125.5 creatures/sec. Fitness: best=1520.3, avg=1048.7, new=(qd-mutate=680.7). MAP-Elites(8x8, morphologies=3): occupied=31, pending=192, in flight=40
20:51:31: 7435x RT, 123.9 creatures/sec. Fitness: best=1520.3, avg=1048.7, new=(qd-mutate=654.0). MAP-Elites(8x8, morphologies=3): occupied=31, pending=192, in flight=40
20:51:33: 7437x RT, 124.0 creatures/sec. Fitness: best=1520.3, avg=1048.7, new=(qd-mutate=675.2). MAP-Elites(8x8, morphologies=3): occupied=31, pending=192, in flight=40
20:51:35: 7394x RT, 123.2 creatures/sec. Fitness: best=1520.3, avg=1049.0, new=(qd-mutate=716.9). MAP-Elites(8x8, morphologies=3): occupied=32, pending=192, in flight=40
20:51:37: 7457x RT, 124.3 creatures/sec. Fitness: best=1520.3, avg=1049.0, new=(qd-mutate=673.4). MAP-Elites(8x8, morphologies=3): occupied=32, pending=192, in flight=40
20:51:39: 7408x RT, 123.5 creatures/sec. Fitness: best=1520.3, avg=1049.0, new=(qd-mutate=644.3). MAP-Elites(8x8, morphologies=3): occupied=32, pending=192, in flight=40
20:51:41: 7413x RT, 123.6 creatures/sec. Fitness: best=1520.3, avg=1049.0, new=(qd-mutate=680.0). MAP-Elites(8x8, morphologies=3): occupied=32, pending=192, in flight=40
20:51:43: 7462x RT, 124.4 creatures/sec. Fitness: best=1520.3, avg=1049.0, new=(qd-mutate=671.7). MAP-Elites(8x8, morphologies=3): occupied=32, pending=192, in flight=40
20:51:45: 7351x RT, 122.5 creatures/sec. Fitness: best=1520.3, avg=1049.0, new=(qd-mutate=722.5). MAP-Elites(8x8, morphologies=3): occupied=32, pending=192, in flight=40
20:51:47: 7524x RT, 125.4 creatures/sec. Fitness: best=1520.3, avg=1049.0, new=(qd-mutate=636.5). MAP-Elites(8x8, morphologies=3): occupied=32, pending=192, in flight=40
20:51:49: 7450x RT, 124.2 creatures/sec. Fitness: best=1520.3, avg=1049.0, new=(qd-mutate=646.1). MAP-Elites(8x8, morphologies=3): occupied=32, pending=192, in flight=40
20:51:51: 7433x RT, 123.9 creatures/sec. Fitness: best=1520.3, avg=1049.0, new=(qd-mutate=690.6). MAP-Elites(8x8, morphologies=3): occupied=32, pending=192, in flight=40
20:51:53: 7527x RT, 125.4 creatures/sec. Fitness: best=1520.3, avg=1049.0, new=(qd-mutate=654.8). MAP-Elites(8x8, morphologies=3): occupied=32, pending=192, in flight=40
20:51:55: 7473x RT, 124.6 creatures/sec. Fitness: best=1520.3, avg=1049.0, new=(qd-mutate=703.0). MAP-Elites(8x8, morphologies=3): occupied=32, pending=192, in flight=40
20:51:57: 7411x RT, 123.5 creatures/sec. Fitness: best=1520.3, avg=1049.0, new=(qd-mutate=664.1). MAP-Elites(8x8, morphologies=3): occupied=32, pending=192, in flight=40
20:51:59: 7511x RT, 125.2 creatures/sec. Fitness: best=1520.3, avg=1049.0, new=(qd-mutate=667.2). MAP-Elites(8x8, morphologies=3): occupied=32, pending=192, in flight=40
20:52:01: 7448x RT, 124.1 creatures/sec. Fitness: best=1520.3, avg=1049.0, new=(qd-mutate=709.7). MAP-Elites(8x8, morphologies=3): occupied=32, pending=192, in flight=40
20:52:03: 7456x RT, 124.3 creatures/sec. Fitness: best=1520.3, avg=1049.0, new=(qd-mutate=648.6). MAP-Elites(8x8, morphologies=3): occupied=32, pending=192, in flight=40
20:52:05: 7483x RT, 124.7 creatures/sec. Fitness: best=1520.3, avg=1049.0, new=(qd-mutate=674.4). MAP-Elites(8x8, morphologies=3): occupied=32, pending=192, in flight=40
20:52:07: 7467x RT, 124.5 creatures/sec. Fitness: best=1520.3, avg=1049.0, new=(qd-mutate=665.4). MAP-Elites(8x8, morphologies=3): occupied=32, pending=192, in flight=40
20:52:09: 7492x RT, 124.9 creatures/sec. Fitness: best=1520.3, avg=1049.0, new=(qd-mutate=636.7). MAP-Elites(8x8, morphologies=3): occupied=32, pending=192, in flight=40
20:52:11: 7348x RT, 122.5 creatures/sec. Fitness: best=1520.3, avg=1049.0, new=(qd-mutate=670.1). MAP-Elites(8x8, morphologies=3): occupied=32, pending=192, in flight=40
20:52:13: 7546x RT, 125.8 creatures/sec. Fitness: best=1520.3, avg=1049.0, new=(qd-mutate=693.0). MAP-Elites(8x8, morphologies=3): occupied=32, pending=192, in flight=40
5863597 bytes written to /Users/dag/projects/Machine-Evolved-credible-training/training-runs/me-v2-harmonic-qd-01-double-gravity-8w/config.json. 
20:52:15: 7414x RT, 123.6 creatures/sec. Fitness: best=1520.3, avg=1049.0, new=(qd-mutate=709.1). MAP-Elites(8x8, morphologies=3): occupied=32, pending=192, in flight=40
20:52:17: 7455x RT, 124.2 creatures/sec. Fitness: best=1520.3, avg=1049.0, new=(qd-mutate=664.7). MAP-Elites(8x8, morphologies=3): occupied=32, pending=192, in flight=40
20:52:19: 7550x RT, 125.8 creatures/sec. Fitness: best=1520.3, avg=1049.0, new=(qd-mutate=696.0). MAP-Elites(8x8, morphologies=3): occupied=32, pending=192, in flight=40
20:52:21: 7388x RT, 123.1 creatures/sec. Fitness: best=1520.3, avg=1049.0, new=(qd-mutate=646.1). MAP-Elites(8x8, morphologies=3): occupied=32, pending=192, in flight=40
20:52:23: 7337x RT, 122.3 creatures/sec. Fitness: best=1520.3, avg=1049.0, new=(qd-mutate=668.3). MAP-Elites(8x8, morphologies=3): occupied=32, pending=192, in flight=40
20:52:25: 7558x RT, 126.0 creatures/sec. Fitness: best=1520.3, avg=1049.0, new=(qd-mutate=680.0). MAP-Elites(8x8, morphologies=3): occupied=32, pending=192, in flight=40
20:52:27: 7473x RT, 124.6 creatures/sec. Fitness: best=1520.3, avg=1049.0, new=(qd-mutate=690.1). MAP-Elites(8x8, morphologies=3): occupied=32, pending=192, in flight=40
20:52:29: 7527x RT, 125.4 creatures/sec. Fitness: best=1520.3, avg=1049.0, new=(qd-mutate=649.9). MAP-Elites(8x8, morphologies=3): occupied=32, pending=192, in flight=40
20:52:31: 7419x RT, 123.6 creatures/sec. Fitness: best=1520.3, avg=1049.0, new=(qd-mutate=682.5). MAP-Elites(8x8, morphologies=3): occupied=32, pending=192, in flight=40
20:52:33: 7459x RT, 124.3 creatures/sec. Fitness: best=1520.3, avg=1049.0, new=(qd-mutate=704.9). MAP-Elites(8x8, morphologies=3): occupied=32, pending=192, in flight=40
20:52:35: 7463x RT, 124.4 creatures/sec. Fitness: best=1520.3, avg=1049.0, new=(qd-mutate=657.2). MAP-Elites(8x8, morphologies=3): occupied=32, pending=192, in flight=40
20:52:37: 7504x RT, 125.1 creatures/sec. Fitness: best=1520.3, avg=1049.0, new=(qd-mutate=668.0). MAP-Elites(8x8, morphologies=3): occupied=32, pending=192, in flight=40
20:52:39: 7466x RT, 124.4 creatures/sec. Fitness: best=1520.3, avg=1049.0, new=(qd-mutate=680.8). MAP-Elites(8x8, morphologies=3): occupied=32, pending=192, in flight=40
20:52:41: 7521x RT, 125.4 creatures/sec. Fitness: best=1520.3, avg=1049.0, new=(qd-mutate=640.9). MAP-Elites(8x8, morphologies=3): occupied=32, pending=192, in flight=40
20:52:43: 7457x RT, 124.3 creatures/sec. Fitness: best=1520.3, avg=1049.0, new=(qd-mutate=662.6). MAP-Elites(8x8, morphologies=3): occupied=32, pending=192, in flight=40
20:52:45: 7487x RT, 124.8 creatures/sec. Fitness: best=1520.3, avg=1049.0, new=(qd-mutate=669.9). MAP-Elites(8x8, morphologies=3): occupied=32, pending=192, in flight=40
20:52:47: 7386x RT, 123.1 creatures/sec. Fitness: best=1520.3, avg=1049.0, new=(qd-mutate=629.9). MAP-Elites(8x8, morphologies=3): occupied=32, pending=192, in flight=40
20:52:50: 7433x RT, 123.9 creatures/sec. Fitness: best=1520.3, avg=1049.0, new=(qd-mutate=657.4). MAP-Elites(8x8, morphologies=3): occupied=32, pending=192, in flight=40
20:52:52: 7537x RT, 125.6 creatures/sec. Fitness: best=1520.3, avg=1049.0, new=(qd-mutate=688.0). MAP-Elites(8x8, morphologies=3): occupied=32, pending=192, in flight=40
20:52:54: 7453x RT, 124.2 creatures/sec. Fitness: best=1520.3, avg=1049.0, new=(qd-mutate=670.6). MAP-Elites(8x8, morphologies=3): occupied=32, pending=192, in flight=40
20:52:56: 7398x RT, 123.3 creatures/sec. Fitness: best=1520.3, avg=1049.0, new=(qd-mutate=654.3). MAP-Elites(8x8, morphologies=3): occupied=32, pending=192, in flight=40
20:52:58: 7402x RT, 123.4 creatures/sec. Fitness: best=1520.3, avg=1049.0, new=(qd-mutate=667.6). MAP-Elites(8x8, morphologies=3): occupied=32, pending=192, in flight=40
20:53:00: 7461x RT, 124.3 creatures/sec. Fitness: best=1520.3, avg=1049.0, new=(qd-mutate=646.2). MAP-Elites(8x8, morphologies=3): occupied=32, pending=192, in flight=40
20:53:02: 7480x RT, 124.7 creatures/sec. Fitness: best=1520.3, avg=1049.0, new=(qd-mutate=684.2). MAP-Elites(8x8, morphologies=3): occupied=32, pending=192, in flight=40
20:53:04: 7464x RT, 124.4 creatures/sec. Fitness: best=1520.3, avg=1049.0, new=(qd-mutate=715.4). MAP-Elites(8x8, morphologies=3): occupied=32, pending=192, in flight=40
20:53:06: 7482x RT, 124.7 creatures/sec. Fitness: best=1520.3, avg=1049.0, new=(qd-mutate=678.6). MAP-Elites(8x8, morphologies=3): occupied=32, pending=192, in flight=40
20:53:08: 7467x RT, 124.5 creatures/sec. Fitness: best=1520.3, avg=1049.0, new=(qd-mutate=660.8). MAP-Elites(8x8, morphologies=3): occupied=32, pending=192, in flight=40
20:53:10: 7431x RT, 123.9 creatures/sec. Fitness: best=1520.3, avg=1049.0, new=(qd-mutate=711.6). MAP-Elites(8x8, morphologies=3): occupied=32, pending=192, in flight=40
20:53:12: 7445x RT, 124.1 creatures/sec. Fitness: best=1520.3, avg=1049.0, new=(qd-mutate=693.2). MAP-Elites(8x8, morphologies=3): occupied=32, pending=192, in flight=40
5861038 bytes written to /Users/dag/projects/Machine-Evolved-credible-training/training-runs/me-v2-harmonic-qd-01-double-gravity-8w/config.json. 
20:53:14: 7428x RT, 123.8 creatures/sec. Fitness: best=1520.3, avg=1049.0, new=(qd-mutate=689.3). MAP-Elites(8x8, morphologies=3): occupied=32, pending=192, in flight=40
20:53:16: 7484x RT, 124.7 creatures/sec. Fitness: best=1520.3, avg=1049.0, new=(qd-mutate=685.1). MAP-Elites(8x8, morphologies=3): occupied=32, pending=192, in flight=40
20:53:18: 7435x RT, 123.9 creatures/sec. Fitness: best=1520.3, avg=1049.0, new=(qd-mutate=646.3). MAP-Elites(8x8, morphologies=3): occupied=32, pending=192, in flight=40
20:53:20: 7491x RT, 124.8 creatures/sec. Fitness: best=1520.3, avg=1049.0, new=(qd-mutate=689.6). MAP-Elites(8x8, morphologies=3): occupied=32, pending=192, in flight=40
20:53:22: 7357x RT, 122.6 creatures/sec. Fitness: best=1520.3, avg=1049.0, new=(qd-mutate=718.6). MAP-Elites(8x8, morphologies=3): occupied=32, pending=192, in flight=40
20:53:24: 7416x RT, 123.6 creatures/sec. Fitness: best=1520.3, avg=1049.0, new=(qd-mutate=684.8). MAP-Elites(8x8, morphologies=3): occupied=32, pending=192, in flight=40
20:53:26: 7548x RT, 125.8 creatures/sec. Fitness: best=1520.3, avg=1049.0, new=(qd-mutate=696.6). MAP-Elites(8x8, morphologies=3): occupied=32, pending=192, in flight=40
20:53:28: 7427x RT, 123.8 creatures/sec. Fitness: best=1520.3, avg=1049.0, new=(qd-mutate=693.5). MAP-Elites(8x8, morphologies=3): occupied=32, pending=192, in flight=40
20:53:30: 7072x RT, 117.9 creatures/sec. Fitness: best=1520.3, avg=1049.0, new=(qd-mutate=674.4). MAP-Elites(8x8, morphologies=3): occupied=32, pending=192, in flight=40
20:53:32: 7352x RT, 122.5 creatures/sec. Fitness: best=1520.3, avg=1049.0, new=(qd-mutate=690.8). MAP-Elites(8x8, morphologies=3): occupied=32, pending=192, in flight=40
20:53:34: 7488x RT, 124.8 creatures/sec. Fitness: best=1520.3, avg=1049.0, new=(qd-mutate=659.0). MAP-Elites(8x8, morphologies=3): occupied=32, pending=192, in flight=40
20:53:36: 7515x RT, 125.2 creatures/sec. Fitness: best=1520.3, avg=1049.0, new=(qd-mutate=642.7). MAP-Elites(8x8, morphologies=3): occupied=32, pending=192, in flight=40
20:53:38: 7485x RT, 124.7 creatures/sec. Fitness: best=1520.3, avg=1049.0, new=(qd-mutate=686.6). MAP-Elites(8x8, morphologies=3): occupied=32, pending=192, in flight=40
20:53:40: 7474x RT, 124.6 creatures/sec. Fitness: best=1520.3, avg=1049.0, new=(qd-mutate=650.7). MAP-Elites(8x8, morphologies=3): occupied=32, pending=192, in flight=40
20:53:42: 7398x RT, 123.3 creatures/sec. Fitness: best=1520.3, avg=1049.0, new=(qd-mutate=653.1). MAP-Elites(8x8, morphologies=3): occupied=32, pending=192, in flight=40
20:53:44: 7508x RT, 125.1 creatures/sec. Fitness: best=1520.3, avg=1055.9, new=(qd-mutate=667.7). MAP-Elites(8x8, morphologies=3): occupied=32, pending=192, in flight=40
20:53:47: 7458x RT, 124.3 creatures/sec. Fitness: best=1520.3, avg=1055.9, new=(qd-mutate=647.1). MAP-Elites(8x8, morphologies=3): occupied=32, pending=192, in flight=40
20:53:49: 7446x RT, 124.1 creatures/sec. Fitness: best=1520.3, avg=1055.9, new=(qd-mutate=626.7). MAP-Elites(8x8, morphologies=3): occupied=32, pending=192, in flight=40
20:53:51: 7516x RT, 125.3 creatures/sec. Fitness: best=1520.3, avg=1055.9, new=(qd-mutate=629.7). MAP-Elites(8x8, morphologies=3): occupied=32, pending=192, in flight=40
20:53:53: 7424x RT, 123.7 creatures/sec. Fitness: best=1520.3, avg=1055.9, new=(qd-mutate=702.8). MAP-Elites(8x8, morphologies=3): occupied=32, pending=192, in flight=40
20:53:55: 7469x RT, 124.5 creatures/sec. Fitness: best=1520.3, avg=1055.9, new=(qd-mutate=670.3). MAP-Elites(8x8, morphologies=3): occupied=32, pending=192, in flight=40
20:53:57: 7496x RT, 124.9 creatures/sec. Fitness: best=1520.3, avg=1055.9, new=(qd-mutate=685.4). MAP-Elites(8x8, morphologies=3): occupied=32, pending=192, in flight=40
20:53:59: 7495x RT, 124.9 creatures/sec. Fitness: best=1520.3, avg=1055.9, new=(qd-mutate=675.9). MAP-Elites(8x8, morphologies=3): occupied=32, pending=192, in flight=40
20:54:01: 7491x RT, 124.9 creatures/sec. Fitness: best=1520.3, avg=1055.9, new=(qd-mutate=631.8). MAP-Elites(8x8, morphologies=3): occupied=32, pending=192, in flight=40
20:54:03: 7361x RT, 122.7 creatures/sec. Fitness: best=1520.3, avg=1055.9, new=(qd-mutate=681.3). MAP-Elites(8x8, morphologies=3): occupied=32, pending=192, in flight=40
20:54:05: 7548x RT, 125.8 creatures/sec. Fitness: best=1520.3, avg=1055.9, new=(qd-mutate=660.5). MAP-Elites(8x8, morphologies=3): occupied=32, pending=192, in flight=40
20:54:07: 7436x RT, 123.9 creatures/sec. Fitness: best=1520.3, avg=1055.9, new=(qd-mutate=675.4). MAP-Elites(8x8, morphologies=3): occupied=32, pending=192, in flight=40
20:54:09: 7446x RT, 124.1 creatures/sec. Fitness: best=1520.3, avg=1055.9, new=(qd-mutate=639.8). MAP-Elites(8x8, morphologies=3): occupied=32, pending=192, in flight=40
20:54:11: 7390x RT, 123.2 creatures/sec. Fitness: best=1520.3, avg=1055.9, new=(qd-mutate=705.5). MAP-Elites(8x8, morphologies=3): occupied=32, pending=192, in flight=40
20:54:13: 7410x RT, 123.5 creatures/sec. Fitness: best=1520.3, avg=1055.9, new=(qd-mutate=666.7). MAP-Elites(8x8, morphologies=3): occupied=32, pending=192, in flight=40
5848865 bytes written to /Users/dag/projects/Machine-Evolved-credible-training/training-runs/me-v2-harmonic-qd-01-double-gravity-8w/config.json. 
20:54:15: 7442x RT, 124.0 creatures/sec. Fitness: best=1520.3, avg=1055.9, new=(qd-mutate=697.9). MAP-Elites(8x8, morphologies=3): occupied=32, pending=192, in flight=40
20:54:17: 7485x RT, 124.7 creatures/sec. Fitness: best=1520.3, avg=1055.9, new=(qd-mutate=673.2). MAP-Elites(8x8, morphologies=3): occupied=32, pending=192, in flight=40
20:54:19: 7447x RT, 124.1 creatures/sec. Fitness: best=1520.3, avg=1055.9, new=(qd-mutate=683.3). MAP-Elites(8x8, morphologies=3): occupied=32, pending=192, in flight=40
20:54:21: 7338x RT, 122.3 creatures/sec. Fitness: best=1520.3, avg=1055.9, new=(qd-mutate=660.0). MAP-Elites(8x8, morphologies=3): occupied=32, pending=192, in flight=40
20:54:23: 7128x RT, 118.8 creatures/sec. Fitness: best=1520.3, avg=1058.1, new=(qd-mutate=686.1). MAP-Elites(8x8, morphologies=3): occupied=32, pending=192, in flight=40
20:54:25: 7432x RT, 123.9 creatures/sec. Fitness: best=1520.3, avg=1058.1, new=(qd-mutate=672.2). MAP-Elites(8x8, morphologies=3): occupied=32, pending=192, in flight=40
20:54:27: 7382x RT, 123.0 creatures/sec. Fitness: best=1520.3, avg=1058.1, new=(qd-mutate=662.3). MAP-Elites(8x8, morphologies=3): occupied=32, pending=192, in flight=40
20:54:29: 7525x RT, 125.4 creatures/sec. Fitness: best=1520.3, avg=1058.1, new=(qd-mutate=661.6). MAP-Elites(8x8, morphologies=3): occupied=32, pending=192, in flight=40
20:54:31: 7415x RT, 123.6 creatures/sec. Fitness: best=1520.3, avg=1058.1, new=(qd-mutate=710.4). MAP-Elites(8x8, morphologies=3): occupied=32, pending=192, in flight=40
20:54:33: 7497x RT, 124.9 creatures/sec. Fitness: best=1520.3, avg=1058.1, new=(qd-mutate=686.9). MAP-Elites(8x8, morphologies=3): occupied=32, pending=192, in flight=40
20:54:35: 7498x RT, 125.0 creatures/sec. Fitness: best=1520.3, avg=1058.1, new=(qd-mutate=672.2). MAP-Elites(8x8, morphologies=3): occupied=32, pending=192, in flight=40
20:54:37: 7400x RT, 123.3 creatures/sec. Fitness: best=1520.3, avg=1058.1, new=(qd-mutate=673.0). MAP-Elites(8x8, morphologies=3): occupied=32, pending=192, in flight=40
20:54:39: 7414x RT, 123.6 creatures/sec. Fitness: best=1520.3, avg=1058.1, new=(qd-mutate=651.4). MAP-Elites(8x8, morphologies=3): occupied=32, pending=192, in flight=40
20:54:41: 7454x RT, 124.2 creatures/sec. Fitness: best=1520.3, avg=1058.1, new=(qd-mutate=671.1). MAP-Elites(8x8, morphologies=3): occupied=32, pending=192, in flight=40
20:54:43: 7499x RT, 125.0 creatures/sec. Fitness: best=1520.3, avg=1058.1, new=(qd-mutate=717.4). MAP-Elites(8x8, morphologies=3): occupied=32, pending=192, in flight=40
20:54:45: 7454x RT, 124.2 creatures/sec. Fitness: best=1520.3, avg=1058.1, new=(qd-mutate=675.1). MAP-Elites(8x8, morphologies=3): occupied=32, pending=192, in flight=40
20:54:47: 7482x RT, 124.7 creatures/sec. Fitness: best=1520.3, avg=1058.1, new=(qd-mutate=665.9). MAP-Elites(8x8, morphologies=3): occupied=32, pending=192, in flight=40
20:54:49: 7427x RT, 123.8 creatures/sec. Fitness: best=1520.3, avg=1058.1, new=(qd-mutate=675.9). MAP-Elites(8x8, morphologies=3): occupied=32, pending=192, in flight=40
20:54:51: 7460x RT, 124.3 creatures/sec. Fitness: best=1520.3, avg=1058.1, new=(qd-mutate=663.0). MAP-Elites(8x8, morphologies=3): occupied=32, pending=192, in flight=40
20:54:53: 7465x RT, 124.4 creatures/sec. Fitness: best=1520.3, avg=1058.1, new=(qd-mutate=681.6). MAP-Elites(8x8, morphologies=3): occupied=32, pending=192, in flight=40
20:54:55: 7424x RT, 123.7 creatures/sec. Fitness: best=1520.3, avg=1058.1, new=(qd-mutate=660.2). MAP-Elites(8x8, morphologies=3): occupied=32, pending=192, in flight=40
20:54:57: 7441x RT, 124.0 creatures/sec. Fitness: best=1520.3, avg=1058.1, new=(qd-mutate=679.3). MAP-Elites(8x8, morphologies=3): occupied=32, pending=192, in flight=40
20:54:59: 7517x RT, 125.3 creatures/sec. Fitness: best=1520.3, avg=1058.1, new=(qd-mutate=664.1). MAP-Elites(8x8, morphologies=3): occupied=32, pending=192, in flight=40
20:55:01: 7374x RT, 122.9 creatures/sec. Fitness: best=1520.3, avg=1058.1, new=(qd-mutate=677.1). MAP-Elites(8x8, morphologies=3): occupied=32, pending=192, in flight=40
20:55:03: 7408x RT, 123.5 creatures/sec. Fitness: best=1520.3, avg=1058.1, new=(qd-mutate=697.2). MAP-Elites(8x8, morphologies=3): occupied=32, pending=192, in flight=40
20:55:05: 7498x RT, 125.0 creatures/sec. Fitness: best=1520.3, avg=1058.1, new=(qd-mutate=687.2). MAP-Elites(8x8, morphologies=3): occupied=32, pending=192, in flight=40
20:55:07: 7414x RT, 123.6 creatures/sec. Fitness: best=1520.3, avg=1058.1, new=(qd-mutate=656.1). MAP-Elites(8x8, morphologies=3): occupied=32, pending=192, in flight=40
20:55:09: 7527x RT, 125.4 creatures/sec. Fitness: best=1520.3, avg=1058.1, new=(qd-mutate=699.1). MAP-Elites(8x8, morphologies=3): occupied=32, pending=192, in flight=40
20:55:11: 7352x RT, 122.5 creatures/sec. Fitness: best=1520.3, avg=1058.1, new=(qd-mutate=637.3). MAP-Elites(8x8, morphologies=3): occupied=32, pending=192, in flight=40
5869180 bytes written to /Users/dag/projects/Machine-Evolved-credible-training/training-runs/me-v2-harmonic-qd-01-double-gravity-8w/config.json. 
20:55:14: 7247x RT, 120.8 creatures/sec. Fitness: best=1520.3, avg=1058.1, new=(qd-mutate=675.9). MAP-Elites(8x8, morphologies=3): occupied=32, pending=192, in flight=40
20:55:16: 7702x RT, 128.4 creatures/sec. Fitness: best=1520.3, avg=1058.1, new=(qd-mutate=697.8). MAP-Elites(8x8, morphologies=3): occupied=32, pending=192, in flight=40
20:55:18: 7491x RT, 124.9 creatures/sec. Fitness: best=1520.3, avg=1058.1, new=(qd-mutate=672.5). MAP-Elites(8x8, morphologies=3): occupied=32, pending=192, in flight=40
20:55:20: 7504x RT, 125.1 creatures/sec. Fitness: best=1520.3, avg=1058.1, new=(qd-mutate=658.0). MAP-Elites(8x8, morphologies=3): occupied=32, pending=192, in flight=40
20:55:22: 7412x RT, 123.5 creatures/sec. Fitness: best=1520.3, avg=1058.1, new=(qd-mutate=648.9). MAP-Elites(8x8, morphologies=3): occupied=32, pending=192, in flight=40
20:55:24: 7357x RT, 122.6 creatures/sec. Fitness: best=1520.3, avg=1058.1, new=(qd-mutate=668.6). MAP-Elites(8x8, morphologies=3): occupied=32, pending=192, in flight=40
20:55:26: 7451x RT, 124.2 creatures/sec. Fitness: best=1520.3, avg=1058.1, new=(qd-mutate=691.0). MAP-Elites(8x8, morphologies=3): occupied=32, pending=192, in flight=40
20:55:28: 7367x RT, 122.8 creatures/sec. Fitness: best=1520.3, avg=1058.1, new=(qd-mutate=670.4). MAP-Elites(8x8, morphologies=3): occupied=32, pending=192, in flight=40
20:55:30: 7435x RT, 123.9 creatures/sec. Fitness: best=1520.3, avg=1058.1, new=(qd-mutate=685.6). MAP-Elites(8x8, morphologies=3): occupied=32, pending=192, in flight=40
20:55:32: 7520x RT, 125.3 creatures/sec. Fitness: best=1520.3, avg=1058.1, new=(qd-mutate=651.1). MAP-Elites(8x8, morphologies=3): occupied=32, pending=192, in flight=40
20:55:34: 7466x RT, 124.4 creatures/sec. Fitness: best=1520.3, avg=1058.1, new=(qd-mutate=691.4). MAP-Elites(8x8, morphologies=3): occupied=32, pending=192, in flight=40
20:55:36: 7281x RT, 121.3 creatures/sec. Fitness: best=1520.3, avg=1058.1, new=(qd-mutate=681.2). MAP-Elites(8x8, morphologies=3): occupied=32, pending=192, in flight=40
20:55:38: 7512x RT, 125.2 creatures/sec. Fitness: best=1520.3, avg=1058.1, new=(qd-mutate=706.7). MAP-Elites(8x8, morphologies=3): occupied=32, pending=192, in flight=40
20:55:40: 7379x RT, 123.0 creatures/sec. Fitness: best=1520.3, avg=1058.1, new=(qd-mutate=694.6). MAP-Elites(8x8, morphologies=3): occupied=32, pending=192, in flight=40
20:55:42: 7478x RT, 124.6 creatures/sec. Fitness: best=1520.3, avg=1058.1, new=(qd-mutate=719.3). MAP-Elites(8x8, morphologies=3): occupied=32, pending=192, in flight=40
20:55:44: 7482x RT, 124.7 creatures/sec. Fitness: best=1520.3, avg=1058.1, new=(qd-mutate=654.3). MAP-Elites(8x8, morphologies=3): occupied=32, pending=192, in flight=40
20:55:46: 7449x RT, 124.2 creatures/sec. Fitness: best=1520.3, avg=1058.1, new=(qd-mutate=636.1). MAP-Elites(8x8, morphologies=3): occupied=32, pending=192, in flight=40
20:55:48: 7416x RT, 123.6 creatures/sec. Fitness: best=1520.3, avg=1058.1, new=(qd-mutate=639.2). MAP-Elites(8x8, morphologies=3): occupied=32, pending=192, in flight=40
20:55:50: 7461x RT, 124.3 creatures/sec. Fitness: best=1520.3, avg=1058.1, new=(qd-mutate=659.4). MAP-Elites(8x8, morphologies=3): occupied=32, pending=192, in flight=40
20:55:52: 7557x RT, 125.9 creatures/sec. Fitness: best=1520.3, avg=1058.1, new=(qd-mutate=663.2). MAP-Elites(8x8, morphologies=3): occupied=32, pending=192, in flight=40
20:55:54: 7413x RT, 123.5 creatures/sec. Fitness: best=1520.3, avg=1058.1, new=(qd-mutate=672.6). MAP-Elites(8x8, morphologies=3): occupied=32, pending=192, in flight=40
20:55:56: 7386x RT, 123.1 creatures/sec. Fitness: best=1520.3, avg=1058.1, new=(qd-mutate=626.4). MAP-Elites(8x8, morphologies=3): occupied=32, pending=192, in flight=40
20:55:58: 7536x RT, 125.6 creatures/sec. Fitness: best=1520.3, avg=1058.1, new=(qd-mutate=692.9). MAP-Elites(8x8, morphologies=3): occupied=32, pending=192, in flight=40
20:56:00: 7420x RT, 123.7 creatures/sec. Fitness: best=1520.3, avg=1058.7, new=(qd-mutate=635.1). MAP-Elites(8x8, morphologies=3): occupied=32, pending=192, in flight=40
20:56:02: 7402x RT, 123.4 creatures/sec. Fitness: best=1520.3, avg=1058.7, new=(qd-mutate=703.0). MAP-Elites(8x8, morphologies=3): occupied=32, pending=192, in flight=40
20:56:04: 7271x RT, 121.2 creatures/sec. Fitness: best=1520.3, avg=1058.7, new=(qd-mutate=679.8). MAP-Elites(8x8, morphologies=3): occupied=32, pending=192, in flight=40
20:56:07: 7406x RT, 123.4 creatures/sec. Fitness: best=1520.3, avg=1058.7, new=(qd-mutate=678.9). MAP-Elites(8x8, morphologies=3): occupied=32, pending=192, in flight=40
20:56:09: 7511x RT, 125.2 creatures/sec. Fitness: best=1520.3, avg=1058.7, new=(qd-mutate=684.0). MAP-Elites(8x8, morphologies=3): occupied=32, pending=192, in flight=40
20:56:11: 7390x RT, 123.2 creatures/sec. Fitness: best=1520.3, avg=1058.7, new=(qd-mutate=671.2). MAP-Elites(8x8, morphologies=3): occupied=32, pending=192, in flight=40
20:56:13: 7468x RT, 124.5 creatures/sec. Fitness: best=1520.3, avg=1058.7, new=(qd-mutate=635.2). MAP-Elites(8x8, morphologies=3): occupied=32, pending=192, in flight=40
5867955 bytes written to /Users/dag/projects/Machine-Evolved-credible-training/training-runs/me-v2-harmonic-qd-01-double-gravity-8w/config.json. 
20:56:15: 7440x RT, 124.0 creatures/sec. Fitness: best=1520.3, avg=1058.7, new=(qd-mutate=682.3). MAP-Elites(8x8, morphologies=3): occupied=32, pending=192, in flight=40
20:56:17: 7389x RT, 123.2 creatures/sec. Fitness: best=1520.3, avg=1058.7, new=(qd-mutate=688.4). MAP-Elites(8x8, morphologies=3): occupied=32, pending=192, in flight=40
20:56:19: 7515x RT, 125.3 creatures/sec. Fitness: best=1520.3, avg=1058.7, new=(qd-mutate=655.3). MAP-Elites(8x8, morphologies=3): occupied=32, pending=192, in flight=40
20:56:21: 7406x RT, 123.4 creatures/sec. Fitness: best=1520.3, avg=1058.7, new=(qd-mutate=703.4). MAP-Elites(8x8, morphologies=3): occupied=32, pending=192, in flight=40
20:56:23: 7435x RT, 123.9 creatures/sec. Fitness: best=1520.3, avg=1058.7, new=(qd-mutate=669.4). MAP-Elites(8x8, morphologies=3): occupied=32, pending=192, in flight=40
20:56:25: 6744x RT, 112.4 creatures/sec. Fitness: best=1520.3, avg=1058.7, new=(qd-mutate=694.8). MAP-Elites(8x8, morphologies=3): occupied=32, pending=192, in flight=40
20:56:27: 7499x RT, 125.0 creatures/sec. Fitness: best=1520.3, avg=1058.7, new=(qd-mutate=669.3). MAP-Elites(8x8, morphologies=3): occupied=32, pending=192, in flight=40
20:56:29: 7412x RT, 123.5 creatures/sec. Fitness: best=1520.3, avg=1058.7, new=(qd-mutate=665.8). MAP-Elites(8x8, morphologies=3): occupied=32, pending=192, in flight=40
20:56:31: 7503x RT, 125.0 creatures/sec. Fitness: best=1520.3, avg=1058.7, new=(qd-mutate=666.3). MAP-Elites(8x8, morphologies=3): occupied=32, pending=192, in flight=40
20:56:33: 7527x RT, 125.5 creatures/sec. Fitness: best=1520.3, avg=1058.7, new=(qd-mutate=642.9). MAP-Elites(8x8, morphologies=3): occupied=32, pending=192, in flight=40
20:56:35: 7448x RT, 124.1 creatures/sec. Fitness: best=1520.3, avg=1058.7, new=(qd-mutate=683.9). MAP-Elites(8x8, morphologies=3): occupied=32, pending=192, in flight=40
20:56:37: 7483x RT, 124.7 creatures/sec. Fitness: best=1520.3, avg=1058.7, new=(qd-mutate=663.8). MAP-Elites(8x8, morphologies=3): occupied=32, pending=192, in flight=40
20:56:39: 7383x RT, 123.1 creatures/sec. Fitness: best=1520.3, avg=1058.7, new=(qd-mutate=687.4). MAP-Elites(8x8, morphologies=3): occupied=32, pending=192, in flight=40
20:56:41: 7504x RT, 125.1 creatures/sec. Fitness: best=1520.3, avg=1058.7, new=(qd-mutate=671.5). MAP-Elites(8x8, morphologies=3): occupied=32, pending=192, in flight=40
20:56:43: 7390x RT, 123.2 creatures/sec. Fitness: best=1520.3, avg=1058.7, new=(qd-mutate=672.4). MAP-Elites(8x8, morphologies=3): occupied=32, pending=192, in flight=40
20:56:45: 7484x RT, 124.7 creatures/sec. Fitness: best=1520.3, avg=1058.7, new=(qd-mutate=660.9). MAP-Elites(8x8, morphologies=3): occupied=32, pending=192, in flight=40
20:56:47: 7292x RT, 121.5 creatures/sec. Fitness: best=1520.3, avg=1058.7, new=(qd-mutate=661.9). MAP-Elites(8x8, morphologies=3): occupied=32, pending=192, in flight=40
20:56:49: 7390x RT, 123.2 creatures/sec. Fitness: best=1520.3, avg=1058.7, new=(qd-mutate=667.5). MAP-Elites(8x8, morphologies=3): occupied=32, pending=192, in flight=40
20:56:51: 7507x RT, 125.1 creatures/sec. Fitness: best=1520.3, avg=1058.7, new=(qd-mutate=661.7). MAP-Elites(8x8, morphologies=3): occupied=32, pending=192, in flight=40
20:56:53: 7511x RT, 125.2 creatures/sec. Fitness: best=1520.3, avg=1058.7, new=(qd-mutate=679.4). MAP-Elites(8x8, morphologies=3): occupied=32, pending=192, in flight=40
20:56:55: 7358x RT, 122.6 creatures/sec. Fitness: best=1520.3, avg=1058.7, new=(qd-mutate=689.1). MAP-Elites(8x8, morphologies=3): occupied=32, pending=192, in flight=40
20:56:57: 7457x RT, 124.3 creatures/sec. Fitness: best=1520.3, avg=1058.7, new=(qd-mutate=628.6). MAP-Elites(8x8, morphologies=3): occupied=32, pending=192, in flight=40
20:56:59: 7460x RT, 124.3 creatures/sec. Fitness: best=1520.3, avg=1058.7, new=(qd-mutate=639.0). MAP-Elites(8x8, morphologies=3): occupied=32, pending=192, in flight=40
20:57:01: 7416x RT, 123.6 creatures/sec. Fitness: best=1520.3, avg=1058.7, new=(qd-mutate=702.1). MAP-Elites(8x8, morphologies=3): occupied=32, pending=192, in flight=40
20:57:03: 7480x RT, 124.7 creatures/sec. Fitness: best=1520.3, avg=1058.7, new=(qd-mutate=708.4). MAP-Elites(8x8, morphologies=3): occupied=32, pending=192, in flight=40
20:57:05: 7388x RT, 123.1 creatures/sec. Fitness: best=1520.3, avg=1058.7, new=(qd-mutate=653.4). MAP-Elites(8x8, morphologies=3): occupied=32, pending=192, in flight=40
20:57:07: 7473x RT, 124.5 creatures/sec. Fitness: best=1520.3, avg=1058.7, new=(qd-mutate=688.4). MAP-Elites(8x8, morphologies=3): occupied=32, pending=192, in flight=40
20:57:10: 7414x RT, 123.6 creatures/sec. Fitness: best=1520.3, avg=1058.7, new=(qd-mutate=697.2). MAP-Elites(8x8, morphologies=3): occupied=32, pending=192, in flight=40
20:57:12: 7442x RT, 124.0 creatures/sec. Fitness: best=1520.3, avg=1058.7, new=(qd-mutate=684.3). MAP-Elites(8x8, morphologies=3): occupied=32, pending=192, in flight=40
5859714 bytes written to /Users/dag/projects/Machine-Evolved-credible-training/training-runs/me-v2-harmonic-qd-01-double-gravity-8w/config.json. 
20:57:14: 7337x RT, 122.3 creatures/sec. Fitness: best=1520.3, avg=1058.7, new=(qd-mutate=686.5). MAP-Elites(8x8, morphologies=3): occupied=32, pending=192, in flight=40
20:57:16: 7518x RT, 125.3 creatures/sec. Fitness: best=1520.3, avg=1058.7, new=(qd-mutate=692.1). MAP-Elites(8x8, morphologies=3): occupied=32, pending=192, in flight=40
20:57:18: 7387x RT, 123.1 creatures/sec. Fitness: best=1520.3, avg=1058.7, new=(qd-mutate=682.5). MAP-Elites(8x8, morphologies=3): occupied=32, pending=192, in flight=40
20:57:20: 7506x RT, 125.1 creatures/sec. Fitness: best=1520.3, avg=1058.7, new=(qd-mutate=668.0). MAP-Elites(8x8, morphologies=3): occupied=32, pending=192, in flight=40
20:57:22: 7394x RT, 123.2 creatures/sec. Fitness: best=1520.3, avg=1060.6, new=(qd-mutate=680.4). MAP-Elites(8x8, morphologies=3): occupied=32, pending=192, in flight=40
20:57:24: 7424x RT, 123.7 creatures/sec. Fitness: best=1520.3, avg=1060.6, new=(qd-mutate=689.5). MAP-Elites(8x8, morphologies=3): occupied=32, pending=192, in flight=40
20:57:26: 7510x RT, 125.2 creatures/sec. Fitness: best=1520.3, avg=1060.6, new=(qd-mutate=668.5). MAP-Elites(8x8, morphologies=3): occupied=32, pending=192, in flight=40
20:57:28: 7430x RT, 123.8 creatures/sec. Fitness: best=1520.3, avg=1060.6, new=(qd-mutate=700.6). MAP-Elites(8x8, morphologies=3): occupied=32, pending=192, in flight=40
20:57:30: 7470x RT, 124.5 creatures/sec. Fitness: best=1520.3, avg=1060.6, new=(qd-mutate=673.0). MAP-Elites(8x8, morphologies=3): occupied=32, pending=192, in flight=40
20:57:32: 7427x RT, 123.8 creatures/sec. Fitness: best=1520.3, avg=1060.6, new=(qd-mutate=658.5). MAP-Elites(8x8, morphologies=3): occupied=32, pending=192, in flight=40
20:57:34: 7437x RT, 124.0 creatures/sec. Fitness: best=1520.3, avg=1060.6, new=(qd-mutate=667.5). MAP-Elites(8x8, morphologies=3): occupied=32, pending=192, in flight=40
20:57:36: 7483x RT, 124.7 creatures/sec. Fitness: best=1520.3, avg=1060.6, new=(qd-mutate=661.9). MAP-Elites(8x8, morphologies=3): occupied=32, pending=192, in flight=40
20:57:38: 7522x RT, 125.4 creatures/sec. Fitness: best=1520.3, avg=1060.6, new=(qd-mutate=723.6). MAP-Elites(8x8, morphologies=3): occupied=32, pending=192, in flight=40
20:57:40: 7524x RT, 125.4 creatures/sec. Fitness: best=1520.3, avg=1060.6, new=(qd-mutate=678.7). MAP-Elites(8x8, morphologies=3): occupied=32, pending=192, in flight=40
20:57:42: 7411x RT, 123.5 creatures/sec. Fitness: best=1520.3, avg=1060.6, new=(qd-mutate=692.5). MAP-Elites(8x8, morphologies=3): occupied=32, pending=192, in flight=40
20:57:44: 7445x RT, 124.1 creatures/sec. Fitness: best=1520.3, avg=1060.6, new=(qd-mutate=660.4). MAP-Elites(8x8, morphologies=3): occupied=32, pending=192, in flight=40
20:57:46: 7462x RT, 124.4 creatures/sec. Fitness: best=1520.3, avg=1060.6, new=(qd-mutate=674.7). MAP-Elites(8x8, morphologies=3): occupied=32, pending=192, in flight=40
20:57:48: 7474x RT, 124.6 creatures/sec. Fitness: best=1520.3, avg=1060.6, new=(qd-mutate=639.2). MAP-Elites(8x8, morphologies=3): occupied=32, pending=192, in flight=40
20:57:50: 7419x RT, 123.7 creatures/sec. Fitness: best=1520.3, avg=1060.6, new=(qd-mutate=668.9). MAP-Elites(8x8, morphologies=3): occupied=32, pending=192, in flight=40
20:57:52: 7407x RT, 123.4 creatures/sec. Fitness: best=1520.3, avg=1060.6, new=(qd-mutate=654.0). MAP-Elites(8x8, morphologies=3): occupied=32, pending=192, in flight=40
20:57:54: 7471x RT, 124.5 creatures/sec. Fitness: best=1520.3, avg=1060.6, new=(qd-mutate=693.8). MAP-Elites(8x8, morphologies=3): occupied=32, pending=192, in flight=40
20:57:56: 7497x RT, 125.0 creatures/sec. Fitness: best=1520.3, avg=1060.6, new=(qd-mutate=668.9). MAP-Elites(8x8, morphologies=3): occupied=32, pending=192, in flight=40
20:57:58: 7426x RT, 123.8 creatures/sec. Fitness: best=1520.3, avg=1060.6, new=(qd-mutate=672.0). MAP-Elites(8x8, morphologies=3): occupied=32, pending=192, in flight=40
20:58:00: 7288x RT, 121.5 creatures/sec. Fitness: best=1520.3, avg=1060.6, new=(qd-mutate=655.3). MAP-Elites(8x8, morphologies=3): occupied=32, pending=192, in flight=40
20:58:02: 7018x RT, 117.0 creatures/sec. Fitness: best=1520.3, avg=1060.6, new=(qd-mutate=666.5). MAP-Elites(8x8, morphologies=3): occupied=32, pending=192, in flight=40
20:58:04: 7312x RT, 121.9 creatures/sec. Fitness: best=1520.3, avg=1060.6, new=(qd-mutate=684.0). MAP-Elites(8x8, morphologies=3): occupied=32, pending=192, in flight=40
20:58:06: 7272x RT, 121.2 creatures/sec. Fitness: best=1520.3, avg=1060.6, new=(qd-mutate=688.7). MAP-Elites(8x8, morphologies=3): occupied=32, pending=192, in flight=40
20:58:08: 7514x RT, 125.2 creatures/sec. Fitness: best=1520.3, avg=1060.6, new=(qd-mutate=666.2). MAP-Elites(8x8, morphologies=3): occupied=32, pending=192, in flight=40
20:58:10: 7473x RT, 124.6 creatures/sec. Fitness: best=1520.3, avg=1060.6, new=(qd-mutate=678.2). MAP-Elites(8x8, morphologies=3): occupied=32, pending=192, in flight=40
20:58:12: 7362x RT, 122.7 creatures/sec. Fitness: best=1520.3, avg=1060.6, new=(qd-mutate=705.1). MAP-Elites(8x8, morphologies=3): occupied=32, pending=192, in flight=40
5849858 bytes written to /Users/dag/projects/Machine-Evolved-credible-training/training-runs/me-v2-harmonic-qd-01-double-gravity-8w/config.json. 
20:58:14: 7384x RT, 123.1 creatures/sec. Fitness: best=1520.3, avg=1060.6, new=(qd-mutate=616.6). MAP-Elites(8x8, morphologies=3): occupied=32, pending=192, in flight=40
20:58:16: 7444x RT, 124.1 creatures/sec. Fitness: best=1520.3, avg=1060.6, new=(qd-mutate=685.0). MAP-Elites(8x8, morphologies=3): occupied=32, pending=192, in flight=40
20:58:18: 7516x RT, 125.3 creatures/sec. Fitness: best=1520.3, avg=1060.6, new=(qd-mutate=660.9). MAP-Elites(8x8, morphologies=3): occupied=32, pending=192, in flight=40
20:58:21: 7444x RT, 124.1 creatures/sec. Fitness: best=1520.3, avg=1060.6, new=(qd-mutate=655.1). MAP-Elites(8x8, morphologies=3): occupied=32, pending=192, in flight=40
20:58:23: 7539x RT, 125.6 creatures/sec. Fitness: best=1520.3, avg=1060.6, new=(qd-mutate=676.8). MAP-Elites(8x8, morphologies=3): occupied=32, pending=192, in flight=40
20:58:25: 7390x RT, 123.2 creatures/sec. Fitness: best=1520.3, avg=1060.6, new=(qd-mutate=682.6). MAP-Elites(8x8, morphologies=3): occupied=32, pending=192, in flight=40
20:58:27: 7374x RT, 122.9 creatures/sec. Fitness: best=1520.3, avg=1060.6, new=(qd-mutate=677.5). MAP-Elites(8x8, morphologies=3): occupied=32, pending=192, in flight=40
20:58:29: 7425x RT, 123.8 creatures/sec. Fitness: best=1520.3, avg=1060.6, new=(qd-mutate=670.6). MAP-Elites(8x8, morphologies=3): occupied=32, pending=192, in flight=40
20:58:31: 7472x RT, 124.5 creatures/sec. Fitness: best=1520.3, avg=1060.6, new=(qd-mutate=681.9). MAP-Elites(8x8, morphologies=3): occupied=32, pending=192, in flight=40
20:58:33: 7470x RT, 124.5 creatures/sec. Fitness: best=1520.3, avg=1060.6, new=(qd-mutate=660.1). MAP-Elites(8x8, morphologies=3): occupied=32, pending=192, in flight=40
20:58:35: 7529x RT, 125.5 creatures/sec. Fitness: best=1520.3, avg=1060.6, new=(qd-mutate=668.2). MAP-Elites(8x8, morphologies=3): occupied=32, pending=192, in flight=40
20:58:37: 7407x RT, 123.5 creatures/sec. Fitness: best=1520.3, avg=1060.6, new=(qd-mutate=667.0). MAP-Elites(8x8, morphologies=3): occupied=32, pending=192, in flight=40
20:58:39: 7462x RT, 124.4 creatures/sec. Fitness: best=1520.3, avg=1060.6, new=(qd-mutate=700.4). MAP-Elites(8x8, morphologies=3): occupied=32, pending=192, in flight=40
20:58:41: 7448x RT, 124.1 creatures/sec. Fitness: best=1520.3, avg=1060.6, new=(qd-mutate=695.4). MAP-Elites(8x8, morphologies=3): occupied=32, pending=192, in flight=40
20:58:43: 7439x RT, 124.0 creatures/sec. Fitness: best=1520.3, avg=1060.6, new=(qd-mutate=671.3). MAP-Elites(8x8, morphologies=3): occupied=32, pending=192, in flight=40
20:58:45: 7503x RT, 125.1 creatures/sec. Fitness: best=1520.3, avg=1060.6, new=(qd-mutate=663.1). MAP-Elites(8x8, morphologies=3): occupied=32, pending=192, in flight=40
20:58:47: 7377x RT, 123.0 creatures/sec. Fitness: best=1520.3, avg=1060.6, new=(qd-mutate=674.9). MAP-Elites(8x8, morphologies=3): occupied=32, pending=192, in flight=40
20:58:49: 7426x RT, 123.8 creatures/sec. Fitness: best=1520.3, avg=1060.6, new=(qd-mutate=698.5). MAP-Elites(8x8, morphologies=3): occupied=32, pending=192, in flight=40
20:58:51: 7542x RT, 125.7 creatures/sec. Fitness: best=1520.3, avg=1060.6, new=(qd-mutate=663.6). MAP-Elites(8x8, morphologies=3): occupied=32, pending=192, in flight=40
20:58:53: 7373x RT, 122.9 creatures/sec. Fitness: best=1520.3, avg=1060.6, new=(qd-mutate=641.3). MAP-Elites(8x8, morphologies=3): occupied=32, pending=192, in flight=40
20:58:55: 7453x RT, 124.2 creatures/sec. Fitness: best=1520.3, avg=1060.6, new=(qd-mutate=681.1). MAP-Elites(8x8, morphologies=3): occupied=32, pending=192, in flight=40
20:58:57: 7539x RT, 125.6 creatures/sec. Fitness: best=1520.3, avg=1060.6, new=(qd-mutate=704.2). MAP-Elites(8x8, morphologies=3): occupied=32, pending=192, in flight=40
20:58:59: 7437x RT, 124.0 creatures/sec. Fitness: best=1520.3, avg=1060.6, new=(qd-mutate=690.4). MAP-Elites(8x8, morphologies=3): occupied=32, pending=192, in flight=40
20:59:01: 7496x RT, 124.9 creatures/sec. Fitness: best=1520.3, avg=1060.6, new=(qd-mutate=673.8). MAP-Elites(8x8, morphologies=3): occupied=32, pending=192, in flight=40
20:59:03: 7414x RT, 123.6 creatures/sec. Fitness: best=1520.3, avg=1060.6, new=(qd-mutate=687.7). MAP-Elites(8x8, morphologies=3): occupied=32, pending=192, in flight=40
20:59:05: 7477x RT, 124.6 creatures/sec. Fitness: best=1520.3, avg=1060.6, new=(qd-mutate=673.9). MAP-Elites(8x8, morphologies=3): occupied=32, pending=192, in flight=40
20:59:07: 7417x RT, 123.6 creatures/sec. Fitness: best=1520.3, avg=1060.6, new=(qd-mutate=649.2). MAP-Elites(8x8, morphologies=3): occupied=32, pending=192, in flight=40
20:59:09: 7251x RT, 120.8 creatures/sec. Fitness: best=1520.3, avg=1060.6, new=(qd-mutate=636.7). MAP-Elites(8x8, morphologies=3): occupied=32, pending=192, in flight=40
20:59:11: 7395x RT, 123.3 creatures/sec. Fitness: best=1520.3, avg=1060.6, new=(qd-mutate=676.1). MAP-Elites(8x8, morphologies=3): occupied=32, pending=192, in flight=40
20:59:13: 7314x RT, 121.9 creatures/sec. Fitness: best=1520.3, avg=1060.6, new=(qd-mutate=709.2). MAP-Elites(8x8, morphologies=3): occupied=32, pending=192, in flight=40
5860612 bytes written to /Users/dag/projects/Machine-Evolved-credible-training/training-runs/me-v2-harmonic-qd-01-double-gravity-8w/config.json. 
20:59:15: 7391x RT, 123.2 creatures/sec. Fitness: best=1520.3, avg=1060.6, new=(qd-mutate=665.6). MAP-Elites(8x8, morphologies=3): occupied=32, pending=192, in flight=40
20:59:17: 7272x RT, 121.2 creatures/sec. Fitness: best=1520.3, avg=1060.6, new=(qd-mutate=649.6). MAP-Elites(8x8, morphologies=3): occupied=32, pending=192, in flight=40
20:59:19: 7330x RT, 122.2 creatures/sec. Fitness: best=1520.3, avg=1060.6, new=(qd-mutate=697.5). MAP-Elites(8x8, morphologies=3): occupied=32, pending=192, in flight=40
20:59:21: 7413x RT, 123.5 creatures/sec. Fitness: best=1520.3, avg=1060.6, new=(qd-mutate=661.8). MAP-Elites(8x8, morphologies=3): occupied=32, pending=192, in flight=40
20:59:23: 7436x RT, 123.9 creatures/sec. Fitness: best=1520.3, avg=1060.6, new=(qd-mutate=667.3). MAP-Elites(8x8, morphologies=3): occupied=32, pending=192, in flight=40
20:59:25: 7234x RT, 120.6 creatures/sec. Fitness: best=1520.3, avg=1060.6, new=(qd-mutate=678.5). MAP-Elites(8x8, morphologies=3): occupied=32, pending=192, in flight=40
20:59:27: 7432x RT, 123.9 creatures/sec. Fitness: best=1520.3, avg=1060.6, new=(qd-mutate=648.5). MAP-Elites(8x8, morphologies=3): occupied=32, pending=192, in flight=40
20:59:29: 7469x RT, 124.5 creatures/sec. Fitness: best=1520.3, avg=1060.6, new=(qd-mutate=649.9). MAP-Elites(8x8, morphologies=3): occupied=32, pending=192, in flight=40
20:59:31: 7413x RT, 123.6 creatures/sec. Fitness: best=1520.3, avg=1060.6, new=(qd-mutate=674.7). MAP-Elites(8x8, morphologies=3): occupied=32, pending=192, in flight=40
20:59:33: 7120x RT, 118.7 creatures/sec. Fitness: best=1520.3, avg=1060.6, new=(qd-mutate=693.8). MAP-Elites(8x8, morphologies=3): occupied=32, pending=192, in flight=40
20:59:35: 7146x RT, 119.1 creatures/sec. Fitness: best=1520.3, avg=1060.6, new=(qd-mutate=712.3). MAP-Elites(8x8, morphologies=3): occupied=32, pending=192, in flight=40
20:59:37: 7285x RT, 121.4 creatures/sec. Fitness: best=1520.3, avg=1060.6, new=(qd-mutate=656.0). MAP-Elites(8x8, morphologies=3): occupied=32, pending=192, in flight=40
20:59:40: 7282x RT, 121.4 creatures/sec. Fitness: best=1520.3, avg=1060.6, new=(qd-mutate=689.0). MAP-Elites(8x8, morphologies=3): occupied=32, pending=192, in flight=40
20:59:42: 7258x RT, 121.0 creatures/sec. Fitness: best=1520.3, avg=1060.6, new=(qd-mutate=620.1). MAP-Elites(8x8, morphologies=3): occupied=32, pending=192, in flight=40
20:59:44: 6905x RT, 115.1 creatures/sec. Fitness: best=1520.3, avg=1060.6, new=(qd-mutate=633.0). MAP-Elites(8x8, morphologies=3): occupied=32, pending=192, in flight=40
20:59:46: 7132x RT, 118.9 creatures/sec. Fitness: best=1520.3, avg=1060.6, new=(qd-mutate=716.0). MAP-Elites(8x8, morphologies=3): occupied=32, pending=192, in flight=40
20:59:48: 7175x RT, 119.6 creatures/sec. Fitness: best=1520.3, avg=1060.6, new=(qd-mutate=664.2). MAP-Elites(8x8, morphologies=3): occupied=32, pending=192, in flight=40
20:59:50: 6101x RT, 101.7 creatures/sec. Fitness: best=1520.3, avg=1060.6, new=(qd-mutate=648.9). MAP-Elites(8x8, morphologies=3): occupied=32, pending=192, in flight=40
20:59:52: 6993x RT, 116.5 creatures/sec. Fitness: best=1520.3, avg=1060.6, new=(qd-mutate=662.4). MAP-Elites(8x8, morphologies=3): occupied=32, pending=192, in flight=40
20:59:54: 7090x RT, 118.2 creatures/sec. Fitness: best=1520.3, avg=1060.6, new=(qd-mutate=694.5). MAP-Elites(8x8, morphologies=3): occupied=32, pending=192, in flight=40
20:59:56: 7218x RT, 120.3 creatures/sec. Fitness: best=1520.3, avg=1060.6, new=(qd-mutate=746.3). MAP-Elites(8x8, morphologies=3): occupied=32, pending=192, in flight=40
20:59:58: 7499x RT, 125.0 creatures/sec. Fitness: best=1520.3, avg=1060.6, new=(qd-mutate=694.7). MAP-Elites(8x8, morphologies=3): occupied=32, pending=192, in flight=40
21:00:00: 7449x RT, 124.2 creatures/sec. Fitness: best=1520.3, avg=1060.6, new=(qd-mutate=638.6). MAP-Elites(8x8, morphologies=3): occupied=32, pending=192, in flight=40
21:00:02: 7422x RT, 123.7 creatures/sec. Fitness: best=1520.3, avg=1060.6, new=(qd-mutate=680.3). MAP-Elites(8x8, morphologies=3): occupied=32, pending=192, in flight=40
21:00:04: 7672x RT, 127.9 creatures/sec. Fitness: best=1520.3, avg=1060.6, new=(qd-mutate=632.4). MAP-Elites(8x8, morphologies=3): occupied=32, pending=192, in flight=40
21:00:06: 7548x RT, 125.8 creatures/sec. Fitness: best=1520.3, avg=1060.6, new=(qd-mutate=698.1). MAP-Elites(8x8, morphologies=3): occupied=32, pending=192, in flight=40
21:00:08: 6816x RT, 113.6 creatures/sec. Fitness: best=1520.3, avg=1060.6, new=(qd-mutate=683.5). MAP-Elites(8x8, morphologies=3): occupied=32, pending=192, in flight=40
21:00:10: 6979x RT, 116.3 creatures/sec. Fitness: best=1520.3, avg=1060.6, new=(qd-mutate=697.8). MAP-Elites(8x8, morphologies=3): occupied=32, pending=192, in flight=40
21:00:12: 7186x RT, 119.8 creatures/sec. Fitness: best=1520.3, avg=1060.6, new=(qd-mutate=667.1). MAP-Elites(8x8, morphologies=3): occupied=32, pending=192, in flight=40
5870844 bytes written to /Users/dag/projects/Machine-Evolved-credible-training/training-runs/me-v2-harmonic-qd-01-double-gravity-8w/config.json. 
21:00:14: 7045x RT, 117.4 creatures/sec. Fitness: best=1520.3, avg=1060.6, new=(qd-mutate=646.2). MAP-Elites(8x8, morphologies=3): occupied=32, pending=192, in flight=40
21:00:16: 7136x RT, 118.9 creatures/sec. Fitness: best=1520.3, avg=1060.6, new=(qd-mutate=708.2). MAP-Elites(8x8, morphologies=3): occupied=32, pending=192, in flight=40
21:00:18: 7095x RT, 118.3 creatures/sec. Fitness: best=1520.3, avg=1060.6, new=(qd-mutate=664.4). MAP-Elites(8x8, morphologies=3): occupied=32, pending=192, in flight=40
21:00:20: 6849x RT, 114.2 creatures/sec. Fitness: best=1520.3, avg=1060.6, new=(qd-mutate=668.6). MAP-Elites(8x8, morphologies=3): occupied=32, pending=192, in flight=40
21:00:22: 7548x RT, 125.8 creatures/sec. Fitness: best=1520.3, avg=1060.6, new=(qd-mutate=694.3). MAP-Elites(8x8, morphologies=3): occupied=32, pending=192, in flight=40
21:00:24: 7618x RT, 127.0 creatures/sec. Fitness: best=1520.3, avg=1060.6, new=(qd-mutate=696.6). MAP-Elites(8x8, morphologies=3): occupied=32, pending=192, in flight=40
21:00:26: 7551x RT, 125.9 creatures/sec. Fitness: best=1520.3, avg=1060.6, new=(qd-mutate=660.4). MAP-Elites(8x8, morphologies=3): occupied=32, pending=192, in flight=40
21:00:28: 7578x RT, 126.3 creatures/sec. Fitness: best=1520.3, avg=1060.6, new=(qd-mutate=661.4). MAP-Elites(8x8, morphologies=3): occupied=32, pending=192, in flight=40
21:00:30: 7445x RT, 124.1 creatures/sec. Fitness: best=1520.3, avg=1060.6, new=(qd-mutate=658.4). MAP-Elites(8x8, morphologies=3): occupied=32, pending=192, in flight=40
21:00:32: 7571x RT, 126.2 creatures/sec. Fitness: best=1520.3, avg=1060.6, new=(qd-mutate=649.4). MAP-Elites(8x8, morphologies=3): occupied=32, pending=192, in flight=40
21:00:34: 7568x RT, 126.1 creatures/sec. Fitness: best=1520.3, avg=1060.6, new=(qd-mutate=668.4). MAP-Elites(8x8, morphologies=3): occupied=32, pending=192, in flight=40
21:00:36: 7609x RT, 126.8 creatures/sec. Fitness: best=1520.3, avg=1060.6, new=(qd-mutate=679.9). MAP-Elites(8x8, morphologies=3): occupied=32, pending=192, in flight=40
21:00:38: 7406x RT, 123.4 creatures/sec. Fitness: best=1520.3, avg=1060.6, new=(qd-mutate=702.0). MAP-Elites(8x8, morphologies=3): occupied=32, pending=192, in flight=40
21:00:40: 7572x RT, 126.2 creatures/sec. Fitness: best=1520.3, avg=1060.6, new=(qd-mutate=644.0). MAP-Elites(8x8, morphologies=3): occupied=32, pending=192, in flight=40
21:00:42: 7586x RT, 126.4 creatures/sec. Fitness: best=1520.3, avg=1060.6, new=(qd-mutate=651.4). MAP-Elites(8x8, morphologies=3): occupied=32, pending=192, in flight=40
21:00:45: 7539x RT, 125.6 creatures/sec. Fitness: best=1520.3, avg=1060.6, new=(qd-mutate=706.4). MAP-Elites(8x8, morphologies=3): occupied=32, pending=192, in flight=40
21:00:47: 7620x RT, 127.0 creatures/sec. Fitness: best=1520.3, avg=1060.6, new=(qd-mutate=688.9). MAP-Elites(8x8, morphologies=3): occupied=32, pending=192, in flight=40
21:00:49: 7586x RT, 126.4 creatures/sec. Fitness: best=1520.3, avg=1060.6, new=(qd-mutate=663.5). MAP-Elites(8x8, morphologies=3): occupied=32, pending=192, in flight=40
21:00:51: 7593x RT, 126.6 creatures/sec. Fitness: best=1520.3, avg=1060.6, new=(qd-mutate=688.2). MAP-Elites(8x8, morphologies=3): occupied=32, pending=192, in flight=40
21:00:53: 7580x RT, 126.3 creatures/sec. Fitness: best=1520.3, avg=1060.6, new=(qd-mutate=665.6). MAP-Elites(8x8, morphologies=3): occupied=32, pending=192, in flight=40
21:00:55: 7573x RT, 126.2 creatures/sec. Fitness: best=1520.3, avg=1060.6, new=(qd-mutate=648.6). MAP-Elites(8x8, morphologies=3): occupied=32, pending=192, in flight=40
21:00:57: 7578x RT, 126.3 creatures/sec. Fitness: best=1520.3, avg=1060.6, new=(qd-mutate=707.4). MAP-Elites(8x8, morphologies=3): occupied=32, pending=192, in flight=40
21:00:59: 7602x RT, 126.7 creatures/sec. Fitness: best=1520.3, avg=1063.0, new=(qd-mutate=729.0). MAP-Elites(8x8, morphologies=3): occupied=32, pending=192, in flight=40
21:01:01: 7543x RT, 125.7 creatures/sec. Fitness: best=1520.3, avg=1063.0, new=(qd-mutate=664.6). MAP-Elites(8x8, morphologies=3): occupied=32, pending=192, in flight=40
21:01:03: 7617x RT, 127.0 creatures/sec. Fitness: best=1520.3, avg=1063.0, new=(qd-mutate=650.9). MAP-Elites(8x8, morphologies=3): occupied=32, pending=192, in flight=40
21:01:05: 7466x RT, 124.4 creatures/sec. Fitness: best=1520.3, avg=1063.0, new=(qd-mutate=666.4). MAP-Elites(8x8, morphologies=3): occupied=32, pending=192, in flight=40
21:01:07: 7605x RT, 126.8 creatures/sec. Fitness: best=1520.3, avg=1063.0, new=(qd-mutate=685.7). MAP-Elites(8x8, morphologies=3): occupied=32, pending=192, in flight=40
21:01:09: 7577x RT, 126.3 creatures/sec. Fitness: best=1520.3, avg=1063.0, new=(qd-mutate=657.4). MAP-Elites(8x8, morphologies=3): occupied=32, pending=192, in flight=40
21:01:11: 7464x RT, 124.4 creatures/sec. Fitness: best=1520.3, avg=1063.0, new=(qd-mutate=700.4). MAP-Elites(8x8, morphologies=3): occupied=32, pending=192, in flight=40
21:01:13: 7509x RT, 125.1 creatures/sec. Fitness: best=1520.3, avg=1063.0, new=(qd-mutate=640.1). MAP-Elites(8x8, morphologies=3): occupied=32, pending=192, in flight=40
5877911 bytes written to /Users/dag/projects/Machine-Evolved-credible-training/training-runs/me-v2-harmonic-qd-01-double-gravity-8w/config.json. 
21:01:15: 7586x RT, 126.4 creatures/sec. Fitness: best=1520.3, avg=1063.0, new=(qd-mutate=684.2). MAP-Elites(8x8, morphologies=3): occupied=32, pending=192, in flight=40
21:01:17: 7559x RT, 126.0 creatures/sec. Fitness: best=1520.3, avg=1063.0, new=(qd-mutate=668.5). MAP-Elites(8x8, morphologies=3): occupied=32, pending=192, in flight=40
21:01:19: 7596x RT, 126.6 creatures/sec. Fitness: best=1520.3, avg=1063.0, new=(qd-mutate=688.4). MAP-Elites(8x8, morphologies=3): occupied=32, pending=192, in flight=40
21:01:21: 7577x RT, 126.3 creatures/sec. Fitness: best=1520.3, avg=1063.0, new=(qd-mutate=663.5). MAP-Elites(8x8, morphologies=3): occupied=32, pending=192, in flight=40
21:01:23: 7536x RT, 125.6 creatures/sec. Fitness: best=1520.3, avg=1063.0, new=(qd-mutate=680.5). MAP-Elites(8x8, morphologies=3): occupied=32, pending=192, in flight=40
21:01:25: 7702x RT, 128.4 creatures/sec. Fitness: best=1520.3, avg=1063.0, new=(qd-mutate=655.6). MAP-Elites(8x8, morphologies=3): occupied=32, pending=192, in flight=40
21:01:27: 7578x RT, 126.3 creatures/sec. Fitness: best=1520.3, avg=1063.0, new=(qd-mutate=663.5). MAP-Elites(8x8, morphologies=3): occupied=32, pending=192, in flight=40
21:01:29: 7597x RT, 126.6 creatures/sec. Fitness: best=1520.3, avg=1063.0, new=(qd-mutate=670.4). MAP-Elites(8x8, morphologies=3): occupied=32, pending=192, in flight=40
21:01:31: 7602x RT, 126.7 creatures/sec. Fitness: best=1520.3, avg=1063.0, new=(qd-mutate=664.8). MAP-Elites(8x8, morphologies=3): occupied=32, pending=192, in flight=40
21:01:33: 7635x RT, 127.3 creatures/sec. Fitness: best=1520.3, avg=1063.0, new=(qd-mutate=685.2). MAP-Elites(8x8, morphologies=3): occupied=32, pending=192, in flight=40
21:01:35: 7574x RT, 126.2 creatures/sec. Fitness: best=1520.3, avg=1063.0, new=(qd-mutate=715.7). MAP-Elites(8x8, morphologies=3): occupied=32, pending=192, in flight=40
21:01:37: 7584x RT, 126.4 creatures/sec. Fitness: best=1520.3, avg=1063.0, new=(qd-mutate=698.0). MAP-Elites(8x8, morphologies=3): occupied=32, pending=192, in flight=40
21:01:39: 7409x RT, 123.5 creatures/sec. Fitness: best=1520.3, avg=1063.0, new=(qd-mutate=704.5). MAP-Elites(8x8, morphologies=3): occupied=32, pending=192, in flight=40
21:01:41: 7567x RT, 126.1 creatures/sec. Fitness: best=1520.3, avg=1063.0, new=(qd-mutate=685.0). MAP-Elites(8x8, morphologies=3): occupied=32, pending=192, in flight=40
21:01:43: 6877x RT, 114.6 creatures/sec. Fitness: best=1520.3, avg=1063.0, new=(qd-mutate=644.2). MAP-Elites(8x8, morphologies=3): occupied=32, pending=192, in flight=40
21:01:45: 7594x RT, 126.6 creatures/sec. Fitness: best=1520.3, avg=1063.0, new=(qd-mutate=698.6). MAP-Elites(8x8, morphologies=3): occupied=32, pending=192, in flight=40
21:01:47: 7523x RT, 125.4 creatures/sec. Fitness: best=1520.3, avg=1063.0, new=(qd-mutate=699.9). MAP-Elites(8x8, morphologies=3): occupied=32, pending=192, in flight=40
21:01:49: 7333x RT, 122.2 creatures/sec. Fitness: best=1520.3, avg=1063.0, new=(qd-mutate=669.5). MAP-Elites(8x8, morphologies=3): occupied=32, pending=192, in flight=40
21:01:51: 7434x RT, 123.9 creatures/sec. Fitness: best=1520.3, avg=1063.0, new=(qd-mutate=691.1). MAP-Elites(8x8, morphologies=3): occupied=32, pending=192, in flight=40
21:01:54: 6967x RT, 116.1 creatures/sec. Fitness: best=1520.3, avg=1063.0, new=(qd-mutate=703.3). MAP-Elites(8x8, morphologies=3): occupied=32, pending=192, in flight=40
21:01:56: 7522x RT, 125.4 creatures/sec. Fitness: best=1520.3, avg=1063.0, new=(qd-mutate=707.7). MAP-Elites(8x8, morphologies=3): occupied=32, pending=192, in flight=40
21:01:58: 7555x RT, 125.9 creatures/sec. Fitness: best=1520.3, avg=1063.0, new=(qd-mutate=723.6). MAP-Elites(8x8, morphologies=3): occupied=32, pending=192, in flight=40
21:02:00: 7652x RT, 127.5 creatures/sec. Fitness: best=1520.3, avg=1063.0, new=(qd-mutate=658.4). MAP-Elites(8x8, morphologies=3): occupied=32, pending=192, in flight=40
21:02:02: 7638x RT, 127.3 creatures/sec. Fitness: best=1520.3, avg=1063.0, new=(qd-mutate=645.5). MAP-Elites(8x8, morphologies=3): occupied=32, pending=192, in flight=40
21:02:04: 7650x RT, 127.5 creatures/sec. Fitness: best=1520.3, avg=1063.0, new=(qd-mutate=651.9). MAP-Elites(8x8, morphologies=3): occupied=32, pending=192, in flight=40
21:02:06: 7755x RT, 129.2 creatures/sec. Fitness: best=1520.3, avg=1063.0, new=(qd-mutate=689.1). MAP-Elites(8x8, morphologies=3): occupied=32, pending=192, in flight=40
21:02:08: 7573x RT, 126.2 creatures/sec. Fitness: best=1520.3, avg=1063.0, new=(qd-mutate=664.6). MAP-Elites(8x8, morphologies=3): occupied=32, pending=192, in flight=40
21:02:10: 7686x RT, 128.1 creatures/sec. Fitness: best=1520.3, avg=1063.0, new=(qd-mutate=647.4). MAP-Elites(8x8, morphologies=3): occupied=32, pending=192, in flight=40
21:02:12: 7657x RT, 127.6 creatures/sec. Fitness: best=1520.3, avg=1063.0, new=(qd-mutate=657.0). MAP-Elites(8x8, morphologies=3): occupied=32, pending=192, in flight=40
5862856 bytes written to /Users/dag/projects/Machine-Evolved-credible-training/training-runs/me-v2-harmonic-qd-01-double-gravity-8w/config.json. 
21:02:14: 7532x RT, 125.5 creatures/sec. Fitness: best=1520.3, avg=1063.0, new=(qd-mutate=669.2). MAP-Elites(8x8, morphologies=3): occupied=32, pending=192, in flight=40
21:02:16: 7721x RT, 128.7 creatures/sec. Fitness: best=1520.3, avg=1063.0, new=(qd-mutate=690.2). MAP-Elites(8x8, morphologies=3): occupied=32, pending=192, in flight=40
21:02:18: 7783x RT, 129.7 creatures/sec. Fitness: best=1520.3, avg=1063.0, new=(qd-mutate=687.2). MAP-Elites(8x8, morphologies=3): occupied=32, pending=192, in flight=40
21:02:20: 7779x RT, 129.7 creatures/sec. Fitness: best=1520.3, avg=1063.0, new=(qd-mutate=642.8). MAP-Elites(8x8, morphologies=3): occupied=32, pending=192, in flight=40
21:02:22: 7642x RT, 127.4 creatures/sec. Fitness: best=1520.3, avg=1063.0, new=(qd-mutate=696.9). MAP-Elites(8x8, morphologies=3): occupied=32, pending=192, in flight=40
21:02:24: 7741x RT, 129.0 creatures/sec. Fitness: best=1520.3, avg=1063.0, new=(qd-mutate=676.4). MAP-Elites(8x8, morphologies=3): occupied=32, pending=192, in flight=40
21:02:26: 7745x RT, 129.1 creatures/sec. Fitness: best=1520.3, avg=1063.0, new=(qd-mutate=633.7). MAP-Elites(8x8, morphologies=3): occupied=32, pending=192, in flight=40
21:02:28: 7782x RT, 129.7 creatures/sec. Fitness: best=1520.3, avg=1063.0, new=(qd-mutate=725.5). MAP-Elites(8x8, morphologies=3): occupied=32, pending=192, in flight=40
21:02:30: 7682x RT, 128.0 creatures/sec. Fitness: best=1520.3, avg=1063.0, new=(qd-mutate=678.7). MAP-Elites(8x8, morphologies=3): occupied=32, pending=192, in flight=40
21:02:32: 7750x RT, 129.2 creatures/sec. Fitness: best=1520.3, avg=1063.0, new=(qd-mutate=625.0). MAP-Elites(8x8, morphologies=3): occupied=32, pending=192, in flight=40
21:02:34: 7846x RT, 130.8 creatures/sec. Fitness: best=1520.3, avg=1063.0, new=(qd-mutate=662.6). MAP-Elites(8x8, morphologies=3): occupied=32, pending=192, in flight=40
21:02:36: 7730x RT, 128.8 creatures/sec. Fitness: best=1520.3, avg=1063.0, new=(qd-mutate=680.4). MAP-Elites(8x8, morphologies=3): occupied=32, pending=192, in flight=40
21:02:38: 7643x RT, 127.4 creatures/sec. Fitness: best=1520.3, avg=1063.0, new=(qd-mutate=649.2). MAP-Elites(8x8, morphologies=3): occupied=32, pending=192, in flight=40
21:02:40: 7467x RT, 124.5 creatures/sec. Fitness: best=1520.3, avg=1063.0, new=(qd-mutate=654.7). MAP-Elites(8x8, morphologies=3): occupied=32, pending=192, in flight=40
21:02:42: 7581x RT, 126.4 creatures/sec. Fitness: best=1520.3, avg=1063.0, new=(qd-mutate=681.8). MAP-Elites(8x8, morphologies=3): occupied=32, pending=192, in flight=40
21:02:44: 7671x RT, 127.9 creatures/sec. Fitness: best=1520.3, avg=1063.0, new=(qd-mutate=644.9). MAP-Elites(8x8, morphologies=3): occupied=32, pending=192, in flight=40
21:02:46: 7185x RT, 119.8 creatures/sec. Fitness: best=1520.3, avg=1063.0, new=(qd-mutate=697.4). MAP-Elites(8x8, morphologies=3): occupied=32, pending=192, in flight=40
21:02:48: 7083x RT, 118.1 creatures/sec. Fitness: best=1520.3, avg=1063.0, new=(qd-mutate=692.8). MAP-Elites(8x8, morphologies=3): occupied=32, pending=192, in flight=40
21:02:51: 7139x RT, 119.0 creatures/sec. Fitness: best=1520.3, avg=1063.0, new=(qd-mutate=677.5). MAP-Elites(8x8, morphologies=3): occupied=32, pending=192, in flight=40
21:02:53: 7207x RT, 120.1 creatures/sec. Fitness: best=1520.3, avg=1063.0, new=(qd-mutate=729.1). MAP-Elites(8x8, morphologies=3): occupied=32, pending=192, in flight=40
21:02:55: 7724x RT, 128.7 creatures/sec. Fitness: best=1520.3, avg=1063.0, new=(qd-mutate=650.7). MAP-Elites(8x8, morphologies=3): occupied=32, pending=192, in flight=40
21:02:57: 7664x RT, 127.7 creatures/sec. Fitness: best=1520.3, avg=1063.0, new=(qd-mutate=686.5). MAP-Elites(8x8, morphologies=3): occupied=32, pending=192, in flight=40
21:02:59: 7676x RT, 127.9 creatures/sec. Fitness: best=1520.3, avg=1063.0, new=(qd-mutate=681.0). MAP-Elites(8x8, morphologies=3): occupied=32, pending=192, in flight=40
21:03:01: 7547x RT, 125.8 creatures/sec. Fitness: best=1520.3, avg=1063.0, new=(qd-mutate=678.3). MAP-Elites(8x8, morphologies=3): occupied=32, pending=192, in flight=40
21:03:03: 7786x RT, 129.8 creatures/sec. Fitness: best=1520.3, avg=1063.0, new=(qd-mutate=656.7). MAP-Elites(8x8, morphologies=3): occupied=32, pending=192, in flight=40
21:03:05: 7740x RT, 129.0 creatures/sec. Fitness: best=1520.3, avg=1063.0, new=(qd-mutate=674.9). MAP-Elites(8x8, morphologies=3): occupied=32, pending=192, in flight=40
21:03:07: 7625x RT, 127.1 creatures/sec. Fitness: best=1520.3, avg=1063.0, new=(qd-mutate=679.0). MAP-Elites(8x8, morphologies=3): occupied=32, pending=192, in flight=40
21:03:09: 7691x RT, 128.2 creatures/sec. Fitness: best=1520.3, avg=1063.0, new=(qd-mutate=667.7). MAP-Elites(8x8, morphologies=3): occupied=32, pending=192, in flight=40
21:03:11: 7831x RT, 130.5 creatures/sec. Fitness: best=1520.3, avg=1063.0, new=(qd-mutate=665.8). MAP-Elites(8x8, morphologies=3): occupied=32, pending=192, in flight=40
21:03:13: 7673x RT, 127.9 creatures/sec. Fitness: best=1520.3, avg=1063.0, new=(qd-mutate=626.0). MAP-Elites(8x8, morphologies=3): occupied=32, pending=192, in flight=40
5865442 bytes written to /Users/dag/projects/Machine-Evolved-credible-training/training-runs/me-v2-harmonic-qd-01-double-gravity-8w/config.json. 
21:03:15: 7756x RT, 129.3 creatures/sec. Fitness: best=1520.3, avg=1063.0, new=(qd-mutate=701.9). MAP-Elites(8x8, morphologies=3): occupied=32, pending=192, in flight=40
21:03:17: 7515x RT, 125.2 creatures/sec. Fitness: best=1520.3, avg=1063.0, new=(qd-mutate=675.3). MAP-Elites(8x8, morphologies=3): occupied=32, pending=192, in flight=40
21:03:19: 7601x RT, 126.7 creatures/sec. Fitness: best=1520.3, avg=1063.0, new=(qd-mutate=686.0). MAP-Elites(8x8, morphologies=3): occupied=32, pending=192, in flight=40
21:03:21: 7328x RT, 122.1 creatures/sec. Fitness: best=1520.3, avg=1063.0, new=(qd-mutate=701.9). MAP-Elites(8x8, morphologies=3): occupied=32, pending=192, in flight=40
21:03:23: 7159x RT, 119.3 creatures/sec. Fitness: best=1520.3, avg=1063.0, new=(qd-mutate=678.7). MAP-Elites(8x8, morphologies=3): occupied=32, pending=192, in flight=40
21:03:25: 7553x RT, 125.9 creatures/sec. Fitness: best=1520.3, avg=1063.0, new=(qd-mutate=701.4). MAP-Elites(8x8, morphologies=3): occupied=32, pending=192, in flight=40
21:03:27: 7598x RT, 126.6 creatures/sec. Fitness: best=1520.3, avg=1063.0, new=(qd-mutate=679.8). MAP-Elites(8x8, morphologies=3): occupied=32, pending=192, in flight=40
21:03:29: 7796x RT, 129.9 creatures/sec. Fitness: best=1520.3, avg=1063.0, new=(qd-mutate=676.0). MAP-Elites(8x8, morphologies=3): occupied=32, pending=192, in flight=40
21:03:31: 7683x RT, 128.1 creatures/sec. Fitness: best=1520.3, avg=1063.0, new=(qd-mutate=699.8). MAP-Elites(8x8, morphologies=3): occupied=32, pending=192, in flight=40
21:03:33: 7773x RT, 129.6 creatures/sec. Fitness: best=1520.3, avg=1063.0, new=(qd-mutate=665.5). MAP-Elites(8x8, morphologies=3): occupied=32, pending=192, in flight=40
21:03:35: 7740x RT, 129.0 creatures/sec. Fitness: best=1520.3, avg=1063.0, new=(qd-mutate=667.6). MAP-Elites(8x8, morphologies=3): occupied=32, pending=192, in flight=40
21:03:37: 7686x RT, 128.1 creatures/sec. Fitness: best=1520.3, avg=1063.0, new=(qd-mutate=659.3). MAP-Elites(8x8, morphologies=3): occupied=32, pending=192, in flight=40
21:03:39: 7725x RT, 128.8 creatures/sec. Fitness: best=1520.3, avg=1063.0, new=(qd-mutate=690.6). MAP-Elites(8x8, morphologies=3): occupied=32, pending=192, in flight=40
21:03:41: 7765x RT, 129.4 creatures/sec. Fitness: best=1520.3, avg=1063.0, new=(qd-mutate=704.5). MAP-Elites(8x8, morphologies=3): occupied=32, pending=192, in flight=40
21:03:44: 7769x RT, 129.5 creatures/sec. Fitness: best=1520.3, avg=1063.0, new=(qd-mutate=658.9). MAP-Elites(8x8, morphologies=3): occupied=32, pending=192, in flight=40
21:03:46: 7712x RT, 128.5 creatures/sec. Fitness: best=1520.3, avg=1063.0, new=(qd-mutate=649.4). MAP-Elites(8x8, morphologies=3): occupied=32, pending=192, in flight=40
21:03:48: 7650x RT, 127.5 creatures/sec. Fitness: best=1520.3, avg=1063.0, new=(qd-mutate=685.2). MAP-Elites(8x8, morphologies=3): occupied=32, pending=192, in flight=40
21:03:50: 7681x RT, 128.0 creatures/sec. Fitness: best=1520.3, avg=1063.0, new=(qd-mutate=693.2). MAP-Elites(8x8, morphologies=3): occupied=32, pending=192, in flight=40
21:03:52: 7795x RT, 129.9 creatures/sec. Fitness: best=1520.3, avg=1063.0, new=(qd-mutate=656.3). MAP-Elites(8x8, morphologies=3): occupied=32, pending=192, in flight=40
21:03:54: 7650x RT, 127.5 creatures/sec. Fitness: best=1520.3, avg=1063.0, new=(qd-mutate=612.3). MAP-Elites(8x8, morphologies=3): occupied=32, pending=192, in flight=40
21:03:56: 7592x RT, 126.5 creatures/sec. Fitness: best=1520.3, avg=1063.0, new=(qd-mutate=677.9). MAP-Elites(8x8, morphologies=3): occupied=32, pending=192, in flight=40
21:03:58: 7444x RT, 124.1 creatures/sec. Fitness: best=1520.3, avg=1063.0, new=(qd-mutate=670.5). MAP-Elites(8x8, morphologies=3): occupied=32, pending=192, in flight=40
21:04:00: 7543x RT, 125.7 creatures/sec. Fitness: best=1520.3, avg=1063.0, new=(qd-mutate=701.0). MAP-Elites(8x8, morphologies=3): occupied=32, pending=192, in flight=40
21:04:02: 7440x RT, 124.0 creatures/sec. Fitness: best=1520.3, avg=1063.0, new=(qd-mutate=683.1). MAP-Elites(8x8, morphologies=3): occupied=32, pending=192, in flight=40
21:04:04: 7715x RT, 128.6 creatures/sec. Fitness: best=1520.3, avg=1063.0, new=(qd-mutate=667.5). MAP-Elites(8x8, morphologies=3): occupied=32, pending=192, in flight=40
21:04:06: 7708x RT, 128.5 creatures/sec. Fitness: best=1520.3, avg=1063.0, new=(qd-mutate=666.3). MAP-Elites(8x8, morphologies=3): occupied=32, pending=192, in flight=40
21:04:08: 7782x RT, 129.7 creatures/sec. Fitness: best=1520.3, avg=1063.0, new=(qd-mutate=684.4). MAP-Elites(8x8, morphologies=3): occupied=32, pending=192, in flight=40
21:04:10: 7749x RT, 129.1 creatures/sec. Fitness: best=1520.3, avg=1063.0, new=(qd-mutate=649.4). MAP-Elites(8x8, morphologies=3): occupied=32, pending=192, in flight=40
21:04:12: 7794x RT, 129.9 creatures/sec. Fitness: best=1520.3, avg=1063.0, new=(qd-mutate=677.2). MAP-Elites(8x8, morphologies=3): occupied=32, pending=192, in flight=40
21:04:14: 7760x RT, 129.3 creatures/sec. Fitness: best=1520.3, avg=1063.0, new=(qd-mutate=695.1). MAP-Elites(8x8, morphologies=3): occupied=32, pending=192, in flight=40
5873223 bytes written to /Users/dag/projects/Machine-Evolved-credible-training/training-runs/me-v2-harmonic-qd-01-double-gravity-8w/config.json. 
21:04:16: 7666x RT, 127.8 creatures/sec. Fitness: best=1520.3, avg=1063.0, new=(qd-mutate=654.5). MAP-Elites(8x8, morphologies=3): occupied=32, pending=192, in flight=40
21:04:18: 7808x RT, 130.1 creatures/sec. Fitness: best=1520.3, avg=1063.0, new=(qd-mutate=689.9). MAP-Elites(8x8, morphologies=3): occupied=32, pending=192, in flight=40
21:04:20: 7734x RT, 128.9 creatures/sec. Fitness: best=1520.3, avg=1063.0, new=(qd-mutate=682.6). MAP-Elites(8x8, morphologies=3): occupied=32, pending=192, in flight=40
21:04:22: 7721x RT, 128.7 creatures/sec. Fitness: best=1520.3, avg=1063.0, new=(qd-mutate=679.5). MAP-Elites(8x8, morphologies=3): occupied=32, pending=192, in flight=40
21:04:24: 7676x RT, 127.9 creatures/sec. Fitness: best=1520.3, avg=1063.0, new=(qd-mutate=680.6). MAP-Elites(8x8, morphologies=3): occupied=32, pending=192, in flight=40
21:04:26: 7695x RT, 128.2 creatures/sec. Fitness: best=1520.3, avg=1063.0, new=(qd-mutate=687.5). MAP-Elites(8x8, morphologies=3): occupied=32, pending=192, in flight=40
21:04:28: 7696x RT, 128.3 creatures/sec. Fitness: best=1520.3, avg=1063.0, new=(qd-mutate=665.4). MAP-Elites(8x8, morphologies=3): occupied=32, pending=192, in flight=40
21:04:30: 7731x RT, 128.9 creatures/sec. Fitness: best=1520.3, avg=1063.0, new=(qd-mutate=701.4). MAP-Elites(8x8, morphologies=3): occupied=32, pending=192, in flight=40
21:04:32: 7781x RT, 129.7 creatures/sec. Fitness: best=1520.3, avg=1063.0, new=(qd-mutate=683.8). MAP-Elites(8x8, morphologies=3): occupied=32, pending=192, in flight=40
21:04:34: 7796x RT, 129.9 creatures/sec. Fitness: best=1520.3, avg=1063.0, new=(qd-mutate=702.7). MAP-Elites(8x8, morphologies=3): occupied=32, pending=192, in flight=40
21:04:36: 7762x RT, 129.4 creatures/sec. Fitness: best=1520.3, avg=1063.0, new=(qd-mutate=671.3). MAP-Elites(8x8, morphologies=3): occupied=32, pending=192, in flight=40
21:04:38: 7779x RT, 129.6 creatures/sec. Fitness: best=1520.3, avg=1063.0, new=(qd-mutate=674.1). MAP-Elites(8x8, morphologies=3): occupied=32, pending=192, in flight=40
21:04:40: 7841x RT, 130.7 creatures/sec. Fitness: best=1520.3, avg=1063.0, new=(qd-mutate=667.4). MAP-Elites(8x8, morphologies=3): occupied=32, pending=192, in flight=40
21:04:42: 7779x RT, 129.6 creatures/sec. Fitness: best=1520.3, avg=1063.0, new=(qd-mutate=631.3). MAP-Elites(8x8, morphologies=3): occupied=32, pending=192, in flight=40
21:04:44: 7730x RT, 128.8 creatures/sec. Fitness: best=1520.3, avg=1063.0, new=(qd-mutate=685.1). MAP-Elites(8x8, morphologies=3): occupied=32, pending=192, in flight=40
21:04:46: 7802x RT, 130.0 creatures/sec. Fitness: best=1520.3, avg=1063.0, new=(qd-mutate=693.4). MAP-Elites(8x8, morphologies=3): occupied=32, pending=192, in flight=40
21:04:48: 7787x RT, 129.8 creatures/sec. Fitness: best=1520.3, avg=1063.0, new=(qd-mutate=718.4). MAP-Elites(8x8, morphologies=3): occupied=32, pending=192, in flight=40
21:04:50: 7784x RT, 129.7 creatures/sec. Fitness: best=1520.3, avg=1063.0, new=(qd-mutate=732.0). MAP-Elites(8x8, morphologies=3): occupied=32, pending=192, in flight=40
21:04:52: 7686x RT, 128.1 creatures/sec. Fitness: best=1520.3, avg=1063.0, new=(qd-mutate=669.3). MAP-Elites(8x8, morphologies=3): occupied=32, pending=192, in flight=40
21:04:54: 7748x RT, 129.1 creatures/sec. Fitness: best=1520.3, avg=1063.0, new=(qd-mutate=689.5). MAP-Elites(8x8, morphologies=3): occupied=32, pending=192, in flight=40
21:04:56: 6320x RT, 105.3 creatures/sec. Fitness: best=1520.3, avg=1063.0, new=(qd-mutate=667.4). MAP-Elites(8x8, morphologies=3): occupied=32, pending=192, in flight=40
21:04:58: 7813x RT, 130.2 creatures/sec. Fitness: best=1520.3, avg=1063.0, new=(qd-mutate=688.7). MAP-Elites(8x8, morphologies=3): occupied=32, pending=192, in flight=40
21:05:00: 7784x RT, 129.7 creatures/sec. Fitness: best=1520.3, avg=1063.0, new=(qd-mutate=641.4). MAP-Elites(8x8, morphologies=3): occupied=32, pending=192, in flight=40
21:05:02: 7860x RT, 131.0 creatures/sec. Fitness: best=1520.3, avg=1063.0, new=(qd-mutate=666.1). MAP-Elites(8x8, morphologies=3): occupied=32, pending=192, in flight=40
21:05:05: 7854x RT, 130.9 creatures/sec. Fitness: best=1520.3, avg=1063.0, new=(qd-mutate=653.0). MAP-Elites(8x8, morphologies=3): occupied=32, pending=192, in flight=40
21:05:07: 7793x RT, 129.9 creatures/sec. Fitness: best=1520.3, avg=1063.0, new=(qd-mutate=657.8). MAP-Elites(8x8, morphologies=3): occupied=32, pending=192, in flight=40
21:05:09: 7839x RT, 130.7 creatures/sec. Fitness: best=1520.3, avg=1063.0, new=(qd-mutate=678.5). MAP-Elites(8x8, morphologies=3): occupied=32, pending=192, in flight=40
21:05:11: 7852x RT, 130.9 creatures/sec. Fitness: best=1520.3, avg=1063.0, new=(qd-mutate=675.0). MAP-Elites(8x8, morphologies=3): occupied=32, pending=192, in flight=40
21:05:13: 7795x RT, 129.9 creatures/sec. Fitness: best=1520.3, avg=1063.0, new=(qd-mutate=647.3). MAP-Elites(8x8, morphologies=3): occupied=32, pending=192, in flight=40
5852867 bytes written to /Users/dag/projects/Machine-Evolved-credible-training/training-runs/me-v2-harmonic-qd-01-double-gravity-8w/config.json. 
21:05:15: 7821x RT, 130.4 creatures/sec. Fitness: best=1520.3, avg=1063.0, new=(qd-mutate=666.0). MAP-Elites(8x8, morphologies=3): occupied=32, pending=192, in flight=40
21:05:17: 7845x RT, 130.7 creatures/sec. Fitness: best=1520.3, avg=1063.0, new=(qd-mutate=654.8). MAP-Elites(8x8, morphologies=3): occupied=32, pending=192, in flight=40
21:05:19: 7796x RT, 129.9 creatures/sec. Fitness: best=1520.3, avg=1063.0, new=(qd-mutate=649.7). MAP-Elites(8x8, morphologies=3): occupied=32, pending=192, in flight=40
21:05:21: 7762x RT, 129.4 creatures/sec. Fitness: best=1520.3, avg=1063.0, new=(qd-mutate=681.5). MAP-Elites(8x8, morphologies=3): occupied=32, pending=192, in flight=40
21:05:23: 7728x RT, 128.8 creatures/sec. Fitness: best=1520.3, avg=1063.0, new=(qd-mutate=647.4). MAP-Elites(8x8, morphologies=3): occupied=32, pending=192, in flight=40
21:05:25: 7809x RT, 130.2 creatures/sec. Fitness: best=1520.3, avg=1063.0, new=(qd-mutate=673.6). MAP-Elites(8x8, morphologies=3): occupied=32, pending=192, in flight=40
21:05:27: 7836x RT, 130.6 creatures/sec. Fitness: best=1520.3, avg=1063.0, new=(qd-mutate=690.2). MAP-Elites(8x8, morphologies=3): occupied=32, pending=192, in flight=40
21:05:29: 7830x RT, 130.5 creatures/sec. Fitness: best=1520.3, avg=1063.0, new=(qd-mutate=687.5). MAP-Elites(8x8, morphologies=3): occupied=32, pending=192, in flight=40
21:05:31: 7745x RT, 129.1 creatures/sec. Fitness: best=1520.3, avg=1063.0, new=(qd-mutate=668.8). MAP-Elites(8x8, morphologies=3): occupied=32, pending=192, in flight=40
21:05:33: 7834x RT, 130.6 creatures/sec. Fitness: best=1520.3, avg=1063.0, new=(qd-mutate=701.5). MAP-Elites(8x8, morphologies=3): occupied=32, pending=192, in flight=40
21:05:35: 7838x RT, 130.6 creatures/sec. Fitness: best=1520.3, avg=1063.0, new=(qd-mutate=671.1). MAP-Elites(8x8, morphologies=3): occupied=32, pending=192, in flight=40
21:05:37: 7653x RT, 127.6 creatures/sec. Fitness: best=1520.3, avg=1063.0, new=(qd-mutate=681.6). MAP-Elites(8x8, morphologies=3): occupied=32, pending=192, in flight=40
21:05:39: 7836x RT, 130.6 creatures/sec. Fitness: best=1520.3, avg=1063.0, new=(qd-mutate=665.4). MAP-Elites(8x8, morphologies=3): occupied=32, pending=192, in flight=40
21:05:41: 7835x RT, 130.6 creatures/sec. Fitness: best=1520.3, avg=1063.0, new=(qd-mutate=728.7). MAP-Elites(8x8, morphologies=3): occupied=32, pending=192, in flight=40
21:05:43: 7801x RT, 130.0 creatures/sec. Fitness: best=1520.3, avg=1063.0, new=(qd-mutate=709.2). MAP-Elites(8x8, morphologies=3): occupied=32, pending=192, in flight=40
21:05:45: 7857x RT, 130.9 creatures/sec. Fitness: best=1520.3, avg=1063.0, new=(qd-mutate=663.0). MAP-Elites(8x8, morphologies=3): occupied=32, pending=192, in flight=40
21:05:47: 7810x RT, 130.2 creatures/sec. Fitness: best=1520.3, avg=1063.0, new=(qd-mutate=667.6). MAP-Elites(8x8, morphologies=3): occupied=32, pending=192, in flight=40
21:05:49: 7804x RT, 130.1 creatures/sec. Fitness: best=1520.3, avg=1063.0, new=(qd-mutate=666.7). MAP-Elites(8x8, morphologies=3): occupied=32, pending=192, in flight=40
21:05:51: 7811x RT, 130.2 creatures/sec. Fitness: best=1520.3, avg=1063.0, new=(qd-mutate=680.8). MAP-Elites(8x8, morphologies=3): occupied=32, pending=192, in flight=40
21:05:53: 7780x RT, 129.7 creatures/sec. Fitness: best=1520.3, avg=1063.0, new=(qd-mutate=651.8). MAP-Elites(8x8, morphologies=3): occupied=32, pending=192, in flight=40
21:05:55: 7740x RT, 129.0 creatures/sec. Fitness: best=1520.3, avg=1063.0, new=(qd-mutate=658.1). MAP-Elites(8x8, morphologies=3): occupied=32, pending=192, in flight=40
21:05:57: 7832x RT, 130.5 creatures/sec. Fitness: best=1520.3, avg=1063.0, new=(qd-mutate=663.0). MAP-Elites(8x8, morphologies=3): occupied=32, pending=192, in flight=40
21:05:59: 7787x RT, 129.8 creatures/sec. Fitness: best=1520.3, avg=1063.0, new=(qd-mutate=673.0). MAP-Elites(8x8, morphologies=3): occupied=32, pending=192, in flight=40
21:06:01: 7810x RT, 130.2 creatures/sec. Fitness: best=1520.3, avg=1063.0, new=(qd-mutate=660.1). MAP-Elites(8x8, morphologies=3): occupied=32, pending=192, in flight=40
21:06:03: 7864x RT, 131.1 creatures/sec. Fitness: best=1520.3, avg=1063.0, new=(qd-mutate=672.2). MAP-Elites(8x8, morphologies=3): occupied=32, pending=192, in flight=40
21:06:05: 7704x RT, 128.4 creatures/sec. Fitness: best=1520.3, avg=1063.0, new=(qd-mutate=700.1). MAP-Elites(8x8, morphologies=3): occupied=32, pending=192, in flight=40
21:06:07: 7899x RT, 131.6 creatures/sec. Fitness: best=1520.3, avg=1063.0, new=(qd-mutate=685.4). MAP-Elites(8x8, morphologies=3): occupied=32, pending=192, in flight=40
21:06:09: 7779x RT, 129.7 creatures/sec. Fitness: best=1520.3, avg=1063.0, new=(qd-mutate=683.5). MAP-Elites(8x8, morphologies=3): occupied=32, pending=192, in flight=40
21:06:11: 7820x RT, 130.3 creatures/sec. Fitness: best=1520.3, avg=1063.0, new=(qd-mutate=692.8). MAP-Elites(8x8, morphologies=3): occupied=32, pending=192, in flight=40
21:06:13: 7902x RT, 131.7 creatures/sec. Fitness: best=1520.3, avg=1063.0, new=(qd-mutate=666.6). MAP-Elites(8x8, morphologies=3): occupied=32, pending=192, in flight=40
5856395 bytes written to /Users/dag/projects/Machine-Evolved-credible-training/training-runs/me-v2-harmonic-qd-01-double-gravity-8w/config.json. 
21:06:15: 7712x RT, 128.5 creatures/sec. Fitness: best=1520.3, avg=1063.0, new=(qd-mutate=636.7). MAP-Elites(8x8, morphologies=3): occupied=32, pending=192, in flight=40
21:06:17: 7838x RT, 130.6 creatures/sec. Fitness: best=1520.3, avg=1063.0, new=(qd-mutate=702.6). MAP-Elites(8x8, morphologies=3): occupied=32, pending=192, in flight=40
21:06:19: 7807x RT, 130.1 creatures/sec. Fitness: best=1520.3, avg=1063.0, new=(qd-mutate=663.0). MAP-Elites(8x8, morphologies=3): occupied=32, pending=192, in flight=40
21:06:22: 7700x RT, 128.3 creatures/sec. Fitness: best=1520.3, avg=1063.0, new=(qd-mutate=677.4). MAP-Elites(8x8, morphologies=3): occupied=32, pending=192, in flight=40
21:06:24: 7918x RT, 132.0 creatures/sec. Fitness: best=1520.3, avg=1063.0, new=(qd-mutate=719.6). MAP-Elites(8x8, morphologies=3): occupied=32, pending=192, in flight=40
21:06:26: 7752x RT, 129.2 creatures/sec. Fitness: best=1520.3, avg=1063.0, new=(qd-mutate=662.2). MAP-Elites(8x8, morphologies=3): occupied=32, pending=192, in flight=40
21:06:28: 7811x RT, 130.2 creatures/sec. Fitness: best=1520.3, avg=1063.0, new=(qd-mutate=700.0). MAP-Elites(8x8, morphologies=3): occupied=32, pending=192, in flight=40
21:06:30: 7884x RT, 131.4 creatures/sec. Fitness: best=1520.3, avg=1063.0, new=(qd-mutate=665.4). MAP-Elites(8x8, morphologies=3): occupied=32, pending=192, in flight=40
21:06:32: 7779x RT, 129.6 creatures/sec. Fitness: best=1520.3, avg=1063.0, new=(qd-mutate=661.0). MAP-Elites(8x8, morphologies=3): occupied=32, pending=192, in flight=40
21:06:34: 7885x RT, 131.4 creatures/sec. Fitness: best=1520.3, avg=1063.2, new=(qd-mutate=653.6). MAP-Elites(8x8, morphologies=3): occupied=32, pending=192, in flight=40
21:06:36: 7840x RT, 130.7 creatures/sec. Fitness: best=1520.3, avg=1063.2, new=(qd-mutate=725.4). MAP-Elites(8x8, morphologies=3): occupied=32, pending=192, in flight=40
21:06:38: 7786x RT, 129.8 creatures/sec. Fitness: best=1520.3, avg=1063.2, new=(qd-mutate=686.4). MAP-Elites(8x8, morphologies=3): occupied=32, pending=192, in flight=40
21:06:40: 7792x RT, 129.9 creatures/sec. Fitness: best=1520.3, avg=1063.2, new=(qd-mutate=664.2). MAP-Elites(8x8, morphologies=3): occupied=32, pending=192, in flight=40
21:06:42: 7846x RT, 130.8 creatures/sec. Fitness: best=1520.3, avg=1063.2, new=(qd-mutate=669.0). MAP-Elites(8x8, morphologies=3): occupied=32, pending=192, in flight=40
21:06:44: 7833x RT, 130.6 creatures/sec. Fitness: best=1520.3, avg=1063.2, new=(qd-mutate=654.4). MAP-Elites(8x8, morphologies=3): occupied=32, pending=192, in flight=40
21:06:46: 7789x RT, 129.8 creatures/sec. Fitness: best=1520.3, avg=1066.3, new=(qd-mutate=693.1). MAP-Elites(8x8, morphologies=3): occupied=32, pending=192, in flight=40
21:06:48: 7694x RT, 128.2 creatures/sec. Fitness: best=1520.3, avg=1066.3, new=(qd-mutate=645.9). MAP-Elites(8x8, morphologies=3): occupied=32, pending=192, in flight=40
21:06:50: 7822x RT, 130.4 creatures/sec. Fitness: best=1520.3, avg=1067.2, new=(qd-mutate=681.8). MAP-Elites(8x8, morphologies=3): occupied=32, pending=192, in flight=40
21:06:52: 7774x RT, 129.6 creatures/sec. Fitness: best=1520.3, avg=1067.2, new=(qd-mutate=651.4). MAP-Elites(8x8, morphologies=3): occupied=32, pending=192, in flight=40
21:06:54: 7796x RT, 129.9 creatures/sec. Fitness: best=1520.3, avg=1067.2, new=(qd-mutate=662.9). MAP-Elites(8x8, morphologies=3): occupied=32, pending=192, in flight=40
21:06:56: 7836x RT, 130.6 creatures/sec. Fitness: best=1520.3, avg=1067.2, new=(qd-mutate=656.9). MAP-Elites(8x8, morphologies=3): occupied=32, pending=192, in flight=40
21:06:58: 7817x RT, 130.3 creatures/sec. Fitness: best=1520.3, avg=1067.2, new=(qd-mutate=664.7). MAP-Elites(8x8, morphologies=3): occupied=32, pending=192, in flight=40
21:07:00: 7807x RT, 130.1 creatures/sec. Fitness: best=1520.3, avg=1067.2, new=(qd-mutate=677.6). MAP-Elites(8x8, morphologies=3): occupied=32, pending=192, in flight=40
21:07:02: 7647x RT, 127.5 creatures/sec. Fitness: best=1520.3, avg=1067.2, new=(qd-mutate=676.3). MAP-Elites(8x8, morphologies=3): occupied=32, pending=192, in flight=40
21:07:04: 7749x RT, 129.1 creatures/sec. Fitness: best=1520.3, avg=1067.2, new=(qd-mutate=698.8). MAP-Elites(8x8, morphologies=3): occupied=32, pending=192, in flight=40
21:07:06: 7854x RT, 130.9 creatures/sec. Fitness: best=1520.3, avg=1067.2, new=(qd-mutate=677.8). MAP-Elites(8x8, morphologies=3): occupied=32, pending=192, in flight=40
21:07:08: 7797x RT, 129.9 creatures/sec. Fitness: best=1520.3, avg=1067.2, new=(qd-mutate=654.3). MAP-Elites(8x8, morphologies=3): occupied=32, pending=192, in flight=40
21:07:10: 7896x RT, 131.6 creatures/sec. Fitness: best=1520.3, avg=1067.2, new=(qd-mutate=694.9). MAP-Elites(8x8, morphologies=3): occupied=32, pending=192, in flight=40
21:07:12: 7862x RT, 131.0 creatures/sec. Fitness: best=1520.3, avg=1067.2, new=(qd-mutate=704.3). MAP-Elites(8x8, morphologies=3): occupied=32, pending=192, in flight=40
5852916 bytes written to /Users/dag/projects/Machine-Evolved-credible-training/training-runs/me-v2-harmonic-qd-01-double-gravity-8w/config.json. 
21:07:14: 7503x RT, 125.1 creatures/sec. Fitness: best=1520.3, avg=1067.2, new=(qd-mutate=688.4). MAP-Elites(8x8, morphologies=3): occupied=32, pending=192, in flight=40
21:07:16: 8033x RT, 133.9 creatures/sec. Fitness: best=1520.3, avg=1067.2, new=(qd-mutate=681.1). MAP-Elites(8x8, morphologies=3): occupied=32, pending=192, in flight=40
21:07:18: 7852x RT, 130.9 creatures/sec. Fitness: best=1520.3, avg=1067.2, new=(qd-mutate=673.6). MAP-Elites(8x8, morphologies=3): occupied=32, pending=192, in flight=40
21:07:20: 7809x RT, 130.1 creatures/sec. Fitness: best=1520.3, avg=1067.2, new=(qd-mutate=677.2). MAP-Elites(8x8, morphologies=3): occupied=32, pending=192, in flight=40
21:07:22: 7827x RT, 130.5 creatures/sec. Fitness: best=1520.3, avg=1067.2, new=(qd-mutate=673.9). MAP-Elites(8x8, morphologies=3): occupied=32, pending=192, in flight=40
21:07:24: 7857x RT, 130.9 creatures/sec. Fitness: best=1520.3, avg=1067.2, new=(qd-mutate=676.4). MAP-Elites(8x8, morphologies=3): occupied=32, pending=192, in flight=40
21:07:26: 7816x RT, 130.3 creatures/sec. Fitness: best=1520.3, avg=1067.2, new=(qd-mutate=715.8). MAP-Elites(8x8, morphologies=3): occupied=32, pending=192, in flight=40
21:07:28: 7815x RT, 130.2 creatures/sec. Fitness: best=1520.3, avg=1067.2, new=(qd-mutate=688.6). MAP-Elites(8x8, morphologies=3): occupied=32, pending=192, in flight=40
21:07:30: 7797x RT, 130.0 creatures/sec. Fitness: best=1520.3, avg=1067.2, new=(qd-mutate=677.3). MAP-Elites(8x8, morphologies=3): occupied=32, pending=192, in flight=40
21:07:32: 7854x RT, 130.9 creatures/sec. Fitness: best=1520.3, avg=1067.2, new=(qd-mutate=673.5). MAP-Elites(8x8, morphologies=3): occupied=32, pending=192, in flight=40
21:07:34: 7820x RT, 130.3 creatures/sec. Fitness: best=1520.3, avg=1067.2, new=(qd-mutate=683.6). MAP-Elites(8x8, morphologies=3): occupied=32, pending=192, in flight=40
21:07:37: 7824x RT, 130.4 creatures/sec. Fitness: best=1520.3, avg=1067.2, new=(qd-mutate=679.0). MAP-Elites(8x8, morphologies=3): occupied=32, pending=192, in flight=40
21:07:39: 7864x RT, 131.1 creatures/sec. Fitness: best=1520.3, avg=1067.2, new=(qd-mutate=687.3). MAP-Elites(8x8, morphologies=3): occupied=32, pending=192, in flight=40
21:07:41: 7795x RT, 129.9 creatures/sec. Fitness: best=1520.3, avg=1067.2, new=(qd-mutate=703.8). MAP-Elites(8x8, morphologies=3): occupied=32, pending=192, in flight=40
21:07:43: 7630x RT, 127.2 creatures/sec. Fitness: best=1520.3, avg=1067.2, new=(qd-mutate=664.7). MAP-Elites(8x8, morphologies=3): occupied=32, pending=192, in flight=40
21:07:45: 7786x RT, 129.8 creatures/sec. Fitness: best=1520.3, avg=1067.2, new=(qd-mutate=711.3). MAP-Elites(8x8, morphologies=3): occupied=32, pending=192, in flight=40
21:07:47: 7691x RT, 128.2 creatures/sec. Fitness: best=1520.3, avg=1067.2, new=(qd-mutate=643.9). MAP-Elites(8x8, morphologies=3): occupied=32, pending=192, in flight=40
21:07:49: 7687x RT, 128.1 creatures/sec. Fitness: best=1520.3, avg=1067.2, new=(qd-mutate=660.1). MAP-Elites(8x8, morphologies=3): occupied=32, pending=192, in flight=40
21:07:51: 7724x RT, 128.7 creatures/sec. Fitness: best=1520.3, avg=1067.2, new=(qd-mutate=697.4). MAP-Elites(8x8, morphologies=3): occupied=32, pending=192, in flight=40
21:07:53: 7648x RT, 127.5 creatures/sec. Fitness: best=1520.3, avg=1067.2, new=(qd-mutate=661.7). MAP-Elites(8x8, morphologies=3): occupied=32, pending=192, in flight=40
21:07:55: 7768x RT, 129.5 creatures/sec. Fitness: best=1520.3, avg=1067.2, new=(qd-mutate=670.2). MAP-Elites(8x8, morphologies=3): occupied=32, pending=192, in flight=40
21:07:57: 7732x RT, 128.9 creatures/sec. Fitness: best=1520.3, avg=1067.2, new=(qd-mutate=642.2). MAP-Elites(8x8, morphologies=3): occupied=32, pending=192, in flight=40
21:07:59: 7691x RT, 128.2 creatures/sec. Fitness: best=1520.3, avg=1067.2, new=(qd-mutate=696.0). MAP-Elites(8x8, morphologies=3): occupied=32, pending=192, in flight=40
21:08:01: 7429x RT, 123.8 creatures/sec. Fitness: best=1520.3, avg=1067.2, new=(qd-mutate=680.9). MAP-Elites(8x8, morphologies=3): occupied=32, pending=192, in flight=40
21:08:03: 6919x RT, 115.3 creatures/sec. Fitness: best=1520.3, avg=1067.2, new=(qd-mutate=675.3). MAP-Elites(8x8, morphologies=3): occupied=32, pending=192, in flight=40
21:08:05: 7519x RT, 125.3 creatures/sec. Fitness: best=1520.3, avg=1067.2, new=(qd-mutate=673.7). MAP-Elites(8x8, morphologies=3): occupied=32, pending=192, in flight=40
21:08:07: 7639x RT, 127.3 creatures/sec. Fitness: best=1520.3, avg=1067.2, new=(qd-mutate=643.0). MAP-Elites(8x8, morphologies=3): occupied=32, pending=192, in flight=40
21:08:09: 7702x RT, 128.4 creatures/sec. Fitness: best=1520.3, avg=1067.2, new=(qd-mutate=680.4). MAP-Elites(8x8, morphologies=3): occupied=32, pending=192, in flight=40
21:08:11: 7624x RT, 127.1 creatures/sec. Fitness: best=1520.3, avg=1067.2, new=(qd-mutate=657.5). MAP-Elites(8x8, morphologies=3): occupied=32, pending=192, in flight=40
21:08:13: 7713x RT, 128.6 creatures/sec. Fitness: best=1520.3, avg=1068.1, new=(qd-mutate=656.2). MAP-Elites(8x8, morphologies=3): occupied=32, pending=192, in flight=40
5860235 bytes written to /Users/dag/projects/Machine-Evolved-credible-training/training-runs/me-v2-harmonic-qd-01-double-gravity-8w/config.json. 
21:08:15: 7660x RT, 127.7 creatures/sec. Fitness: best=1520.3, avg=1068.1, new=(qd-mutate=695.6). MAP-Elites(8x8, morphologies=3): occupied=32, pending=192, in flight=40
21:08:17: 7823x RT, 130.4 creatures/sec. Fitness: best=1520.3, avg=1068.1, new=(qd-mutate=682.5). MAP-Elites(8x8, morphologies=3): occupied=32, pending=192, in flight=40
21:08:19: 7695x RT, 128.3 creatures/sec. Fitness: best=1520.3, avg=1068.1, new=(qd-mutate=637.4). MAP-Elites(8x8, morphologies=3): occupied=32, pending=192, in flight=40
21:08:21: 7643x RT, 127.4 creatures/sec. Fitness: best=1520.3, avg=1068.1, new=(qd-mutate=658.3). MAP-Elites(8x8, morphologies=3): occupied=32, pending=192, in flight=40
21:08:23: 7844x RT, 130.7 creatures/sec. Fitness: best=1520.3, avg=1068.1, new=(qd-mutate=680.5). MAP-Elites(8x8, morphologies=3): occupied=32, pending=192, in flight=40
21:08:25: 7735x RT, 128.9 creatures/sec. Fitness: best=1520.3, avg=1068.1, new=(qd-mutate=703.6). MAP-Elites(8x8, morphologies=3): occupied=32, pending=192, in flight=40
21:08:27: 7662x RT, 127.7 creatures/sec. Fitness: best=1520.3, avg=1068.1, new=(qd-mutate=646.4). MAP-Elites(8x8, morphologies=3): occupied=32, pending=192, in flight=40
21:08:29: 7765x RT, 129.4 creatures/sec. Fitness: best=1520.3, avg=1068.1, new=(qd-mutate=652.2). MAP-Elites(8x8, morphologies=3): occupied=32, pending=192, in flight=40
21:08:31: 7813x RT, 130.2 creatures/sec. Fitness: best=1520.3, avg=1068.1, new=(qd-mutate=673.2). MAP-Elites(8x8, morphologies=3): occupied=32, pending=192, in flight=40
21:08:33: 7716x RT, 128.6 creatures/sec. Fitness: best=1520.3, avg=1068.1, new=(qd-mutate=681.8). MAP-Elites(8x8, morphologies=3): occupied=32, pending=192, in flight=40
21:08:35: 7846x RT, 130.8 creatures/sec. Fitness: best=1520.3, avg=1068.1, new=(qd-mutate=657.0). MAP-Elites(8x8, morphologies=3): occupied=32, pending=192, in flight=40
21:08:37: 7496x RT, 124.9 creatures/sec. Fitness: best=1520.3, avg=1068.1, new=(qd-mutate=676.6). MAP-Elites(8x8, morphologies=3): occupied=32, pending=192, in flight=40
21:08:39: 7845x RT, 130.8 creatures/sec. Fitness: best=1520.3, avg=1068.1, new=(qd-mutate=669.1). MAP-Elites(8x8, morphologies=3): occupied=32, pending=192, in flight=40
21:08:41: 7815x RT, 130.3 creatures/sec. Fitness: best=1520.3, avg=1068.1, new=(qd-mutate=665.1). MAP-Elites(8x8, morphologies=3): occupied=32, pending=192, in flight=40
21:08:43: 7720x RT, 128.7 creatures/sec. Fitness: best=1520.3, avg=1068.1, new=(qd-mutate=651.7). MAP-Elites(8x8, morphologies=3): occupied=32, pending=192, in flight=40
21:08:45: 7846x RT, 130.8 creatures/sec. Fitness: best=1520.3, avg=1068.1, new=(qd-mutate=661.5). MAP-Elites(8x8, morphologies=3): occupied=32, pending=192, in flight=40
21:08:48: 7777x RT, 129.6 creatures/sec. Fitness: best=1520.3, avg=1068.1, new=(qd-mutate=681.8). MAP-Elites(8x8, morphologies=3): occupied=32, pending=192, in flight=40
21:08:50: 7780x RT, 129.7 creatures/sec. Fitness: best=1520.3, avg=1068.1, new=(qd-mutate=660.1). MAP-Elites(8x8, morphologies=3): occupied=32, pending=192, in flight=40
21:08:52: 7843x RT, 130.7 creatures/sec. Fitness: best=1520.3, avg=1068.1, new=(qd-mutate=653.4). MAP-Elites(8x8, morphologies=3): occupied=32, pending=192, in flight=40
21:08:54: 7770x RT, 129.5 creatures/sec. Fitness: best=1520.3, avg=1068.1, new=(qd-mutate=649.9). MAP-Elites(8x8, morphologies=3): occupied=32, pending=192, in flight=40
21:08:56: 7829x RT, 130.5 creatures/sec. Fitness: best=1520.3, avg=1069.1, new=(qd-mutate=683.3). MAP-Elites(8x8, morphologies=3): occupied=32, pending=192, in flight=40
21:08:58: 7840x RT, 130.7 creatures/sec. Fitness: best=1520.3, avg=1069.1, new=(qd-mutate=708.9). MAP-Elites(8x8, morphologies=3): occupied=32, pending=192, in flight=40
21:09:00: 7816x RT, 130.3 creatures/sec. Fitness: best=1520.3, avg=1069.1, new=(qd-mutate=680.7). MAP-Elites(8x8, morphologies=3): occupied=32, pending=192, in flight=40
21:09:02: 7810x RT, 130.2 creatures/sec. Fitness: best=1520.3, avg=1069.1, new=(qd-mutate=674.8). MAP-Elites(8x8, morphologies=3): occupied=32, pending=192, in flight=40
21:09:04: 7799x RT, 130.0 creatures/sec. Fitness: best=1520.3, avg=1069.1, new=(qd-mutate=675.2). MAP-Elites(8x8, morphologies=3): occupied=32, pending=192, in flight=40
21:09:06: 7806x RT, 130.1 creatures/sec. Fitness: best=1520.3, avg=1069.1, new=(qd-mutate=706.0). MAP-Elites(8x8, morphologies=3): occupied=32, pending=192, in flight=40
21:09:08: 7811x RT, 130.2 creatures/sec. Fitness: best=1520.3, avg=1069.1, new=(qd-mutate=696.3). MAP-Elites(8x8, morphologies=3): occupied=32, pending=192, in flight=40
21:09:10: 7801x RT, 130.0 creatures/sec. Fitness: best=1520.3, avg=1069.1, new=(qd-mutate=696.2). MAP-Elites(8x8, morphologies=3): occupied=32, pending=192, in flight=40
21:09:12: 7816x RT, 130.3 creatures/sec. Fitness: best=1520.3, avg=1069.1, new=(qd-mutate=639.7). MAP-Elites(8x8, morphologies=3): occupied=32, pending=192, in flight=40
21:09:14: 7820x RT, 130.3 creatures/sec. Fitness: best=1520.3, avg=1069.1, new=(qd-mutate=681.9). MAP-Elites(8x8, morphologies=3): occupied=32, pending=192, in flight=40
5844721 bytes written to /Users/dag/projects/Machine-Evolved-credible-training/training-runs/me-v2-harmonic-qd-01-double-gravity-8w/config.json. 
21:09:16: 7764x RT, 129.4 creatures/sec. Fitness: best=1520.3, avg=1069.1, new=(qd-mutate=662.1). MAP-Elites(8x8, morphologies=3): occupied=32, pending=192, in flight=40
21:09:18: 7804x RT, 130.1 creatures/sec. Fitness: best=1520.3, avg=1069.1, new=(qd-mutate=662.2). MAP-Elites(8x8, morphologies=3): occupied=32, pending=192, in flight=40
21:09:20: 7849x RT, 130.8 creatures/sec. Fitness: best=1520.3, avg=1069.1, new=(qd-mutate=683.4). MAP-Elites(8x8, morphologies=3): occupied=32, pending=192, in flight=40
21:09:22: 7818x RT, 130.3 creatures/sec. Fitness: best=1520.3, avg=1069.1, new=(qd-mutate=685.2). MAP-Elites(8x8, morphologies=3): occupied=32, pending=192, in flight=40
21:09:24: 7799x RT, 130.0 creatures/sec. Fitness: best=1520.3, avg=1069.1, new=(qd-mutate=675.4). MAP-Elites(8x8, morphologies=3): occupied=32, pending=192, in flight=40
21:09:26: 7673x RT, 127.9 creatures/sec. Fitness: best=1520.3, avg=1069.1, new=(qd-mutate=652.9). MAP-Elites(8x8, morphologies=3): occupied=32, pending=192, in flight=40
21:09:28: 7837x RT, 130.6 creatures/sec. Fitness: best=1520.3, avg=1069.1, new=(qd-mutate=684.4). MAP-Elites(8x8, morphologies=3): occupied=32, pending=192, in flight=40
21:09:30: 7836x RT, 130.6 creatures/sec. Fitness: best=1520.3, avg=1069.1, new=(qd-mutate=710.6). MAP-Elites(8x8, morphologies=3): occupied=32, pending=192, in flight=40
21:09:32: 7828x RT, 130.5 creatures/sec. Fitness: best=1520.3, avg=1069.1, new=(qd-mutate=680.3). MAP-Elites(8x8, morphologies=3): occupied=32, pending=192, in flight=40
21:09:34: 7861x RT, 131.0 creatures/sec. Fitness: best=1520.3, avg=1069.1, new=(qd-mutate=651.9). MAP-Elites(8x8, morphologies=3): occupied=32, pending=192, in flight=40
21:09:36: 7843x RT, 130.7 creatures/sec. Fitness: best=1520.3, avg=1069.1, new=(qd-mutate=676.7). MAP-Elites(8x8, morphologies=3): occupied=32, pending=192, in flight=40
21:09:38: 7806x RT, 130.1 creatures/sec. Fitness: best=1520.3, avg=1069.1, new=(qd-mutate=677.0). MAP-Elites(8x8, morphologies=3): occupied=32, pending=192, in flight=40
21:09:40: 7794x RT, 129.9 creatures/sec. Fitness: best=1520.3, avg=1069.1, new=(qd-mutate=697.4). MAP-Elites(8x8, morphologies=3): occupied=32, pending=192, in flight=40
21:09:42: 7794x RT, 129.9 creatures/sec. Fitness: best=1520.3, avg=1069.1, new=(qd-mutate=659.6). MAP-Elites(8x8, morphologies=3): occupied=32, pending=192, in flight=40
21:09:44: 7898x RT, 131.6 creatures/sec. Fitness: best=1520.3, avg=1069.1, new=(qd-mutate=671.0). MAP-Elites(8x8, morphologies=3): occupied=32, pending=192, in flight=40
21:09:46: 7803x RT, 130.1 creatures/sec. Fitness: best=1520.3, avg=1069.1, new=(qd-mutate=657.3). MAP-Elites(8x8, morphologies=3): occupied=32, pending=192, in flight=40
21:09:48: 7771x RT, 129.5 creatures/sec. Fitness: best=1520.3, avg=1069.1, new=(qd-mutate=673.4). MAP-Elites(8x8, morphologies=3): occupied=32, pending=192, in flight=40
21:09:50: 7829x RT, 130.5 creatures/sec. Fitness: best=1520.3, avg=1069.1, new=(qd-mutate=686.8). MAP-Elites(8x8, morphologies=3): occupied=32, pending=192, in flight=40
21:09:52: 7747x RT, 129.1 creatures/sec. Fitness: best=1520.3, avg=1069.1, new=(qd-mutate=694.0). MAP-Elites(8x8, morphologies=3): occupied=32, pending=192, in flight=40
21:09:54: 7822x RT, 130.4 creatures/sec. Fitness: best=1520.3, avg=1069.1, new=(qd-mutate=657.7). MAP-Elites(8x8, morphologies=3): occupied=32, pending=192, in flight=40
21:09:56: 7435x RT, 123.9 creatures/sec. Fitness: best=1520.3, avg=1069.1, new=(qd-mutate=654.1). MAP-Elites(8x8, morphologies=3): occupied=32, pending=192, in flight=40
21:09:58: 7699x RT, 128.3 creatures/sec. Fitness: best=1520.3, avg=1069.1, new=(qd-mutate=665.8). MAP-Elites(8x8, morphologies=3): occupied=32, pending=192, in flight=40
21:10:00: 7336x RT, 122.3 creatures/sec. Fitness: best=1520.3, avg=1069.1, new=(qd-mutate=720.9). MAP-Elites(8x8, morphologies=3): occupied=32, pending=192, in flight=40
21:10:02: 7566x RT, 126.1 creatures/sec. Fitness: best=1520.3, avg=1069.1, new=(qd-mutate=690.5). MAP-Elites(8x8, morphologies=3): occupied=32, pending=192, in flight=40
21:10:04: 7635x RT, 127.3 creatures/sec. Fitness: best=1520.3, avg=1069.1, new=(qd-mutate=666.6). MAP-Elites(8x8, morphologies=3): occupied=32, pending=192, in flight=40
21:10:06: 7741x RT, 129.0 creatures/sec. Fitness: best=1520.3, avg=1069.1, new=(qd-mutate=668.3). MAP-Elites(8x8, morphologies=3): occupied=32, pending=192, in flight=40
21:10:09: 7704x RT, 128.4 creatures/sec. Fitness: best=1520.3, avg=1069.1, new=(qd-mutate=680.5). MAP-Elites(8x8, morphologies=3): occupied=32, pending=192, in flight=40
21:10:11: 7067x RT, 117.8 creatures/sec. Fitness: best=1520.3, avg=1069.1, new=(qd-mutate=639.3). MAP-Elites(8x8, morphologies=3): occupied=32, pending=192, in flight=40
21:10:13: 7587x RT, 126.4 creatures/sec. Fitness: best=1520.3, avg=1069.1, new=(qd-mutate=642.8). MAP-Elites(8x8, morphologies=3): occupied=32, pending=192, in flight=40
5858135 bytes written to /Users/dag/projects/Machine-Evolved-credible-training/training-runs/me-v2-harmonic-qd-01-double-gravity-8w/config.json. 
21:10:15: 7569x RT, 126.2 creatures/sec. Fitness: best=1520.3, avg=1069.1, new=(qd-mutate=651.9). MAP-Elites(8x8, morphologies=3): occupied=32, pending=192, in flight=40
21:10:17: 7706x RT, 128.4 creatures/sec. Fitness: best=1520.3, avg=1069.1, new=(qd-mutate=656.1). MAP-Elites(8x8, morphologies=3): occupied=32, pending=192, in flight=40
21:10:19: 7388x RT, 123.1 creatures/sec. Fitness: best=1520.3, avg=1069.1, new=(qd-mutate=687.2). MAP-Elites(8x8, morphologies=3): occupied=32, pending=192, in flight=40
21:10:21: 7743x RT, 129.0 creatures/sec. Fitness: best=1520.3, avg=1069.1, new=(qd-mutate=673.8). MAP-Elites(8x8, morphologies=3): occupied=32, pending=192, in flight=40
21:10:23: 7468x RT, 124.5 creatures/sec. Fitness: best=1520.3, avg=1069.1, new=(qd-mutate=670.0). MAP-Elites(8x8, morphologies=3): occupied=32, pending=192, in flight=40
21:10:25: 7717x RT, 128.6 creatures/sec. Fitness: best=1520.3, avg=1069.1, new=(qd-mutate=702.0). MAP-Elites(8x8, morphologies=3): occupied=32, pending=192, in flight=40
21:10:27: 7338x RT, 122.3 creatures/sec. Fitness: best=1520.3, avg=1069.1, new=(qd-mutate=722.6). MAP-Elites(8x8, morphologies=3): occupied=32, pending=192, in flight=40
21:10:29: 7523x RT, 125.4 creatures/sec. Fitness: best=1520.3, avg=1069.1, new=(qd-mutate=662.1). MAP-Elites(8x8, morphologies=3): occupied=32, pending=192, in flight=40
21:10:31: 7673x RT, 127.9 creatures/sec. Fitness: best=1520.3, avg=1069.1, new=(qd-mutate=691.2). MAP-Elites(8x8, morphologies=3): occupied=32, pending=192, in flight=40
21:10:33: 7218x RT, 120.3 creatures/sec. Fitness: best=1520.3, avg=1069.1, new=(qd-mutate=645.0). MAP-Elites(8x8, morphologies=3): occupied=32, pending=192, in flight=40
21:10:35: 6886x RT, 114.8 creatures/sec. Fitness: best=1520.3, avg=1069.1, new=(qd-mutate=693.6). MAP-Elites(8x8, morphologies=3): occupied=32, pending=192, in flight=40
21:10:37: 6978x RT, 116.3 creatures/sec. Fitness: best=1520.3, avg=1069.1, new=(qd-mutate=664.3). MAP-Elites(8x8, morphologies=3): occupied=32, pending=192, in flight=40
21:10:39: 7290x RT, 121.5 creatures/sec. Fitness: best=1520.3, avg=1069.1, new=(qd-mutate=708.2). MAP-Elites(8x8, morphologies=3): occupied=32, pending=192, in flight=40
21:10:41: 7455x RT, 124.2 creatures/sec. Fitness: best=1520.3, avg=1069.1, new=(qd-mutate=674.5). MAP-Elites(8x8, morphologies=3): occupied=32, pending=192, in flight=40
21:10:43: 7377x RT, 122.9 creatures/sec. Fitness: best=1520.3, avg=1069.1, new=(qd-mutate=659.8). MAP-Elites(8x8, morphologies=3): occupied=32, pending=192, in flight=40
21:10:45: 7500x RT, 125.0 creatures/sec. Fitness: best=1520.3, avg=1069.1, new=(qd-mutate=720.2). MAP-Elites(8x8, morphologies=3): occupied=32, pending=192, in flight=40
21:10:47: 7618x RT, 127.0 creatures/sec. Fitness: best=1520.3, avg=1069.1, new=(qd-mutate=670.5). MAP-Elites(8x8, morphologies=3): occupied=32, pending=192, in flight=40
21:10:49: 7438x RT, 124.0 creatures/sec. Fitness: best=1520.3, avg=1069.1, new=(qd-mutate=667.5). MAP-Elites(8x8, morphologies=3): occupied=32, pending=192, in flight=40
21:10:52: 7112x RT, 118.5 creatures/sec. Fitness: best=1520.3, avg=1069.1, new=(qd-mutate=690.7). MAP-Elites(8x8, morphologies=3): occupied=32, pending=192, in flight=40
21:10:54: 6868x RT, 114.5 creatures/sec. Fitness: best=1520.3, avg=1069.1, new=(qd-mutate=672.9). MAP-Elites(8x8, morphologies=3): occupied=32, pending=192, in flight=40
21:10:56: 7127x RT, 118.8 creatures/sec. Fitness: best=1520.3, avg=1069.1, new=(qd-mutate=704.2). MAP-Elites(8x8, morphologies=3): occupied=32, pending=192, in flight=40
21:10:58: 7297x RT, 121.6 creatures/sec. Fitness: best=1520.3, avg=1069.1, new=(qd-mutate=646.4). MAP-Elites(8x8, morphologies=3): occupied=32, pending=192, in flight=40
21:11:00: 7484x RT, 124.7 creatures/sec. Fitness: best=1520.3, avg=1069.1, new=(qd-mutate=671.9). MAP-Elites(8x8, morphologies=3): occupied=32, pending=192, in flight=40
21:11:02: 6603x RT, 110.0 creatures/sec. Fitness: best=1520.3, avg=1069.1, new=(qd-mutate=664.7). MAP-Elites(8x8, morphologies=3): occupied=32, pending=192, in flight=40
21:11:04: 6686x RT, 111.4 creatures/sec. Fitness: best=1520.3, avg=1069.1, new=(qd-mutate=686.2). MAP-Elites(8x8, morphologies=3): occupied=32, pending=192, in flight=40
21:11:06: 7237x RT, 120.6 creatures/sec. Fitness: best=1520.3, avg=1069.1, new=(qd-mutate=625.6). MAP-Elites(8x8, morphologies=3): occupied=32, pending=192, in flight=40
21:11:08: 7016x RT, 116.9 creatures/sec. Fitness: best=1520.3, avg=1069.1, new=(qd-mutate=682.5). MAP-Elites(8x8, morphologies=3): occupied=32, pending=192, in flight=40
21:11:10: 7165x RT, 119.4 creatures/sec. Fitness: best=1520.3, avg=1069.1, new=(qd-mutate=656.0). MAP-Elites(8x8, morphologies=3): occupied=32, pending=192, in flight=40
21:11:12: 7317x RT, 122.0 creatures/sec. Fitness: best=1520.3, avg=1069.1, new=(qd-mutate=664.6). MAP-Elites(8x8, morphologies=3): occupied=32, pending=192, in flight=40
21:11:14: 7477x RT, 124.6 creatures/sec. Fitness: best=1520.3, avg=1069.1, new=(qd-mutate=677.5). MAP-Elites(8x8, morphologies=3): occupied=32, pending=192, in flight=40
5858540 bytes written to /Users/dag/projects/Machine-Evolved-credible-training/training-runs/me-v2-harmonic-qd-01-double-gravity-8w/config.json. 
21:11:16: 7410x RT, 123.5 creatures/sec. Fitness: best=1520.3, avg=1069.1, new=(qd-mutate=662.4). MAP-Elites(8x8, morphologies=3): occupied=32, pending=192, in flight=40
21:11:18: 7517x RT, 125.3 creatures/sec. Fitness: best=1520.3, avg=1069.1, new=(qd-mutate=681.3). MAP-Elites(8x8, morphologies=3): occupied=32, pending=192, in flight=40
21:11:20: 7459x RT, 124.3 creatures/sec. Fitness: best=1520.3, avg=1069.1, new=(qd-mutate=624.0). MAP-Elites(8x8, morphologies=3): occupied=32, pending=192, in flight=40
21:11:22: 7489x RT, 124.8 creatures/sec. Fitness: best=1520.3, avg=1069.1, new=(qd-mutate=689.3). MAP-Elites(8x8, morphologies=3): occupied=32, pending=192, in flight=40
21:11:24: 7438x RT, 124.0 creatures/sec. Fitness: best=1520.3, avg=1069.1, new=(qd-mutate=719.1). MAP-Elites(8x8, morphologies=3): occupied=32, pending=192, in flight=40
21:11:26: 7471x RT, 124.5 creatures/sec. Fitness: best=1520.3, avg=1069.1, new=(qd-mutate=690.0). MAP-Elites(8x8, morphologies=3): occupied=32, pending=192, in flight=40
21:11:28: 7501x RT, 125.0 creatures/sec. Fitness: best=1520.3, avg=1069.1, new=(qd-mutate=693.5). MAP-Elites(8x8, morphologies=3): occupied=32, pending=192, in flight=40
21:11:30: 7496x RT, 124.9 creatures/sec. Fitness: best=1520.3, avg=1069.1, new=(qd-mutate=694.6). MAP-Elites(8x8, morphologies=3): occupied=32, pending=192, in flight=40
21:11:32: 7506x RT, 125.1 creatures/sec. Fitness: best=1520.3, avg=1069.1, new=(qd-mutate=683.5). MAP-Elites(8x8, morphologies=3): occupied=32, pending=192, in flight=40
21:11:34: 7402x RT, 123.4 creatures/sec. Fitness: best=1520.3, avg=1069.1, new=(qd-mutate=685.1). MAP-Elites(8x8, morphologies=3): occupied=32, pending=192, in flight=40
21:11:36: 7466x RT, 124.4 creatures/sec. Fitness: best=1520.3, avg=1069.5, new=(qd-mutate=701.7). MAP-Elites(8x8, morphologies=3): occupied=32, pending=192, in flight=40
21:11:38: 7488x RT, 124.8 creatures/sec. Fitness: best=1520.3, avg=1069.5, new=(qd-mutate=696.5). MAP-Elites(8x8, morphologies=3): occupied=32, pending=192, in flight=40
21:11:40: 7432x RT, 123.9 creatures/sec. Fitness: best=1520.3, avg=1069.5, new=(qd-mutate=670.5). MAP-Elites(8x8, morphologies=3): occupied=32, pending=192, in flight=40
21:11:42: 7556x RT, 125.9 creatures/sec. Fitness: best=1520.3, avg=1069.5, new=(qd-mutate=669.9). MAP-Elites(8x8, morphologies=3): occupied=32, pending=192, in flight=40
21:11:44: 7483x RT, 124.7 creatures/sec. Fitness: best=1520.3, avg=1069.5, new=(qd-mutate=685.1). MAP-Elites(8x8, morphologies=3): occupied=32, pending=192, in flight=40
21:11:46: 7448x RT, 124.1 creatures/sec. Fitness: best=1520.3, avg=1069.5, new=(qd-mutate=691.8). MAP-Elites(8x8, morphologies=3): occupied=32, pending=192, in flight=40
21:11:48: 7286x RT, 121.4 creatures/sec. Fitness: best=1520.3, avg=1069.5, new=(qd-mutate=662.5). MAP-Elites(8x8, morphologies=3): occupied=32, pending=192, in flight=40
21:11:51: 7535x RT, 125.6 creatures/sec. Fitness: best=1520.3, avg=1069.5, new=(qd-mutate=630.9). MAP-Elites(8x8, morphologies=3): occupied=32, pending=192, in flight=40
21:11:53: 7572x RT, 126.2 creatures/sec. Fitness: best=1520.3, avg=1069.5, new=(qd-mutate=678.4). MAP-Elites(8x8, morphologies=3): occupied=32, pending=192, in flight=40
21:11:55: 7299x RT, 121.7 creatures/sec. Fitness: best=1520.3, avg=1069.5, new=(qd-mutate=660.9). MAP-Elites(8x8, morphologies=3): occupied=32, pending=192, in flight=40
21:11:57: 6873x RT, 114.5 creatures/sec. Fitness: best=1520.3, avg=1069.5, new=(qd-mutate=688.5). MAP-Elites(8x8, morphologies=3): occupied=32, pending=192, in flight=40
21:11:59: 7036x RT, 117.3 creatures/sec. Fitness: best=1520.3, avg=1069.5, new=(qd-mutate=677.0). MAP-Elites(8x8, morphologies=3): occupied=32, pending=192, in flight=40
21:12:01: 5978x RT, 99.6 creatures/sec. Fitness: best=1520.3, avg=1069.5, new=(qd-mutate=684.3). MAP-Elites(8x8, morphologies=3): occupied=32, pending=192, in flight=40
21:12:03: 6734x RT, 112.2 creatures/sec. Fitness: best=1520.3, avg=1069.5, new=(qd-mutate=669.7). MAP-Elites(8x8, morphologies=3): occupied=32, pending=192, in flight=40
21:12:05: 6855x RT, 114.3 creatures/sec. Fitness: best=1520.3, avg=1069.5, new=(qd-mutate=660.4). MAP-Elites(8x8, morphologies=3): occupied=32, pending=192, in flight=40
21:12:07: 7283x RT, 121.4 creatures/sec. Fitness: best=1520.3, avg=1069.5, new=(qd-mutate=647.5). MAP-Elites(8x8, morphologies=3): occupied=32, pending=192, in flight=40
21:12:09: 7291x RT, 121.5 creatures/sec. Fitness: best=1520.3, avg=1069.5, new=(qd-mutate=675.7). MAP-Elites(8x8, morphologies=3): occupied=32, pending=192, in flight=40
21:12:11: 7344x RT, 122.4 creatures/sec. Fitness: best=1520.3, avg=1069.5, new=(qd-mutate=705.1). MAP-Elites(8x8, morphologies=3): occupied=32, pending=192, in flight=40
21:12:13: 7311x RT, 121.8 creatures/sec. Fitness: best=1520.3, avg=1069.5, new=(qd-mutate=668.9). MAP-Elites(8x8, morphologies=3): occupied=32, pending=192, in flight=40
5872268 bytes written to /Users/dag/projects/Machine-Evolved-credible-training/training-runs/me-v2-harmonic-qd-01-double-gravity-8w/config.json. 
21:12:15: 7253x RT, 120.9 creatures/sec. Fitness: best=1520.3, avg=1069.5, new=(qd-mutate=661.6). MAP-Elites(8x8, morphologies=3): occupied=32, pending=192, in flight=40
21:12:17: 7332x RT, 122.2 creatures/sec. Fitness: best=1520.3, avg=1069.5, new=(qd-mutate=685.3). MAP-Elites(8x8, morphologies=3): occupied=32, pending=192, in flight=40
21:12:19: 7330x RT, 122.2 creatures/sec. Fitness: best=1520.3, avg=1069.8, new=(qd-mutate=665.9). MAP-Elites(8x8, morphologies=3): occupied=32, pending=192, in flight=40
21:12:21: 7421x RT, 123.7 creatures/sec. Fitness: best=1520.3, avg=1069.8, new=(qd-mutate=657.8). MAP-Elites(8x8, morphologies=3): occupied=32, pending=192, in flight=40
21:12:23: 7368x RT, 122.8 creatures/sec. Fitness: best=1520.3, avg=1069.8, new=(qd-mutate=657.5). MAP-Elites(8x8, morphologies=3): occupied=32, pending=192, in flight=40
21:12:25: 7185x RT, 119.8 creatures/sec. Fitness: best=1520.3, avg=1069.8, new=(qd-mutate=661.7). MAP-Elites(8x8, morphologies=3): occupied=32, pending=192, in flight=40
21:12:27: 7390x RT, 123.2 creatures/sec. Fitness: best=1520.3, avg=1069.8, new=(qd-mutate=655.9). MAP-Elites(8x8, morphologies=3): occupied=32, pending=192, in flight=40
21:12:29: 7234x RT, 120.6 creatures/sec. Fitness: best=1520.3, avg=1069.8, new=(qd-mutate=672.4). MAP-Elites(8x8, morphologies=3): occupied=32, pending=192, in flight=40
21:12:31: 6761x RT, 112.7 creatures/sec. Fitness: best=1520.3, avg=1069.8, new=(qd-mutate=668.7). MAP-Elites(8x8, morphologies=3): occupied=32, pending=192, in flight=40
21:12:33: 6959x RT, 116.0 creatures/sec. Fitness: best=1520.3, avg=1069.8, new=(qd-mutate=675.6). MAP-Elites(8x8, morphologies=3): occupied=32, pending=192, in flight=40
21:12:35: 6852x RT, 114.2 creatures/sec. Fitness: best=1520.3, avg=1069.8, new=(qd-mutate=661.7). MAP-Elites(8x8, morphologies=3): occupied=32, pending=192, in flight=40
21:12:37: 7009x RT, 116.8 creatures/sec. Fitness: best=1520.3, avg=1069.8, new=(qd-mutate=739.4). MAP-Elites(8x8, morphologies=3): occupied=32, pending=192, in flight=40
21:12:39: 7038x RT, 117.3 creatures/sec. Fitness: best=1520.3, avg=1069.8, new=(qd-mutate=702.5). MAP-Elites(8x8, morphologies=3): occupied=32, pending=192, in flight=40
21:12:41: 7306x RT, 121.8 creatures/sec. Fitness: best=1520.3, avg=1069.8, new=(qd-mutate=704.7). MAP-Elites(8x8, morphologies=3): occupied=32, pending=192, in flight=40
21:12:43: 7192x RT, 119.9 creatures/sec. Fitness: best=1520.3, avg=1069.8, new=(qd-mutate=679.8). MAP-Elites(8x8, morphologies=3): occupied=32, pending=192, in flight=40
21:12:45: 7498x RT, 125.0 creatures/sec. Fitness: best=1520.3, avg=1069.8, new=(qd-mutate=691.8). MAP-Elites(8x8, morphologies=3): occupied=32, pending=192, in flight=40
21:12:47: 7209x RT, 120.1 creatures/sec. Fitness: best=1520.3, avg=1069.8, new=(qd-mutate=704.9). MAP-Elites(8x8, morphologies=3): occupied=32, pending=192, in flight=40
21:12:50: 7289x RT, 121.5 creatures/sec. Fitness: best=1520.3, avg=1069.8, new=(qd-mutate=667.5). MAP-Elites(8x8, morphologies=3): occupied=32, pending=192, in flight=40
21:12:52: 7443x RT, 124.0 creatures/sec. Fitness: best=1520.3, avg=1069.8, new=(qd-mutate=680.0). MAP-Elites(8x8, morphologies=3): occupied=32, pending=192, in flight=40
21:12:54: 7348x RT, 122.5 creatures/sec. Fitness: best=1520.3, avg=1069.8, new=(qd-mutate=676.0). MAP-Elites(8x8, morphologies=3): occupied=32, pending=192, in flight=40
21:12:56: 7286x RT, 121.4 creatures/sec. Fitness: best=1520.3, avg=1069.8, new=(qd-mutate=692.5). MAP-Elites(8x8, morphologies=3): occupied=32, pending=192, in flight=40
21:12:58: 7328x RT, 122.1 creatures/sec. Fitness: best=1520.3, avg=1069.8, new=(qd-mutate=680.2). MAP-Elites(8x8, morphologies=3): occupied=32, pending=192, in flight=40
21:13:00: 7274x RT, 121.2 creatures/sec. Fitness: best=1520.3, avg=1069.8, new=(qd-mutate=679.7). MAP-Elites(8x8, morphologies=3): occupied=32, pending=192, in flight=40
21:13:02: 7240x RT, 120.7 creatures/sec. Fitness: best=1520.3, avg=1069.8, new=(qd-mutate=654.8). MAP-Elites(8x8, morphologies=3): occupied=32, pending=192, in flight=40
21:13:04: 7501x RT, 125.0 creatures/sec. Fitness: best=1520.3, avg=1069.8, new=(qd-mutate=675.2). MAP-Elites(8x8, morphologies=3): occupied=32, pending=192, in flight=40
21:13:06: 7142x RT, 119.0 creatures/sec. Fitness: best=1520.3, avg=1069.8, new=(qd-mutate=705.0). MAP-Elites(8x8, morphologies=3): occupied=32, pending=192, in flight=40
21:13:08: 6940x RT, 115.7 creatures/sec. Fitness: best=1520.3, avg=1069.8, new=(qd-mutate=701.9). MAP-Elites(8x8, morphologies=3): occupied=32, pending=192, in flight=40
21:13:10: 7061x RT, 117.7 creatures/sec. Fitness: best=1520.3, avg=1069.8, new=(qd-mutate=658.8). MAP-Elites(8x8, morphologies=3): occupied=32, pending=192, in flight=40
21:13:12: 6998x RT, 116.6 creatures/sec. Fitness: best=1520.3, avg=1069.8, new=(qd-mutate=713.0). MAP-Elites(8x8, morphologies=3): occupied=32, pending=192, in flight=40
21:13:14: 7309x RT, 121.8 creatures/sec. Fitness: best=1520.3, avg=1069.8, new=(qd-mutate=694.7). MAP-Elites(8x8, morphologies=3): occupied=32, pending=192, in flight=40
5849188 bytes written to /Users/dag/projects/Machine-Evolved-credible-training/training-runs/me-v2-harmonic-qd-01-double-gravity-8w/config.json. 
21:13:16: 7467x RT, 124.5 creatures/sec. Fitness: best=1520.3, avg=1069.8, new=(qd-mutate=674.5). MAP-Elites(8x8, morphologies=3): occupied=32, pending=192, in flight=40
21:13:18: 7164x RT, 119.4 creatures/sec. Fitness: best=1520.3, avg=1069.8, new=(qd-mutate=636.9). MAP-Elites(8x8, morphologies=3): occupied=32, pending=192, in flight=40
21:13:20: 7439x RT, 124.0 creatures/sec. Fitness: best=1520.3, avg=1069.8, new=(qd-mutate=663.7). MAP-Elites(8x8, morphologies=3): occupied=32, pending=192, in flight=40
21:13:22: 7330x RT, 122.2 creatures/sec. Fitness: best=1520.3, avg=1069.8, new=(qd-mutate=683.6). MAP-Elites(8x8, morphologies=3): occupied=32, pending=192, in flight=40
21:13:24: 7128x RT, 118.8 creatures/sec. Fitness: best=1520.3, avg=1069.8, new=(qd-mutate=695.0). MAP-Elites(8x8, morphologies=3): occupied=32, pending=192, in flight=40
21:13:26: 7322x RT, 122.0 creatures/sec. Fitness: best=1520.3, avg=1069.8, new=(qd-mutate=665.2). MAP-Elites(8x8, morphologies=3): occupied=32, pending=192, in flight=40
21:13:28: 7016x RT, 116.9 creatures/sec. Fitness: best=1520.3, avg=1069.8, new=(qd-mutate=661.5). MAP-Elites(8x8, morphologies=3): occupied=32, pending=192, in flight=40
21:13:30: 7238x RT, 120.6 creatures/sec. Fitness: best=1520.3, avg=1069.8, new=(qd-mutate=678.9). MAP-Elites(8x8, morphologies=3): occupied=32, pending=192, in flight=40
21:13:32: 7359x RT, 122.6 creatures/sec. Fitness: best=1520.3, avg=1069.8, new=(qd-mutate=696.1). MAP-Elites(8x8, morphologies=3): occupied=32, pending=192, in flight=40
21:13:34: 7330x RT, 122.2 creatures/sec. Fitness: best=1520.3, avg=1069.8, new=(qd-mutate=634.3). MAP-Elites(8x8, morphologies=3): occupied=32, pending=192, in flight=40
21:13:36: 7258x RT, 121.0 creatures/sec. Fitness: best=1520.3, avg=1069.8, new=(qd-mutate=678.9). MAP-Elites(8x8, morphologies=3): occupied=32, pending=192, in flight=40
21:13:38: 7389x RT, 123.2 creatures/sec. Fitness: best=1520.3, avg=1069.8, new=(qd-mutate=676.1). MAP-Elites(8x8, morphologies=3): occupied=32, pending=192, in flight=40
21:13:40: 7356x RT, 122.6 creatures/sec. Fitness: best=1520.3, avg=1069.8, new=(qd-mutate=724.7). MAP-Elites(8x8, morphologies=3): occupied=32, pending=192, in flight=40
21:13:42: 7348x RT, 122.5 creatures/sec. Fitness: best=1520.3, avg=1069.8, new=(qd-mutate=684.3). MAP-Elites(8x8, morphologies=3): occupied=32, pending=192, in flight=40
21:13:44: 7352x RT, 122.5 creatures/sec. Fitness: best=1520.3, avg=1069.8, new=(qd-mutate=686.8). MAP-Elites(8x8, morphologies=3): occupied=32, pending=192, in flight=40
21:13:46: 7271x RT, 121.2 creatures/sec. Fitness: best=1520.3, avg=1069.8, new=(qd-mutate=669.3). MAP-Elites(8x8, morphologies=3): occupied=32, pending=192, in flight=40
21:13:49: 7310x RT, 121.8 creatures/sec. Fitness: best=1520.3, avg=1069.8, new=(qd-mutate=692.1). MAP-Elites(8x8, morphologies=3): occupied=32, pending=192, in flight=40
21:13:51: 7434x RT, 123.9 creatures/sec. Fitness: best=1520.3, avg=1069.8, new=(qd-mutate=654.7). MAP-Elites(8x8, morphologies=3): occupied=32, pending=192, in flight=40
21:13:53: 6741x RT, 112.4 creatures/sec. Fitness: best=1520.3, avg=1069.8, new=(qd-mutate=692.4). MAP-Elites(8x8, morphologies=3): occupied=32, pending=192, in flight=40
21:13:55: 6659x RT, 111.0 creatures/sec. Fitness: best=1520.3, avg=1069.8, new=(qd-mutate=632.0). MAP-Elites(8x8, morphologies=3): occupied=32, pending=192, in flight=40
21:13:57: 6777x RT, 113.0 creatures/sec. Fitness: best=1520.3, avg=1069.8, new=(qd-mutate=609.7). MAP-Elites(8x8, morphologies=3): occupied=32, pending=192, in flight=40
21:13:59: 6744x RT, 112.4 creatures/sec. Fitness: best=1520.3, avg=1069.8, new=(qd-mutate=664.2). MAP-Elites(8x8, morphologies=3): occupied=32, pending=192, in flight=40
21:14:01: 6617x RT, 110.3 creatures/sec. Fitness: best=1520.3, avg=1069.8, new=(qd-mutate=684.5). MAP-Elites(8x8, morphologies=3): occupied=32, pending=192, in flight=40
21:14:03: 6711x RT, 111.8 creatures/sec. Fitness: best=1520.3, avg=1069.8, new=(qd-mutate=700.5). MAP-Elites(8x8, morphologies=3): occupied=32, pending=192, in flight=40
21:14:05: 6537x RT, 108.9 creatures/sec. Fitness: best=1520.3, avg=1069.8, new=(qd-mutate=674.0). MAP-Elites(8x8, morphologies=3): occupied=32, pending=192, in flight=40
21:14:07: 6622x RT, 110.4 creatures/sec. Fitness: best=1520.3, avg=1069.8, new=(qd-mutate=694.1). MAP-Elites(8x8, morphologies=3): occupied=32, pending=192, in flight=40
21:14:09: 7627x RT, 127.1 creatures/sec. Fitness: best=1520.3, avg=1069.8, new=(qd-mutate=654.4). MAP-Elites(8x8, morphologies=3): occupied=32, pending=192, in flight=40
21:14:11: 7761x RT, 129.3 creatures/sec. Fitness: best=1520.3, avg=1069.8, new=(qd-mutate=651.8). MAP-Elites(8x8, morphologies=3): occupied=32, pending=192, in flight=40
21:14:13: 7657x RT, 127.6 creatures/sec. Fitness: best=1520.3, avg=1069.8, new=(qd-mutate=653.6). MAP-Elites(8x8, morphologies=3): occupied=32, pending=192, in flight=40
5880427 bytes written to /Users/dag/projects/Machine-Evolved-credible-training/training-runs/me-v2-harmonic-qd-01-double-gravity-8w/config.json. 
21:14:15: 7567x RT, 126.1 creatures/sec. Fitness: best=1520.3, avg=1069.8, new=(qd-mutate=678.6). MAP-Elites(8x8, morphologies=3): occupied=32, pending=192, in flight=40
21:14:17: 7589x RT, 126.5 creatures/sec. Fitness: best=1520.3, avg=1069.8, new=(qd-mutate=672.2). MAP-Elites(8x8, morphologies=3): occupied=32, pending=192, in flight=40
21:14:19: 7766x RT, 129.4 creatures/sec. Fitness: best=1520.3, avg=1069.8, new=(qd-mutate=704.8). MAP-Elites(8x8, morphologies=3): occupied=32, pending=192, in flight=40
21:14:21: 7692x RT, 128.2 creatures/sec. Fitness: best=1520.3, avg=1069.8, new=(qd-mutate=695.0). MAP-Elites(8x8, morphologies=3): occupied=32, pending=192, in flight=40
21:14:23: 7782x RT, 129.7 creatures/sec. Fitness: best=1520.3, avg=1069.8, new=(qd-mutate=670.1). MAP-Elites(8x8, morphologies=3): occupied=32, pending=192, in flight=40
21:14:25: 7674x RT, 127.9 creatures/sec. Fitness: best=1520.3, avg=1069.8, new=(qd-mutate=686.6). MAP-Elites(8x8, morphologies=3): occupied=32, pending=192, in flight=40
21:14:27: 7666x RT, 127.8 creatures/sec. Fitness: best=1520.3, avg=1069.8, new=(qd-mutate=676.9). MAP-Elites(8x8, morphologies=3): occupied=32, pending=192, in flight=40
21:14:29: 7792x RT, 129.9 creatures/sec. Fitness: best=1520.3, avg=1069.8, new=(qd-mutate=692.5). MAP-Elites(8x8, morphologies=3): occupied=32, pending=192, in flight=40
21:14:31: 7759x RT, 129.3 creatures/sec. Fitness: best=1520.3, avg=1069.8, new=(qd-mutate=713.5). MAP-Elites(8x8, morphologies=3): occupied=32, pending=192, in flight=40
21:14:33: 7715x RT, 128.6 creatures/sec. Fitness: best=1520.3, avg=1069.8, new=(qd-mutate=653.6). MAP-Elites(8x8, morphologies=3): occupied=32, pending=192, in flight=40
21:14:35: 7721x RT, 128.7 creatures/sec. Fitness: best=1520.3, avg=1069.8, new=(qd-mutate=678.4). MAP-Elites(8x8, morphologies=3): occupied=32, pending=192, in flight=40
21:14:37: 7718x RT, 128.6 creatures/sec. Fitness: best=1520.3, avg=1069.8, new=(qd-mutate=682.0). MAP-Elites(8x8, morphologies=3): occupied=32, pending=192, in flight=40
21:14:39: 7847x RT, 130.8 creatures/sec. Fitness: best=1520.3, avg=1069.8, new=(qd-mutate=641.9). MAP-Elites(8x8, morphologies=3): occupied=32, pending=192, in flight=40
21:14:41: 7656x RT, 127.6 creatures/sec. Fitness: best=1520.3, avg=1069.8, new=(qd-mutate=677.4). MAP-Elites(8x8, morphologies=3): occupied=32, pending=192, in flight=40
21:14:43: 7799x RT, 130.0 creatures/sec. Fitness: best=1520.3, avg=1069.8, new=(qd-mutate=658.7). MAP-Elites(8x8, morphologies=3): occupied=32, pending=192, in flight=40
21:14:45: 7754x RT, 129.2 creatures/sec. Fitness: best=1520.3, avg=1069.8, new=(qd-mutate=654.9). MAP-Elites(8x8, morphologies=3): occupied=32, pending=192, in flight=40
21:14:48: 7709x RT, 128.5 creatures/sec. Fitness: best=1520.3, avg=1069.8, new=(qd-mutate=710.7). MAP-Elites(8x8, morphologies=3): occupied=32, pending=192, in flight=40
21:14:50: 7701x RT, 128.3 creatures/sec. Fitness: best=1520.3, avg=1069.8, new=(qd-mutate=667.7). MAP-Elites(8x8, morphologies=3): occupied=32, pending=192, in flight=40
21:14:52: 7805x RT, 130.1 creatures/sec. Fitness: best=1520.3, avg=1069.8, new=(qd-mutate=696.1). MAP-Elites(8x8, morphologies=3): occupied=32, pending=192, in flight=40
21:14:54: 7719x RT, 128.7 creatures/sec. Fitness: best=1520.3, avg=1069.8, new=(qd-mutate=665.0). MAP-Elites(8x8, morphologies=3): occupied=32, pending=192, in flight=40
21:14:56: 7640x RT, 127.3 creatures/sec. Fitness: best=1520.3, avg=1069.8, new=(qd-mutate=678.0). MAP-Elites(8x8, morphologies=3): occupied=32, pending=192, in flight=40
21:14:58: 7576x RT, 126.3 creatures/sec. Fitness: best=1520.3, avg=1069.8, new=(qd-mutate=684.7). MAP-Elites(8x8, morphologies=3): occupied=32, pending=192, in flight=40
21:15:00: 7605x RT, 126.7 creatures/sec. Fitness: best=1520.3, avg=1069.8, new=(qd-mutate=649.2). MAP-Elites(8x8, morphologies=3): occupied=32, pending=192, in flight=40
21:15:02: 7313x RT, 121.9 creatures/sec. Fitness: best=1520.3, avg=1069.8, new=(qd-mutate=688.5). MAP-Elites(8x8, morphologies=3): occupied=32, pending=192, in flight=40
21:15:04: 7604x RT, 126.7 creatures/sec. Fitness: best=1520.3, avg=1069.8, new=(qd-mutate=666.6). MAP-Elites(8x8, morphologies=3): occupied=32, pending=192, in flight=40
21:15:06: 7669x RT, 127.8 creatures/sec. Fitness: best=1520.3, avg=1069.8, new=(qd-mutate=688.7). MAP-Elites(8x8, morphologies=3): occupied=32, pending=192, in flight=40
21:15:08: 7697x RT, 128.3 creatures/sec. Fitness: best=1520.3, avg=1069.8, new=(qd-mutate=697.7). MAP-Elites(8x8, morphologies=3): occupied=32, pending=192, in flight=40
21:15:10: 7688x RT, 128.1 creatures/sec. Fitness: best=1520.3, avg=1069.8, new=(qd-mutate=692.1). MAP-Elites(8x8, morphologies=3): occupied=32, pending=192, in flight=40
21:15:12: 7542x RT, 125.7 creatures/sec. Fitness: best=1520.3, avg=1069.8, new=(qd-mutate=641.3). MAP-Elites(8x8, morphologies=3): occupied=32, pending=192, in flight=40
21:15:14: 7227x RT, 120.5 creatures/sec. Fitness: best=1520.3, avg=1069.8, new=(qd-mutate=684.2). MAP-Elites(8x8, morphologies=3): occupied=32, pending=192, in flight=40
5871913 bytes written to /Users/dag/projects/Machine-Evolved-credible-training/training-runs/me-v2-harmonic-qd-01-double-gravity-8w/config.json. 
21:15:16: 7238x RT, 120.6 creatures/sec. Fitness: best=1520.3, avg=1069.8, new=(qd-mutate=669.6). MAP-Elites(8x8, morphologies=3): occupied=32, pending=192, in flight=40
21:15:18: 6883x RT, 114.7 creatures/sec. Fitness: best=1520.3, avg=1069.8, new=(qd-mutate=707.1). MAP-Elites(8x8, morphologies=3): occupied=32, pending=192, in flight=40
21:15:20: 6827x RT, 113.8 creatures/sec. Fitness: best=1520.3, avg=1069.8, new=(qd-mutate=692.5). MAP-Elites(8x8, morphologies=3): occupied=32, pending=192, in flight=40
21:15:22: 6858x RT, 114.3 creatures/sec. Fitness: best=1520.3, avg=1069.8, new=(qd-mutate=669.8). MAP-Elites(8x8, morphologies=3): occupied=32, pending=192, in flight=40
21:15:24: 6835x RT, 113.9 creatures/sec. Fitness: best=1520.3, avg=1069.8, new=(qd-mutate=689.9). MAP-Elites(8x8, morphologies=3): occupied=32, pending=192, in flight=40
21:15:26: 6751x RT, 112.5 creatures/sec. Fitness: best=1520.3, avg=1069.8, new=(qd-mutate=713.0). MAP-Elites(8x8, morphologies=3): occupied=32, pending=192, in flight=40
21:15:28: 6929x RT, 115.5 creatures/sec. Fitness: best=1520.3, avg=1069.8, new=(qd-mutate=699.4). MAP-Elites(8x8, morphologies=3): occupied=32, pending=192, in flight=40
21:15:30: 7368x RT, 122.8 creatures/sec. Fitness: best=1520.3, avg=1069.8, new=(qd-mutate=656.4). MAP-Elites(8x8, morphologies=3): occupied=32, pending=192, in flight=40
21:15:32: 7532x RT, 125.5 creatures/sec. Fitness: best=1520.3, avg=1069.8, new=(qd-mutate=656.5). MAP-Elites(8x8, morphologies=3): occupied=32, pending=192, in flight=40
21:15:34: 7506x RT, 125.1 creatures/sec. Fitness: best=1520.3, avg=1069.8, new=(qd-mutate=690.7). MAP-Elites(8x8, morphologies=3): occupied=32, pending=192, in flight=40
21:15:36: 7491x RT, 124.8 creatures/sec. Fitness: best=1520.3, avg=1069.8, new=(qd-mutate=678.3). MAP-Elites(8x8, morphologies=3): occupied=32, pending=192, in flight=40
21:15:38: 6689x RT, 111.5 creatures/sec. Fitness: best=1520.3, avg=1069.8, new=(qd-mutate=691.2). MAP-Elites(8x8, morphologies=3): occupied=32, pending=192, in flight=40
21:15:40: 6974x RT, 116.2 creatures/sec. Fitness: best=1520.3, avg=1069.8, new=(qd-mutate=657.0). MAP-Elites(8x8, morphologies=3): occupied=32, pending=192, in flight=40
21:15:42: 6817x RT, 113.6 creatures/sec. Fitness: best=1520.3, avg=1069.8, new=(qd-mutate=689.0). MAP-Elites(8x8, morphologies=3): occupied=32, pending=192, in flight=40
21:15:45: 7001x RT, 116.7 creatures/sec. Fitness: best=1520.3, avg=1069.8, new=(qd-mutate=672.4). MAP-Elites(8x8, morphologies=3): occupied=32, pending=192, in flight=40
21:15:47: 6291x RT, 104.8 creatures/sec. Fitness: best=1520.3, avg=1069.8, new=(qd-mutate=677.7). MAP-Elites(8x8, morphologies=3): occupied=32, pending=192, in flight=40
21:15:49: 7464x RT, 124.4 creatures/sec. Fitness: best=1520.3, avg=1069.8, new=(qd-mutate=701.1). MAP-Elites(8x8, morphologies=3): occupied=32, pending=192, in flight=40
21:15:51: 7428x RT, 123.8 creatures/sec. Fitness: best=1520.3, avg=1069.8, new=(qd-mutate=679.0). MAP-Elites(8x8, morphologies=3): occupied=32, pending=192, in flight=40
21:15:53: 7511x RT, 125.2 creatures/sec. Fitness: best=1520.3, avg=1069.8, new=(qd-mutate=682.2). MAP-Elites(8x8, morphologies=3): occupied=32, pending=192, in flight=40
21:15:55: 7496x RT, 124.9 creatures/sec. Fitness: best=1520.3, avg=1069.8, new=(qd-mutate=644.5). MAP-Elites(8x8, morphologies=3): occupied=32, pending=192, in flight=40
21:15:57: 7407x RT, 123.5 creatures/sec. Fitness: best=1520.3, avg=1069.8, new=(qd-mutate=720.5). MAP-Elites(8x8, morphologies=3): occupied=32, pending=192, in flight=40
21:15:59: 7554x RT, 125.9 creatures/sec. Fitness: best=1520.3, avg=1069.8, new=(qd-mutate=682.8). MAP-Elites(8x8, morphologies=3): occupied=32, pending=192, in flight=40
21:16:01: 7505x RT, 125.1 creatures/sec. Fitness: best=1520.3, avg=1069.8, new=(qd-mutate=625.3). MAP-Elites(8x8, morphologies=3): occupied=32, pending=192, in flight=40
21:16:03: 7476x RT, 124.6 creatures/sec. Fitness: best=1520.3, avg=1069.8, new=(qd-mutate=672.6). MAP-Elites(8x8, morphologies=3): occupied=32, pending=192, in flight=40
21:16:05: 7487x RT, 124.8 creatures/sec. Fitness: best=1520.3, avg=1069.8, new=(qd-mutate=656.8). MAP-Elites(8x8, morphologies=3): occupied=32, pending=192, in flight=40
21:16:07: 7366x RT, 122.8 creatures/sec. Fitness: best=1520.3, avg=1069.8, new=(qd-mutate=700.4). MAP-Elites(8x8, morphologies=3): occupied=32, pending=192, in flight=40
21:16:09: 7523x RT, 125.4 creatures/sec. Fitness: best=1520.3, avg=1069.8, new=(qd-mutate=661.6). MAP-Elites(8x8, morphologies=3): occupied=32, pending=192, in flight=40
21:16:11: 7536x RT, 125.6 creatures/sec. Fitness: best=1520.3, avg=1069.8, new=(qd-mutate=669.4). MAP-Elites(8x8, morphologies=3): occupied=32, pending=192, in flight=40
21:16:13: 7382x RT, 123.0 creatures/sec. Fitness: best=1520.3, avg=1069.8, new=(qd-mutate=665.2). MAP-Elites(8x8, morphologies=3): occupied=32, pending=192, in flight=40
5849195 bytes written to /Users/dag/projects/Machine-Evolved-credible-training/training-runs/me-v2-harmonic-qd-01-double-gravity-8w/config.json. 
21:16:15: 7369x RT, 122.8 creatures/sec. Fitness: best=1520.3, avg=1069.8, new=(qd-mutate=717.3). MAP-Elites(8x8, morphologies=3): occupied=32, pending=192, in flight=40
21:16:17: 7216x RT, 120.3 creatures/sec. Fitness: best=1520.3, avg=1069.8, new=(qd-mutate=657.4). MAP-Elites(8x8, morphologies=3): occupied=32, pending=192, in flight=40
21:16:19: 7408x RT, 123.5 creatures/sec. Fitness: best=1520.3, avg=1069.8, new=(qd-mutate=659.9). MAP-Elites(8x8, morphologies=3): occupied=32, pending=192, in flight=40
21:16:21: 6862x RT, 114.4 creatures/sec. Fitness: best=1520.3, avg=1069.8, new=(qd-mutate=629.1). MAP-Elites(8x8, morphologies=3): occupied=32, pending=192, in flight=40
21:16:23: 6897x RT, 115.0 creatures/sec. Fitness: best=1520.3, avg=1069.8, new=(qd-mutate=673.9). MAP-Elites(8x8, morphologies=3): occupied=32, pending=192, in flight=40
21:16:25: 6923x RT, 115.4 creatures/sec. Fitness: best=1520.3, avg=1069.8, new=(qd-mutate=672.4). MAP-Elites(8x8, morphologies=3): occupied=32, pending=192, in flight=40
21:16:27: 6986x RT, 116.4 creatures/sec. Fitness: best=1520.3, avg=1069.8, new=(qd-mutate=672.9). MAP-Elites(8x8, morphologies=3): occupied=32, pending=192, in flight=40
21:16:29: 6854x RT, 114.2 creatures/sec. Fitness: best=1520.3, avg=1069.8, new=(qd-mutate=684.5). MAP-Elites(8x8, morphologies=3): occupied=32, pending=192, in flight=40
21:16:31: 7506x RT, 125.1 creatures/sec. Fitness: best=1520.3, avg=1069.8, new=(qd-mutate=686.3). MAP-Elites(8x8, morphologies=3): occupied=32, pending=192, in flight=40
21:16:33: 7638x RT, 127.3 creatures/sec. Fitness: best=1520.3, avg=1069.8, new=(qd-mutate=650.6). MAP-Elites(8x8, morphologies=3): occupied=32, pending=192, in flight=40
21:16:35: 7651x RT, 127.5 creatures/sec. Fitness: best=1520.3, avg=1069.8, new=(qd-mutate=652.8). MAP-Elites(8x8, morphologies=3): occupied=32, pending=192, in flight=40
21:16:38: 7721x RT, 128.7 creatures/sec. Fitness: best=1520.3, avg=1069.8, new=(qd-mutate=700.5). MAP-Elites(8x8, morphologies=3): occupied=32, pending=192, in flight=40
21:16:40: 6818x RT, 113.6 creatures/sec. Fitness: best=1520.3, avg=1069.8, new=(qd-mutate=705.9). MAP-Elites(8x8, morphologies=3): occupied=32, pending=192, in flight=40
21:16:42: 7250x RT, 120.8 creatures/sec. Fitness: best=1520.3, avg=1069.8, new=(qd-mutate=666.5). MAP-Elites(8x8, morphologies=3): occupied=32, pending=192, in flight=40
21:16:44: 7130x RT, 118.8 creatures/sec. Fitness: best=1520.3, avg=1069.8, new=(qd-mutate=696.1). MAP-Elites(8x8, morphologies=3): occupied=32, pending=192, in flight=40
21:16:46: 7576x RT, 126.3 creatures/sec. Fitness: best=1520.3, avg=1069.8, new=(qd-mutate=645.6). MAP-Elites(8x8, morphologies=3): occupied=32, pending=192, in flight=40
21:16:48: 7442x RT, 124.0 creatures/sec. Fitness: best=1520.3, avg=1069.8, new=(qd-mutate=696.5). MAP-Elites(8x8, morphologies=3): occupied=32, pending=192, in flight=40
21:16:50: 7571x RT, 126.2 creatures/sec. Fitness: best=1520.3, avg=1069.8, new=(qd-mutate=691.1). MAP-Elites(8x8, morphologies=3): occupied=32, pending=192, in flight=40
21:16:52: 7548x RT, 125.8 creatures/sec. Fitness: best=1520.3, avg=1069.8, new=(qd-mutate=687.1). MAP-Elites(8x8, morphologies=3): occupied=32, pending=192, in flight=40
21:16:54: 7750x RT, 129.2 creatures/sec. Fitness: best=1520.3, avg=1069.8, new=(qd-mutate=708.2). MAP-Elites(8x8, morphologies=3): occupied=32, pending=192, in flight=40
21:16:56: 7720x RT, 128.7 creatures/sec. Fitness: best=1520.3, avg=1069.8, new=(qd-mutate=698.4). MAP-Elites(8x8, morphologies=3): occupied=32, pending=192, in flight=40
21:16:58: 7759x RT, 129.3 creatures/sec. Fitness: best=1520.3, avg=1069.8, new=(qd-mutate=701.0). MAP-Elites(8x8, morphologies=3): occupied=32, pending=192, in flight=40
21:17:00: 7812x RT, 130.2 creatures/sec. Fitness: best=1520.3, avg=1069.8, new=(qd-mutate=678.8). MAP-Elites(8x8, morphologies=3): occupied=32, pending=192, in flight=40
21:17:02: 7810x RT, 130.2 creatures/sec. Fitness: best=1520.3, avg=1072.3, new=(qd-mutate=702.2). MAP-Elites(8x8, morphologies=3): occupied=32, pending=192, in flight=40
21:17:04: 7775x RT, 129.6 creatures/sec. Fitness: best=1520.3, avg=1072.3, new=(qd-mutate=674.5). MAP-Elites(8x8, morphologies=3): occupied=32, pending=192, in flight=40
21:17:06: 7827x RT, 130.5 creatures/sec. Fitness: best=1520.3, avg=1072.3, new=(qd-mutate=699.2). MAP-Elites(8x8, morphologies=3): occupied=32, pending=192, in flight=40
21:17:08: 7326x RT, 122.1 creatures/sec. Fitness: best=1520.3, avg=1072.3, new=(qd-mutate=675.4). MAP-Elites(8x8, morphologies=3): occupied=32, pending=192, in flight=40
21:17:10: 7801x RT, 130.0 creatures/sec. Fitness: best=1520.3, avg=1072.3, new=(qd-mutate=672.2). MAP-Elites(8x8, morphologies=3): occupied=32, pending=192, in flight=40
21:17:12: 7749x RT, 129.2 creatures/sec. Fitness: best=1520.3, avg=1072.3, new=(qd-mutate=721.7). MAP-Elites(8x8, morphologies=3): occupied=32, pending=192, in flight=40
21:17:14: 7738x RT, 129.0 creatures/sec. Fitness: best=1520.3, avg=1072.3, new=(qd-mutate=660.2). MAP-Elites(8x8, morphologies=3): occupied=32, pending=192, in flight=40
5858261 bytes written to /Users/dag/projects/Machine-Evolved-credible-training/training-runs/me-v2-harmonic-qd-01-double-gravity-8w/config.json. 
21:17:16: 7649x RT, 127.5 creatures/sec. Fitness: best=1520.3, avg=1072.3, new=(qd-mutate=670.2). MAP-Elites(8x8, morphologies=3): occupied=32, pending=192, in flight=40
21:17:18: 7805x RT, 130.1 creatures/sec. Fitness: best=1520.3, avg=1072.3, new=(qd-mutate=651.7). MAP-Elites(8x8, morphologies=3): occupied=32, pending=192, in flight=40
21:17:20: 7825x RT, 130.4 creatures/sec. Fitness: best=1520.3, avg=1072.3, new=(qd-mutate=693.5). MAP-Elites(8x8, morphologies=3): occupied=32, pending=192, in flight=40
21:17:22: 7840x RT, 130.7 creatures/sec. Fitness: best=1520.3, avg=1072.3, new=(qd-mutate=675.8). MAP-Elites(8x8, morphologies=3): occupied=32, pending=192, in flight=40
21:17:24: 7768x RT, 129.5 creatures/sec. Fitness: best=1520.3, avg=1072.3, new=(qd-mutate=660.1). MAP-Elites(8x8, morphologies=3): occupied=32, pending=192, in flight=40
21:17:26: 7760x RT, 129.3 creatures/sec. Fitness: best=1520.3, avg=1072.3, new=(qd-mutate=687.5). MAP-Elites(8x8, morphologies=3): occupied=32, pending=192, in flight=40
21:17:28: 7820x RT, 130.3 creatures/sec. Fitness: best=1520.3, avg=1072.3, new=(qd-mutate=650.8). MAP-Elites(8x8, morphologies=3): occupied=32, pending=192, in flight=40
21:17:30: 7780x RT, 129.7 creatures/sec. Fitness: best=1520.3, avg=1072.3, new=(qd-mutate=698.4). MAP-Elites(8x8, morphologies=3): occupied=32, pending=192, in flight=40
21:17:32: 7732x RT, 128.9 creatures/sec. Fitness: best=1520.3, avg=1072.3, new=(qd-mutate=696.2). MAP-Elites(8x8, morphologies=3): occupied=32, pending=192, in flight=40
21:17:34: 7672x RT, 127.9 creatures/sec. Fitness: best=1520.3, avg=1072.3, new=(qd-mutate=663.8). MAP-Elites(8x8, morphologies=3): occupied=32, pending=192, in flight=40
21:17:36: 7683x RT, 128.1 creatures/sec. Fitness: best=1520.3, avg=1072.3, new=(qd-mutate=657.7). MAP-Elites(8x8, morphologies=3): occupied=32, pending=192, in flight=40
21:17:38: 7805x RT, 130.1 creatures/sec. Fitness: best=1520.3, avg=1072.3, new=(qd-mutate=708.4). MAP-Elites(8x8, morphologies=3): occupied=32, pending=192, in flight=40
21:17:40: 7734x RT, 128.9 creatures/sec. Fitness: best=1520.3, avg=1072.3, new=(qd-mutate=670.7). MAP-Elites(8x8, morphologies=3): occupied=32, pending=192, in flight=40
21:17:42: 7781x RT, 129.7 creatures/sec. Fitness: best=1520.3, avg=1072.3, new=(qd-mutate=677.4). MAP-Elites(8x8, morphologies=3): occupied=32, pending=192, in flight=40
21:17:44: 7673x RT, 127.9 creatures/sec. Fitness: best=1520.3, avg=1072.3, new=(qd-mutate=661.7). MAP-Elites(8x8, morphologies=3): occupied=32, pending=192, in flight=40
21:17:47: 7789x RT, 129.8 creatures/sec. Fitness: best=1520.3, avg=1072.3, new=(qd-mutate=654.8). MAP-Elites(8x8, morphologies=3): occupied=32, pending=192, in flight=40
21:17:49: 7492x RT, 124.9 creatures/sec. Fitness: best=1520.3, avg=1072.3, new=(qd-mutate=647.2). MAP-Elites(8x8, morphologies=3): occupied=32, pending=192, in flight=40
21:17:51: 7563x RT, 126.0 creatures/sec. Fitness: best=1520.3, avg=1072.3, new=(qd-mutate=692.3). MAP-Elites(8x8, morphologies=3): occupied=32, pending=192, in flight=40
21:17:53: 7347x RT, 122.5 creatures/sec. Fitness: best=1520.3, avg=1072.3, new=(qd-mutate=697.7). MAP-Elites(8x8, morphologies=3): occupied=32, pending=192, in flight=40
21:17:55: 7194x RT, 119.9 creatures/sec. Fitness: best=1520.3, avg=1072.3, new=(qd-mutate=707.0). MAP-Elites(8x8, morphologies=3): occupied=32, pending=192, in flight=40
21:17:57: 5402x RT, 90.0 creatures/sec. Fitness: best=1520.3, avg=1072.3, new=(qd-mutate=644.4). MAP-Elites(8x8, morphologies=3): occupied=32, pending=192, in flight=40
21:17:59: 7212x RT, 120.2 creatures/sec. Fitness: best=1520.3, avg=1072.3, new=(qd-mutate=687.3). MAP-Elites(8x8, morphologies=3): occupied=32, pending=192, in flight=40
21:18:01: 7634x RT, 127.2 creatures/sec. Fitness: best=1520.3, avg=1072.3, new=(qd-mutate=674.9). MAP-Elites(8x8, morphologies=3): occupied=32, pending=192, in flight=40
21:18:03: 7152x RT, 119.2 creatures/sec. Fitness: best=1520.3, avg=1072.3, new=(qd-mutate=719.4). MAP-Elites(8x8, morphologies=3): occupied=32, pending=192, in flight=40
21:18:05: 7564x RT, 126.1 creatures/sec. Fitness: best=1520.3, avg=1072.3, new=(qd-mutate=689.6). MAP-Elites(8x8, morphologies=3): occupied=32, pending=192, in flight=40
21:18:07: 7615x RT, 126.9 creatures/sec. Fitness: best=1520.3, avg=1072.3, new=(qd-mutate=690.3). MAP-Elites(8x8, morphologies=3): occupied=32, pending=192, in flight=40
21:18:09: 7702x RT, 128.4 creatures/sec. Fitness: best=1520.3, avg=1072.3, new=(qd-mutate=683.1). MAP-Elites(8x8, morphologies=3): occupied=32, pending=192, in flight=40
21:18:11: 7768x RT, 129.5 creatures/sec. Fitness: best=1520.3, avg=1075.1, new=(qd-mutate=708.3). MAP-Elites(8x8, morphologies=3): occupied=32, pending=192, in flight=40
21:18:13: 7598x RT, 126.6 creatures/sec. Fitness: best=1520.3, avg=1075.1, new=(qd-mutate=693.8). MAP-Elites(8x8, morphologies=3): occupied=32, pending=192, in flight=40
5864217 bytes written to /Users/dag/projects/Machine-Evolved-credible-training/training-runs/me-v2-harmonic-qd-01-double-gravity-8w/config.json. 
21:18:15: 7624x RT, 127.1 creatures/sec. Fitness: best=1520.3, avg=1075.1, new=(qd-mutate=721.3). MAP-Elites(8x8, morphologies=3): occupied=32, pending=192, in flight=40
21:18:17: 7852x RT, 130.9 creatures/sec. Fitness: best=1520.3, avg=1075.1, new=(qd-mutate=655.6). MAP-Elites(8x8, morphologies=3): occupied=32, pending=192, in flight=40
21:18:19: 7836x RT, 130.6 creatures/sec. Fitness: best=1520.3, avg=1075.1, new=(qd-mutate=689.9). MAP-Elites(8x8, morphologies=3): occupied=32, pending=192, in flight=40
21:18:21: 7767x RT, 129.4 creatures/sec. Fitness: best=1520.3, avg=1075.1, new=(qd-mutate=694.4). MAP-Elites(8x8, morphologies=3): occupied=32, pending=192, in flight=40
21:18:23: 7679x RT, 128.0 creatures/sec. Fitness: best=1520.3, avg=1075.1, new=(qd-mutate=669.1). MAP-Elites(8x8, morphologies=3): occupied=32, pending=192, in flight=40
21:18:25: 7562x RT, 126.0 creatures/sec. Fitness: best=1520.3, avg=1075.1, new=(qd-mutate=689.2). MAP-Elites(8x8, morphologies=3): occupied=32, pending=192, in flight=40
21:18:27: 7534x RT, 125.6 creatures/sec. Fitness: best=1520.3, avg=1075.1, new=(qd-mutate=705.3). MAP-Elites(8x8, morphologies=3): occupied=32, pending=192, in flight=40
21:18:29: 7613x RT, 126.9 creatures/sec. Fitness: best=1520.3, avg=1075.1, new=(qd-mutate=689.7). MAP-Elites(8x8, morphologies=3): occupied=32, pending=192, in flight=40
21:18:31: 7733x RT, 128.9 creatures/sec. Fitness: best=1520.3, avg=1075.1, new=(qd-mutate=697.6). MAP-Elites(8x8, morphologies=3): occupied=32, pending=192, in flight=40
21:18:33: 7680x RT, 128.0 creatures/sec. Fitness: best=1520.3, avg=1075.1, new=(qd-mutate=656.9). MAP-Elites(8x8, morphologies=3): occupied=32, pending=192, in flight=40
21:18:35: 7517x RT, 125.3 creatures/sec. Fitness: best=1520.3, avg=1075.1, new=(qd-mutate=641.1). MAP-Elites(8x8, morphologies=3): occupied=32, pending=192, in flight=40
21:18:37: 7573x RT, 126.2 creatures/sec. Fitness: best=1520.3, avg=1075.1, new=(qd-mutate=668.2). MAP-Elites(8x8, morphologies=3): occupied=32, pending=192, in flight=40
21:18:39: 7525x RT, 125.4 creatures/sec. Fitness: best=1520.3, avg=1075.1, new=(qd-mutate=696.8). MAP-Elites(8x8, morphologies=3): occupied=32, pending=192, in flight=40
21:18:41: 7661x RT, 127.7 creatures/sec. Fitness: best=1520.3, avg=1075.1, new=(qd-mutate=643.7). MAP-Elites(8x8, morphologies=3): occupied=32, pending=192, in flight=40
21:18:43: 7846x RT, 130.8 creatures/sec. Fitness: best=1520.3, avg=1075.1, new=(qd-mutate=711.7). MAP-Elites(8x8, morphologies=3): occupied=32, pending=192, in flight=40
21:18:46: 7384x RT, 123.1 creatures/sec. Fitness: best=1520.3, avg=1075.1, new=(qd-mutate=670.9). MAP-Elites(8x8, morphologies=3): occupied=32, pending=192, in flight=40
21:18:48: 7744x RT, 129.1 creatures/sec. Fitness: best=1520.3, avg=1075.1, new=(qd-mutate=676.7). MAP-Elites(8x8, morphologies=3): occupied=32, pending=192, in flight=40
21:18:50: 7644x RT, 127.4 creatures/sec. Fitness: best=1520.3, avg=1075.1, new=(qd-mutate=707.0). MAP-Elites(8x8, morphologies=3): occupied=32, pending=192, in flight=40
21:18:52: 7685x RT, 128.1 creatures/sec. Fitness: best=1520.3, avg=1075.1, new=(qd-mutate=670.2). MAP-Elites(8x8, morphologies=3): occupied=32, pending=192, in flight=40
21:18:54: 7650x RT, 127.5 creatures/sec. Fitness: best=1520.3, avg=1075.1, new=(qd-mutate=653.4). MAP-Elites(8x8, morphologies=3): occupied=32, pending=192, in flight=40
21:18:56: 7673x RT, 127.9 creatures/sec. Fitness: best=1520.3, avg=1075.1, new=(qd-mutate=699.2). MAP-Elites(8x8, morphologies=3): occupied=32, pending=192, in flight=40
21:18:58: 7522x RT, 125.4 creatures/sec. Fitness: best=1520.3, avg=1075.1, new=(qd-mutate=645.4). MAP-Elites(8x8, morphologies=3): occupied=32, pending=192, in flight=40
21:19:00: 7766x RT, 129.4 creatures/sec. Fitness: best=1520.3, avg=1075.1, new=(qd-mutate=669.0). MAP-Elites(8x8, morphologies=3): occupied=32, pending=192, in flight=40
21:19:02: 7639x RT, 127.3 creatures/sec. Fitness: best=1520.3, avg=1075.1, new=(qd-mutate=688.5). MAP-Elites(8x8, morphologies=3): occupied=32, pending=192, in flight=40
21:19:04: 7666x RT, 127.8 creatures/sec. Fitness: best=1520.3, avg=1075.1, new=(qd-mutate=693.1). MAP-Elites(8x8, morphologies=3): occupied=32, pending=192, in flight=40
21:19:06: 7702x RT, 128.4 creatures/sec. Fitness: best=1520.3, avg=1075.1, new=(qd-mutate=673.8). MAP-Elites(8x8, morphologies=3): occupied=32, pending=192, in flight=40
21:19:08: 7676x RT, 127.9 creatures/sec. Fitness: best=1520.3, avg=1075.1, new=(qd-mutate=676.0). MAP-Elites(8x8, morphologies=3): occupied=32, pending=192, in flight=40
21:19:10: 7669x RT, 127.8 creatures/sec. Fitness: best=1520.3, avg=1075.1, new=(qd-mutate=700.8). MAP-Elites(8x8, morphologies=3): occupied=32, pending=192, in flight=40
21:19:12: 7645x RT, 127.4 creatures/sec. Fitness: best=1520.3, avg=1075.1, new=(qd-mutate=690.5). MAP-Elites(8x8, morphologies=3): occupied=32, pending=192, in flight=40
21:19:14: 7642x RT, 127.4 creatures/sec. Fitness: best=1520.3, avg=1075.1, new=(qd-mutate=676.5). MAP-Elites(8x8, morphologies=3): occupied=32, pending=192, in flight=40
5862957 bytes written to /Users/dag/projects/Machine-Evolved-credible-training/training-runs/me-v2-harmonic-qd-01-double-gravity-8w/config.json. 
21:19:16: 7619x RT, 127.0 creatures/sec. Fitness: best=1520.3, avg=1075.1, new=(qd-mutate=690.9). MAP-Elites(8x8, morphologies=3): occupied=32, pending=192, in flight=40
21:19:18: 7782x RT, 129.7 creatures/sec. Fitness: best=1520.3, avg=1075.1, new=(qd-mutate=697.9). MAP-Elites(8x8, morphologies=3): occupied=32, pending=192, in flight=40
21:19:20: 7719x RT, 128.6 creatures/sec. Fitness: best=1520.3, avg=1075.1, new=(qd-mutate=699.5). MAP-Elites(8x8, morphologies=3): occupied=32, pending=192, in flight=40
21:19:22: 7747x RT, 129.1 creatures/sec. Fitness: best=1520.3, avg=1075.1, new=(qd-mutate=664.0). MAP-Elites(8x8, morphologies=3): occupied=32, pending=192, in flight=40
21:19:24: 7580x RT, 126.3 creatures/sec. Fitness: best=1520.3, avg=1075.1, new=(qd-mutate=675.3). MAP-Elites(8x8, morphologies=3): occupied=32, pending=192, in flight=40
21:19:27: 7740x RT, 129.0 creatures/sec. Fitness: best=1520.3, avg=1075.1, new=(qd-mutate=698.6). MAP-Elites(8x8, morphologies=3): occupied=32, pending=192, in flight=40
21:19:29: 7627x RT, 127.1 creatures/sec. Fitness: best=1520.3, avg=1075.1, new=(qd-mutate=658.6). MAP-Elites(8x8, morphologies=3): occupied=32, pending=192, in flight=40
21:19:31: 7732x RT, 128.9 creatures/sec. Fitness: best=1520.3, avg=1075.1, new=(qd-mutate=676.4). MAP-Elites(8x8, morphologies=3): occupied=32, pending=192, in flight=40
21:19:33: 7732x RT, 128.9 creatures/sec. Fitness: best=1520.3, avg=1075.1, new=(qd-mutate=668.0). MAP-Elites(8x8, morphologies=3): occupied=32, pending=192, in flight=40
21:19:35: 7677x RT, 127.9 creatures/sec. Fitness: best=1520.3, avg=1075.1, new=(qd-mutate=678.2). MAP-Elites(8x8, morphologies=3): occupied=32, pending=192, in flight=40
21:19:37: 7747x RT, 129.1 creatures/sec. Fitness: best=1520.3, avg=1075.1, new=(qd-mutate=657.2). MAP-Elites(8x8, morphologies=3): occupied=32, pending=192, in flight=40
21:19:39: 7792x RT, 129.9 creatures/sec. Fitness: best=1520.3, avg=1075.1, new=(qd-mutate=673.9). MAP-Elites(8x8, morphologies=3): occupied=32, pending=192, in flight=40
21:19:41: 7769x RT, 129.5 creatures/sec. Fitness: best=1520.3, avg=1075.1, new=(qd-mutate=691.3). MAP-Elites(8x8, morphologies=3): occupied=32, pending=192, in flight=40
21:19:43: 7689x RT, 128.1 creatures/sec. Fitness: best=1520.3, avg=1075.1, new=(qd-mutate=679.9). MAP-Elites(8x8, morphologies=3): occupied=32, pending=192, in flight=40
21:19:45: 7758x RT, 129.3 creatures/sec. Fitness: best=1520.3, avg=1075.1, new=(qd-mutate=687.1). MAP-Elites(8x8, morphologies=3): occupied=32, pending=192, in flight=40
21:19:47: 7761x RT, 129.4 creatures/sec. Fitness: best=1520.3, avg=1075.1, new=(qd-mutate=716.2). MAP-Elites(8x8, morphologies=3): occupied=32, pending=192, in flight=40
21:19:49: 7707x RT, 128.5 creatures/sec. Fitness: best=1520.3, avg=1075.1, new=(qd-mutate=708.3). MAP-Elites(8x8, morphologies=3): occupied=32, pending=192, in flight=40
21:19:51: 7495x RT, 124.9 creatures/sec. Fitness: best=1520.3, avg=1075.1, new=(qd-mutate=656.8). MAP-Elites(8x8, morphologies=3): occupied=32, pending=192, in flight=40
21:19:53: 7791x RT, 129.8 creatures/sec. Fitness: best=1520.3, avg=1075.1, new=(qd-mutate=665.8). MAP-Elites(8x8, morphologies=3): occupied=32, pending=192, in flight=40
21:19:55: 7743x RT, 129.0 creatures/sec. Fitness: best=1520.3, avg=1075.1, new=(qd-mutate=668.5). MAP-Elites(8x8, morphologies=3): occupied=32, pending=192, in flight=40
21:19:57: 7685x RT, 128.1 creatures/sec. Fitness: best=1520.3, avg=1075.1, new=(qd-mutate=671.6). MAP-Elites(8x8, morphologies=3): occupied=32, pending=192, in flight=40
21:19:59: 7741x RT, 129.0 creatures/sec. Fitness: best=1520.3, avg=1075.1, new=(qd-mutate=648.2). MAP-Elites(8x8, morphologies=3): occupied=32, pending=192, in flight=40
21:20:01: 7762x RT, 129.4 creatures/sec. Fitness: best=1520.3, avg=1075.1, new=(qd-mutate=694.1). MAP-Elites(8x8, morphologies=3): occupied=32, pending=192, in flight=40
21:20:03: 7681x RT, 128.0 creatures/sec. Fitness: best=1520.3, avg=1075.1, new=(qd-mutate=672.8). MAP-Elites(8x8, morphologies=3): occupied=32, pending=192, in flight=40
21:20:05: 7699x RT, 128.3 creatures/sec. Fitness: best=1520.3, avg=1075.1, new=(qd-mutate=689.9). MAP-Elites(8x8, morphologies=3): occupied=32, pending=192, in flight=40
21:20:07: 7812x RT, 130.2 creatures/sec. Fitness: best=1520.3, avg=1075.1, new=(qd-mutate=665.5). MAP-Elites(8x8, morphologies=3): occupied=32, pending=192, in flight=40
21:20:09: 7712x RT, 128.5 creatures/sec. Fitness: best=1520.3, avg=1075.1, new=(qd-mutate=669.9). MAP-Elites(8x8, morphologies=3): occupied=32, pending=192, in flight=40
21:20:11: 7694x RT, 128.2 creatures/sec. Fitness: best=1520.3, avg=1075.1, new=(qd-mutate=672.6). MAP-Elites(8x8, morphologies=3): occupied=32, pending=192, in flight=40
21:20:13: 7707x RT, 128.5 creatures/sec. Fitness: best=1520.3, avg=1075.1, new=(qd-mutate=678.7). MAP-Elites(8x8, morphologies=3): occupied=32, pending=192, in flight=40
5848568 bytes written to /Users/dag/projects/Machine-Evolved-credible-training/training-runs/me-v2-harmonic-qd-01-double-gravity-8w/config.json. 
21:20:15: 7672x RT, 127.9 creatures/sec. Fitness: best=1520.3, avg=1075.1, new=(qd-mutate=676.3). MAP-Elites(8x8, morphologies=3): occupied=32, pending=192, in flight=40
21:20:17: 7791x RT, 129.8 creatures/sec. Fitness: best=1520.3, avg=1075.1, new=(qd-mutate=678.8). MAP-Elites(8x8, morphologies=3): occupied=32, pending=192, in flight=40
21:20:19: 7627x RT, 127.1 creatures/sec. Fitness: best=1520.3, avg=1075.1, new=(qd-mutate=686.0). MAP-Elites(8x8, morphologies=3): occupied=32, pending=192, in flight=40
21:20:21: 7719x RT, 128.6 creatures/sec. Fitness: best=1520.3, avg=1075.1, new=(qd-mutate=686.3). MAP-Elites(8x8, morphologies=3): occupied=32, pending=192, in flight=40
21:20:23: 7748x RT, 129.1 creatures/sec. Fitness: best=1520.3, avg=1075.1, new=(qd-mutate=655.1). MAP-Elites(8x8, morphologies=3): occupied=32, pending=192, in flight=40
21:20:25: 7349x RT, 122.5 creatures/sec. Fitness: best=1520.3, avg=1075.1, new=(qd-mutate=690.3). MAP-Elites(8x8, morphologies=3): occupied=32, pending=192, in flight=40
21:20:27: 7455x RT, 124.3 creatures/sec. Fitness: best=1520.3, avg=1075.1, new=(qd-mutate=715.0). MAP-Elites(8x8, morphologies=3): occupied=32, pending=192, in flight=40
21:20:29: 7175x RT, 119.6 creatures/sec. Fitness: best=1520.3, avg=1075.1, new=(qd-mutate=689.7). MAP-Elites(8x8, morphologies=3): occupied=32, pending=192, in flight=40
21:20:31: 7024x RT, 117.1 creatures/sec. Fitness: best=1520.3, avg=1075.1, new=(qd-mutate=664.0). MAP-Elites(8x8, morphologies=3): occupied=32, pending=192, in flight=40
21:20:33: 6932x RT, 115.5 creatures/sec. Fitness: best=1520.3, avg=1075.1, new=(qd-mutate=688.7). MAP-Elites(8x8, morphologies=3): occupied=32, pending=192, in flight=40
21:20:35: 6674x RT, 111.2 creatures/sec. Fitness: best=1520.3, avg=1075.1, new=(qd-mutate=663.8). MAP-Elites(8x8, morphologies=3): occupied=32, pending=192, in flight=40
21:20:37: 6024x RT, 100.4 creatures/sec. Fitness: best=1520.3, avg=1075.9, new=(qd-mutate=701.8). MAP-Elites(8x8, morphologies=3): occupied=32, pending=192, in flight=40
21:20:39: 6349x RT, 105.8 creatures/sec. Fitness: best=1520.3, avg=1075.9, new=(qd-mutate=641.1). MAP-Elites(8x8, morphologies=3): occupied=32, pending=192, in flight=40
21:20:42: 7079x RT, 118.0 creatures/sec. Fitness: best=1520.3, avg=1075.9, new=(qd-mutate=701.0). MAP-Elites(8x8, morphologies=3): occupied=32, pending=192, in flight=40
21:20:44: 6958x RT, 116.0 creatures/sec. Fitness: best=1520.3, avg=1075.9, new=(qd-mutate=686.4). MAP-Elites(8x8, morphologies=3): occupied=32, pending=192, in flight=40
21:20:46: 7139x RT, 119.0 creatures/sec. Fitness: best=1520.3, avg=1075.9, new=(qd-mutate=716.5). MAP-Elites(8x8, morphologies=3): occupied=32, pending=192, in flight=40
21:20:48: 7134x RT, 118.9 creatures/sec. Fitness: best=1520.3, avg=1075.9, new=(qd-mutate=704.6). MAP-Elites(8x8, morphologies=3): occupied=32, pending=192, in flight=40
21:20:50: 7101x RT, 118.3 creatures/sec. Fitness: best=1520.3, avg=1075.9, new=(qd-mutate=660.9). MAP-Elites(8x8, morphologies=3): occupied=32, pending=192, in flight=40
21:20:52: 7276x RT, 121.3 creatures/sec. Fitness: best=1520.3, avg=1075.9, new=(qd-mutate=652.9). MAP-Elites(8x8, morphologies=3): occupied=32, pending=192, in flight=40
21:20:54: 7185x RT, 119.8 creatures/sec. Fitness: best=1520.3, avg=1075.9, new=(qd-mutate=681.0). MAP-Elites(8x8, morphologies=3): occupied=32, pending=192, in flight=40
21:20:56: 7097x RT, 118.3 creatures/sec. Fitness: best=1520.3, avg=1075.9, new=(qd-mutate=651.4). MAP-Elites(8x8, morphologies=3): occupied=32, pending=192, in flight=40
21:20:58: 5736x RT, 95.6 creatures/sec. Fitness: best=1520.3, avg=1075.9, new=(qd-mutate=645.8). MAP-Elites(8x8, morphologies=3): occupied=32, pending=192, in flight=40
21:21:00: 6530x RT, 108.8 creatures/sec. Fitness: best=1520.3, avg=1075.9, new=(qd-mutate=679.1). MAP-Elites(8x8, morphologies=3): occupied=32, pending=192, in flight=40
21:21:02: 6773x RT, 112.9 creatures/sec. Fitness: best=1520.3, avg=1075.9, new=(qd-mutate=676.8). MAP-Elites(8x8, morphologies=3): occupied=32, pending=192, in flight=40
21:21:04: 7115x RT, 118.6 creatures/sec. Fitness: best=1520.3, avg=1075.9, new=(qd-mutate=668.9). MAP-Elites(8x8, morphologies=3): occupied=32, pending=192, in flight=40
21:21:06: 7086x RT, 118.1 creatures/sec. Fitness: best=1520.3, avg=1075.9, new=(qd-mutate=685.6). MAP-Elites(8x8, morphologies=3): occupied=32, pending=192, in flight=40
21:21:08: 7190x RT, 119.8 creatures/sec. Fitness: best=1520.3, avg=1075.9, new=(qd-mutate=680.8). MAP-Elites(8x8, morphologies=3): occupied=32, pending=192, in flight=40
21:21:10: 7133x RT, 118.9 creatures/sec. Fitness: best=1520.3, avg=1075.9, new=(qd-mutate=676.7). MAP-Elites(8x8, morphologies=3): occupied=32, pending=192, in flight=40
21:21:12: 7107x RT, 118.4 creatures/sec. Fitness: best=1520.3, avg=1075.9, new=(qd-mutate=658.5). MAP-Elites(8x8, morphologies=3): occupied=32, pending=192, in flight=40
21:21:14: 7268x RT, 121.1 creatures/sec. Fitness: best=1520.3, avg=1075.9, new=(qd-mutate=724.2). MAP-Elites(8x8, morphologies=3): occupied=32, pending=192, in flight=40
5877622 bytes written to /Users/dag/projects/Machine-Evolved-credible-training/training-runs/me-v2-harmonic-qd-01-double-gravity-8w/config.json. 
21:21:16: 7080x RT, 118.0 creatures/sec. Fitness: best=1520.3, avg=1075.9, new=(qd-mutate=689.0). MAP-Elites(8x8, morphologies=3): occupied=32, pending=192, in flight=40
21:21:18: 7288x RT, 121.5 creatures/sec. Fitness: best=1520.3, avg=1075.9, new=(qd-mutate=687.0). MAP-Elites(8x8, morphologies=3): occupied=32, pending=192, in flight=40
21:21:20: 7187x RT, 119.8 creatures/sec. Fitness: best=1520.3, avg=1075.9, new=(qd-mutate=681.6). MAP-Elites(8x8, morphologies=3): occupied=32, pending=192, in flight=40
21:21:23: 6956x RT, 115.9 creatures/sec. Fitness: best=1520.3, avg=1075.9, new=(qd-mutate=645.7). MAP-Elites(8x8, morphologies=3): occupied=32, pending=192, in flight=40
21:21:25: 6747x RT, 112.5 creatures/sec. Fitness: best=1520.3, avg=1075.9, new=(qd-mutate=633.0). MAP-Elites(8x8, morphologies=3): occupied=32, pending=192, in flight=40
21:21:27: 7222x RT, 120.4 creatures/sec. Fitness: best=1520.3, avg=1075.9, new=(qd-mutate=678.2). MAP-Elites(8x8, morphologies=3): occupied=32, pending=192, in flight=40
21:21:29: 7182x RT, 119.7 creatures/sec. Fitness: best=1520.3, avg=1075.9, new=(qd-mutate=757.8). MAP-Elites(8x8, morphologies=3): occupied=32, pending=192, in flight=40
21:21:31: 7191x RT, 119.9 creatures/sec. Fitness: best=1520.3, avg=1075.9, new=(qd-mutate=719.3). MAP-Elites(8x8, morphologies=3): occupied=32, pending=192, in flight=40
21:21:33: 7455x RT, 124.3 creatures/sec. Fitness: best=1520.3, avg=1075.9, new=(qd-mutate=675.9). MAP-Elites(8x8, morphologies=3): occupied=32, pending=192, in flight=40
21:21:35: 7494x RT, 124.9 creatures/sec. Fitness: best=1520.3, avg=1075.9, new=(qd-mutate=645.1). MAP-Elites(8x8, morphologies=3): occupied=32, pending=192, in flight=40
21:21:37: 7483x RT, 124.7 creatures/sec. Fitness: best=1520.3, avg=1075.9, new=(qd-mutate=682.0). MAP-Elites(8x8, morphologies=3): occupied=32, pending=192, in flight=40
21:21:39: 7505x RT, 125.1 creatures/sec. Fitness: best=1520.3, avg=1075.9, new=(qd-mutate=637.6). MAP-Elites(8x8, morphologies=3): occupied=32, pending=192, in flight=40
21:21:41: 7543x RT, 125.7 creatures/sec. Fitness: best=1520.3, avg=1075.9, new=(qd-mutate=686.8). MAP-Elites(8x8, morphologies=3): occupied=32, pending=192, in flight=40
21:21:43: 7524x RT, 125.4 creatures/sec. Fitness: best=1520.3, avg=1075.9, new=(qd-mutate=697.3). MAP-Elites(8x8, morphologies=3): occupied=32, pending=192, in flight=40
21:21:45: 7418x RT, 123.6 creatures/sec. Fitness: best=1520.3, avg=1075.9, new=(qd-mutate=679.5). MAP-Elites(8x8, morphologies=3): occupied=32, pending=192, in flight=40
21:21:47: 7467x RT, 124.4 creatures/sec. Fitness: best=1520.3, avg=1075.9, new=(qd-mutate=680.8). MAP-Elites(8x8, morphologies=3): occupied=32, pending=192, in flight=40
21:21:49: 7344x RT, 122.4 creatures/sec. Fitness: best=1520.3, avg=1075.9, new=(qd-mutate=675.8). MAP-Elites(8x8, morphologies=3): occupied=32, pending=192, in flight=40
21:21:51: 7602x RT, 126.7 creatures/sec. Fitness: best=1520.3, avg=1075.9, new=(qd-mutate=650.9). MAP-Elites(8x8, morphologies=3): occupied=32, pending=192, in flight=40
21:21:53: 7532x RT, 125.5 creatures/sec. Fitness: best=1520.3, avg=1075.9, new=(qd-mutate=650.0). MAP-Elites(8x8, morphologies=3): occupied=32, pending=192, in flight=40
21:21:55: 7603x RT, 126.7 creatures/sec. Fitness: best=1520.3, avg=1075.9, new=(qd-mutate=692.0). MAP-Elites(8x8, morphologies=3): occupied=32, pending=192, in flight=40
21:21:57: 7559x RT, 126.0 creatures/sec. Fitness: best=1520.3, avg=1075.9, new=(qd-mutate=722.5). MAP-Elites(8x8, morphologies=3): occupied=32, pending=192, in flight=40
21:21:59: 7564x RT, 126.1 creatures/sec. Fitness: best=1520.3, avg=1075.9, new=(qd-mutate=681.3). MAP-Elites(8x8, morphologies=3): occupied=32, pending=192, in flight=40
21:22:01: 7604x RT, 126.7 creatures/sec. Fitness: best=1520.3, avg=1075.9, new=(qd-mutate=664.6). MAP-Elites(8x8, morphologies=3): occupied=32, pending=192, in flight=40
21:22:03: 7571x RT, 126.2 creatures/sec. Fitness: best=1520.3, avg=1075.9, new=(qd-mutate=691.4). MAP-Elites(8x8, morphologies=3): occupied=32, pending=192, in flight=40
21:22:05: 7510x RT, 125.2 creatures/sec. Fitness: best=1520.3, avg=1075.9, new=(qd-mutate=650.1). MAP-Elites(8x8, morphologies=3): occupied=32, pending=192, in flight=40
21:22:07: 7626x RT, 127.1 creatures/sec. Fitness: best=1520.3, avg=1075.9, new=(qd-mutate=674.2). MAP-Elites(8x8, morphologies=3): occupied=32, pending=192, in flight=40
21:22:09: 7537x RT, 125.6 creatures/sec. Fitness: best=1520.3, avg=1075.9, new=(qd-mutate=686.7). MAP-Elites(8x8, morphologies=3): occupied=32, pending=192, in flight=40
21:22:11: 7636x RT, 127.3 creatures/sec. Fitness: best=1520.3, avg=1075.9, new=(qd-mutate=689.2). MAP-Elites(8x8, morphologies=3): occupied=32, pending=192, in flight=40
21:22:13: 7588x RT, 126.5 creatures/sec. Fitness: best=1520.3, avg=1075.9, new=(qd-mutate=673.0). MAP-Elites(8x8, morphologies=3): occupied=32, pending=192, in flight=40
5862335 bytes written to /Users/dag/projects/Machine-Evolved-credible-training/training-runs/me-v2-harmonic-qd-01-double-gravity-8w/config.json. 
21:22:16: 7459x RT, 124.3 creatures/sec. Fitness: best=1520.3, avg=1075.9, new=(qd-mutate=695.1). MAP-Elites(8x8, morphologies=3): occupied=32, pending=192, in flight=40
21:22:18: 7666x RT, 127.8 creatures/sec. Fitness: best=1520.3, avg=1075.9, new=(qd-mutate=694.0). MAP-Elites(8x8, morphologies=3): occupied=32, pending=192, in flight=40
21:22:20: 7578x RT, 126.3 creatures/sec. Fitness: best=1520.3, avg=1075.9, new=(qd-mutate=669.6). MAP-Elites(8x8, morphologies=3): occupied=32, pending=192, in flight=40
21:22:22: 7646x RT, 127.4 creatures/sec. Fitness: best=1520.3, avg=1075.9, new=(qd-mutate=692.3). MAP-Elites(8x8, morphologies=3): occupied=32, pending=192, in flight=40
21:22:24: 7659x RT, 127.7 creatures/sec. Fitness: best=1520.3, avg=1075.9, new=(qd-mutate=693.6). MAP-Elites(8x8, morphologies=3): occupied=32, pending=192, in flight=40
21:22:26: 7595x RT, 126.6 creatures/sec. Fitness: best=1520.3, avg=1075.9, new=(qd-mutate=696.0). MAP-Elites(8x8, morphologies=3): occupied=32, pending=192, in flight=40
21:22:28: 7618x RT, 127.0 creatures/sec. Fitness: best=1520.3, avg=1075.9, new=(qd-mutate=681.9). MAP-Elites(8x8, morphologies=3): occupied=32, pending=192, in flight=40
21:22:30: 7569x RT, 126.2 creatures/sec. Fitness: best=1520.3, avg=1075.9, new=(qd-mutate=693.3). MAP-Elites(8x8, morphologies=3): occupied=32, pending=192, in flight=40
21:22:32: 7602x RT, 126.7 creatures/sec. Fitness: best=1520.3, avg=1075.9, new=(qd-mutate=652.3). MAP-Elites(8x8, morphologies=3): occupied=32, pending=192, in flight=40
21:22:34: 7700x RT, 128.3 creatures/sec. Fitness: best=1520.3, avg=1075.9, new=(qd-mutate=667.9). MAP-Elites(8x8, morphologies=3): occupied=32, pending=192, in flight=40
21:22:36: 7549x RT, 125.8 creatures/sec. Fitness: best=1520.3, avg=1075.9, new=(qd-mutate=667.5). MAP-Elites(8x8, morphologies=3): occupied=32, pending=192, in flight=40
21:22:38: 7624x RT, 127.1 creatures/sec. Fitness: best=1520.3, avg=1075.9, new=(qd-mutate=654.4). MAP-Elites(8x8, morphologies=3): occupied=32, pending=192, in flight=40
21:22:40: 7678x RT, 128.0 creatures/sec. Fitness: best=1520.3, avg=1075.9, new=(qd-mutate=665.6). MAP-Elites(8x8, morphologies=3): occupied=32, pending=192, in flight=40
21:22:42: 7599x RT, 126.7 creatures/sec. Fitness: best=1520.3, avg=1075.9, new=(qd-mutate=704.4). MAP-Elites(8x8, morphologies=3): occupied=32, pending=192, in flight=40
21:22:44: 7589x RT, 126.5 creatures/sec. Fitness: best=1520.3, avg=1075.9, new=(qd-mutate=685.5). MAP-Elites(8x8, morphologies=3): occupied=32, pending=192, in flight=40
21:22:46: 7691x RT, 128.2 creatures/sec. Fitness: best=1520.3, avg=1075.9, new=(qd-mutate=639.7). MAP-Elites(8x8, morphologies=3): occupied=32, pending=192, in flight=40
21:22:48: 7603x RT, 126.7 creatures/sec. Fitness: best=1520.3, avg=1075.9, new=(qd-mutate=693.7). MAP-Elites(8x8, morphologies=3): occupied=32, pending=192, in flight=40
21:22:50: 7604x RT, 126.7 creatures/sec. Fitness: best=1520.3, avg=1075.9, new=(qd-mutate=691.6). MAP-Elites(8x8, morphologies=3): occupied=32, pending=192, in flight=40
21:22:52: 7578x RT, 126.3 creatures/sec. Fitness: best=1520.3, avg=1075.9, new=(qd-mutate=694.5). MAP-Elites(8x8, morphologies=3): occupied=32, pending=192, in flight=40
21:22:54: 7574x RT, 126.2 creatures/sec. Fitness: best=1520.3, avg=1075.9, new=(qd-mutate=656.6). MAP-Elites(8x8, morphologies=3): occupied=32, pending=192, in flight=40
21:22:56: 7575x RT, 126.3 creatures/sec. Fitness: best=1520.3, avg=1075.9, new=(qd-mutate=664.7). MAP-Elites(8x8, morphologies=3): occupied=32, pending=192, in flight=40
21:22:58: 7644x RT, 127.4 creatures/sec. Fitness: best=1520.3, avg=1075.9, new=(qd-mutate=673.9). MAP-Elites(8x8, morphologies=3): occupied=32, pending=192, in flight=40
21:23:00: 7625x RT, 127.1 creatures/sec. Fitness: best=1520.3, avg=1075.9, new=(qd-mutate=725.4). MAP-Elites(8x8, morphologies=3): occupied=32, pending=192, in flight=40
21:23:02: 7422x RT, 123.7 creatures/sec. Fitness: best=1520.3, avg=1075.9, new=(qd-mutate=687.9). MAP-Elites(8x8, morphologies=3): occupied=32, pending=192, in flight=40
21:23:04: 7600x RT, 126.7 creatures/sec. Fitness: best=1520.3, avg=1075.9, new=(qd-mutate=702.2). MAP-Elites(8x8, morphologies=3): occupied=32, pending=192, in flight=40
21:23:06: 6884x RT, 114.7 creatures/sec. Fitness: best=1520.3, avg=1075.9, new=(qd-mutate=665.9). MAP-Elites(8x8, morphologies=3): occupied=32, pending=192, in flight=40
21:23:08: 7129x RT, 118.8 creatures/sec. Fitness: best=1520.3, avg=1075.9, new=(qd-mutate=691.2). MAP-Elites(8x8, morphologies=3): occupied=32, pending=192, in flight=40
21:23:10: 7404x RT, 123.4 creatures/sec. Fitness: best=1520.3, avg=1075.9, new=(qd-mutate=691.2). MAP-Elites(8x8, morphologies=3): occupied=32, pending=192, in flight=40
21:23:12: 7326x RT, 122.1 creatures/sec. Fitness: best=1520.3, avg=1077.7, new=(qd-mutate=666.4). MAP-Elites(8x8, morphologies=3): occupied=32, pending=192, in flight=40
21:23:14: 7439x RT, 124.0 creatures/sec. Fitness: best=1520.3, avg=1077.7, new=(qd-mutate=656.2). MAP-Elites(8x8, morphologies=3): occupied=32, pending=192, in flight=40
5866494 bytes written to /Users/dag/projects/Machine-Evolved-credible-training/training-runs/me-v2-harmonic-qd-01-double-gravity-8w/config.json. 
21:23:16: 7487x RT, 124.8 creatures/sec. Fitness: best=1520.3, avg=1077.7, new=(qd-mutate=707.1). MAP-Elites(8x8, morphologies=3): occupied=32, pending=192, in flight=40
21:23:18: 7636x RT, 127.3 creatures/sec. Fitness: best=1520.3, avg=1077.7, new=(qd-mutate=666.9). MAP-Elites(8x8, morphologies=3): occupied=32, pending=192, in flight=40
21:23:20: 7584x RT, 126.4 creatures/sec. Fitness: best=1520.3, avg=1077.7, new=(qd-mutate=650.2). MAP-Elites(8x8, morphologies=3): occupied=32, pending=192, in flight=40
21:23:22: 7608x RT, 126.8 creatures/sec. Fitness: best=1520.3, avg=1077.7, new=(qd-mutate=681.7). MAP-Elites(8x8, morphologies=3): occupied=32, pending=192, in flight=40
21:23:24: 7598x RT, 126.6 creatures/sec. Fitness: best=1520.3, avg=1077.7, new=(qd-mutate=676.9). MAP-Elites(8x8, morphologies=3): occupied=32, pending=192, in flight=40
21:23:26: 7590x RT, 126.5 creatures/sec. Fitness: best=1520.3, avg=1077.7, new=(qd-mutate=669.7). MAP-Elites(8x8, morphologies=3): occupied=32, pending=192, in flight=40
21:23:28: 7550x RT, 125.8 creatures/sec. Fitness: best=1520.3, avg=1077.7, new=(qd-mutate=666.6). MAP-Elites(8x8, morphologies=3): occupied=32, pending=192, in flight=40
21:23:30: 7597x RT, 126.6 creatures/sec. Fitness: best=1520.3, avg=1077.7, new=(qd-mutate=680.9). MAP-Elites(8x8, morphologies=3): occupied=32, pending=192, in flight=40
21:23:32: 7499x RT, 125.0 creatures/sec. Fitness: best=1520.3, avg=1077.7, new=(qd-mutate=664.3). MAP-Elites(8x8, morphologies=3): occupied=32, pending=192, in flight=40
21:23:34: 7555x RT, 125.9 creatures/sec. Fitness: best=1520.3, avg=1077.7, new=(qd-mutate=674.4). MAP-Elites(8x8, morphologies=3): occupied=32, pending=192, in flight=40
21:23:36: 7599x RT, 126.6 creatures/sec. Fitness: best=1520.3, avg=1077.7, new=(qd-mutate=696.2). MAP-Elites(8x8, morphologies=3): occupied=32, pending=192, in flight=40
21:23:39: 7578x RT, 126.3 creatures/sec. Fitness: best=1520.3, avg=1077.7, new=(qd-mutate=659.2). MAP-Elites(8x8, morphologies=3): occupied=32, pending=192, in flight=40
21:23:41: 7588x RT, 126.5 creatures/sec. Fitness: best=1520.3, avg=1077.7, new=(qd-mutate=635.9). MAP-Elites(8x8, morphologies=3): occupied=32, pending=192, in flight=40
21:23:43: 7635x RT, 127.3 creatures/sec. Fitness: best=1520.3, avg=1077.7, new=(qd-mutate=661.9). MAP-Elites(8x8, morphologies=3): occupied=32, pending=192, in flight=40
21:23:45: 7632x RT, 127.2 creatures/sec. Fitness: best=1520.3, avg=1077.7, new=(qd-mutate=656.5). MAP-Elites(8x8, morphologies=3): occupied=32, pending=192, in flight=40
21:23:47: 7611x RT, 126.8 creatures/sec. Fitness: best=1520.3, avg=1077.7, new=(qd-mutate=697.3). MAP-Elites(8x8, morphologies=3): occupied=32, pending=192, in flight=40
21:23:49: 7625x RT, 127.1 creatures/sec. Fitness: best=1520.3, avg=1077.7, new=(qd-mutate=659.8). MAP-Elites(8x8, morphologies=3): occupied=32, pending=192, in flight=40
21:23:51: 7627x RT, 127.1 creatures/sec. Fitness: best=1520.3, avg=1061.4, new=(qd-mutate=676.3). MAP-Elites(8x8, morphologies=3): occupied=33, pending=192, in flight=40
21:23:53: 7572x RT, 126.2 creatures/sec. Fitness: best=1520.3, avg=1061.4, new=(qd-mutate=703.2). MAP-Elites(8x8, morphologies=3): occupied=33, pending=192, in flight=40
21:23:55: 7672x RT, 127.9 creatures/sec. Fitness: best=1520.3, avg=1061.4, new=(qd-mutate=689.2). MAP-Elites(8x8, morphologies=3): occupied=33, pending=192, in flight=40
21:23:57: 7567x RT, 126.1 creatures/sec. Fitness: best=1520.3, avg=1061.4, new=(qd-mutate=689.3). MAP-Elites(8x8, morphologies=3): occupied=33, pending=192, in flight=40
21:23:59: 7620x RT, 127.0 creatures/sec. Fitness: best=1520.3, avg=1061.4, new=(qd-mutate=695.7). MAP-Elites(8x8, morphologies=3): occupied=33, pending=192, in flight=40
21:24:01: 7584x RT, 126.4 creatures/sec. Fitness: best=1520.3, avg=1061.4, new=(qd-mutate=689.2). MAP-Elites(8x8, morphologies=3): occupied=33, pending=192, in flight=40
21:24:03: 7636x RT, 127.3 creatures/sec. Fitness: best=1520.3, avg=1061.4, new=(qd-mutate=646.5). MAP-Elites(8x8, morphologies=3): occupied=33, pending=192, in flight=40
21:24:05: 7554x RT, 125.9 creatures/sec. Fitness: best=1520.3, avg=1061.4, new=(qd-mutate=707.1). MAP-Elites(8x8, morphologies=3): occupied=33, pending=192, in flight=40
21:24:07: 7676x RT, 127.9 creatures/sec. Fitness: best=1520.3, avg=1061.4, new=(qd-mutate=696.6). MAP-Elites(8x8, morphologies=3): occupied=33, pending=192, in flight=40
21:24:09: 7520x RT, 125.3 creatures/sec. Fitness: best=1520.3, avg=1061.4, new=(qd-mutate=673.2). MAP-Elites(8x8, morphologies=3): occupied=33, pending=192, in flight=40
21:24:11: 7676x RT, 127.9 creatures/sec. Fitness: best=1520.3, avg=1061.4, new=(qd-mutate=681.3). MAP-Elites(8x8, morphologies=3): occupied=33, pending=192, in flight=40
21:24:13: 7603x RT, 126.7 creatures/sec. Fitness: best=1520.3, avg=1061.4, new=(qd-mutate=714.8). MAP-Elites(8x8, morphologies=3): occupied=33, pending=192, in flight=40
21:24:15: 7664x RT, 127.7 creatures/sec. Fitness: best=1520.3, avg=1061.4, new=(qd-mutate=683.4). MAP-Elites(8x8, morphologies=3): occupied=33, pending=192, in flight=40
5885434 bytes written to /Users/dag/projects/Machine-Evolved-credible-training/training-runs/me-v2-harmonic-qd-01-double-gravity-8w/config.json. 
21:24:17: 7506x RT, 125.1 creatures/sec. Fitness: best=1520.3, avg=1061.4, new=(qd-mutate=664.2). MAP-Elites(8x8, morphologies=3): occupied=33, pending=192, in flight=40
21:24:19: 7603x RT, 126.7 creatures/sec. Fitness: best=1520.3, avg=1061.4, new=(qd-mutate=655.0). MAP-Elites(8x8, morphologies=3): occupied=33, pending=192, in flight=40
21:24:21: 7751x RT, 129.2 creatures/sec. Fitness: best=1520.3, avg=1061.4, new=(qd-mutate=704.2). MAP-Elites(8x8, morphologies=3): occupied=33, pending=192, in flight=40
21:24:23: 7530x RT, 125.5 creatures/sec. Fitness: best=1520.3, avg=1061.4, new=(qd-mutate=689.5). MAP-Elites(8x8, morphologies=3): occupied=33, pending=192, in flight=40
21:24:25: 7540x RT, 125.7 creatures/sec. Fitness: best=1520.3, avg=1061.4, new=(qd-mutate=700.8). MAP-Elites(8x8, morphologies=3): occupied=33, pending=192, in flight=40
21:24:27: 7540x RT, 125.7 creatures/sec. Fitness: best=1520.3, avg=1061.4, new=(qd-mutate=685.3). MAP-Elites(8x8, morphologies=3): occupied=33, pending=192, in flight=40
21:24:29: 7583x RT, 126.4 creatures/sec. Fitness: best=1520.3, avg=1061.4, new=(qd-mutate=706.4). MAP-Elites(8x8, morphologies=3): occupied=33, pending=192, in flight=40
21:24:31: 7650x RT, 127.5 creatures/sec. Fitness: best=1520.3, avg=1061.4, new=(qd-mutate=662.6). MAP-Elites(8x8, morphologies=3): occupied=33, pending=192, in flight=40
21:24:33: 7628x RT, 127.1 creatures/sec. Fitness: best=1520.3, avg=1061.4, new=(qd-mutate=693.6). MAP-Elites(8x8, morphologies=3): occupied=33, pending=192, in flight=40
21:24:35: 7605x RT, 126.7 creatures/sec. Fitness: best=1520.3, avg=1061.4, new=(qd-mutate=660.9). MAP-Elites(8x8, morphologies=3): occupied=33, pending=192, in flight=40
21:24:37: 7691x RT, 128.2 creatures/sec. Fitness: best=1520.3, avg=1061.4, new=(qd-mutate=685.7). MAP-Elites(8x8, morphologies=3): occupied=33, pending=192, in flight=40
21:24:39: 7587x RT, 126.4 creatures/sec. Fitness: best=1520.3, avg=1061.4, new=(qd-mutate=681.9). MAP-Elites(8x8, morphologies=3): occupied=33, pending=192, in flight=40
21:24:41: 6573x RT, 109.6 creatures/sec. Fitness: best=1520.3, avg=1061.4, new=(qd-mutate=652.9). MAP-Elites(8x8, morphologies=3): occupied=33, pending=192, in flight=40
21:24:43: 7569x RT, 126.1 creatures/sec. Fitness: best=1520.3, avg=1061.4, new=(qd-mutate=687.6). MAP-Elites(8x8, morphologies=3): occupied=33, pending=192, in flight=40
21:24:45: 7683x RT, 128.0 creatures/sec. Fitness: best=1520.3, avg=1061.4, new=(qd-mutate=692.0). MAP-Elites(8x8, morphologies=3): occupied=33, pending=192, in flight=40
21:24:47: 7621x RT, 127.0 creatures/sec. Fitness: best=1520.3, avg=1061.4, new=(qd-mutate=698.0). MAP-Elites(8x8, morphologies=3): occupied=33, pending=192, in flight=40
21:24:49: 7640x RT, 127.3 creatures/sec. Fitness: best=1520.3, avg=1061.4, new=(qd-mutate=693.5). MAP-Elites(8x8, morphologies=3): occupied=33, pending=192, in flight=40
21:24:51: 7574x RT, 126.2 creatures/sec. Fitness: best=1520.3, avg=1061.4, new=(qd-mutate=710.8). MAP-Elites(8x8, morphologies=3): occupied=33, pending=192, in flight=40
21:24:53: 7606x RT, 126.8 creatures/sec. Fitness: best=1520.3, avg=1061.4, new=(qd-mutate=686.9). MAP-Elites(8x8, morphologies=3): occupied=33, pending=192, in flight=40
21:24:55: 7266x RT, 121.1 creatures/sec. Fitness: best=1520.3, avg=1062.4, new=(qd-mutate=688.3). MAP-Elites(8x8, morphologies=3): occupied=33, pending=192, in flight=40
21:24:57: 7697x RT, 128.3 creatures/sec. Fitness: best=1520.3, avg=1062.4, new=(qd-mutate=717.2). MAP-Elites(8x8, morphologies=3): occupied=33, pending=192, in flight=40
21:24:59: 7496x RT, 124.9 creatures/sec. Fitness: best=1520.3, avg=1062.4, new=(qd-mutate=707.4). MAP-Elites(8x8, morphologies=3): occupied=33, pending=192, in flight=40
21:25:01: 7618x RT, 127.0 creatures/sec. Fitness: best=1520.3, avg=1062.4, new=(qd-mutate=682.9). MAP-Elites(8x8, morphologies=3): occupied=33, pending=192, in flight=40
21:25:03: 7617x RT, 126.9 creatures/sec. Fitness: best=1520.3, avg=1062.4, new=(qd-mutate=669.4). MAP-Elites(8x8, morphologies=3): occupied=33, pending=192, in flight=40
21:25:06: 7587x RT, 126.5 creatures/sec. Fitness: best=1520.3, avg=1062.4, new=(qd-mutate=648.2). MAP-Elites(8x8, morphologies=3): occupied=33, pending=192, in flight=40
21:25:08: 7650x RT, 127.5 creatures/sec. Fitness: best=1520.3, avg=1062.4, new=(qd-mutate=670.3). MAP-Elites(8x8, morphologies=3): occupied=33, pending=192, in flight=40
21:25:10: 7550x RT, 125.8 creatures/sec. Fitness: best=1520.3, avg=1062.4, new=(qd-mutate=670.2). MAP-Elites(8x8, morphologies=3): occupied=33, pending=192, in flight=40
21:25:12: 7639x RT, 127.3 creatures/sec. Fitness: best=1520.3, avg=1062.4, new=(qd-mutate=679.2). MAP-Elites(8x8, morphologies=3): occupied=33, pending=192, in flight=40
21:25:14: 7613x RT, 126.9 creatures/sec. Fitness: best=1520.3, avg=1062.4, new=(qd-mutate=671.3). MAP-Elites(8x8, morphologies=3): occupied=33, pending=192, in flight=40
5889844 bytes written to /Users/dag/projects/Machine-Evolved-credible-training/training-runs/me-v2-harmonic-qd-01-double-gravity-8w/config.json. 
21:25:16: 7648x RT, 127.5 creatures/sec. Fitness: best=1520.3, avg=1062.4, new=(qd-mutate=680.9). MAP-Elites(8x8, morphologies=3): occupied=33, pending=192, in flight=40
21:25:18: 7629x RT, 127.2 creatures/sec. Fitness: best=1520.3, avg=1062.4, new=(qd-mutate=716.3). MAP-Elites(8x8, morphologies=3): occupied=33, pending=192, in flight=40
21:25:20: 7630x RT, 127.2 creatures/sec. Fitness: best=1520.3, avg=1062.4, new=(qd-mutate=670.6). MAP-Elites(8x8, morphologies=3): occupied=33, pending=192, in flight=40
21:25:22: 7590x RT, 126.5 creatures/sec. Fitness: best=1520.3, avg=1062.4, new=(qd-mutate=669.3). MAP-Elites(8x8, morphologies=3): occupied=33, pending=192, in flight=40
21:25:24: 7594x RT, 126.6 creatures/sec. Fitness: best=1520.3, avg=1062.4, new=(qd-mutate=656.4). MAP-Elites(8x8, morphologies=3): occupied=33, pending=192, in flight=40
21:25:26: 7687x RT, 128.1 creatures/sec. Fitness: best=1520.3, avg=1062.4, new=(qd-mutate=692.3). MAP-Elites(8x8, morphologies=3): occupied=33, pending=192, in flight=40
21:25:28: 7569x RT, 126.2 creatures/sec. Fitness: best=1520.3, avg=1062.4, new=(qd-mutate=700.2). MAP-Elites(8x8, morphologies=3): occupied=33, pending=192, in flight=40
21:25:30: 7575x RT, 126.2 creatures/sec. Fitness: best=1520.3, avg=1062.4, new=(qd-mutate=682.5). MAP-Elites(8x8, morphologies=3): occupied=33, pending=192, in flight=40
21:25:32: 7587x RT, 126.4 creatures/sec. Fitness: best=1520.3, avg=1062.4, new=(qd-mutate=648.5). MAP-Elites(8x8, morphologies=3): occupied=33, pending=192, in flight=40
21:25:34: 7611x RT, 126.8 creatures/sec. Fitness: best=1520.3, avg=1062.4, new=(qd-mutate=687.6). MAP-Elites(8x8, morphologies=3): occupied=33, pending=192, in flight=40
21:25:36: 7660x RT, 127.7 creatures/sec. Fitness: best=1520.3, avg=1062.4, new=(qd-mutate=696.3). MAP-Elites(8x8, morphologies=3): occupied=33, pending=192, in flight=40
21:25:38: 7507x RT, 125.1 creatures/sec. Fitness: best=1520.3, avg=1062.4, new=(qd-mutate=667.3). MAP-Elites(8x8, morphologies=3): occupied=33, pending=192, in flight=40
21:25:40: 7564x RT, 126.1 creatures/sec. Fitness: best=1520.3, avg=1062.4, new=(qd-mutate=672.8). MAP-Elites(8x8, morphologies=3): occupied=33, pending=192, in flight=40
21:25:42: 7613x RT, 126.9 creatures/sec. Fitness: best=1520.3, avg=1062.4, new=(qd-mutate=699.0). MAP-Elites(8x8, morphologies=3): occupied=33, pending=192, in flight=40
21:25:44: 7613x RT, 126.9 creatures/sec. Fitness: best=1520.3, avg=1062.4, new=(qd-mutate=705.1). MAP-Elites(8x8, morphologies=3): occupied=33, pending=192, in flight=40
21:25:46: 7698x RT, 128.3 creatures/sec. Fitness: best=1520.3, avg=1062.4, new=(qd-mutate=695.7). MAP-Elites(8x8, morphologies=3): occupied=33, pending=192, in flight=40
21:25:48: 7599x RT, 126.6 creatures/sec. Fitness: best=1520.3, avg=1062.4, new=(qd-mutate=687.9). MAP-Elites(8x8, morphologies=3): occupied=33, pending=192, in flight=40
21:25:50: 7680x RT, 128.0 creatures/sec. Fitness: best=1520.3, avg=1062.4, new=(qd-mutate=669.8). MAP-Elites(8x8, morphologies=3): occupied=33, pending=192, in flight=40
21:25:52: 7593x RT, 126.6 creatures/sec. Fitness: best=1520.3, avg=1062.4, new=(qd-mutate=667.3). MAP-Elites(8x8, morphologies=3): occupied=33, pending=192, in flight=40
21:25:54: 7286x RT, 121.4 creatures/sec. Fitness: best=1520.3, avg=1062.4, new=(qd-mutate=686.7). MAP-Elites(8x8, morphologies=3): occupied=33, pending=192, in flight=40
21:25:56: 7558x RT, 126.0 creatures/sec. Fitness: best=1520.3, avg=1062.4, new=(qd-mutate=677.5). MAP-Elites(8x8, morphologies=3): occupied=33, pending=192, in flight=40
21:25:58: 7216x RT, 120.3 creatures/sec. Fitness: best=1520.3, avg=1062.4, new=(qd-mutate=692.7). MAP-Elites(8x8, morphologies=3): occupied=33, pending=192, in flight=40
21:26:00: 6332x RT, 105.5 creatures/sec. Fitness: best=1520.3, avg=1062.4, new=(qd-mutate=669.3). MAP-Elites(8x8, morphologies=3): occupied=33, pending=192, in flight=40
21:26:02: 6751x RT, 112.5 creatures/sec. Fitness: best=1520.3, avg=1062.4, new=(qd-mutate=706.8). MAP-Elites(8x8, morphologies=3): occupied=33, pending=192, in flight=40
21:26:04: 6619x RT, 110.3 creatures/sec. Fitness: best=1520.3, avg=1062.4, new=(qd-mutate=660.1). MAP-Elites(8x8, morphologies=3): occupied=33, pending=192, in flight=40
21:26:06: 5874x RT, 97.9 creatures/sec. Fitness: best=1520.3, avg=1062.4, new=(qd-mutate=686.2). MAP-Elites(8x8, morphologies=3): occupied=33, pending=192, in flight=40
21:26:08: 7101x RT, 118.3 creatures/sec. Fitness: best=1520.3, avg=1062.4, new=(qd-mutate=658.8). MAP-Elites(8x8, morphologies=3): occupied=33, pending=192, in flight=40
21:26:10: 7329x RT, 122.2 creatures/sec. Fitness: best=1520.3, avg=1062.4, new=(qd-mutate=681.3). MAP-Elites(8x8, morphologies=3): occupied=33, pending=192, in flight=40
21:26:12: 7412x RT, 123.5 creatures/sec. Fitness: best=1520.3, avg=1062.4, new=(qd-mutate=683.7). MAP-Elites(8x8, morphologies=3): occupied=33, pending=192, in flight=40
21:26:15: 7474x RT, 124.6 creatures/sec. Fitness: best=1520.3, avg=1062.4, new=(qd-mutate=712.9). MAP-Elites(8x8, morphologies=3): occupied=33, pending=192, in flight=40
5876412 bytes written to /Users/dag/projects/Machine-Evolved-credible-training/training-runs/me-v2-harmonic-qd-01-double-gravity-8w/config.json. 
21:26:17: 7010x RT, 116.8 creatures/sec. Fitness: best=1520.3, avg=1062.4, new=(qd-mutate=669.6). MAP-Elites(8x8, morphologies=3): occupied=33, pending=192, in flight=40
21:26:19: 7251x RT, 120.8 creatures/sec. Fitness: best=1520.3, avg=1062.4, new=(qd-mutate=685.6). MAP-Elites(8x8, morphologies=3): occupied=33, pending=192, in flight=40
21:26:21: 7186x RT, 119.8 creatures/sec. Fitness: best=1520.3, avg=1062.4, new=(qd-mutate=657.4). MAP-Elites(8x8, morphologies=3): occupied=33, pending=192, in flight=40
21:26:23: 7257x RT, 121.0 creatures/sec. Fitness: best=1520.3, avg=1062.4, new=(qd-mutate=684.6). MAP-Elites(8x8, morphologies=3): occupied=33, pending=192, in flight=40
21:26:25: 7207x RT, 120.1 creatures/sec. Fitness: best=1520.3, avg=1062.4, new=(qd-mutate=674.0). MAP-Elites(8x8, morphologies=3): occupied=33, pending=192, in flight=40
21:26:27: 7183x RT, 119.7 creatures/sec. Fitness: best=1520.3, avg=1062.4, new=(qd-mutate=665.6). MAP-Elites(8x8, morphologies=3): occupied=33, pending=192, in flight=40
21:26:29: 7260x RT, 121.0 creatures/sec. Fitness: best=1520.3, avg=1062.4, new=(qd-mutate=651.5). MAP-Elites(8x8, morphologies=3): occupied=33, pending=192, in flight=40
21:26:31: 7230x RT, 120.5 creatures/sec. Fitness: best=1520.3, avg=1062.4, new=(qd-mutate=684.8). MAP-Elites(8x8, morphologies=3): occupied=33, pending=192, in flight=40
21:26:33: 7208x RT, 120.1 creatures/sec. Fitness: best=1520.3, avg=1062.4, new=(qd-mutate=697.9). MAP-Elites(8x8, morphologies=3): occupied=33, pending=192, in flight=40
21:26:35: 7272x RT, 121.2 creatures/sec. Fitness: best=1520.3, avg=1062.4, new=(qd-mutate=654.8). MAP-Elites(8x8, morphologies=3): occupied=33, pending=192, in flight=40
21:26:37: 7193x RT, 119.9 creatures/sec. Fitness: best=1520.3, avg=1062.4, new=(qd-mutate=658.5). MAP-Elites(8x8, morphologies=3): occupied=33, pending=192, in flight=40
21:26:39: 7109x RT, 118.5 creatures/sec. Fitness: best=1520.3, avg=1062.4, new=(qd-mutate=680.8). MAP-Elites(8x8, morphologies=3): occupied=33, pending=192, in flight=40
21:26:41: 6787x RT, 113.1 creatures/sec. Fitness: best=1520.3, avg=1062.4, new=(qd-mutate=660.0). MAP-Elites(8x8, morphologies=3): occupied=33, pending=192, in flight=40
21:26:44: 7414x RT, 123.6 creatures/sec. Fitness: best=1520.3, avg=1062.4, new=(qd-mutate=690.1). MAP-Elites(8x8, morphologies=3): occupied=33, pending=192, in flight=40
21:26:46: 6203x RT, 103.4 creatures/sec. Fitness: best=1520.3, avg=1062.4, new=(qd-mutate=649.3). MAP-Elites(8x8, morphologies=3): occupied=33, pending=192, in flight=40
21:26:48: 6600x RT, 110.0 creatures/sec. Fitness: best=1520.3, avg=1062.4, new=(qd-mutate=665.5). MAP-Elites(8x8, morphologies=3): occupied=33, pending=192, in flight=40
21:26:50: 6625x RT, 110.4 creatures/sec. Fitness: best=1520.3, avg=1062.4, new=(qd-mutate=670.9). MAP-Elites(8x8, morphologies=3): occupied=33, pending=192, in flight=40
21:26:52: 6921x RT, 115.4 creatures/sec. Fitness: best=1520.3, avg=1062.4, new=(qd-mutate=683.4). MAP-Elites(8x8, morphologies=3): occupied=33, pending=192, in flight=40
21:26:54: 7239x RT, 120.7 creatures/sec. Fitness: best=1520.3, avg=1062.4, new=(qd-mutate=673.5). MAP-Elites(8x8, morphologies=3): occupied=33, pending=192, in flight=40
21:26:56: 7152x RT, 119.2 creatures/sec. Fitness: best=1520.3, avg=1062.4, new=(qd-mutate=654.1). MAP-Elites(8x8, morphologies=3): occupied=33, pending=192, in flight=40
21:26:58: 7087x RT, 118.1 creatures/sec. Fitness: best=1520.3, avg=1062.4, new=(qd-mutate=714.4). MAP-Elites(8x8, morphologies=3): occupied=33, pending=192, in flight=40
21:27:00: 7184x RT, 119.7 creatures/sec. Fitness: best=1520.3, avg=1062.4, new=(qd-mutate=678.1). MAP-Elites(8x8, morphologies=3): occupied=33, pending=192, in flight=40
21:27:02: 7065x RT, 117.8 creatures/sec. Fitness: best=1520.3, avg=1062.4, new=(qd-mutate=714.5). MAP-Elites(8x8, morphologies=3): occupied=33, pending=192, in flight=40
21:27:04: 7120x RT, 118.7 creatures/sec. Fitness: best=1520.3, avg=1062.4, new=(qd-mutate=701.7). MAP-Elites(8x8, morphologies=3): occupied=33, pending=192, in flight=40
21:27:06: 6990x RT, 116.5 creatures/sec. Fitness: best=1520.3, avg=1062.4, new=(qd-mutate=679.4). MAP-Elites(8x8, morphologies=3): occupied=33, pending=192, in flight=40
21:27:08: 6784x RT, 113.1 creatures/sec. Fitness: best=1520.3, avg=1062.4, new=(qd-mutate=693.4). MAP-Elites(8x8, morphologies=3): occupied=33, pending=192, in flight=40
21:27:10: 7259x RT, 121.0 creatures/sec. Fitness: best=1520.3, avg=1062.4, new=(qd-mutate=684.3). MAP-Elites(8x8, morphologies=3): occupied=33, pending=192, in flight=40
21:27:12: 7305x RT, 121.8 creatures/sec. Fitness: best=1520.3, avg=1062.4, new=(qd-mutate=666.1). MAP-Elites(8x8, morphologies=3): occupied=33, pending=192, in flight=40
21:27:14: 7170x RT, 119.5 creatures/sec. Fitness: best=1520.3, avg=1062.4, new=(qd-mutate=675.3). MAP-Elites(8x8, morphologies=3): occupied=33, pending=192, in flight=40
5862302 bytes written to /Users/dag/projects/Machine-Evolved-credible-training/training-runs/me-v2-harmonic-qd-01-double-gravity-8w/config.json. 
Exiting after an interrupt signal.
5862302 bytes written to /Users/dag/projects/Machine-Evolved-credible-training/training-runs/me-v2-harmonic-qd-01-double-gravity-8w/config.json. 
