Using 6 worker threads.
Speed: 15.899972 creatures/sec. Server status: 18:57:49: 6110x RT, 101.8 creatures/sec. Fitness: best=3067.6, avg=1587.6, new=(qd-mutate=1048.1, curl-right=898.1, qd-large-mutate=1010.6, template-m1-balanced=953.4). MAP-Elites(8x8, morphologies=3): occupied=47, pending=192, in flight=22
Speed: 15.999994 creatures/sec. Server status: 18:57:49: 6110x RT, 101.8 creatures/sec. Fitness: best=3067.6, avg=1587.6, new=(qd-mutate=1048.1, curl-right=898.1, qd-large-mutate=1010.6, template-m1-balanced=953.4). MAP-Elites(8x8, morphologies=3): occupied=47, pending=192, in flight=22
Speed: 15.899932 creatures/sec. Server status: 18:57:49: 6110x RT, 101.8 creatures/sec. Fitness: best=3067.6, avg=1587.6, new=(qd-mutate=1048.1, curl-right=898.1, qd-large-mutate=1010.6, template-m1-balanced=953.4). MAP-Elites(8x8, morphologies=3): occupied=47, pending=192, in flight=22
Speed: 15.899840 creatures/sec. Server status: 18:57:49: 6110x RT, 101.8 creatures/sec. Fitness: best=3067.6, avg=1587.6, new=(qd-mutate=1048.1, curl-right=898.1, qd-large-mutate=1010.6, template-m1-balanced=953.4). MAP-Elites(8x8, morphologies=3): occupied=47, pending=192, in flight=22
Speed: 15.697688 creatures/sec. Server status: 18:57:49: 6110x RT, 101.8 creatures/sec. Fitness: best=3067.6, avg=1587.6, new=(qd-mutate=1048.1, curl-right=898.1, qd-large-mutate=1010.6, template-m1-balanced=953.4). MAP-Elites(8x8, morphologies=3): occupied=47, pending=192, in flight=22
Speed: 15.897674 creatures/sec. Server status: 18:57:49: 6110x RT, 101.8 creatures/sec. Fitness: best=3067.6, avg=1587.6, new=(qd-mutate=1048.1, curl-right=898.1, qd-large-mutate=1010.6, template-m1-balanced=953.4). MAP-Elites(8x8, morphologies=3): occupied=47, pending=192, in flight=22
Speed: 16.599993 creatures/sec. Server status: 18:57:59: 6201x RT, 103.3 creatures/sec. Fitness: best=3067.6, avg=1587.6, new=(template-m1-balanced=954.9, qd-mutate=1131.0, qd-large-mutate=1257.6, curl-left=1289.6, curl-right=816.9). MAP-Elites(8x8, morphologies=3): occupied=47, pending=192, in flight=22
Speed: 16.599973 creatures/sec. Server status: 18:57:59: 6201x RT, 103.3 creatures/sec. Fitness: best=3067.6, avg=1587.6, new=(template-m1-balanced=954.9, qd-mutate=1131.0, qd-large-mutate=1257.6, curl-left=1289.6, curl-right=816.9). MAP-Elites(8x8, morphologies=3): occupied=47, pending=192, in flight=22
Speed: 16.399996 creatures/sec. Server status: 18:57:59: 6201x RT, 103.3 creatures/sec. Fitness: best=3067.6, avg=1587.6, new=(template-m1-balanced=954.9, qd-mutate=1131.0, qd-large-mutate=1257.6, curl-left=1289.6, curl-right=816.9). MAP-Elites(8x8, morphologies=3): occupied=47, pending=192, in flight=22
Speed: 16.499980 creatures/sec. Server status: 18:57:59: 6201x RT, 103.3 creatures/sec. Fitness: best=3067.6, avg=1587.6, new=(template-m1-balanced=954.9, qd-mutate=1131.0, qd-large-mutate=1257.6, curl-left=1289.6, curl-right=816.9). MAP-Elites(8x8, morphologies=3): occupied=47, pending=192, in flight=22
Speed: 16.499992 creatures/sec. Server status: 18:57:59: 6201x RT, 103.3 creatures/sec. Fitness: best=3067.6, avg=1587.6, new=(template-m1-balanced=954.9, qd-mutate=1131.0, qd-large-mutate=1257.6, curl-left=1289.6, curl-right=816.9). MAP-Elites(8x8, morphologies=3): occupied=47, pending=192, in flight=22
Speed: 16.699955 creatures/sec. Server status: 18:57:59: 6201x RT, 103.3 creatures/sec. Fitness: best=3067.6, avg=1587.6, new=(template-m1-balanced=954.9, qd-mutate=1131.0, qd-large-mutate=1257.6, curl-left=1289.6, curl-right=816.9). MAP-Elites(8x8, morphologies=3): occupied=47, pending=192, in flight=22
Speed: 16.999997 creatures/sec. Server status: 18:58:10: 6767x RT, 112.8 creatures/sec. Fitness: best=3067.6, avg=1587.6, new=(qd-large-mutate=1010.3, qd-mutate=1067.9, curl-left=741.2, template-m1-balanced=1074.8, curl-right=731.9). MAP-Elites(8x8, morphologies=3): occupied=47, pending=192, in flight=22
Speed: 16.999990 creatures/sec. Server status: 18:58:10: 6767x RT, 112.8 creatures/sec. Fitness: best=3067.6, avg=1587.6, new=(qd-large-mutate=1010.3, qd-mutate=1067.9, curl-left=741.2, template-m1-balanced=1074.8, curl-right=731.9). MAP-Elites(8x8, morphologies=3): occupied=47, pending=192, in flight=22
Speed: 16.599987 creatures/sec. Server status: 18:58:10: 6767x RT, 112.8 creatures/sec. Fitness: best=3067.6, avg=1587.6, new=(qd-large-mutate=1010.3, qd-mutate=1067.9, curl-left=741.2, template-m1-balanced=1074.8, curl-right=731.9). MAP-Elites(8x8, morphologies=3): occupied=47, pending=192, in flight=22
Speed: 16.999983 creatures/sec. Server status: 18:58:10: 6767x RT, 112.8 creatures/sec. Fitness: best=3067.6, avg=1587.6, new=(qd-large-mutate=1010.3, qd-mutate=1067.9, curl-left=741.2, template-m1-balanced=1074.8, curl-right=731.9). MAP-Elites(8x8, morphologies=3): occupied=47, pending=192, in flight=22
Speed: 16.999991 creatures/sec. Server status: 18:58:10: 6767x RT, 112.8 creatures/sec. Fitness: best=3067.6, avg=1587.6, new=(qd-large-mutate=1010.3, qd-mutate=1067.9, curl-left=741.2, template-m1-balanced=1074.8, curl-right=731.9). MAP-Elites(8x8, morphologies=3): occupied=47, pending=192, in flight=22
Speed: 16.700000 creatures/sec. Server status: 18:58:10: 6767x RT, 112.8 creatures/sec. Fitness: best=3067.6, avg=1587.6, new=(qd-large-mutate=1010.3, qd-mutate=1067.9, curl-left=741.2, template-m1-balanced=1074.8, curl-right=731.9). MAP-Elites(8x8, morphologies=3): occupied=47, pending=192, in flight=22
Speed: 16.799981 creatures/sec. Server status: 18:58:20: 4373x RT, 72.9 creatures/sec. Fitness: best=3067.6, avg=1587.6, new=(qd-mutate=1153.3, qd-large-mutate=1022.2, curl-left=791.8, curl-right=918.2, template-m1-balanced=756.7). MAP-Elites(8x8, morphologies=3): occupied=47, pending=192, in flight=22
Speed: 16.699998 creatures/sec. Server status: 18:58:20: 4373x RT, 72.9 creatures/sec. Fitness: best=3067.6, avg=1587.6, new=(qd-mutate=1153.3, qd-large-mutate=1022.2, curl-left=791.8, curl-right=918.2, template-m1-balanced=756.7). MAP-Elites(8x8, morphologies=3): occupied=47, pending=192, in flight=22
Speed: 16.599977 creatures/sec. Server status: 18:58:20: 4373x RT, 72.9 creatures/sec. Fitness: best=3067.6, avg=1587.6, new=(qd-mutate=1153.3, qd-large-mutate=1022.2, curl-left=791.8, curl-right=918.2, template-m1-balanced=756.7). MAP-Elites(8x8, morphologies=3): occupied=47, pending=192, in flight=22
Speed: 16.699992 creatures/sec. Server status: 18:58:20: 4373x RT, 72.9 creatures/sec. Fitness: best=3067.6, avg=1587.6, new=(qd-mutate=1153.3, qd-large-mutate=1022.2, curl-left=791.8, curl-right=918.2, template-m1-balanced=756.7). MAP-Elites(8x8, morphologies=3): occupied=47, pending=192, in flight=22
Speed: 16.699985 creatures/sec. Server status: 18:58:20: 4373x RT, 72.9 creatures/sec. Fitness: best=3067.6, avg=1587.6, new=(qd-mutate=1153.3, qd-large-mutate=1022.2, curl-left=791.8, curl-right=918.2, template-m1-balanced=756.7). MAP-Elites(8x8, morphologies=3): occupied=47, pending=192, in flight=22
Speed: 16.899979 creatures/sec. Server status: 18:58:20: 4373x RT, 72.9 creatures/sec. Fitness: best=3067.6, avg=1587.6, new=(qd-mutate=1153.3, qd-large-mutate=1022.2, curl-left=791.8, curl-right=918.2, template-m1-balanced=756.7). MAP-Elites(8x8, morphologies=3): occupied=47, pending=192, in flight=22
Speed: 17.399992 creatures/sec. Server status: 18:58:30: 6355x RT, 105.9 creatures/sec. Fitness: best=3067.6, avg=1590.0, new=(template-m1-balanced=1183.0, curl-left=882.1, qd-large-mutate=1085.4, qd-mutate=980.2, curl-right=793.4). MAP-Elites(8x8, morphologies=3): occupied=47, pending=192, in flight=22
Speed: 17.299998 creatures/sec. Server status: 18:58:30: 6355x RT, 105.9 creatures/sec. Fitness: best=3067.6, avg=1590.0, new=(template-m1-balanced=1183.0, curl-left=882.1, qd-large-mutate=1085.4, qd-mutate=980.2, curl-right=793.4). MAP-Elites(8x8, morphologies=3): occupied=47, pending=192, in flight=22
Speed: 17.799980 creatures/sec. Server status: 18:58:30: 6355x RT, 105.9 creatures/sec. Fitness: best=3067.6, avg=1590.0, new=(template-m1-balanced=1183.0, curl-left=882.1, qd-large-mutate=1085.4, qd-mutate=980.2, curl-right=793.4). MAP-Elites(8x8, morphologies=3): occupied=47, pending=192, in flight=22
Speed: 17.799660 creatures/sec. Server status: 18:58:30: 6355x RT, 105.9 creatures/sec. Fitness: best=3067.6, avg=1590.0, new=(template-m1-balanced=1183.0, curl-left=882.1, qd-large-mutate=1085.4, qd-mutate=980.2, curl-right=793.4). MAP-Elites(8x8, morphologies=3): occupied=47, pending=192, in flight=22
Speed: 17.499991 creatures/sec. Server status: 18:58:30: 6355x RT, 105.9 creatures/sec. Fitness: best=3067.6, avg=1590.0, new=(template-m1-balanced=1183.0, curl-left=882.1, qd-large-mutate=1085.4, qd-mutate=980.2, curl-right=793.4). MAP-Elites(8x8, morphologies=3): occupied=47, pending=192, in flight=22
Speed: 17.399937 creatures/sec. Server status: 18:58:30: 6355x RT, 105.9 creatures/sec. Fitness: best=3067.6, avg=1590.0, new=(template-m1-balanced=1183.0, curl-left=882.1, qd-large-mutate=1085.4, qd-mutate=980.2, curl-right=793.4). MAP-Elites(8x8, morphologies=3): occupied=47, pending=192, in flight=22
Speed: 8.599334 creatures/sec. Server status: 18:58:40: 2259x RT, 37.6 creatures/sec. Fitness: best=3067.6, avg=1590.0, new=(qd-large-mutate=1325.8, qd-mutate=1023.8, curl-right=1353.3, curl-left=521.9). MAP-Elites(8x8, morphologies=3): occupied=47, pending=192, in flight=22
Speed: 8.597596 creatures/sec. Server status: 18:58:40: 2259x RT, 37.6 creatures/sec. Fitness: best=3067.6, avg=1590.0, new=(qd-large-mutate=1325.8, qd-mutate=1023.8, curl-right=1353.3, curl-left=521.9). MAP-Elites(8x8, morphologies=3): occupied=47, pending=192, in flight=22
Speed: 8.597449 creatures/sec. Server status: 18:58:40: 2259x RT, 37.6 creatures/sec. Fitness: best=3067.6, avg=1590.0, new=(qd-large-mutate=1325.8, qd-mutate=1023.8, curl-right=1353.3, curl-left=521.9). MAP-Elites(8x8, morphologies=3): occupied=47, pending=192, in flight=22
Speed: 8.697375 creatures/sec. Server status: 18:58:40: 2259x RT, 37.6 creatures/sec. Fitness: best=3067.6, avg=1590.0, new=(qd-large-mutate=1325.8, qd-mutate=1023.8, curl-right=1353.3, curl-left=521.9). MAP-Elites(8x8, morphologies=3): occupied=47, pending=192, in flight=22
Speed: 8.498419 creatures/sec. Server status: 18:58:40: 2259x RT, 37.6 creatures/sec. Fitness: best=3067.6, avg=1590.0, new=(qd-large-mutate=1325.8, qd-mutate=1023.8, curl-right=1353.3, curl-left=521.9). MAP-Elites(8x8, morphologies=3): occupied=47, pending=192, in flight=22
Speed: 8.586113 creatures/sec. Server status: 18:58:40: 2259x RT, 37.6 creatures/sec. Fitness: best=3067.6, avg=1590.0, new=(qd-large-mutate=1325.8, qd-mutate=1023.8, curl-right=1353.3, curl-left=521.9). MAP-Elites(8x8, morphologies=3): occupied=47, pending=192, in flight=22
Speed: 6.200000 creatures/sec. Server status: 18:58:49: 2284x RT, 38.1 creatures/sec. Fitness: best=3067.6, avg=1590.0, new=(qd-mutate=972.0, qd-large-mutate=982.7, curl-left=1154.9, curl-right=701.1). MAP-Elites(8x8, morphologies=3): occupied=47, pending=192, in flight=22
Speed: 5.999948 creatures/sec. Server status: 18:58:49: 2284x RT, 38.1 creatures/sec. Fitness: best=3067.6, avg=1590.0, new=(qd-mutate=972.0, qd-large-mutate=982.7, curl-left=1154.9, curl-right=701.1). MAP-Elites(8x8, morphologies=3): occupied=47, pending=192, in flight=22
Speed: 6.099999 creatures/sec. Server status: 18:58:49: 2284x RT, 38.1 creatures/sec. Fitness: best=3067.6, avg=1590.0, new=(qd-mutate=972.0, qd-large-mutate=982.7, curl-left=1154.9, curl-right=701.1). MAP-Elites(8x8, morphologies=3): occupied=47, pending=192, in flight=22
Speed: 6.199271 creatures/sec. Server status: 18:58:49: 2284x RT, 38.1 creatures/sec. Fitness: best=3067.6, avg=1590.0, new=(qd-mutate=972.0, qd-large-mutate=982.7, curl-left=1154.9, curl-right=701.1). MAP-Elites(8x8, morphologies=3): occupied=47, pending=192, in flight=22
Speed: 6.199247 creatures/sec. Server status: 18:58:49: 2284x RT, 38.1 creatures/sec. Fitness: best=3067.6, avg=1590.0, new=(qd-mutate=972.0, qd-large-mutate=982.7, curl-left=1154.9, curl-right=701.1). MAP-Elites(8x8, morphologies=3): occupied=47, pending=192, in flight=22
Speed: 6.198767 creatures/sec. Server status: 18:58:49: 2284x RT, 38.1 creatures/sec. Fitness: best=3067.6, avg=1590.0, new=(qd-mutate=972.0, qd-large-mutate=982.7, curl-left=1154.9, curl-right=701.1). MAP-Elites(8x8, morphologies=3): occupied=47, pending=192, in flight=22
Speed: 12.799995 creatures/sec. Server status: 18:58:59: 6035x RT, 100.6 creatures/sec. Fitness: best=3067.6, avg=1590.0, new=(qd-large-mutate=1014.9, template-m1-balanced=600.0, qd-mutate=1084.0, curl-right=991.0, curl-left=793.2). MAP-Elites(8x8, morphologies=3): occupied=47, pending=192, in flight=22
Speed: 12.299996 creatures/sec. Server status: 18:58:59: 6035x RT, 100.6 creatures/sec. Fitness: best=3067.6, avg=1590.0, new=(qd-large-mutate=1014.9, template-m1-balanced=600.0, qd-mutate=1084.0, curl-right=991.0, curl-left=793.2). MAP-Elites(8x8, morphologies=3): occupied=47, pending=192, in flight=22
Speed: 12.499963 creatures/sec. Server status: 18:58:59: 6035x RT, 100.6 creatures/sec. Fitness: best=3067.6, avg=1590.0, new=(qd-large-mutate=1014.9, template-m1-balanced=600.0, qd-mutate=1084.0, curl-right=991.0, curl-left=793.2). MAP-Elites(8x8, morphologies=3): occupied=47, pending=192, in flight=22
Speed: 12.699994 creatures/sec. Server status: 18:58:59: 6035x RT, 100.6 creatures/sec. Fitness: best=3067.6, avg=1590.0, new=(qd-large-mutate=1014.9, template-m1-balanced=600.0, qd-mutate=1084.0, curl-right=991.0, curl-left=793.2). MAP-Elites(8x8, morphologies=3): occupied=47, pending=192, in flight=22
Speed: 12.599797 creatures/sec. Server status: 18:58:59: 6035x RT, 100.6 creatures/sec. Fitness: best=3067.6, avg=1590.0, new=(qd-large-mutate=1014.9, template-m1-balanced=600.0, qd-mutate=1084.0, curl-right=991.0, curl-left=793.2). MAP-Elites(8x8, morphologies=3): occupied=47, pending=192, in flight=22
Speed: 12.800000 creatures/sec. Server status: 18:58:59: 6035x RT, 100.6 creatures/sec. Fitness: best=3067.6, avg=1590.0, new=(qd-large-mutate=1014.9, template-m1-balanced=600.0, qd-mutate=1084.0, curl-right=991.0, curl-left=793.2). MAP-Elites(8x8, morphologies=3): occupied=47, pending=192, in flight=22
Speed: 17.299981 creatures/sec. Server status: 18:59:09: 6191x RT, 103.2 creatures/sec. Fitness: best=3067.6, avg=1597.1, new=(qd-large-mutate=1247.1, qd-mutate=1096.1, curl-right=733.8, curl-left=909.0, template-m1-balanced=944.8). MAP-Elites(8x8, morphologies=3): occupied=47, pending=192, in flight=22
Speed: 17.299998 creatures/sec. Server status: 18:59:09: 6191x RT, 103.2 creatures/sec. Fitness: best=3067.6, avg=1597.1, new=(qd-large-mutate=1247.1, qd-mutate=1096.1, curl-right=733.8, curl-left=909.0, template-m1-balanced=944.8). MAP-Elites(8x8, morphologies=3): occupied=47, pending=192, in flight=22
Speed: 16.899985 creatures/sec. Server status: 18:59:09: 6191x RT, 103.2 creatures/sec. Fitness: best=3067.6, avg=1597.1, new=(qd-large-mutate=1247.1, qd-mutate=1096.1, curl-right=733.8, curl-left=909.0, template-m1-balanced=944.8). MAP-Elites(8x8, morphologies=3): occupied=47, pending=192, in flight=22
Speed: 17.099983 creatures/sec. Server status: 18:59:09: 6191x RT, 103.2 creatures/sec. Fitness: best=3067.6, avg=1597.1, new=(qd-large-mutate=1247.1, qd-mutate=1096.1, curl-right=733.8, curl-left=909.0, template-m1-balanced=944.8). MAP-Elites(8x8, morphologies=3): occupied=47, pending=192, in flight=22
Speed: 17.099993 creatures/sec. Server status: 18:59:09: 6191x RT, 103.2 creatures/sec. Fitness: best=3067.6, avg=1597.1, new=(qd-large-mutate=1247.1, qd-mutate=1096.1, curl-right=733.8, curl-left=909.0, template-m1-balanced=944.8). MAP-Elites(8x8, morphologies=3): occupied=47, pending=192, in flight=22
Speed: 17.199998 creatures/sec. Server status: 18:59:09: 6191x RT, 103.2 creatures/sec. Fitness: best=3067.6, avg=1597.1, new=(qd-large-mutate=1247.1, qd-mutate=1096.1, curl-right=733.8, curl-left=909.0, template-m1-balanced=944.8). MAP-Elites(8x8, morphologies=3): occupied=47, pending=192, in flight=22
Speed: 18.299949 creatures/sec. Server status: 18:59:20: 6443x RT, 107.4 creatures/sec. Fitness: best=3067.6, avg=1597.1, new=(qd-mutate=1096.8, template-m1-balanced=897.7, qd-large-mutate=1189.4, curl-right=1180.5, curl-left=1520.2). MAP-Elites(8x8, morphologies=3): occupied=47, pending=192, in flight=22
Speed: 18.099984 creatures/sec. Server status: 18:59:20: 6443x RT, 107.4 creatures/sec. Fitness: best=3067.6, avg=1597.1, new=(qd-mutate=1096.8, template-m1-balanced=897.7, qd-large-mutate=1189.4, curl-right=1180.5, curl-left=1520.2). MAP-Elites(8x8, morphologies=3): occupied=47, pending=192, in flight=22
Speed: 18.200000 creatures/sec. Server status: 18:59:20: 6443x RT, 107.4 creatures/sec. Fitness: best=3067.6, avg=1597.1, new=(qd-mutate=1096.8, template-m1-balanced=897.7, qd-large-mutate=1189.4, curl-right=1180.5, curl-left=1520.2). MAP-Elites(8x8, morphologies=3): occupied=47, pending=192, in flight=22
Speed: 18.099997 creatures/sec. Server status: 18:59:20: 6443x RT, 107.4 creatures/sec. Fitness: best=3067.6, avg=1597.1, new=(qd-mutate=1096.8, template-m1-balanced=897.7, qd-large-mutate=1189.4, curl-right=1180.5, curl-left=1520.2). MAP-Elites(8x8, morphologies=3): occupied=47, pending=192, in flight=22
Speed: 18.199989 creatures/sec. Server status: 18:59:20: 6443x RT, 107.4 creatures/sec. Fitness: best=3067.6, avg=1597.1, new=(qd-mutate=1096.8, template-m1-balanced=897.7, qd-large-mutate=1189.4, curl-right=1180.5, curl-left=1520.2). MAP-Elites(8x8, morphologies=3): occupied=47, pending=192, in flight=22
Speed: 18.099964 creatures/sec. Server status: 18:59:20: 6443x RT, 107.4 creatures/sec. Fitness: best=3067.6, avg=1597.1, new=(qd-mutate=1096.8, template-m1-balanced=897.7, qd-large-mutate=1189.4, curl-right=1180.5, curl-left=1520.2). MAP-Elites(8x8, morphologies=3): occupied=47, pending=192, in flight=22
Speed: 17.199981 creatures/sec. Server status: 18:59:30: 6514x RT, 108.6 creatures/sec. Fitness: best=3067.6, avg=1598.5, new=(qd-mutate=1036.5, template-m1-balanced=1001.2, curl-left=838.5, qd-large-mutate=1223.5). MAP-Elites(8x8, morphologies=3): occupied=47, pending=192, in flight=22
Speed: 17.200000 creatures/sec. Server status: 18:59:30: 6514x RT, 108.6 creatures/sec. Fitness: best=3067.6, avg=1598.5, new=(qd-mutate=1036.5, template-m1-balanced=1001.2, curl-left=838.5, qd-large-mutate=1223.5). MAP-Elites(8x8, morphologies=3): occupied=47, pending=192, in flight=22
Speed: 16.899998 creatures/sec. Server status: 18:59:30: 6514x RT, 108.6 creatures/sec. Fitness: best=3067.6, avg=1598.5, new=(qd-mutate=1036.5, template-m1-balanced=1001.2, curl-left=838.5, qd-large-mutate=1223.5). MAP-Elites(8x8, morphologies=3): occupied=47, pending=192, in flight=22
Speed: 17.099988 creatures/sec. Server status: 18:59:30: 6514x RT, 108.6 creatures/sec. Fitness: best=3067.6, avg=1598.5, new=(qd-mutate=1036.5, template-m1-balanced=1001.2, curl-left=838.5, qd-large-mutate=1223.5). MAP-Elites(8x8, morphologies=3): occupied=47, pending=192, in flight=22
Speed: 17.299988 creatures/sec. Server status: 18:59:30: 6514x RT, 108.6 creatures/sec. Fitness: best=3067.6, avg=1598.5, new=(qd-mutate=1036.5, template-m1-balanced=1001.2, curl-left=838.5, qd-large-mutate=1223.5). MAP-Elites(8x8, morphologies=3): occupied=47, pending=192, in flight=22
Speed: 17.099638 creatures/sec. Server status: 18:59:30: 6514x RT, 108.6 creatures/sec. Fitness: best=3067.6, avg=1598.5, new=(qd-mutate=1036.5, template-m1-balanced=1001.2, curl-left=838.5, qd-large-mutate=1223.5). MAP-Elites(8x8, morphologies=3): occupied=47, pending=192, in flight=22
Speed: 17.699998 creatures/sec. Server status: 18:59:40: 6036x RT, 100.6 creatures/sec. Fitness: best=3067.6, avg=1598.5, new=(qd-mutate=1045.8, qd-large-mutate=1192.7, template-m1-balanced=914.0, curl-left=1013.5). MAP-Elites(8x8, morphologies=3): occupied=47, pending=192, in flight=22
Speed: 17.999994 creatures/sec. Server status: 18:59:40: 6036x RT, 100.6 creatures/sec. Fitness: best=3067.6, avg=1598.5, new=(qd-mutate=1045.8, qd-large-mutate=1192.7, template-m1-balanced=914.0, curl-left=1013.5). MAP-Elites(8x8, morphologies=3): occupied=47, pending=192, in flight=22
Speed: 17.799980 creatures/sec. Server status: 18:59:40: 6036x RT, 100.6 creatures/sec. Fitness: best=3067.6, avg=1598.5, new=(qd-mutate=1045.8, qd-large-mutate=1192.7, template-m1-balanced=914.0, curl-left=1013.5). MAP-Elites(8x8, morphologies=3): occupied=47, pending=192, in flight=22
Speed: 17.899984 creatures/sec. Server status: 18:59:40: 6036x RT, 100.6 creatures/sec. Fitness: best=3067.6, avg=1598.5, new=(qd-mutate=1045.8, qd-large-mutate=1192.7, template-m1-balanced=914.0, curl-left=1013.5). MAP-Elites(8x8, morphologies=3): occupied=47, pending=192, in flight=22
Speed: 17.799975 creatures/sec. Server status: 18:59:40: 6036x RT, 100.6 creatures/sec. Fitness: best=3067.6, avg=1598.5, new=(qd-mutate=1045.8, qd-large-mutate=1192.7, template-m1-balanced=914.0, curl-left=1013.5). MAP-Elites(8x8, morphologies=3): occupied=47, pending=192, in flight=22
Speed: 17.899993 creatures/sec. Server status: 18:59:40: 6036x RT, 100.6 creatures/sec. Fitness: best=3067.6, avg=1598.5, new=(qd-mutate=1045.8, qd-large-mutate=1192.7, template-m1-balanced=914.0, curl-left=1013.5). MAP-Elites(8x8, morphologies=3): occupied=47, pending=192, in flight=22
Speed: 18.099998 creatures/sec. Server status: 18:59:50: 6552x RT, 109.2 creatures/sec. Fitness: best=3067.6, avg=1598.5, new=(qd-mutate=1113.0, qd-large-mutate=1240.3, curl-left=971.7, template-m1-balanced=1253.9, curl-right=954.9). MAP-Elites(8x8, morphologies=3): occupied=47, pending=192, in flight=22
Speed: 17.999998 creatures/sec. Server status: 18:59:50: 6552x RT, 109.2 creatures/sec. Fitness: best=3067.6, avg=1598.5, new=(qd-mutate=1113.0, qd-large-mutate=1240.3, curl-left=971.7, template-m1-balanced=1253.9, curl-right=954.9). MAP-Elites(8x8, morphologies=3): occupied=47, pending=192, in flight=22
Speed: 18.099966 creatures/sec. Server status: 18:59:50: 6552x RT, 109.2 creatures/sec. Fitness: best=3067.6, avg=1598.5, new=(qd-mutate=1113.0, qd-large-mutate=1240.3, curl-left=971.7, template-m1-balanced=1253.9, curl-right=954.9). MAP-Elites(8x8, morphologies=3): occupied=47, pending=192, in flight=22
Speed: 18.099984 creatures/sec. Server status: 18:59:50: 6552x RT, 109.2 creatures/sec. Fitness: best=3067.6, avg=1598.5, new=(qd-mutate=1113.0, qd-large-mutate=1240.3, curl-left=971.7, template-m1-balanced=1253.9, curl-right=954.9). MAP-Elites(8x8, morphologies=3): occupied=47, pending=192, in flight=22
Speed: 18.199985 creatures/sec. Server status: 18:59:50: 6552x RT, 109.2 creatures/sec. Fitness: best=3067.6, avg=1598.5, new=(qd-mutate=1113.0, qd-large-mutate=1240.3, curl-left=971.7, template-m1-balanced=1253.9, curl-right=954.9). MAP-Elites(8x8, morphologies=3): occupied=47, pending=192, in flight=22
Speed: 18.199994 creatures/sec. Server status: 18:59:50: 6552x RT, 109.2 creatures/sec. Fitness: best=3067.6, avg=1598.5, new=(qd-mutate=1113.0, qd-large-mutate=1240.3, curl-left=971.7, template-m1-balanced=1253.9, curl-right=954.9). MAP-Elites(8x8, morphologies=3): occupied=47, pending=192, in flight=22
Speed: 18.099966 creatures/sec. Server status: 18:59:59: 6390x RT, 106.5 creatures/sec. Fitness: best=3067.6, avg=1598.5, new=(qd-mutate=1170.4, qd-large-mutate=1035.1, curl-right=882.1, curl-left=860.9, template-m1-balanced=974.9). MAP-Elites(8x8, morphologies=3): occupied=47, pending=192, in flight=22
Speed: 17.799986 creatures/sec. Server status: 18:59:59: 6390x RT, 106.5 creatures/sec. Fitness: best=3067.6, avg=1598.5, new=(qd-mutate=1170.4, qd-large-mutate=1035.1, curl-right=882.1, curl-left=860.9, template-m1-balanced=974.9). MAP-Elites(8x8, morphologies=3): occupied=47, pending=192, in flight=22
Speed: 17.799993 creatures/sec. Server status: 18:59:59: 6390x RT, 106.5 creatures/sec. Fitness: best=3067.6, avg=1598.5, new=(qd-mutate=1170.4, qd-large-mutate=1035.1, curl-right=882.1, curl-left=860.9, template-m1-balanced=974.9). MAP-Elites(8x8, morphologies=3): occupied=47, pending=192, in flight=22
Speed: 17.899973 creatures/sec. Server status: 18:59:59: 6390x RT, 106.5 creatures/sec. Fitness: best=3067.6, avg=1598.5, new=(qd-mutate=1170.4, qd-large-mutate=1035.1, curl-right=882.1, curl-left=860.9, template-m1-balanced=974.9). MAP-Elites(8x8, morphologies=3): occupied=47, pending=192, in flight=22
Speed: 18.099982 creatures/sec. Server status: 18:59:59: 6390x RT, 106.5 creatures/sec. Fitness: best=3067.6, avg=1598.5, new=(qd-mutate=1170.4, qd-large-mutate=1035.1, curl-right=882.1, curl-left=860.9, template-m1-balanced=974.9). MAP-Elites(8x8, morphologies=3): occupied=47, pending=192, in flight=22
Speed: 17.799984 creatures/sec. Server status: 18:59:59: 6390x RT, 106.5 creatures/sec. Fitness: best=3067.6, avg=1598.5, new=(qd-mutate=1170.4, qd-large-mutate=1035.1, curl-right=882.1, curl-left=860.9, template-m1-balanced=974.9). MAP-Elites(8x8, morphologies=3): occupied=47, pending=192, in flight=22
Speed: 17.899993 creatures/sec. Server status: 19:00:09: 6611x RT, 110.2 creatures/sec. Fitness: best=3067.6, avg=1598.5, new=(qd-large-mutate=1063.3, qd-mutate=1118.1, template-m1-balanced=885.1, curl-left=716.8, curl-right=1509.8). MAP-Elites(8x8, morphologies=3): occupied=47, pending=192, in flight=22
Speed: 17.499984 creatures/sec. Server status: 19:00:09: 6611x RT, 110.2 creatures/sec. Fitness: best=3067.6, avg=1598.5, new=(qd-large-mutate=1063.3, qd-mutate=1118.1, template-m1-balanced=885.1, curl-left=716.8, curl-right=1509.8). MAP-Elites(8x8, morphologies=3): occupied=47, pending=192, in flight=22
Speed: 17.600000 creatures/sec. Server status: 19:00:09: 6611x RT, 110.2 creatures/sec. Fitness: best=3067.6, avg=1598.5, new=(qd-large-mutate=1063.3, qd-mutate=1118.1, template-m1-balanced=885.1, curl-left=716.8, curl-right=1509.8). MAP-Elites(8x8, morphologies=3): occupied=47, pending=192, in flight=22
Speed: 17.799995 creatures/sec. Server status: 19:00:09: 6611x RT, 110.2 creatures/sec. Fitness: best=3067.6, avg=1598.5, new=(qd-large-mutate=1063.3, qd-mutate=1118.1, template-m1-balanced=885.1, curl-left=716.8, curl-right=1509.8). MAP-Elites(8x8, morphologies=3): occupied=47, pending=192, in flight=22
Speed: 17.899957 creatures/sec. Server status: 19:00:09: 6611x RT, 110.2 creatures/sec. Fitness: best=3067.6, avg=1598.5, new=(qd-large-mutate=1063.3, qd-mutate=1118.1, template-m1-balanced=885.1, curl-left=716.8, curl-right=1509.8). MAP-Elites(8x8, morphologies=3): occupied=47, pending=192, in flight=22
Speed: 17.599990 creatures/sec. Server status: 19:00:09: 6611x RT, 110.2 creatures/sec. Fitness: best=3067.6, avg=1598.5, new=(qd-large-mutate=1063.3, qd-mutate=1118.1, template-m1-balanced=885.1, curl-left=716.8, curl-right=1509.8). MAP-Elites(8x8, morphologies=3): occupied=47, pending=192, in flight=22
Speed: 18.299958 creatures/sec. Server status: 19:00:19: 6527x RT, 108.8 creatures/sec. Fitness: best=3067.6, avg=1598.6, new=(qd-large-mutate=1152.1, qd-mutate=1040.1, curl-right=854.6, template-m1-balanced=731.2). MAP-Elites(8x8, morphologies=3): occupied=47, pending=192, in flight=22
Speed: 18.299984 creatures/sec. Server status: 19:00:19: 6527x RT, 108.8 creatures/sec. Fitness: best=3067.6, avg=1598.6, new=(qd-large-mutate=1152.1, qd-mutate=1040.1, curl-right=854.6, template-m1-balanced=731.2). MAP-Elites(8x8, morphologies=3): occupied=47, pending=192, in flight=22
Speed: 18.199997 creatures/sec. Server status: 19:00:19: 6527x RT, 108.8 creatures/sec. Fitness: best=3067.6, avg=1598.6, new=(qd-large-mutate=1152.1, qd-mutate=1040.1, curl-right=854.6, template-m1-balanced=731.2). MAP-Elites(8x8, morphologies=3): occupied=47, pending=192, in flight=22
Speed: 18.499983 creatures/sec. Server status: 19:00:19: 6527x RT, 108.8 creatures/sec. Fitness: best=3067.6, avg=1598.6, new=(qd-large-mutate=1152.1, qd-mutate=1040.1, curl-right=854.6, template-m1-balanced=731.2). MAP-Elites(8x8, morphologies=3): occupied=47, pending=192, in flight=22
Speed: 18.299985 creatures/sec. Server status: 19:00:19: 6527x RT, 108.8 creatures/sec. Fitness: best=3067.6, avg=1598.6, new=(qd-large-mutate=1152.1, qd-mutate=1040.1, curl-right=854.6, template-m1-balanced=731.2). MAP-Elites(8x8, morphologies=3): occupied=47, pending=192, in flight=22
Speed: 18.199996 creatures/sec. Server status: 19:00:19: 6527x RT, 108.8 creatures/sec. Fitness: best=3067.6, avg=1598.6, new=(qd-large-mutate=1152.1, qd-mutate=1040.1, curl-right=854.6, template-m1-balanced=731.2). MAP-Elites(8x8, morphologies=3): occupied=47, pending=192, in flight=22
Speed: 18.499984 creatures/sec. Server status: 19:00:30: 6481x RT, 108.0 creatures/sec. Fitness: best=3067.6, avg=1598.6, new=(qd-mutate=1094.5, qd-large-mutate=1249.1, template-m1-balanced=920.3, curl-left=1028.2, curl-right=1053.4). MAP-Elites(8x8, morphologies=3): occupied=47, pending=192, in flight=22
Speed: 18.199998 creatures/sec. Server status: 19:00:30: 6481x RT, 108.0 creatures/sec. Fitness: best=3067.6, avg=1598.6, new=(qd-mutate=1094.5, qd-large-mutate=1249.1, template-m1-balanced=920.3, curl-left=1028.2, curl-right=1053.4). MAP-Elites(8x8, morphologies=3): occupied=47, pending=192, in flight=22
Speed: 18.399985 creatures/sec. Server status: 19:00:30: 6481x RT, 108.0 creatures/sec. Fitness: best=3067.6, avg=1598.6, new=(qd-mutate=1094.5, qd-large-mutate=1249.1, template-m1-balanced=920.3, curl-left=1028.2, curl-right=1053.4). MAP-Elites(8x8, morphologies=3): occupied=47, pending=192, in flight=22
Speed: 18.399994 creatures/sec. Server status: 19:00:30: 6481x RT, 108.0 creatures/sec. Fitness: best=3067.6, avg=1598.6, new=(qd-mutate=1094.5, qd-large-mutate=1249.1, template-m1-balanced=920.3, curl-left=1028.2, curl-right=1053.4). MAP-Elites(8x8, morphologies=3): occupied=47, pending=192, in flight=22
Speed: 18.499996 creatures/sec. Server status: 19:00:30: 6481x RT, 108.0 creatures/sec. Fitness: best=3067.6, avg=1598.6, new=(qd-mutate=1094.5, qd-large-mutate=1249.1, template-m1-balanced=920.3, curl-left=1028.2, curl-right=1053.4). MAP-Elites(8x8, morphologies=3): occupied=47, pending=192, in flight=22
Speed: 18.399989 creatures/sec. Server status: 19:00:30: 6481x RT, 108.0 creatures/sec. Fitness: best=3067.6, avg=1598.6, new=(qd-mutate=1094.5, qd-large-mutate=1249.1, template-m1-balanced=920.3, curl-left=1028.2, curl-right=1053.4). MAP-Elites(8x8, morphologies=3): occupied=47, pending=192, in flight=22
Speed: 18.499996 creatures/sec. Server status: 19:00:40: 6602x RT, 110.0 creatures/sec. Fitness: best=3067.6, avg=1598.6, new=(qd-mutate=1081.4, template-m1-balanced=1073.6, qd-large-mutate=1055.3, curl-left=884.8, curl-right=874.1). MAP-Elites(8x8, morphologies=3): occupied=47, pending=192, in flight=22
Speed: 18.599991 creatures/sec. Server status: 19:00:40: 6602x RT, 110.0 creatures/sec. Fitness: best=3067.6, avg=1598.6, new=(qd-mutate=1081.4, template-m1-balanced=1073.6, qd-large-mutate=1055.3, curl-left=884.8, curl-right=874.1). MAP-Elites(8x8, morphologies=3): occupied=47, pending=192, in flight=22
Speed: 18.299945 creatures/sec. Server status: 19:00:40: 6602x RT, 110.0 creatures/sec. Fitness: best=3067.6, avg=1598.6, new=(qd-mutate=1081.4, template-m1-balanced=1073.6, qd-large-mutate=1055.3, curl-left=884.8, curl-right=874.1). MAP-Elites(8x8, morphologies=3): occupied=47, pending=192, in flight=22
Speed: 18.399991 creatures/sec. Server status: 19:00:40: 6602x RT, 110.0 creatures/sec. Fitness: best=3067.6, avg=1598.6, new=(qd-mutate=1081.4, template-m1-balanced=1073.6, qd-large-mutate=1055.3, curl-left=884.8, curl-right=874.1). MAP-Elites(8x8, morphologies=3): occupied=47, pending=192, in flight=22
Speed: 18.499993 creatures/sec. Server status: 19:00:40: 6602x RT, 110.0 creatures/sec. Fitness: best=3067.6, avg=1598.6, new=(qd-mutate=1081.4, template-m1-balanced=1073.6, qd-large-mutate=1055.3, curl-left=884.8, curl-right=874.1). MAP-Elites(8x8, morphologies=3): occupied=47, pending=192, in flight=22
Speed: 18.199947 creatures/sec. Server status: 19:00:40: 6602x RT, 110.0 creatures/sec. Fitness: best=3067.6, avg=1598.6, new=(qd-mutate=1081.4, template-m1-balanced=1073.6, qd-large-mutate=1055.3, curl-left=884.8, curl-right=874.1). MAP-Elites(8x8, morphologies=3): occupied=47, pending=192, in flight=22
Increasing queue sizes from 16 to 32.
Speed: 17.399998 creatures/sec. Server status: 19:00:50: 5310x RT, 88.5 creatures/sec. Fitness: best=3067.6, avg=1598.6, new=(qd-mutate=992.4, qd-large-mutate=1096.1, curl-left=967.5, template-m1-balanced=913.0, curl-right=1113.5). MAP-Elites(8x8, morphologies=3): occupied=47, pending=192, in flight=38
Speed: 16.999981 creatures/sec. Server status: 19:00:50: 5310x RT, 88.5 creatures/sec. Fitness: best=3067.6, avg=1598.6, new=(qd-mutate=992.4, qd-large-mutate=1096.1, curl-left=967.5, template-m1-balanced=913.0, curl-right=1113.5). MAP-Elites(8x8, morphologies=3): occupied=47, pending=192, in flight=38
Speed: 17.300000 creatures/sec. Server status: 19:00:50: 5310x RT, 88.5 creatures/sec. Fitness: best=3067.6, avg=1598.6, new=(qd-mutate=992.4, qd-large-mutate=1096.1, curl-left=967.5, template-m1-balanced=913.0, curl-right=1113.5). MAP-Elites(8x8, morphologies=3): occupied=47, pending=192, in flight=38
Speed: 17.499998 creatures/sec. Server status: 19:00:50: 5310x RT, 88.5 creatures/sec. Fitness: best=3067.6, avg=1598.6, new=(qd-mutate=992.4, qd-large-mutate=1096.1, curl-left=967.5, template-m1-balanced=913.0, curl-right=1113.5). MAP-Elites(8x8, morphologies=3): occupied=47, pending=192, in flight=38
Speed: 17.199984 creatures/sec. Server status: 19:00:50: 5310x RT, 88.5 creatures/sec. Fitness: best=3067.6, avg=1598.6, new=(qd-mutate=992.4, qd-large-mutate=1096.1, curl-left=967.5, template-m1-balanced=913.0, curl-right=1113.5). MAP-Elites(8x8, morphologies=3): occupied=47, pending=192, in flight=38
Speed: 17.099983 creatures/sec. Server status: 19:00:50: 5310x RT, 88.5 creatures/sec. Fitness: best=3067.6, avg=1598.6, new=(qd-mutate=992.4, qd-large-mutate=1096.1, curl-left=967.5, template-m1-balanced=913.0, curl-right=1113.5). MAP-Elites(8x8, morphologies=3): occupied=47, pending=192, in flight=38
Speed: 16.599990 creatures/sec. Server status: 19:01:00: 5921x RT, 98.7 creatures/sec. Fitness: best=3067.6, avg=1598.6, new=(qd-mutate=1017.6, qd-large-mutate=1182.6, curl-right=1318.2, template-m1-balanced=1126.3, curl-left=841.4). MAP-Elites(8x8, morphologies=3): occupied=47, pending=192, in flight=38
Speed: 16.699992 creatures/sec. Server status: 19:01:00: 5921x RT, 98.7 creatures/sec. Fitness: best=3067.6, avg=1598.6, new=(qd-mutate=1017.6, qd-large-mutate=1182.6, curl-right=1318.2, template-m1-balanced=1126.3, curl-left=841.4). MAP-Elites(8x8, morphologies=3): occupied=47, pending=192, in flight=38
Speed: 16.599987 creatures/sec. Server status: 19:01:00: 5921x RT, 98.7 creatures/sec. Fitness: best=3067.6, avg=1598.6, new=(qd-mutate=1017.6, qd-large-mutate=1182.6, curl-right=1318.2, template-m1-balanced=1126.3, curl-left=841.4). MAP-Elites(8x8, morphologies=3): occupied=47, pending=192, in flight=38
Speed: 16.699992 creatures/sec. Server status: 19:01:00: 5921x RT, 98.7 creatures/sec. Fitness: best=3067.6, avg=1598.6, new=(qd-mutate=1017.6, qd-large-mutate=1182.6, curl-right=1318.2, template-m1-balanced=1126.3, curl-left=841.4). MAP-Elites(8x8, morphologies=3): occupied=47, pending=192, in flight=38
Speed: 16.499970 creatures/sec. Server status: 19:01:00: 5921x RT, 98.7 creatures/sec. Fitness: best=3067.6, avg=1598.6, new=(qd-mutate=1017.6, qd-large-mutate=1182.6, curl-right=1318.2, template-m1-balanced=1126.3, curl-left=841.4). MAP-Elites(8x8, morphologies=3): occupied=47, pending=192, in flight=38
Speed: 16.499956 creatures/sec. Server status: 19:01:00: 5921x RT, 98.7 creatures/sec. Fitness: best=3067.6, avg=1598.6, new=(qd-mutate=1017.6, qd-large-mutate=1182.6, curl-right=1318.2, template-m1-balanced=1126.3, curl-left=841.4). MAP-Elites(8x8, morphologies=3): occupied=47, pending=192, in flight=38
Speed: 14.799985 creatures/sec. Server status: 19:01:09: 4220x RT, 70.3 creatures/sec. Fitness: best=3067.6, avg=1598.6, new=(qd-mutate=1153.5, template-m1-balanced=963.8, qd-large-mutate=1122.2, curl-left=638.7, curl-right=846.5). MAP-Elites(8x8, morphologies=3): occupied=47, pending=192, in flight=38
Speed: 14.699965 creatures/sec. Server status: 19:01:09: 4220x RT, 70.3 creatures/sec. Fitness: best=3067.6, avg=1598.6, new=(qd-mutate=1153.5, template-m1-balanced=963.8, qd-large-mutate=1122.2, curl-left=638.7, curl-right=846.5). MAP-Elites(8x8, morphologies=3): occupied=47, pending=192, in flight=38
Speed: 14.599993 creatures/sec. Server status: 19:01:09: 4220x RT, 70.3 creatures/sec. Fitness: best=3067.6, avg=1598.6, new=(qd-mutate=1153.5, template-m1-balanced=963.8, qd-large-mutate=1122.2, curl-left=638.7, curl-right=846.5). MAP-Elites(8x8, morphologies=3): occupied=47, pending=192, in flight=38
Speed: 14.599959 creatures/sec. Server status: 19:01:09: 4220x RT, 70.3 creatures/sec. Fitness: best=3067.6, avg=1598.6, new=(qd-mutate=1153.5, template-m1-balanced=963.8, qd-large-mutate=1122.2, curl-left=638.7, curl-right=846.5). MAP-Elites(8x8, morphologies=3): occupied=47, pending=192, in flight=38
Speed: 14.699937 creatures/sec. Server status: 19:01:09: 4220x RT, 70.3 creatures/sec. Fitness: best=3067.6, avg=1598.6, new=(qd-mutate=1153.5, template-m1-balanced=963.8, qd-large-mutate=1122.2, curl-left=638.7, curl-right=846.5). MAP-Elites(8x8, morphologies=3): occupied=47, pending=192, in flight=38
Speed: 14.499958 creatures/sec. Server status: 19:01:09: 4220x RT, 70.3 creatures/sec. Fitness: best=3067.6, avg=1598.6, new=(qd-mutate=1153.5, template-m1-balanced=963.8, qd-large-mutate=1122.2, curl-left=638.7, curl-right=846.5). MAP-Elites(8x8, morphologies=3): occupied=47, pending=192, in flight=38
Speed: 17.799986 creatures/sec. Server status: 19:01:19: 6715x RT, 111.9 creatures/sec. Fitness: best=3067.6, avg=1598.6, new=(qd-large-mutate=1216.8, template-m1-balanced=849.8, qd-mutate=1077.2, curl-right=631.3, curl-left=637.4). MAP-Elites(8x8, morphologies=3): occupied=47, pending=192, in flight=38
Speed: 17.899996 creatures/sec. Server status: 19:01:19: 6715x RT, 111.9 creatures/sec. Fitness: best=3067.6, avg=1598.6, new=(qd-large-mutate=1216.8, template-m1-balanced=849.8, qd-mutate=1077.2, curl-right=631.3, curl-left=637.4). MAP-Elites(8x8, morphologies=3): occupied=47, pending=192, in flight=38
Speed: 17.699972 creatures/sec. Server status: 19:01:19: 6715x RT, 111.9 creatures/sec. Fitness: best=3067.6, avg=1598.6, new=(qd-large-mutate=1216.8, template-m1-balanced=849.8, qd-mutate=1077.2, curl-right=631.3, curl-left=637.4). MAP-Elites(8x8, morphologies=3): occupied=47, pending=192, in flight=38
Speed: 17.800000 creatures/sec. Server status: 19:01:19: 6715x RT, 111.9 creatures/sec. Fitness: best=3067.6, avg=1598.6, new=(qd-large-mutate=1216.8, template-m1-balanced=849.8, qd-mutate=1077.2, curl-right=631.3, curl-left=637.4). MAP-Elites(8x8, morphologies=3): occupied=47, pending=192, in flight=38
Speed: 17.699991 creatures/sec. Server status: 19:01:19: 6715x RT, 111.9 creatures/sec. Fitness: best=3067.6, avg=1598.6, new=(qd-large-mutate=1216.8, template-m1-balanced=849.8, qd-mutate=1077.2, curl-right=631.3, curl-left=637.4). MAP-Elites(8x8, morphologies=3): occupied=47, pending=192, in flight=38
Speed: 17.799977 creatures/sec. Server status: 19:01:19: 6715x RT, 111.9 creatures/sec. Fitness: best=3067.6, avg=1598.6, new=(qd-large-mutate=1216.8, template-m1-balanced=849.8, qd-mutate=1077.2, curl-right=631.3, curl-left=637.4). MAP-Elites(8x8, morphologies=3): occupied=47, pending=192, in flight=38
Speed: 16.198712 creatures/sec. Server status: 19:01:30: 4708x RT, 78.5 creatures/sec. Fitness: best=3067.6, avg=1598.6, new=(curl-left=687.9, qd-mutate=1035.6, qd-large-mutate=1120.0, curl-right=912.7, template-m1-balanced=975.7). MAP-Elites(8x8, morphologies=3): occupied=47, pending=192, in flight=38
Speed: 16.199049 creatures/sec. Server status: 19:01:30: 4708x RT, 78.5 creatures/sec. Fitness: best=3067.6, avg=1598.6, new=(curl-left=687.9, qd-mutate=1035.6, qd-large-mutate=1120.0, curl-right=912.7, template-m1-balanced=975.7). MAP-Elites(8x8, morphologies=3): occupied=47, pending=192, in flight=38
Speed: 16.096853 creatures/sec. Server status: 19:01:30: 4708x RT, 78.5 creatures/sec. Fitness: best=3067.6, avg=1598.6, new=(curl-left=687.9, qd-mutate=1035.6, qd-large-mutate=1120.0, curl-right=912.7, template-m1-balanced=975.7). MAP-Elites(8x8, morphologies=3): occupied=47, pending=192, in flight=38
Speed: 16.194934 creatures/sec. Server status: 19:01:30: 4708x RT, 78.5 creatures/sec. Fitness: best=3067.6, avg=1598.6, new=(curl-left=687.9, qd-mutate=1035.6, qd-large-mutate=1120.0, curl-right=912.7, template-m1-balanced=975.7). MAP-Elites(8x8, morphologies=3): occupied=47, pending=192, in flight=38
Speed: 16.098915 creatures/sec. Server status: 19:01:30: 4708x RT, 78.5 creatures/sec. Fitness: best=3067.6, avg=1598.6, new=(curl-left=687.9, qd-mutate=1035.6, qd-large-mutate=1120.0, curl-right=912.7, template-m1-balanced=975.7). MAP-Elites(8x8, morphologies=3): occupied=47, pending=192, in flight=38
Speed: 16.072916 creatures/sec. Server status: 19:01:30: 4708x RT, 78.5 creatures/sec. Fitness: best=3067.6, avg=1598.6, new=(curl-left=687.9, qd-mutate=1035.6, qd-large-mutate=1120.0, curl-right=912.7, template-m1-balanced=975.7). MAP-Elites(8x8, morphologies=3): occupied=47, pending=192, in flight=38
Speed: 15.399982 creatures/sec. Server status: 19:01:40: 6396x RT, 106.6 creatures/sec. Fitness: best=3067.6, avg=1598.6, new=(qd-mutate=1208.0, qd-large-mutate=1078.1, curl-left=923.7, template-m1-balanced=882.6, curl-right=979.7). MAP-Elites(8x8, morphologies=3): occupied=47, pending=192, in flight=38
Speed: 15.299991 creatures/sec. Server status: 19:01:40: 6396x RT, 106.6 creatures/sec. Fitness: best=3067.6, avg=1598.6, new=(qd-mutate=1208.0, qd-large-mutate=1078.1, curl-left=923.7, template-m1-balanced=882.6, curl-right=979.7). MAP-Elites(8x8, morphologies=3): occupied=47, pending=192, in flight=38
Speed: 15.499956 creatures/sec. Server status: 19:01:40: 6396x RT, 106.6 creatures/sec. Fitness: best=3067.6, avg=1598.6, new=(qd-mutate=1208.0, qd-large-mutate=1078.1, curl-left=923.7, template-m1-balanced=882.6, curl-right=979.7). MAP-Elites(8x8, morphologies=3): occupied=47, pending=192, in flight=38
Speed: 15.599961 creatures/sec. Server status: 19:01:40: 6396x RT, 106.6 creatures/sec. Fitness: best=3067.6, avg=1598.6, new=(qd-mutate=1208.0, qd-large-mutate=1078.1, curl-left=923.7, template-m1-balanced=882.6, curl-right=979.7). MAP-Elites(8x8, morphologies=3): occupied=47, pending=192, in flight=38
Speed: 15.499999 creatures/sec. Server status: 19:01:40: 6396x RT, 106.6 creatures/sec. Fitness: best=3067.6, avg=1598.6, new=(qd-mutate=1208.0, qd-large-mutate=1078.1, curl-left=923.7, template-m1-balanced=882.6, curl-right=979.7). MAP-Elites(8x8, morphologies=3): occupied=47, pending=192, in flight=38
Speed: 15.399988 creatures/sec. Server status: 19:01:40: 6396x RT, 106.6 creatures/sec. Fitness: best=3067.6, avg=1598.6, new=(qd-mutate=1208.0, qd-large-mutate=1078.1, curl-left=923.7, template-m1-balanced=882.6, curl-right=979.7). MAP-Elites(8x8, morphologies=3): occupied=47, pending=192, in flight=38
Speed: 18.199994 creatures/sec. Server status: 19:01:50: 6723x RT, 112.1 creatures/sec. Fitness: best=3067.6, avg=1598.6, new=(qd-large-mutate=1197.6, qd-mutate=1151.1, template-m1-balanced=793.8, curl-left=657.3, curl-right=792.3). MAP-Elites(8x8, morphologies=3): occupied=47, pending=192, in flight=38
Speed: 18.399989 creatures/sec. Server status: 19:01:50: 6723x RT, 112.1 creatures/sec. Fitness: best=3067.6, avg=1598.6, new=(qd-large-mutate=1197.6, qd-mutate=1151.1, template-m1-balanced=793.8, curl-left=657.3, curl-right=792.3). MAP-Elites(8x8, morphologies=3): occupied=47, pending=192, in flight=38
Speed: 18.400000 creatures/sec. Server status: 19:01:50: 6723x RT, 112.1 creatures/sec. Fitness: best=3067.6, avg=1598.6, new=(qd-large-mutate=1197.6, qd-mutate=1151.1, template-m1-balanced=793.8, curl-left=657.3, curl-right=792.3). MAP-Elites(8x8, morphologies=3): occupied=47, pending=192, in flight=38
Speed: 18.499985 creatures/sec. Server status: 19:01:50: 6723x RT, 112.1 creatures/sec. Fitness: best=3067.6, avg=1598.6, new=(qd-large-mutate=1197.6, qd-mutate=1151.1, template-m1-balanced=793.8, curl-left=657.3, curl-right=792.3). MAP-Elites(8x8, morphologies=3): occupied=47, pending=192, in flight=38
Speed: 18.399989 creatures/sec. Server status: 19:01:50: 6723x RT, 112.1 creatures/sec. Fitness: best=3067.6, avg=1598.6, new=(qd-large-mutate=1197.6, qd-mutate=1151.1, template-m1-balanced=793.8, curl-left=657.3, curl-right=792.3). MAP-Elites(8x8, morphologies=3): occupied=47, pending=192, in flight=38
Speed: 18.099968 creatures/sec. Server status: 19:01:50: 6723x RT, 112.1 creatures/sec. Fitness: best=3067.6, avg=1598.6, new=(qd-large-mutate=1197.6, qd-mutate=1151.1, template-m1-balanced=793.8, curl-left=657.3, curl-right=792.3). MAP-Elites(8x8, morphologies=3): occupied=47, pending=192, in flight=38
Speed: 13.499988 creatures/sec. Server status: 19:02:00: 2348x RT, 39.1 creatures/sec. Fitness: best=3067.6, avg=1600.3, new=(qd-mutate=1125.2, qd-large-mutate=1059.0, curl-left=929.6, template-m1-balanced=587.1). MAP-Elites(8x8, morphologies=3): occupied=47, pending=192, in flight=38
Speed: 13.499991 creatures/sec. Server status: 19:02:00: 2348x RT, 39.1 creatures/sec. Fitness: best=3067.6, avg=1600.3, new=(qd-mutate=1125.2, qd-large-mutate=1059.0, curl-left=929.6, template-m1-balanced=587.1). MAP-Elites(8x8, morphologies=3): occupied=47, pending=192, in flight=38
Speed: 13.698844 creatures/sec. Server status: 19:02:00: 2348x RT, 39.1 creatures/sec. Fitness: best=3067.6, avg=1600.3, new=(qd-mutate=1125.2, qd-large-mutate=1059.0, curl-left=929.6, template-m1-balanced=587.1). MAP-Elites(8x8, morphologies=3): occupied=47, pending=192, in flight=38
Speed: 13.599970 creatures/sec. Server status: 19:02:00: 2348x RT, 39.1 creatures/sec. Fitness: best=3067.6, avg=1600.3, new=(qd-mutate=1125.2, qd-large-mutate=1059.0, curl-left=929.6, template-m1-balanced=587.1). MAP-Elites(8x8, morphologies=3): occupied=47, pending=192, in flight=38
Speed: 13.899997 creatures/sec. Server status: 19:02:00: 2348x RT, 39.1 creatures/sec. Fitness: best=3067.6, avg=1600.3, new=(qd-mutate=1125.2, qd-large-mutate=1059.0, curl-left=929.6, template-m1-balanced=587.1). MAP-Elites(8x8, morphologies=3): occupied=47, pending=192, in flight=38
Speed: 13.499923 creatures/sec. Server status: 19:02:00: 2348x RT, 39.1 creatures/sec. Fitness: best=3067.6, avg=1600.3, new=(qd-mutate=1125.2, qd-large-mutate=1059.0, curl-left=929.6, template-m1-balanced=587.1). MAP-Elites(8x8, morphologies=3): occupied=47, pending=192, in flight=38
Speed: 12.799994 creatures/sec. Server status: 19:02:09: 5840x RT, 97.3 creatures/sec. Fitness: best=3067.6, avg=1600.3, new=(qd-large-mutate=1061.4, qd-mutate=1135.5, template-m1-balanced=1022.8, curl-left=818.2, curl-right=711.4). MAP-Elites(8x8, morphologies=3): occupied=47, pending=192, in flight=38
Speed: 12.899999 creatures/sec. Server status: 19:02:09: 5840x RT, 97.3 creatures/sec. Fitness: best=3067.6, avg=1600.3, new=(qd-large-mutate=1061.4, qd-mutate=1135.5, template-m1-balanced=1022.8, curl-left=818.2, curl-right=711.4). MAP-Elites(8x8, morphologies=3): occupied=47, pending=192, in flight=38
Speed: 12.999990 creatures/sec. Server status: 19:02:09: 5840x RT, 97.3 creatures/sec. Fitness: best=3067.6, avg=1600.3, new=(qd-large-mutate=1061.4, qd-mutate=1135.5, template-m1-balanced=1022.8, curl-left=818.2, curl-right=711.4). MAP-Elites(8x8, morphologies=3): occupied=47, pending=192, in flight=38
Speed: 12.899742 creatures/sec. Server status: 19:02:09: 5840x RT, 97.3 creatures/sec. Fitness: best=3067.6, avg=1600.3, new=(qd-large-mutate=1061.4, qd-mutate=1135.5, template-m1-balanced=1022.8, curl-left=818.2, curl-right=711.4). MAP-Elites(8x8, morphologies=3): occupied=47, pending=192, in flight=38
Speed: 12.799992 creatures/sec. Server status: 19:02:09: 5840x RT, 97.3 creatures/sec. Fitness: best=3067.6, avg=1600.3, new=(qd-large-mutate=1061.4, qd-mutate=1135.5, template-m1-balanced=1022.8, curl-left=818.2, curl-right=711.4). MAP-Elites(8x8, morphologies=3): occupied=47, pending=192, in flight=38
Speed: 12.699983 creatures/sec. Server status: 19:02:09: 5840x RT, 97.3 creatures/sec. Fitness: best=3067.6, avg=1600.3, new=(qd-large-mutate=1061.4, qd-mutate=1135.5, template-m1-balanced=1022.8, curl-left=818.2, curl-right=711.4). MAP-Elites(8x8, morphologies=3): occupied=47, pending=192, in flight=38
Speed: 17.699995 creatures/sec. Server status: 19:02:19: 6835x RT, 113.9 creatures/sec. Fitness: best=3067.6, avg=1600.6, new=(qd-mutate=1086.9, curl-left=1042.0, qd-large-mutate=1078.2, template-m1-balanced=866.9, curl-right=811.2). MAP-Elites(8x8, morphologies=3): occupied=47, pending=192, in flight=38
Speed: 17.699987 creatures/sec. Server status: 19:02:19: 6835x RT, 113.9 creatures/sec. Fitness: best=3067.6, avg=1600.6, new=(qd-mutate=1086.9, curl-left=1042.0, qd-large-mutate=1078.2, template-m1-balanced=866.9, curl-right=811.2). MAP-Elites(8x8, morphologies=3): occupied=47, pending=192, in flight=38
Speed: 17.699984 creatures/sec. Server status: 19:02:19: 6835x RT, 113.9 creatures/sec. Fitness: best=3067.6, avg=1600.6, new=(qd-mutate=1086.9, curl-left=1042.0, qd-large-mutate=1078.2, template-m1-balanced=866.9, curl-right=811.2). MAP-Elites(8x8, morphologies=3): occupied=47, pending=192, in flight=38
Speed: 17.899985 creatures/sec. Server status: 19:02:19: 6835x RT, 113.9 creatures/sec. Fitness: best=3067.6, avg=1600.6, new=(qd-mutate=1086.9, curl-left=1042.0, qd-large-mutate=1078.2, template-m1-balanced=866.9, curl-right=811.2). MAP-Elites(8x8, morphologies=3): occupied=47, pending=192, in flight=38
Speed: 17.699989 creatures/sec. Server status: 19:02:19: 6835x RT, 113.9 creatures/sec. Fitness: best=3067.6, avg=1600.6, new=(qd-mutate=1086.9, curl-left=1042.0, qd-large-mutate=1078.2, template-m1-balanced=866.9, curl-right=811.2). MAP-Elites(8x8, morphologies=3): occupied=47, pending=192, in flight=38
Speed: 17.599998 creatures/sec. Server status: 19:02:19: 6835x RT, 113.9 creatures/sec. Fitness: best=3067.6, avg=1600.6, new=(qd-mutate=1086.9, curl-left=1042.0, qd-large-mutate=1078.2, template-m1-balanced=866.9, curl-right=811.2). MAP-Elites(8x8, morphologies=3): occupied=47, pending=192, in flight=38
Speed: 17.599981 creatures/sec. Server status: 19:02:29: 6319x RT, 105.3 creatures/sec. Fitness: best=3067.6, avg=1600.6, new=(qd-mutate=1051.3, curl-left=841.8, qd-large-mutate=1152.3, template-m1-balanced=910.2, curl-right=1904.7). MAP-Elites(8x8, morphologies=3): occupied=47, pending=192, in flight=38
Speed: 17.499963 creatures/sec. Server status: 19:02:29: 6319x RT, 105.3 creatures/sec. Fitness: best=3067.6, avg=1600.6, new=(qd-mutate=1051.3, curl-left=841.8, qd-large-mutate=1152.3, template-m1-balanced=910.2, curl-right=1904.7). MAP-Elites(8x8, morphologies=3): occupied=47, pending=192, in flight=38
Speed: 17.299990 creatures/sec. Server status: 19:02:29: 6319x RT, 105.3 creatures/sec. Fitness: best=3067.6, avg=1600.6, new=(qd-mutate=1051.3, curl-left=841.8, qd-large-mutate=1152.3, template-m1-balanced=910.2, curl-right=1904.7). MAP-Elites(8x8, morphologies=3): occupied=47, pending=192, in flight=38
Speed: 17.499986 creatures/sec. Server status: 19:02:29: 6319x RT, 105.3 creatures/sec. Fitness: best=3067.6, avg=1600.6, new=(qd-mutate=1051.3, curl-left=841.8, qd-large-mutate=1152.3, template-m1-balanced=910.2, curl-right=1904.7). MAP-Elites(8x8, morphologies=3): occupied=47, pending=192, in flight=38
Speed: 17.699959 creatures/sec. Server status: 19:02:29: 6319x RT, 105.3 creatures/sec. Fitness: best=3067.6, avg=1600.6, new=(qd-mutate=1051.3, curl-left=841.8, qd-large-mutate=1152.3, template-m1-balanced=910.2, curl-right=1904.7). MAP-Elites(8x8, morphologies=3): occupied=47, pending=192, in flight=38
Speed: 17.498932 creatures/sec. Server status: 19:02:29: 6319x RT, 105.3 creatures/sec. Fitness: best=3067.6, avg=1600.6, new=(qd-mutate=1051.3, curl-left=841.8, qd-large-mutate=1152.3, template-m1-balanced=910.2, curl-right=1904.7). MAP-Elites(8x8, morphologies=3): occupied=47, pending=192, in flight=38
Speed: 19.199978 creatures/sec. Server status: 19:02:40: 7003x RT, 116.7 creatures/sec. Fitness: best=3067.6, avg=1600.6, new=(qd-mutate=1097.4, template-m1-balanced=1092.4, qd-large-mutate=1133.3, curl-left=782.8, curl-right=828.8). MAP-Elites(8x8, morphologies=3): occupied=47, pending=192, in flight=38
Speed: 19.199933 creatures/sec. Server status: 19:02:40: 7003x RT, 116.7 creatures/sec. Fitness: best=3067.6, avg=1600.6, new=(qd-mutate=1097.4, template-m1-balanced=1092.4, qd-large-mutate=1133.3, curl-left=782.8, curl-right=828.8). MAP-Elites(8x8, morphologies=3): occupied=47, pending=192, in flight=38
Speed: 19.199992 creatures/sec. Server status: 19:02:40: 7003x RT, 116.7 creatures/sec. Fitness: best=3067.6, avg=1600.6, new=(qd-mutate=1097.4, template-m1-balanced=1092.4, qd-large-mutate=1133.3, curl-left=782.8, curl-right=828.8). MAP-Elites(8x8, morphologies=3): occupied=47, pending=192, in flight=38
Speed: 19.399981 creatures/sec. Server status: 19:02:40: 7003x RT, 116.7 creatures/sec. Fitness: best=3067.6, avg=1600.6, new=(qd-mutate=1097.4, template-m1-balanced=1092.4, qd-large-mutate=1133.3, curl-left=782.8, curl-right=828.8). MAP-Elites(8x8, morphologies=3): occupied=47, pending=192, in flight=38
Speed: 19.199962 creatures/sec. Server status: 19:02:40: 7003x RT, 116.7 creatures/sec. Fitness: best=3067.6, avg=1600.6, new=(qd-mutate=1097.4, template-m1-balanced=1092.4, qd-large-mutate=1133.3, curl-left=782.8, curl-right=828.8). MAP-Elites(8x8, morphologies=3): occupied=47, pending=192, in flight=38
Speed: 19.200000 creatures/sec. Server status: 19:02:40: 7003x RT, 116.7 creatures/sec. Fitness: best=3067.6, avg=1600.6, new=(qd-mutate=1097.4, template-m1-balanced=1092.4, qd-large-mutate=1133.3, curl-left=782.8, curl-right=828.8). MAP-Elites(8x8, morphologies=3): occupied=47, pending=192, in flight=38
Speed: 19.899982 creatures/sec. Server status: 19:02:50: 7266x RT, 121.1 creatures/sec. Fitness: best=3067.6, avg=1600.8, new=(qd-mutate=1140.6, qd-large-mutate=1106.9, template-m1-balanced=860.4, curl-left=826.0, curl-right=657.1). MAP-Elites(8x8, morphologies=3): occupied=47, pending=192, in flight=38
Speed: 20.099976 creatures/sec. Server status: 19:02:50: 7266x RT, 121.1 creatures/sec. Fitness: best=3067.6, avg=1600.8, new=(qd-mutate=1140.6, qd-large-mutate=1106.9, template-m1-balanced=860.4, curl-left=826.0, curl-right=657.1). MAP-Elites(8x8, morphologies=3): occupied=47, pending=192, in flight=38
Speed: 19.899960 creatures/sec. Server status: 19:02:50: 7266x RT, 121.1 creatures/sec. Fitness: best=3067.6, avg=1600.8, new=(qd-mutate=1140.6, qd-large-mutate=1106.9, template-m1-balanced=860.4, curl-left=826.0, curl-right=657.1). MAP-Elites(8x8, morphologies=3): occupied=47, pending=192, in flight=38
Speed: 20.199980 creatures/sec. Server status: 19:02:50: 7266x RT, 121.1 creatures/sec. Fitness: best=3067.6, avg=1600.8, new=(qd-mutate=1140.6, qd-large-mutate=1106.9, template-m1-balanced=860.4, curl-left=826.0, curl-right=657.1). MAP-Elites(8x8, morphologies=3): occupied=47, pending=192, in flight=38
Speed: 20.099988 creatures/sec. Server status: 19:02:50: 7266x RT, 121.1 creatures/sec. Fitness: best=3067.6, avg=1600.8, new=(qd-mutate=1140.6, qd-large-mutate=1106.9, template-m1-balanced=860.4, curl-left=826.0, curl-right=657.1). MAP-Elites(8x8, morphologies=3): occupied=47, pending=192, in flight=38
Speed: 20.099996 creatures/sec. Server status: 19:02:50: 7266x RT, 121.1 creatures/sec. Fitness: best=3067.6, avg=1600.8, new=(qd-mutate=1140.6, qd-large-mutate=1106.9, template-m1-balanced=860.4, curl-left=826.0, curl-right=657.1). MAP-Elites(8x8, morphologies=3): occupied=47, pending=192, in flight=38
Speed: 19.999994 creatures/sec. Server status: 19:03:00: 7170x RT, 119.5 creatures/sec. Fitness: best=3067.6, avg=1600.8, new=(qd-mutate=1029.5, qd-large-mutate=1187.8, template-m1-balanced=865.4, curl-left=892.2, curl-right=829.5). MAP-Elites(8x8, morphologies=3): occupied=47, pending=192, in flight=38
Speed: 19.999984 creatures/sec. Server status: 19:03:00: 7170x RT, 119.5 creatures/sec. Fitness: best=3067.6, avg=1600.8, new=(qd-mutate=1029.5, qd-large-mutate=1187.8, template-m1-balanced=865.4, curl-left=892.2, curl-right=829.5). MAP-Elites(8x8, morphologies=3): occupied=47, pending=192, in flight=38
Speed: 19.899963 creatures/sec. Server status: 19:03:00: 7170x RT, 119.5 creatures/sec. Fitness: best=3067.6, avg=1600.8, new=(qd-mutate=1029.5, qd-large-mutate=1187.8, template-m1-balanced=865.4, curl-left=892.2, curl-right=829.5). MAP-Elites(8x8, morphologies=3): occupied=47, pending=192, in flight=38
Speed: 20.399996 creatures/sec. Server status: 19:03:00: 7170x RT, 119.5 creatures/sec. Fitness: best=3067.6, avg=1600.8, new=(qd-mutate=1029.5, qd-large-mutate=1187.8, template-m1-balanced=865.4, curl-left=892.2, curl-right=829.5). MAP-Elites(8x8, morphologies=3): occupied=47, pending=192, in flight=38
Speed: 19.999990 creatures/sec. Server status: 19:03:00: 7170x RT, 119.5 creatures/sec. Fitness: best=3067.6, avg=1600.8, new=(qd-mutate=1029.5, qd-large-mutate=1187.8, template-m1-balanced=865.4, curl-left=892.2, curl-right=829.5). MAP-Elites(8x8, morphologies=3): occupied=47, pending=192, in flight=38
Speed: 19.999992 creatures/sec. Server status: 19:03:00: 7170x RT, 119.5 creatures/sec. Fitness: best=3067.6, avg=1600.8, new=(qd-mutate=1029.5, qd-large-mutate=1187.8, template-m1-balanced=865.4, curl-left=892.2, curl-right=829.5). MAP-Elites(8x8, morphologies=3): occupied=47, pending=192, in flight=38
Speed: 19.799996 creatures/sec. Server status: 19:03:08: 7151x RT, 119.2 creatures/sec. Fitness: best=3067.6, avg=1600.8, new=(qd-mutate=1076.7, curl-right=878.7, template-m1-balanced=956.4, qd-large-mutate=1281.9, curl-left=746.8). MAP-Elites(8x8, morphologies=3): occupied=47, pending=192, in flight=38
Speed: 19.800000 creatures/sec. Server status: 19:03:08: 7151x RT, 119.2 creatures/sec. Fitness: best=3067.6, avg=1600.8, new=(qd-mutate=1076.7, curl-right=878.7, template-m1-balanced=956.4, qd-large-mutate=1281.9, curl-left=746.8). MAP-Elites(8x8, morphologies=3): occupied=47, pending=192, in flight=38
Speed: 19.799986 creatures/sec. Server status: 19:03:08: 7151x RT, 119.2 creatures/sec. Fitness: best=3067.6, avg=1600.8, new=(qd-mutate=1076.7, curl-right=878.7, template-m1-balanced=956.4, qd-large-mutate=1281.9, curl-left=746.8). MAP-Elites(8x8, morphologies=3): occupied=47, pending=192, in flight=38
Speed: 19.699984 creatures/sec. Server status: 19:03:08: 7151x RT, 119.2 creatures/sec. Fitness: best=3067.6, avg=1600.8, new=(qd-mutate=1076.7, curl-right=878.7, template-m1-balanced=956.4, qd-large-mutate=1281.9, curl-left=746.8). MAP-Elites(8x8, morphologies=3): occupied=47, pending=192, in flight=38
Speed: 19.899978 creatures/sec. Server status: 19:03:08: 7151x RT, 119.2 creatures/sec. Fitness: best=3067.6, avg=1600.8, new=(qd-mutate=1076.7, curl-right=878.7, template-m1-balanced=956.4, qd-large-mutate=1281.9, curl-left=746.8). MAP-Elites(8x8, morphologies=3): occupied=47, pending=192, in flight=38
Speed: 19.799986 creatures/sec. Server status: 19:03:11: 7179x RT, 119.6 creatures/sec. Fitness: best=3067.6, avg=1600.8, new=(qd-mutate=1074.9, qd-large-mutate=1101.2, template-m1-balanced=1074.7, curl-right=760.6). MAP-Elites(8x8, morphologies=3): occupied=47, pending=192, in flight=38
Speed: 20.299994 creatures/sec. Server status: 19:03:19: 7270x RT, 121.2 creatures/sec. Fitness: best=3067.6, avg=1600.8, new=(qd-mutate=1117.5, qd-large-mutate=1069.9, template-m1-balanced=816.5, curl-left=664.6, curl-right=881.2). MAP-Elites(8x8, morphologies=3): occupied=47, pending=192, in flight=38
Speed: 20.399990 creatures/sec. Server status: 19:03:19: 7270x RT, 121.2 creatures/sec. Fitness: best=3067.6, avg=1600.8, new=(qd-mutate=1117.5, qd-large-mutate=1069.9, template-m1-balanced=816.5, curl-left=664.6, curl-right=881.2). MAP-Elites(8x8, morphologies=3): occupied=47, pending=192, in flight=38
Speed: 19.999978 creatures/sec. Server status: 19:03:19: 7270x RT, 121.2 creatures/sec. Fitness: best=3067.6, avg=1600.8, new=(qd-mutate=1117.5, qd-large-mutate=1069.9, template-m1-balanced=816.5, curl-left=664.6, curl-right=881.2). MAP-Elites(8x8, morphologies=3): occupied=47, pending=192, in flight=38
Speed: 20.199984 creatures/sec. Server status: 19:03:19: 7270x RT, 121.2 creatures/sec. Fitness: best=3067.6, avg=1600.8, new=(qd-mutate=1117.5, qd-large-mutate=1069.9, template-m1-balanced=816.5, curl-left=664.6, curl-right=881.2). MAP-Elites(8x8, morphologies=3): occupied=47, pending=192, in flight=38
Speed: 20.199992 creatures/sec. Server status: 19:03:19: 7270x RT, 121.2 creatures/sec. Fitness: best=3067.6, avg=1600.8, new=(qd-mutate=1117.5, qd-large-mutate=1069.9, template-m1-balanced=816.5, curl-left=664.6, curl-right=881.2). MAP-Elites(8x8, morphologies=3): occupied=47, pending=192, in flight=38
Speed: 20.099980 creatures/sec. Server status: 19:03:19: 7270x RT, 121.2 creatures/sec. Fitness: best=3067.6, avg=1600.8, new=(qd-mutate=1117.5, qd-large-mutate=1069.9, template-m1-balanced=816.5, curl-left=664.6, curl-right=881.2). MAP-Elites(8x8, morphologies=3): occupied=47, pending=192, in flight=38
Speed: 11.899976 creatures/sec. Server status: 19:03:29: 4094x RT, 68.2 creatures/sec. Fitness: best=3067.6, avg=1600.8, new=(qd-large-mutate=1116.7, qd-mutate=1034.2, curl-right=936.6, template-m1-balanced=951.8, curl-left=483.3). MAP-Elites(8x8, morphologies=3): occupied=47, pending=192, in flight=38
Speed: 11.999990 creatures/sec. Server status: 19:03:29: 4094x RT, 68.2 creatures/sec. Fitness: best=3067.6, avg=1600.8, new=(qd-large-mutate=1116.7, qd-mutate=1034.2, curl-right=936.6, template-m1-balanced=951.8, curl-left=483.3). MAP-Elites(8x8, morphologies=3): occupied=47, pending=192, in flight=38
Speed: 12.099970 creatures/sec. Server status: 19:03:29: 4094x RT, 68.2 creatures/sec. Fitness: best=3067.6, avg=1600.8, new=(qd-large-mutate=1116.7, qd-mutate=1034.2, curl-right=936.6, template-m1-balanced=951.8, curl-left=483.3). MAP-Elites(8x8, morphologies=3): occupied=47, pending=192, in flight=38
Speed: 12.099989 creatures/sec. Server status: 19:03:29: 4094x RT, 68.2 creatures/sec. Fitness: best=3067.6, avg=1600.8, new=(qd-large-mutate=1116.7, qd-mutate=1034.2, curl-right=936.6, template-m1-balanced=951.8, curl-left=483.3). MAP-Elites(8x8, morphologies=3): occupied=47, pending=192, in flight=38
Speed: 12.399978 creatures/sec. Server status: 19:03:29: 4094x RT, 68.2 creatures/sec. Fitness: best=3067.6, avg=1600.8, new=(qd-large-mutate=1116.7, qd-mutate=1034.2, curl-right=936.6, template-m1-balanced=951.8, curl-left=483.3). MAP-Elites(8x8, morphologies=3): occupied=47, pending=192, in flight=38
Speed: 12.099986 creatures/sec. Server status: 19:03:29: 4094x RT, 68.2 creatures/sec. Fitness: best=3067.6, avg=1600.8, new=(qd-large-mutate=1116.7, qd-mutate=1034.2, curl-right=936.6, template-m1-balanced=951.8, curl-left=483.3). MAP-Elites(8x8, morphologies=3): occupied=47, pending=192, in flight=38
Speed: 10.599989 creatures/sec. Server status: 19:03:40: 3253x RT, 54.2 creatures/sec. Fitness: best=3067.6, avg=1600.8, new=(qd-large-mutate=1016.7, curl-left=942.0, qd-mutate=1051.0, template-m1-balanced=663.5, curl-right=1480.3). MAP-Elites(8x8, morphologies=3): occupied=47, pending=192, in flight=38
Speed: 10.499987 creatures/sec. Server status: 19:03:40: 3253x RT, 54.2 creatures/sec. Fitness: best=3067.6, avg=1600.8, new=(qd-large-mutate=1016.7, curl-left=942.0, qd-mutate=1051.0, template-m1-balanced=663.5, curl-right=1480.3). MAP-Elites(8x8, morphologies=3): occupied=47, pending=192, in flight=38
Speed: 10.699958 creatures/sec. Server status: 19:03:40: 3253x RT, 54.2 creatures/sec. Fitness: best=3067.6, avg=1600.8, new=(qd-large-mutate=1016.7, curl-left=942.0, qd-mutate=1051.0, template-m1-balanced=663.5, curl-right=1480.3). MAP-Elites(8x8, morphologies=3): occupied=47, pending=192, in flight=38
Speed: 10.898717 creatures/sec. Server status: 19:03:40: 3253x RT, 54.2 creatures/sec. Fitness: best=3067.6, avg=1600.8, new=(qd-large-mutate=1016.7, curl-left=942.0, qd-mutate=1051.0, template-m1-balanced=663.5, curl-right=1480.3). MAP-Elites(8x8, morphologies=3): occupied=47, pending=192, in flight=38
Speed: 10.599998 creatures/sec. Server status: 19:03:40: 3253x RT, 54.2 creatures/sec. Fitness: best=3067.6, avg=1600.8, new=(qd-large-mutate=1016.7, curl-left=942.0, qd-mutate=1051.0, template-m1-balanced=663.5, curl-right=1480.3). MAP-Elites(8x8, morphologies=3): occupied=47, pending=192, in flight=38
Speed: 10.599990 creatures/sec. Server status: 19:03:40: 3253x RT, 54.2 creatures/sec. Fitness: best=3067.6, avg=1600.8, new=(qd-large-mutate=1016.7, curl-left=942.0, qd-mutate=1051.0, template-m1-balanced=663.5, curl-right=1480.3). MAP-Elites(8x8, morphologies=3): occupied=47, pending=192, in flight=38
Speed: 8.199990 creatures/sec. Server status: 19:03:50: 3189x RT, 53.1 creatures/sec. Fitness: best=3067.6, avg=1600.8, new=(qd-large-mutate=1171.6, qd-mutate=1097.5, template-m1-balanced=728.1, curl-right=1775.2, curl-left=1349.3). MAP-Elites(8x8, morphologies=3): occupied=47, pending=192, in flight=38
Speed: 7.999880 creatures/sec. Server status: 19:03:50: 3189x RT, 53.1 creatures/sec. Fitness: best=3067.6, avg=1600.8, new=(qd-large-mutate=1171.6, qd-mutate=1097.5, template-m1-balanced=728.1, curl-right=1775.2, curl-left=1349.3). MAP-Elites(8x8, morphologies=3): occupied=47, pending=192, in flight=38
Speed: 7.999997 creatures/sec. Server status: 19:03:50: 3189x RT, 53.1 creatures/sec. Fitness: best=3067.6, avg=1600.8, new=(qd-large-mutate=1171.6, qd-mutate=1097.5, template-m1-balanced=728.1, curl-right=1775.2, curl-left=1349.3). MAP-Elites(8x8, morphologies=3): occupied=47, pending=192, in flight=38
Speed: 7.899993 creatures/sec. Server status: 19:03:50: 3189x RT, 53.1 creatures/sec. Fitness: best=3067.6, avg=1600.8, new=(qd-large-mutate=1171.6, qd-mutate=1097.5, template-m1-balanced=728.1, curl-right=1775.2, curl-left=1349.3). MAP-Elites(8x8, morphologies=3): occupied=47, pending=192, in flight=38
Speed: 8.399992 creatures/sec. Server status: 19:03:50: 3189x RT, 53.1 creatures/sec. Fitness: best=3067.6, avg=1600.8, new=(qd-large-mutate=1171.6, qd-mutate=1097.5, template-m1-balanced=728.1, curl-right=1775.2, curl-left=1349.3). MAP-Elites(8x8, morphologies=3): occupied=47, pending=192, in flight=38
Speed: 7.999975 creatures/sec. Server status: 19:03:50: 3189x RT, 53.1 creatures/sec. Fitness: best=3067.6, avg=1600.8, new=(qd-large-mutate=1171.6, qd-mutate=1097.5, template-m1-balanced=728.1, curl-right=1775.2, curl-left=1349.3). MAP-Elites(8x8, morphologies=3): occupied=47, pending=192, in flight=38
Speed: 13.999983 creatures/sec. Server status: 19:04:00: 6257x RT, 104.3 creatures/sec. Fitness: best=3067.6, avg=1600.8, new=(qd-mutate=1039.0, qd-large-mutate=989.1, template-m1-balanced=949.9, curl-right=1049.3, curl-left=772.4). MAP-Elites(8x8, morphologies=3): occupied=47, pending=192, in flight=38
Speed: 13.900000 creatures/sec. Server status: 19:04:00: 6257x RT, 104.3 creatures/sec. Fitness: best=3067.6, avg=1600.8, new=(qd-mutate=1039.0, qd-large-mutate=989.1, template-m1-balanced=949.9, curl-right=1049.3, curl-left=772.4). MAP-Elites(8x8, morphologies=3): occupied=47, pending=192, in flight=38
Speed: 13.899992 creatures/sec. Server status: 19:04:00: 6257x RT, 104.3 creatures/sec. Fitness: best=3067.6, avg=1600.8, new=(qd-mutate=1039.0, qd-large-mutate=989.1, template-m1-balanced=949.9, curl-right=1049.3, curl-left=772.4). MAP-Elites(8x8, morphologies=3): occupied=47, pending=192, in flight=38
Speed: 14.099997 creatures/sec. Server status: 19:04:00: 6257x RT, 104.3 creatures/sec. Fitness: best=3067.6, avg=1600.8, new=(qd-mutate=1039.0, qd-large-mutate=989.1, template-m1-balanced=949.9, curl-right=1049.3, curl-left=772.4). MAP-Elites(8x8, morphologies=3): occupied=47, pending=192, in flight=38
Speed: 14.099968 creatures/sec. Server status: 19:04:00: 6257x RT, 104.3 creatures/sec. Fitness: best=3067.6, avg=1600.8, new=(qd-mutate=1039.0, qd-large-mutate=989.1, template-m1-balanced=949.9, curl-right=1049.3, curl-left=772.4). MAP-Elites(8x8, morphologies=3): occupied=47, pending=192, in flight=38
Speed: 13.899997 creatures/sec. Server status: 19:04:00: 6257x RT, 104.3 creatures/sec. Fitness: best=3067.6, avg=1600.8, new=(qd-mutate=1039.0, qd-large-mutate=989.1, template-m1-balanced=949.9, curl-right=1049.3, curl-left=772.4). MAP-Elites(8x8, morphologies=3): occupied=47, pending=192, in flight=38
Speed: 19.999974 creatures/sec. Server status: 19:04:09: 7214x RT, 120.2 creatures/sec. Fitness: best=3067.6, avg=1601.1, new=(qd-mutate=1111.4, qd-large-mutate=1062.8, template-m1-balanced=1055.5, curl-left=839.5, curl-right=698.3). MAP-Elites(8x8, morphologies=3): occupied=47, pending=192, in flight=38
Speed: 19.899986 creatures/sec. Server status: 19:04:09: 7214x RT, 120.2 creatures/sec. Fitness: best=3067.6, avg=1601.1, new=(qd-mutate=1111.4, qd-large-mutate=1062.8, template-m1-balanced=1055.5, curl-left=839.5, curl-right=698.3). MAP-Elites(8x8, morphologies=3): occupied=47, pending=192, in flight=38
Speed: 19.899944 creatures/sec. Server status: 19:04:09: 7214x RT, 120.2 creatures/sec. Fitness: best=3067.6, avg=1601.1, new=(qd-mutate=1111.4, qd-large-mutate=1062.8, template-m1-balanced=1055.5, curl-left=839.5, curl-right=698.3). MAP-Elites(8x8, morphologies=3): occupied=47, pending=192, in flight=38
Speed: 19.999990 creatures/sec. Server status: 19:04:09: 7214x RT, 120.2 creatures/sec. Fitness: best=3067.6, avg=1601.1, new=(qd-mutate=1111.4, qd-large-mutate=1062.8, template-m1-balanced=1055.5, curl-left=839.5, curl-right=698.3). MAP-Elites(8x8, morphologies=3): occupied=47, pending=192, in flight=38
Speed: 19.899992 creatures/sec. Server status: 19:04:09: 7214x RT, 120.2 creatures/sec. Fitness: best=3067.6, avg=1601.1, new=(qd-mutate=1111.4, qd-large-mutate=1062.8, template-m1-balanced=1055.5, curl-left=839.5, curl-right=698.3). MAP-Elites(8x8, morphologies=3): occupied=47, pending=192, in flight=38
Speed: 19.899964 creatures/sec. Server status: 19:04:11: 7276x RT, 121.3 creatures/sec. Fitness: best=3067.6, avg=1601.1, new=(qd-mutate=1063.2, qd-large-mutate=1165.4, template-m1-balanced=1039.0, curl-right=598.3, curl-left=1099.9). MAP-Elites(8x8, morphologies=3): occupied=47, pending=192, in flight=38
Speed: 20.099982 creatures/sec. Server status: 19:04:19: 7294x RT, 121.6 creatures/sec. Fitness: best=3067.6, avg=1601.1, new=(qd-mutate=1076.4, qd-large-mutate=1114.7, curl-left=842.7, curl-right=969.4, template-m1-balanced=891.9). MAP-Elites(8x8, morphologies=3): occupied=47, pending=192, in flight=38
Speed: 20.399983 creatures/sec. Server status: 19:04:19: 7294x RT, 121.6 creatures/sec. Fitness: best=3067.6, avg=1601.1, new=(qd-mutate=1076.4, qd-large-mutate=1114.7, curl-left=842.7, curl-right=969.4, template-m1-balanced=891.9). MAP-Elites(8x8, morphologies=3): occupied=47, pending=192, in flight=38
Speed: 20.099986 creatures/sec. Server status: 19:04:19: 7294x RT, 121.6 creatures/sec. Fitness: best=3067.6, avg=1601.1, new=(qd-mutate=1076.4, qd-large-mutate=1114.7, curl-left=842.7, curl-right=969.4, template-m1-balanced=891.9). MAP-Elites(8x8, morphologies=3): occupied=47, pending=192, in flight=38
Speed: 20.099984 creatures/sec. Server status: 19:04:19: 7294x RT, 121.6 creatures/sec. Fitness: best=3067.6, avg=1601.1, new=(qd-mutate=1076.4, qd-large-mutate=1114.7, curl-left=842.7, curl-right=969.4, template-m1-balanced=891.9). MAP-Elites(8x8, morphologies=3): occupied=47, pending=192, in flight=38
Speed: 20.299988 creatures/sec. Server status: 19:04:19: 7294x RT, 121.6 creatures/sec. Fitness: best=3067.6, avg=1601.1, new=(qd-mutate=1076.4, qd-large-mutate=1114.7, curl-left=842.7, curl-right=969.4, template-m1-balanced=891.9). MAP-Elites(8x8, morphologies=3): occupied=47, pending=192, in flight=38
Speed: 19.899980 creatures/sec. Server status: 19:04:19: 7294x RT, 121.6 creatures/sec. Fitness: best=3067.6, avg=1601.1, new=(qd-mutate=1076.4, qd-large-mutate=1114.7, curl-left=842.7, curl-right=969.4, template-m1-balanced=891.9). MAP-Elites(8x8, morphologies=3): occupied=47, pending=192, in flight=38
Speed: 20.199972 creatures/sec. Server status: 19:04:29: 7304x RT, 121.7 creatures/sec. Fitness: best=3067.6, avg=1601.1, new=(qd-mutate=1052.5, qd-large-mutate=1091.6, template-m1-balanced=750.6, curl-right=1193.8, curl-left=1273.2). MAP-Elites(8x8, morphologies=3): occupied=47, pending=192, in flight=38
Speed: 20.099996 creatures/sec. Server status: 19:04:29: 7304x RT, 121.7 creatures/sec. Fitness: best=3067.6, avg=1601.1, new=(qd-mutate=1052.5, qd-large-mutate=1091.6, template-m1-balanced=750.6, curl-right=1193.8, curl-left=1273.2). MAP-Elites(8x8, morphologies=3): occupied=47, pending=192, in flight=38
Speed: 19.999990 creatures/sec. Server status: 19:04:29: 7304x RT, 121.7 creatures/sec. Fitness: best=3067.6, avg=1601.1, new=(qd-mutate=1052.5, qd-large-mutate=1091.6, template-m1-balanced=750.6, curl-right=1193.8, curl-left=1273.2). MAP-Elites(8x8, morphologies=3): occupied=47, pending=192, in flight=38
Speed: 20.199978 creatures/sec. Server status: 19:04:29: 7304x RT, 121.7 creatures/sec. Fitness: best=3067.6, avg=1601.1, new=(qd-mutate=1052.5, qd-large-mutate=1091.6, template-m1-balanced=750.6, curl-right=1193.8, curl-left=1273.2). MAP-Elites(8x8, morphologies=3): occupied=47, pending=192, in flight=38
Speed: 20.099978 creatures/sec. Server status: 19:04:29: 7304x RT, 121.7 creatures/sec. Fitness: best=3067.6, avg=1601.1, new=(qd-mutate=1052.5, qd-large-mutate=1091.6, template-m1-balanced=750.6, curl-right=1193.8, curl-left=1273.2). MAP-Elites(8x8, morphologies=3): occupied=47, pending=192, in flight=38
Speed: 20.099994 creatures/sec. Server status: 19:04:29: 7304x RT, 121.7 creatures/sec. Fitness: best=3067.6, avg=1601.1, new=(qd-mutate=1052.5, qd-large-mutate=1091.6, template-m1-balanced=750.6, curl-right=1193.8, curl-left=1273.2). MAP-Elites(8x8, morphologies=3): occupied=47, pending=192, in flight=38
Speed: 19.800000 creatures/sec. Server status: 19:04:39: 7280x RT, 121.3 creatures/sec. Fitness: best=3067.6, avg=1601.1, new=(qd-mutate=1092.3, qd-large-mutate=1060.0, curl-left=732.1, template-m1-balanced=1053.6). MAP-Elites(8x8, morphologies=3): occupied=47, pending=192, in flight=38
Speed: 20.199988 creatures/sec. Server status: 19:04:39: 7280x RT, 121.3 creatures/sec. Fitness: best=3067.6, avg=1601.1, new=(qd-mutate=1092.3, qd-large-mutate=1060.0, curl-left=732.1, template-m1-balanced=1053.6). MAP-Elites(8x8, morphologies=3): occupied=47, pending=192, in flight=38
Speed: 19.999996 creatures/sec. Server status: 19:04:39: 7280x RT, 121.3 creatures/sec. Fitness: best=3067.6, avg=1601.1, new=(qd-mutate=1092.3, qd-large-mutate=1060.0, curl-left=732.1, template-m1-balanced=1053.6). MAP-Elites(8x8, morphologies=3): occupied=47, pending=192, in flight=38
Speed: 20.100000 creatures/sec. Server status: 19:04:39: 7280x RT, 121.3 creatures/sec. Fitness: best=3067.6, avg=1601.1, new=(qd-mutate=1092.3, qd-large-mutate=1060.0, curl-left=732.1, template-m1-balanced=1053.6). MAP-Elites(8x8, morphologies=3): occupied=47, pending=192, in flight=38
Speed: 19.999990 creatures/sec. Server status: 19:04:39: 7280x RT, 121.3 creatures/sec. Fitness: best=3067.6, avg=1601.1, new=(qd-mutate=1092.3, qd-large-mutate=1060.0, curl-left=732.1, template-m1-balanced=1053.6). MAP-Elites(8x8, morphologies=3): occupied=47, pending=192, in flight=38
Speed: 20.199992 creatures/sec. Server status: 19:04:39: 7280x RT, 121.3 creatures/sec. Fitness: best=3067.6, avg=1601.1, new=(qd-mutate=1092.3, qd-large-mutate=1060.0, curl-left=732.1, template-m1-balanced=1053.6). MAP-Elites(8x8, morphologies=3): occupied=47, pending=192, in flight=38
Speed: 18.900000 creatures/sec. Server status: 19:04:50: 6743x RT, 112.4 creatures/sec. Fitness: best=3067.6, avg=1601.1, new=(qd-mutate=1109.9, qd-large-mutate=1105.1, curl-right=789.7, curl-left=775.8, template-m1-balanced=1013.9). MAP-Elites(8x8, morphologies=3): occupied=47, pending=192, in flight=38
Speed: 18.799968 creatures/sec. Server status: 19:04:50: 6743x RT, 112.4 creatures/sec. Fitness: best=3067.6, avg=1601.1, new=(qd-mutate=1109.9, qd-large-mutate=1105.1, curl-right=789.7, curl-left=775.8, template-m1-balanced=1013.9). MAP-Elites(8x8, morphologies=3): occupied=47, pending=192, in flight=38
Speed: 18.699982 creatures/sec. Server status: 19:04:50: 6743x RT, 112.4 creatures/sec. Fitness: best=3067.6, avg=1601.1, new=(qd-mutate=1109.9, qd-large-mutate=1105.1, curl-right=789.7, curl-left=775.8, template-m1-balanced=1013.9). MAP-Elites(8x8, morphologies=3): occupied=47, pending=192, in flight=38
Speed: 18.799996 creatures/sec. Server status: 19:04:50: 6743x RT, 112.4 creatures/sec. Fitness: best=3067.6, avg=1601.1, new=(qd-mutate=1109.9, qd-large-mutate=1105.1, curl-right=789.7, curl-left=775.8, template-m1-balanced=1013.9). MAP-Elites(8x8, morphologies=3): occupied=47, pending=192, in flight=38
Speed: 18.899947 creatures/sec. Server status: 19:04:50: 6743x RT, 112.4 creatures/sec. Fitness: best=3067.6, avg=1601.1, new=(qd-mutate=1109.9, qd-large-mutate=1105.1, curl-right=789.7, curl-left=775.8, template-m1-balanced=1013.9). MAP-Elites(8x8, morphologies=3): occupied=47, pending=192, in flight=38
Speed: 18.799991 creatures/sec. Server status: 19:04:50: 6743x RT, 112.4 creatures/sec. Fitness: best=3067.6, avg=1601.1, new=(qd-mutate=1109.9, qd-large-mutate=1105.1, curl-right=789.7, curl-left=775.8, template-m1-balanced=1013.9). MAP-Elites(8x8, morphologies=3): occupied=47, pending=192, in flight=38
Speed: 16.700000 creatures/sec. Server status: 19:05:00: 3459x RT, 57.6 creatures/sec. Fitness: best=3067.6, avg=1601.1, new=(qd-mutate=1014.0, curl-right=822.1, qd-large-mutate=1324.3, curl-left=1001.1, template-m1-balanced=887.5). MAP-Elites(8x8, morphologies=3): occupied=47, pending=192, in flight=38
Speed: 16.699985 creatures/sec. Server status: 19:05:00: 3459x RT, 57.6 creatures/sec. Fitness: best=3067.6, avg=1601.1, new=(qd-mutate=1014.0, curl-right=822.1, qd-large-mutate=1324.3, curl-left=1001.1, template-m1-balanced=887.5). MAP-Elites(8x8, morphologies=3): occupied=47, pending=192, in flight=38
Speed: 16.897168 creatures/sec. Server status: 19:05:00: 3459x RT, 57.6 creatures/sec. Fitness: best=3067.6, avg=1601.1, new=(qd-mutate=1014.0, curl-right=822.1, qd-large-mutate=1324.3, curl-left=1001.1, template-m1-balanced=887.5). MAP-Elites(8x8, morphologies=3): occupied=47, pending=192, in flight=38
Speed: 16.574179 creatures/sec. Server status: 19:05:00: 3459x RT, 57.6 creatures/sec. Fitness: best=3067.6, avg=1601.1, new=(qd-mutate=1014.0, curl-right=822.1, qd-large-mutate=1324.3, curl-left=1001.1, template-m1-balanced=887.5). MAP-Elites(8x8, morphologies=3): occupied=47, pending=192, in flight=38
Speed: 16.875417 creatures/sec. Server status: 19:05:00: 3459x RT, 57.6 creatures/sec. Fitness: best=3067.6, avg=1601.1, new=(qd-mutate=1014.0, curl-right=822.1, qd-large-mutate=1324.3, curl-left=1001.1, template-m1-balanced=887.5). MAP-Elites(8x8, morphologies=3): occupied=47, pending=192, in flight=38
Speed: 16.799996 creatures/sec. Server status: 19:05:00: 3459x RT, 57.6 creatures/sec. Fitness: best=3067.6, avg=1601.1, new=(qd-mutate=1014.0, curl-right=822.1, qd-large-mutate=1324.3, curl-left=1001.1, template-m1-balanced=887.5). MAP-Elites(8x8, morphologies=3): occupied=47, pending=192, in flight=38
Speed: 8.198868 creatures/sec. Server status: 19:05:10: 3116x RT, 51.9 creatures/sec. Fitness: best=3067.6, avg=1601.1, new=(qd-mutate=1135.7, qd-large-mutate=930.5, template-m1-balanced=1037.2, curl-left=697.5). MAP-Elites(8x8, morphologies=3): occupied=47, pending=192, in flight=38
Speed: 8.199997 creatures/sec. Server status: 19:05:10: 3116x RT, 51.9 creatures/sec. Fitness: best=3067.6, avg=1601.1, new=(qd-mutate=1135.7, qd-large-mutate=930.5, template-m1-balanced=1037.2, curl-left=697.5). MAP-Elites(8x8, morphologies=3): occupied=47, pending=192, in flight=38
Speed: 8.300000 creatures/sec. Server status: 19:05:10: 3116x RT, 51.9 creatures/sec. Fitness: best=3067.6, avg=1601.1, new=(qd-mutate=1135.7, qd-large-mutate=930.5, template-m1-balanced=1037.2, curl-left=697.5). MAP-Elites(8x8, morphologies=3): occupied=47, pending=192, in flight=38
Speed: 7.999990 creatures/sec. Server status: 19:05:10: 3116x RT, 51.9 creatures/sec. Fitness: best=3067.6, avg=1601.1, new=(qd-mutate=1135.7, qd-large-mutate=930.5, template-m1-balanced=1037.2, curl-left=697.5). MAP-Elites(8x8, morphologies=3): occupied=47, pending=192, in flight=38
Speed: 8.099978 creatures/sec. Server status: 19:05:10: 3116x RT, 51.9 creatures/sec. Fitness: best=3067.6, avg=1601.1, new=(qd-mutate=1135.7, qd-large-mutate=930.5, template-m1-balanced=1037.2, curl-left=697.5). MAP-Elites(8x8, morphologies=3): occupied=47, pending=192, in flight=38
Speed: 8.199792 creatures/sec. Server status: 19:05:10: 3116x RT, 51.9 creatures/sec. Fitness: best=3067.6, avg=1601.1, new=(qd-mutate=1135.7, qd-large-mutate=930.5, template-m1-balanced=1037.2, curl-left=697.5). MAP-Elites(8x8, morphologies=3): occupied=47, pending=192, in flight=38
Speed: 16.899995 creatures/sec. Server status: 19:05:19: 7237x RT, 120.6 creatures/sec. Fitness: best=3067.6, avg=1601.1, new=(qd-mutate=1153.4, qd-large-mutate=1228.1, curl-left=756.4, template-m1-balanced=984.5, curl-right=793.0). MAP-Elites(8x8, morphologies=3): occupied=47, pending=192, in flight=38
Speed: 17.299997 creatures/sec. Server status: 19:05:19: 7237x RT, 120.6 creatures/sec. Fitness: best=3067.6, avg=1601.1, new=(qd-mutate=1153.4, qd-large-mutate=1228.1, curl-left=756.4, template-m1-balanced=984.5, curl-right=793.0). MAP-Elites(8x8, morphologies=3): occupied=47, pending=192, in flight=38
Speed: 17.099997 creatures/sec. Server status: 19:05:19: 7237x RT, 120.6 creatures/sec. Fitness: best=3067.6, avg=1601.1, new=(qd-mutate=1153.4, qd-large-mutate=1228.1, curl-left=756.4, template-m1-balanced=984.5, curl-right=793.0). MAP-Elites(8x8, morphologies=3): occupied=47, pending=192, in flight=38
Speed: 17.299996 creatures/sec. Server status: 19:05:19: 7237x RT, 120.6 creatures/sec. Fitness: best=3067.6, avg=1601.1, new=(qd-mutate=1153.4, qd-large-mutate=1228.1, curl-left=756.4, template-m1-balanced=984.5, curl-right=793.0). MAP-Elites(8x8, morphologies=3): occupied=47, pending=192, in flight=38
Speed: 16.999947 creatures/sec. Server status: 19:05:19: 7237x RT, 120.6 creatures/sec. Fitness: best=3067.6, avg=1601.1, new=(qd-mutate=1153.4, qd-large-mutate=1228.1, curl-left=756.4, template-m1-balanced=984.5, curl-right=793.0). MAP-Elites(8x8, morphologies=3): occupied=47, pending=192, in flight=38
Speed: 16.899993 creatures/sec. Server status: 19:05:19: 7237x RT, 120.6 creatures/sec. Fitness: best=3067.6, avg=1601.1, new=(qd-mutate=1153.4, qd-large-mutate=1228.1, curl-left=756.4, template-m1-balanced=984.5, curl-right=793.0). MAP-Elites(8x8, morphologies=3): occupied=47, pending=192, in flight=38
Speed: 19.299986 creatures/sec. Server status: 19:05:29: 7254x RT, 120.9 creatures/sec. Fitness: best=3067.6, avg=1601.1, new=(qd-mutate=1097.6, qd-large-mutate=1061.2, template-m1-balanced=1047.0, curl-right=913.2, curl-left=735.0). MAP-Elites(8x8, morphologies=3): occupied=47, pending=192, in flight=38
Speed: 19.899980 creatures/sec. Server status: 19:05:29: 7254x RT, 120.9 creatures/sec. Fitness: best=3067.6, avg=1601.1, new=(qd-mutate=1097.6, qd-large-mutate=1061.2, template-m1-balanced=1047.0, curl-right=913.2, curl-left=735.0). MAP-Elites(8x8, morphologies=3): occupied=47, pending=192, in flight=38
Speed: 19.699994 creatures/sec. Server status: 19:05:29: 7254x RT, 120.9 creatures/sec. Fitness: best=3067.6, avg=1601.1, new=(qd-mutate=1097.6, qd-large-mutate=1061.2, template-m1-balanced=1047.0, curl-right=913.2, curl-left=735.0). MAP-Elites(8x8, morphologies=3): occupied=47, pending=192, in flight=38
Speed: 19.299993 creatures/sec. Server status: 19:05:29: 7254x RT, 120.9 creatures/sec. Fitness: best=3067.6, avg=1601.1, new=(qd-mutate=1097.6, qd-large-mutate=1061.2, template-m1-balanced=1047.0, curl-right=913.2, curl-left=735.0). MAP-Elites(8x8, morphologies=3): occupied=47, pending=192, in flight=38
Speed: 19.599979 creatures/sec. Server status: 19:05:29: 7254x RT, 120.9 creatures/sec. Fitness: best=3067.6, avg=1601.1, new=(qd-mutate=1097.6, qd-large-mutate=1061.2, template-m1-balanced=1047.0, curl-right=913.2, curl-left=735.0). MAP-Elites(8x8, morphologies=3): occupied=47, pending=192, in flight=38
Speed: 19.399988 creatures/sec. Server status: 19:05:29: 7254x RT, 120.9 creatures/sec. Fitness: best=3067.6, avg=1601.1, new=(qd-mutate=1097.6, qd-large-mutate=1061.2, template-m1-balanced=1047.0, curl-right=913.2, curl-left=735.0). MAP-Elites(8x8, morphologies=3): occupied=47, pending=192, in flight=38
Speed: 19.799990 creatures/sec. Server status: 19:05:39: 7249x RT, 120.8 creatures/sec. Fitness: best=3067.6, avg=1601.1, new=(qd-mutate=1005.6, qd-large-mutate=1246.6, template-m1-balanced=664.9, curl-right=694.1, curl-left=643.0). MAP-Elites(8x8, morphologies=3): occupied=47, pending=192, in flight=38
Speed: 19.999978 creatures/sec. Server status: 19:05:39: 7249x RT, 120.8 creatures/sec. Fitness: best=3067.6, avg=1601.1, new=(qd-mutate=1005.6, qd-large-mutate=1246.6, template-m1-balanced=664.9, curl-right=694.1, curl-left=643.0). MAP-Elites(8x8, morphologies=3): occupied=47, pending=192, in flight=38
Speed: 19.899982 creatures/sec. Server status: 19:05:39: 7249x RT, 120.8 creatures/sec. Fitness: best=3067.6, avg=1601.1, new=(qd-mutate=1005.6, qd-large-mutate=1246.6, template-m1-balanced=664.9, curl-right=694.1, curl-left=643.0). MAP-Elites(8x8, morphologies=3): occupied=47, pending=192, in flight=38
Speed: 19.999992 creatures/sec. Server status: 19:05:39: 7249x RT, 120.8 creatures/sec. Fitness: best=3067.6, avg=1601.1, new=(qd-mutate=1005.6, qd-large-mutate=1246.6, template-m1-balanced=664.9, curl-right=694.1, curl-left=643.0). MAP-Elites(8x8, morphologies=3): occupied=47, pending=192, in flight=38
Speed: 19.799984 creatures/sec. Server status: 19:05:39: 7249x RT, 120.8 creatures/sec. Fitness: best=3067.6, avg=1601.1, new=(qd-mutate=1005.6, qd-large-mutate=1246.6, template-m1-balanced=664.9, curl-right=694.1, curl-left=643.0). MAP-Elites(8x8, morphologies=3): occupied=47, pending=192, in flight=38
Speed: 20.000000 creatures/sec. Server status: 19:05:39: 7249x RT, 120.8 creatures/sec. Fitness: best=3067.6, avg=1601.1, new=(qd-mutate=1005.6, qd-large-mutate=1246.6, template-m1-balanced=664.9, curl-right=694.1, curl-left=643.0). MAP-Elites(8x8, morphologies=3): occupied=47, pending=192, in flight=38
Speed: 19.999968 creatures/sec. Server status: 19:05:49: 7240x RT, 120.7 creatures/sec. Fitness: best=3067.6, avg=1601.1, new=(qd-large-mutate=1172.5, qd-mutate=1157.4, template-m1-balanced=1027.8, curl-right=901.6, curl-left=953.3). MAP-Elites(8x8, morphologies=3): occupied=47, pending=192, in flight=38
Speed: 20.099992 creatures/sec. Server status: 19:05:49: 7240x RT, 120.7 creatures/sec. Fitness: best=3067.6, avg=1601.1, new=(qd-large-mutate=1172.5, qd-mutate=1157.4, template-m1-balanced=1027.8, curl-right=901.6, curl-left=953.3). MAP-Elites(8x8, morphologies=3): occupied=47, pending=192, in flight=38
Speed: 20.199954 creatures/sec. Server status: 19:05:49: 7240x RT, 120.7 creatures/sec. Fitness: best=3067.6, avg=1601.1, new=(qd-large-mutate=1172.5, qd-mutate=1157.4, template-m1-balanced=1027.8, curl-right=901.6, curl-left=953.3). MAP-Elites(8x8, morphologies=3): occupied=47, pending=192, in flight=38
Speed: 20.100000 creatures/sec. Server status: 19:05:49: 7240x RT, 120.7 creatures/sec. Fitness: best=3067.6, avg=1601.1, new=(qd-large-mutate=1172.5, qd-mutate=1157.4, template-m1-balanced=1027.8, curl-right=901.6, curl-left=953.3). MAP-Elites(8x8, morphologies=3): occupied=47, pending=192, in flight=38
Speed: 20.099978 creatures/sec. Server status: 19:05:49: 7240x RT, 120.7 creatures/sec. Fitness: best=3067.6, avg=1601.1, new=(qd-large-mutate=1172.5, qd-mutate=1157.4, template-m1-balanced=1027.8, curl-right=901.6, curl-left=953.3). MAP-Elites(8x8, morphologies=3): occupied=47, pending=192, in flight=38
Speed: 19.899994 creatures/sec. Server status: 19:05:49: 7240x RT, 120.7 creatures/sec. Fitness: best=3067.6, avg=1601.1, new=(qd-large-mutate=1172.5, qd-mutate=1157.4, template-m1-balanced=1027.8, curl-right=901.6, curl-left=953.3). MAP-Elites(8x8, morphologies=3): occupied=47, pending=192, in flight=38
Speed: 20.099978 creatures/sec. Server status: 19:06:00: 7250x RT, 120.8 creatures/sec. Fitness: best=3067.6, avg=1601.1, new=(qd-mutate=1103.6, qd-large-mutate=1141.4, curl-left=926.7, template-m1-balanced=893.6). MAP-Elites(8x8, morphologies=3): occupied=47, pending=192, in flight=38
Speed: 20.099990 creatures/sec. Server status: 19:06:00: 7250x RT, 120.8 creatures/sec. Fitness: best=3067.6, avg=1601.1, new=(qd-mutate=1103.6, qd-large-mutate=1141.4, curl-left=926.7, template-m1-balanced=893.6). MAP-Elites(8x8, morphologies=3): occupied=47, pending=192, in flight=38
Speed: 20.200000 creatures/sec. Server status: 19:06:00: 7250x RT, 120.8 creatures/sec. Fitness: best=3067.6, avg=1601.1, new=(qd-mutate=1103.6, qd-large-mutate=1141.4, curl-left=926.7, template-m1-balanced=893.6). MAP-Elites(8x8, morphologies=3): occupied=47, pending=192, in flight=38
Speed: 20.099994 creatures/sec. Server status: 19:06:00: 7250x RT, 120.8 creatures/sec. Fitness: best=3067.6, avg=1601.1, new=(qd-mutate=1103.6, qd-large-mutate=1141.4, curl-left=926.7, template-m1-balanced=893.6). MAP-Elites(8x8, morphologies=3): occupied=47, pending=192, in flight=38
Speed: 20.099988 creatures/sec. Server status: 19:06:00: 7250x RT, 120.8 creatures/sec. Fitness: best=3067.6, avg=1601.1, new=(qd-mutate=1103.6, qd-large-mutate=1141.4, curl-left=926.7, template-m1-balanced=893.6). MAP-Elites(8x8, morphologies=3): occupied=47, pending=192, in flight=38
Speed: 20.099984 creatures/sec. Server status: 19:06:00: 7250x RT, 120.8 creatures/sec. Fitness: best=3067.6, avg=1601.1, new=(qd-mutate=1103.6, qd-large-mutate=1141.4, curl-left=926.7, template-m1-balanced=893.6). MAP-Elites(8x8, morphologies=3): occupied=47, pending=192, in flight=38
Speed: 20.099936 creatures/sec. Server status: 19:06:10: 7206x RT, 120.1 creatures/sec. Fitness: best=3067.6, avg=1601.1, new=(template-m1-balanced=1021.2, qd-large-mutate=1107.1, qd-mutate=1014.1, curl-left=1154.4). MAP-Elites(8x8, morphologies=3): occupied=47, pending=192, in flight=38
Speed: 19.999950 creatures/sec. Server status: 19:06:10: 7206x RT, 120.1 creatures/sec. Fitness: best=3067.6, avg=1601.1, new=(template-m1-balanced=1021.2, qd-large-mutate=1107.1, qd-mutate=1014.1, curl-left=1154.4). MAP-Elites(8x8, morphologies=3): occupied=47, pending=192, in flight=38
Speed: 20.200000 creatures/sec. Server status: 19:06:10: 7206x RT, 120.1 creatures/sec. Fitness: best=3067.6, avg=1601.1, new=(template-m1-balanced=1021.2, qd-large-mutate=1107.1, qd-mutate=1014.1, curl-left=1154.4). MAP-Elites(8x8, morphologies=3): occupied=47, pending=192, in flight=38
Speed: 20.099994 creatures/sec. Server status: 19:06:10: 7206x RT, 120.1 creatures/sec. Fitness: best=3067.6, avg=1601.1, new=(template-m1-balanced=1021.2, qd-large-mutate=1107.1, qd-mutate=1014.1, curl-left=1154.4). MAP-Elites(8x8, morphologies=3): occupied=47, pending=192, in flight=38
Speed: 19.999944 creatures/sec. Server status: 19:06:10: 7206x RT, 120.1 creatures/sec. Fitness: best=3067.6, avg=1601.1, new=(template-m1-balanced=1021.2, qd-large-mutate=1107.1, qd-mutate=1014.1, curl-left=1154.4). MAP-Elites(8x8, morphologies=3): occupied=47, pending=192, in flight=38
Speed: 20.099966 creatures/sec. Server status: 19:06:10: 7206x RT, 120.1 creatures/sec. Fitness: best=3067.6, avg=1601.1, new=(template-m1-balanced=1021.2, qd-large-mutate=1107.1, qd-mutate=1014.1, curl-left=1154.4). MAP-Elites(8x8, morphologies=3): occupied=47, pending=192, in flight=38
Speed: 20.100000 creatures/sec. Server status: 19:06:20: 7275x RT, 121.2 creatures/sec. Fitness: best=3067.6, avg=1601.1, new=(template-m1-balanced=1154.8, qd-mutate=1069.4, qd-large-mutate=1132.4, curl-left=918.0, curl-right=614.3). MAP-Elites(8x8, morphologies=3): occupied=47, pending=192, in flight=38
Speed: 20.199980 creatures/sec. Server status: 19:06:20: 7275x RT, 121.2 creatures/sec. Fitness: best=3067.6, avg=1601.1, new=(template-m1-balanced=1154.8, qd-mutate=1069.4, qd-large-mutate=1132.4, curl-left=918.0, curl-right=614.3). MAP-Elites(8x8, morphologies=3): occupied=47, pending=192, in flight=38
Speed: 19.999976 creatures/sec. Server status: 19:06:20: 7275x RT, 121.2 creatures/sec. Fitness: best=3067.6, avg=1601.1, new=(template-m1-balanced=1154.8, qd-mutate=1069.4, qd-large-mutate=1132.4, curl-left=918.0, curl-right=614.3). MAP-Elites(8x8, morphologies=3): occupied=47, pending=192, in flight=38
Speed: 20.199964 creatures/sec. Server status: 19:06:20: 7275x RT, 121.2 creatures/sec. Fitness: best=3067.6, avg=1601.1, new=(template-m1-balanced=1154.8, qd-mutate=1069.4, qd-large-mutate=1132.4, curl-left=918.0, curl-right=614.3). MAP-Elites(8x8, morphologies=3): occupied=47, pending=192, in flight=38
Speed: 19.999980 creatures/sec. Server status: 19:06:20: 7275x RT, 121.2 creatures/sec. Fitness: best=3067.6, avg=1601.1, new=(template-m1-balanced=1154.8, qd-mutate=1069.4, qd-large-mutate=1132.4, curl-left=918.0, curl-right=614.3). MAP-Elites(8x8, morphologies=3): occupied=47, pending=192, in flight=38
Speed: 19.999968 creatures/sec. Server status: 19:06:20: 7275x RT, 121.2 creatures/sec. Fitness: best=3067.6, avg=1601.1, new=(template-m1-balanced=1154.8, qd-mutate=1069.4, qd-large-mutate=1132.4, curl-left=918.0, curl-right=614.3). MAP-Elites(8x8, morphologies=3): occupied=47, pending=192, in flight=38
Speed: 19.599984 creatures/sec. Server status: 19:06:29: 6942x RT, 115.7 creatures/sec. Fitness: best=3067.6, avg=1601.1, new=(qd-mutate=1085.8, qd-large-mutate=1159.7, curl-right=1092.9, curl-left=827.2, template-m1-balanced=1187.3). MAP-Elites(8x8, morphologies=3): occupied=47, pending=192, in flight=38
Speed: 19.899978 creatures/sec. Server status: 19:06:29: 6942x RT, 115.7 creatures/sec. Fitness: best=3067.6, avg=1601.1, new=(qd-mutate=1085.8, qd-large-mutate=1159.7, curl-right=1092.9, curl-left=827.2, template-m1-balanced=1187.3). MAP-Elites(8x8, morphologies=3): occupied=47, pending=192, in flight=38
Speed: 19.699980 creatures/sec. Server status: 19:06:29: 6942x RT, 115.7 creatures/sec. Fitness: best=3067.6, avg=1601.1, new=(qd-mutate=1085.8, qd-large-mutate=1159.7, curl-right=1092.9, curl-left=827.2, template-m1-balanced=1187.3). MAP-Elites(8x8, morphologies=3): occupied=47, pending=192, in flight=38
Speed: 19.899960 creatures/sec. Server status: 19:06:29: 6942x RT, 115.7 creatures/sec. Fitness: best=3067.6, avg=1601.1, new=(qd-mutate=1085.8, qd-large-mutate=1159.7, curl-right=1092.9, curl-left=827.2, template-m1-balanced=1187.3). MAP-Elites(8x8, morphologies=3): occupied=47, pending=192, in flight=38
Speed: 19.799984 creatures/sec. Server status: 19:06:29: 6942x RT, 115.7 creatures/sec. Fitness: best=3067.6, avg=1601.1, new=(qd-mutate=1085.8, qd-large-mutate=1159.7, curl-right=1092.9, curl-left=827.2, template-m1-balanced=1187.3). MAP-Elites(8x8, morphologies=3): occupied=47, pending=192, in flight=38
Speed: 19.699992 creatures/sec. Server status: 19:06:29: 6942x RT, 115.7 creatures/sec. Fitness: best=3067.6, avg=1601.1, new=(qd-mutate=1085.8, qd-large-mutate=1159.7, curl-right=1092.9, curl-left=827.2, template-m1-balanced=1187.3). MAP-Elites(8x8, morphologies=3): occupied=47, pending=192, in flight=38
Speed: 20.199988 creatures/sec. Server status: 19:06:39: 7208x RT, 120.1 creatures/sec. Fitness: best=3067.6, avg=1601.1, new=(qd-large-mutate=1048.9, qd-mutate=1023.1, template-m1-balanced=788.0, curl-right=834.0, curl-left=697.5). MAP-Elites(8x8, morphologies=3): occupied=47, pending=192, in flight=38
Speed: 20.299980 creatures/sec. Server status: 19:06:39: 7208x RT, 120.1 creatures/sec. Fitness: best=3067.6, avg=1601.1, new=(qd-large-mutate=1048.9, qd-mutate=1023.1, template-m1-balanced=788.0, curl-right=834.0, curl-left=697.5). MAP-Elites(8x8, morphologies=3): occupied=47, pending=192, in flight=38
Speed: 20.099984 creatures/sec. Server status: 19:06:39: 7208x RT, 120.1 creatures/sec. Fitness: best=3067.6, avg=1601.1, new=(qd-large-mutate=1048.9, qd-mutate=1023.1, template-m1-balanced=788.0, curl-right=834.0, curl-left=697.5). MAP-Elites(8x8, morphologies=3): occupied=47, pending=192, in flight=38
Speed: 20.199984 creatures/sec. Server status: 19:06:39: 7208x RT, 120.1 creatures/sec. Fitness: best=3067.6, avg=1601.1, new=(qd-large-mutate=1048.9, qd-mutate=1023.1, template-m1-balanced=788.0, curl-right=834.0, curl-left=697.5). MAP-Elites(8x8, morphologies=3): occupied=47, pending=192, in flight=38
Speed: 20.199982 creatures/sec. Server status: 19:06:39: 7208x RT, 120.1 creatures/sec. Fitness: best=3067.6, avg=1601.1, new=(qd-large-mutate=1048.9, qd-mutate=1023.1, template-m1-balanced=788.0, curl-right=834.0, curl-left=697.5). MAP-Elites(8x8, morphologies=3): occupied=47, pending=192, in flight=38
Speed: 19.899988 creatures/sec. Server status: 19:06:39: 7208x RT, 120.1 creatures/sec. Fitness: best=3067.6, avg=1601.1, new=(qd-large-mutate=1048.9, qd-mutate=1023.1, template-m1-balanced=788.0, curl-right=834.0, curl-left=697.5). MAP-Elites(8x8, morphologies=3): occupied=47, pending=192, in flight=38
Speed: 20.099986 creatures/sec. Server status: 19:06:49: 7257x RT, 120.9 creatures/sec. Fitness: best=3067.6, avg=1601.1, new=(qd-mutate=1098.2, qd-large-mutate=1063.7, curl-left=789.5, curl-right=931.6, template-m1-balanced=976.6). MAP-Elites(8x8, morphologies=3): occupied=47, pending=192, in flight=38
Speed: 20.399980 creatures/sec. Server status: 19:06:49: 7257x RT, 120.9 creatures/sec. Fitness: best=3067.6, avg=1601.1, new=(qd-mutate=1098.2, qd-large-mutate=1063.7, curl-left=789.5, curl-right=931.6, template-m1-balanced=976.6). MAP-Elites(8x8, morphologies=3): occupied=47, pending=192, in flight=38
Speed: 20.399988 creatures/sec. Server status: 19:06:49: 7257x RT, 120.9 creatures/sec. Fitness: best=3067.6, avg=1601.1, new=(qd-mutate=1098.2, qd-large-mutate=1063.7, curl-left=789.5, curl-right=931.6, template-m1-balanced=976.6). MAP-Elites(8x8, morphologies=3): occupied=47, pending=192, in flight=38
Speed: 20.199996 creatures/sec. Server status: 19:06:49: 7257x RT, 120.9 creatures/sec. Fitness: best=3067.6, avg=1601.1, new=(qd-mutate=1098.2, qd-large-mutate=1063.7, curl-left=789.5, curl-right=931.6, template-m1-balanced=976.6). MAP-Elites(8x8, morphologies=3): occupied=47, pending=192, in flight=38
Speed: 20.099998 creatures/sec. Server status: 19:06:49: 7257x RT, 120.9 creatures/sec. Fitness: best=3067.6, avg=1601.1, new=(qd-mutate=1098.2, qd-large-mutate=1063.7, curl-left=789.5, curl-right=931.6, template-m1-balanced=976.6). MAP-Elites(8x8, morphologies=3): occupied=47, pending=192, in flight=38
Speed: 19.999986 creatures/sec. Server status: 19:06:49: 7257x RT, 120.9 creatures/sec. Fitness: best=3067.6, avg=1601.1, new=(qd-mutate=1098.2, qd-large-mutate=1063.7, curl-left=789.5, curl-right=931.6, template-m1-balanced=976.6). MAP-Elites(8x8, morphologies=3): occupied=47, pending=192, in flight=38
Speed: 19.999976 creatures/sec. Server status: 19:06:59: 7275x RT, 121.2 creatures/sec. Fitness: best=3067.6, avg=1601.1, new=(qd-mutate=1088.5, curl-left=931.9, qd-large-mutate=1232.2, curl-right=960.7, template-m1-balanced=923.4). MAP-Elites(8x8, morphologies=3): occupied=47, pending=192, in flight=38
Speed: 19.999838 creatures/sec. Server status: 19:06:59: 7275x RT, 121.2 creatures/sec. Fitness: best=3067.6, avg=1601.1, new=(qd-mutate=1088.5, curl-left=931.9, qd-large-mutate=1232.2, curl-right=960.7, template-m1-balanced=923.4). MAP-Elites(8x8, morphologies=3): occupied=47, pending=192, in flight=38
Speed: 20.199990 creatures/sec. Server status: 19:06:59: 7275x RT, 121.2 creatures/sec. Fitness: best=3067.6, avg=1601.1, new=(qd-mutate=1088.5, curl-left=931.9, qd-large-mutate=1232.2, curl-right=960.7, template-m1-balanced=923.4). MAP-Elites(8x8, morphologies=3): occupied=47, pending=192, in flight=38
Speed: 19.899992 creatures/sec. Server status: 19:06:59: 7275x RT, 121.2 creatures/sec. Fitness: best=3067.6, avg=1601.1, new=(qd-mutate=1088.5, curl-left=931.9, qd-large-mutate=1232.2, curl-right=960.7, template-m1-balanced=923.4). MAP-Elites(8x8, morphologies=3): occupied=47, pending=192, in flight=38
Speed: 19.599984 creatures/sec. Server status: 19:06:59: 7275x RT, 121.2 creatures/sec. Fitness: best=3067.6, avg=1601.1, new=(qd-mutate=1088.5, curl-left=931.9, qd-large-mutate=1232.2, curl-right=960.7, template-m1-balanced=923.4). MAP-Elites(8x8, morphologies=3): occupied=47, pending=192, in flight=38
Speed: 19.799992 creatures/sec. Server status: 19:06:59: 7275x RT, 121.2 creatures/sec. Fitness: best=3067.6, avg=1601.1, new=(qd-mutate=1088.5, curl-left=931.9, qd-large-mutate=1232.2, curl-right=960.7, template-m1-balanced=923.4). MAP-Elites(8x8, morphologies=3): occupied=47, pending=192, in flight=38
Speed: 20.200000 creatures/sec. Server status: 19:07:10: 7280x RT, 121.3 creatures/sec. Fitness: best=3067.6, avg=1601.1, new=(qd-large-mutate=1163.2, qd-mutate=1177.2, curl-right=959.5, template-m1-balanced=1183.1, curl-left=1025.6). MAP-Elites(8x8, morphologies=3): occupied=47, pending=192, in flight=38
Speed: 20.000000 creatures/sec. Server status: 19:07:10: 7280x RT, 121.3 creatures/sec. Fitness: best=3067.6, avg=1601.1, new=(qd-large-mutate=1163.2, qd-mutate=1177.2, curl-right=959.5, template-m1-balanced=1183.1, curl-left=1025.6). MAP-Elites(8x8, morphologies=3): occupied=47, pending=192, in flight=38
Speed: 19.999992 creatures/sec. Server status: 19:07:10: 7280x RT, 121.3 creatures/sec. Fitness: best=3067.6, avg=1601.1, new=(qd-large-mutate=1163.2, qd-mutate=1177.2, curl-right=959.5, template-m1-balanced=1183.1, curl-left=1025.6). MAP-Elites(8x8, morphologies=3): occupied=47, pending=192, in flight=38
Speed: 20.399996 creatures/sec. Server status: 19:07:10: 7280x RT, 121.3 creatures/sec. Fitness: best=3067.6, avg=1601.1, new=(qd-large-mutate=1163.2, qd-mutate=1177.2, curl-right=959.5, template-m1-balanced=1183.1, curl-left=1025.6). MAP-Elites(8x8, morphologies=3): occupied=47, pending=192, in flight=38
Speed: 20.299986 creatures/sec. Server status: 19:07:10: 7280x RT, 121.3 creatures/sec. Fitness: best=3067.6, avg=1601.1, new=(qd-large-mutate=1163.2, qd-mutate=1177.2, curl-right=959.5, template-m1-balanced=1183.1, curl-left=1025.6). MAP-Elites(8x8, morphologies=3): occupied=47, pending=192, in flight=38
Speed: 20.199994 creatures/sec. Server status: 19:07:10: 7280x RT, 121.3 creatures/sec. Fitness: best=3067.6, avg=1601.1, new=(qd-large-mutate=1163.2, qd-mutate=1177.2, curl-right=959.5, template-m1-balanced=1183.1, curl-left=1025.6). MAP-Elites(8x8, morphologies=3): occupied=47, pending=192, in flight=38
Speed: 19.999988 creatures/sec. Server status: 19:07:20: 7261x RT, 121.0 creatures/sec. Fitness: best=3067.6, avg=1604.2, new=(qd-mutate=1054.5, qd-large-mutate=1165.3, curl-left=661.4, template-m1-balanced=870.9, curl-right=1166.2). MAP-Elites(8x8, morphologies=3): occupied=47, pending=192, in flight=38
Speed: 20.299984 creatures/sec. Server status: 19:07:20: 7261x RT, 121.0 creatures/sec. Fitness: best=3067.6, avg=1604.2, new=(qd-mutate=1054.5, qd-large-mutate=1165.3, curl-left=661.4, template-m1-balanced=870.9, curl-right=1166.2). MAP-Elites(8x8, morphologies=3): occupied=47, pending=192, in flight=38
Speed: 20.399988 creatures/sec. Server status: 19:07:20: 7261x RT, 121.0 creatures/sec. Fitness: best=3067.6, avg=1604.2, new=(qd-mutate=1054.5, qd-large-mutate=1165.3, curl-left=661.4, template-m1-balanced=870.9, curl-right=1166.2). MAP-Elites(8x8, morphologies=3): occupied=47, pending=192, in flight=38
Speed: 20.099992 creatures/sec. Server status: 19:07:20: 7261x RT, 121.0 creatures/sec. Fitness: best=3067.6, avg=1604.2, new=(qd-mutate=1054.5, qd-large-mutate=1165.3, curl-left=661.4, template-m1-balanced=870.9, curl-right=1166.2). MAP-Elites(8x8, morphologies=3): occupied=47, pending=192, in flight=38
Speed: 20.099988 creatures/sec. Server status: 19:07:20: 7261x RT, 121.0 creatures/sec. Fitness: best=3067.6, avg=1604.2, new=(qd-mutate=1054.5, qd-large-mutate=1165.3, curl-left=661.4, template-m1-balanced=870.9, curl-right=1166.2). MAP-Elites(8x8, morphologies=3): occupied=47, pending=192, in flight=38
Speed: 20.299988 creatures/sec. Server status: 19:07:20: 7261x RT, 121.0 creatures/sec. Fitness: best=3067.6, avg=1604.2, new=(qd-mutate=1054.5, qd-large-mutate=1165.3, curl-left=661.4, template-m1-balanced=870.9, curl-right=1166.2). MAP-Elites(8x8, morphologies=3): occupied=47, pending=192, in flight=38
Speed: 19.799992 creatures/sec. Server status: 19:07:30: 6957x RT, 116.0 creatures/sec. Fitness: best=3067.6, avg=1604.2, new=(qd-mutate=1099.8, qd-large-mutate=1264.4, curl-left=950.3, template-m1-balanced=967.5, curl-right=822.5). MAP-Elites(8x8, morphologies=3): occupied=47, pending=192, in flight=38
Speed: 19.999988 creatures/sec. Server status: 19:07:30: 6957x RT, 116.0 creatures/sec. Fitness: best=3067.6, avg=1604.2, new=(qd-mutate=1099.8, qd-large-mutate=1264.4, curl-left=950.3, template-m1-balanced=967.5, curl-right=822.5). MAP-Elites(8x8, morphologies=3): occupied=47, pending=192, in flight=38
Speed: 19.899982 creatures/sec. Server status: 19:07:30: 6957x RT, 116.0 creatures/sec. Fitness: best=3067.6, avg=1604.2, new=(qd-mutate=1099.8, qd-large-mutate=1264.4, curl-left=950.3, template-m1-balanced=967.5, curl-right=822.5). MAP-Elites(8x8, morphologies=3): occupied=47, pending=192, in flight=38
Speed: 19.899966 creatures/sec. Server status: 19:07:30: 6957x RT, 116.0 creatures/sec. Fitness: best=3067.6, avg=1604.2, new=(qd-mutate=1099.8, qd-large-mutate=1264.4, curl-left=950.3, template-m1-balanced=967.5, curl-right=822.5). MAP-Elites(8x8, morphologies=3): occupied=47, pending=192, in flight=38
Speed: 19.699980 creatures/sec. Server status: 19:07:30: 6957x RT, 116.0 creatures/sec. Fitness: best=3067.6, avg=1604.2, new=(qd-mutate=1099.8, qd-large-mutate=1264.4, curl-left=950.3, template-m1-balanced=967.5, curl-right=822.5). MAP-Elites(8x8, morphologies=3): occupied=47, pending=192, in flight=38
Speed: 19.799986 creatures/sec. Server status: 19:07:30: 6957x RT, 116.0 creatures/sec. Fitness: best=3067.6, avg=1604.2, new=(qd-mutate=1099.8, qd-large-mutate=1264.4, curl-left=950.3, template-m1-balanced=967.5, curl-right=822.5). MAP-Elites(8x8, morphologies=3): occupied=47, pending=192, in flight=38
Speed: 19.899980 creatures/sec. Server status: 19:07:39: 7072x RT, 117.9 creatures/sec. Fitness: best=3067.6, avg=1604.2, new=(qd-mutate=1076.0, template-m1-balanced=953.2, qd-large-mutate=1033.1, curl-right=973.3, curl-left=673.7). MAP-Elites(8x8, morphologies=3): occupied=47, pending=192, in flight=38
Speed: 19.899992 creatures/sec. Server status: 19:07:39: 7072x RT, 117.9 creatures/sec. Fitness: best=3067.6, avg=1604.2, new=(qd-mutate=1076.0, template-m1-balanced=953.2, qd-large-mutate=1033.1, curl-right=973.3, curl-left=673.7). MAP-Elites(8x8, morphologies=3): occupied=47, pending=192, in flight=38
Speed: 20.299970 creatures/sec. Server status: 19:07:39: 7072x RT, 117.9 creatures/sec. Fitness: best=3067.6, avg=1604.2, new=(qd-mutate=1076.0, template-m1-balanced=953.2, qd-large-mutate=1033.1, curl-right=973.3, curl-left=673.7). MAP-Elites(8x8, morphologies=3): occupied=47, pending=192, in flight=38
Speed: 20.199992 creatures/sec. Server status: 19:07:39: 7072x RT, 117.9 creatures/sec. Fitness: best=3067.6, avg=1604.2, new=(qd-mutate=1076.0, template-m1-balanced=953.2, qd-large-mutate=1033.1, curl-right=973.3, curl-left=673.7). MAP-Elites(8x8, morphologies=3): occupied=47, pending=192, in flight=38
Speed: 19.899990 creatures/sec. Server status: 19:07:39: 7072x RT, 117.9 creatures/sec. Fitness: best=3067.6, avg=1604.2, new=(qd-mutate=1076.0, template-m1-balanced=953.2, qd-large-mutate=1033.1, curl-right=973.3, curl-left=673.7). MAP-Elites(8x8, morphologies=3): occupied=47, pending=192, in flight=38
Speed: 19.899946 creatures/sec. Server status: 19:07:39: 7072x RT, 117.9 creatures/sec. Fitness: best=3067.6, avg=1604.2, new=(qd-mutate=1076.0, template-m1-balanced=953.2, qd-large-mutate=1033.1, curl-right=973.3, curl-left=673.7). MAP-Elites(8x8, morphologies=3): occupied=47, pending=192, in flight=38
Speed: 19.899984 creatures/sec. Server status: 19:07:49: 7295x RT, 121.6 creatures/sec. Fitness: best=3067.6, avg=1604.2, new=(qd-mutate=1093.6, template-m1-balanced=986.0, qd-large-mutate=1144.6, curl-right=694.7, curl-left=699.6). MAP-Elites(8x8, morphologies=3): occupied=47, pending=192, in flight=38
Speed: 20.299978 creatures/sec. Server status: 19:07:49: 7295x RT, 121.6 creatures/sec. Fitness: best=3067.6, avg=1604.2, new=(qd-mutate=1093.6, template-m1-balanced=986.0, qd-large-mutate=1144.6, curl-right=694.7, curl-left=699.6). MAP-Elites(8x8, morphologies=3): occupied=47, pending=192, in flight=38
Speed: 20.099996 creatures/sec. Server status: 19:07:49: 7295x RT, 121.6 creatures/sec. Fitness: best=3067.6, avg=1604.2, new=(qd-mutate=1093.6, template-m1-balanced=986.0, qd-large-mutate=1144.6, curl-right=694.7, curl-left=699.6). MAP-Elites(8x8, morphologies=3): occupied=47, pending=192, in flight=38
Speed: 20.099984 creatures/sec. Server status: 19:07:49: 7295x RT, 121.6 creatures/sec. Fitness: best=3067.6, avg=1604.2, new=(qd-mutate=1093.6, template-m1-balanced=986.0, qd-large-mutate=1144.6, curl-right=694.7, curl-left=699.6). MAP-Elites(8x8, morphologies=3): occupied=47, pending=192, in flight=38
Speed: 19.999986 creatures/sec. Server status: 19:07:49: 7295x RT, 121.6 creatures/sec. Fitness: best=3067.6, avg=1604.2, new=(qd-mutate=1093.6, template-m1-balanced=986.0, qd-large-mutate=1144.6, curl-right=694.7, curl-left=699.6). MAP-Elites(8x8, morphologies=3): occupied=47, pending=192, in flight=38
Speed: 20.099976 creatures/sec. Server status: 19:07:49: 7295x RT, 121.6 creatures/sec. Fitness: best=3067.6, avg=1604.2, new=(qd-mutate=1093.6, template-m1-balanced=986.0, qd-large-mutate=1144.6, curl-right=694.7, curl-left=699.6). MAP-Elites(8x8, morphologies=3): occupied=47, pending=192, in flight=38
Speed: 18.800000 creatures/sec. Server status: 19:07:59: 6934x RT, 115.6 creatures/sec. Fitness: best=3067.6, avg=1604.2, new=(qd-large-mutate=1071.1, qd-mutate=1107.1, template-m1-balanced=731.9, curl-right=850.2, curl-left=745.9). MAP-Elites(8x8, morphologies=3): occupied=47, pending=192, in flight=38
Speed: 19.299990 creatures/sec. Server status: 19:07:59: 6934x RT, 115.6 creatures/sec. Fitness: best=3067.6, avg=1604.2, new=(qd-large-mutate=1071.1, qd-mutate=1107.1, template-m1-balanced=731.9, curl-right=850.2, curl-left=745.9). MAP-Elites(8x8, morphologies=3): occupied=47, pending=192, in flight=38
Speed: 18.899998 creatures/sec. Server status: 19:07:59: 6934x RT, 115.6 creatures/sec. Fitness: best=3067.6, avg=1604.2, new=(qd-large-mutate=1071.1, qd-mutate=1107.1, template-m1-balanced=731.9, curl-right=850.2, curl-left=745.9). MAP-Elites(8x8, morphologies=3): occupied=47, pending=192, in flight=38
Speed: 18.999995 creatures/sec. Server status: 19:07:59: 6934x RT, 115.6 creatures/sec. Fitness: best=3067.6, avg=1604.2, new=(qd-large-mutate=1071.1, qd-mutate=1107.1, template-m1-balanced=731.9, curl-right=850.2, curl-left=745.9). MAP-Elites(8x8, morphologies=3): occupied=47, pending=192, in flight=38
Speed: 18.999993 creatures/sec. Server status: 19:07:59: 6934x RT, 115.6 creatures/sec. Fitness: best=3067.6, avg=1604.2, new=(qd-large-mutate=1071.1, qd-mutate=1107.1, template-m1-balanced=731.9, curl-right=850.2, curl-left=745.9). MAP-Elites(8x8, morphologies=3): occupied=47, pending=192, in flight=38
Speed: 19.299990 creatures/sec. Server status: 19:07:59: 6934x RT, 115.6 creatures/sec. Fitness: best=3067.6, avg=1604.2, new=(qd-large-mutate=1071.1, qd-mutate=1107.1, template-m1-balanced=731.9, curl-right=850.2, curl-left=745.9). MAP-Elites(8x8, morphologies=3): occupied=47, pending=192, in flight=38
Speed: 19.700000 creatures/sec. Server status: 19:08:10: 7214x RT, 120.2 creatures/sec. Fitness: best=3067.6, avg=1605.6, new=(template-m1-balanced=907.8, qd-large-mutate=1148.3, qd-mutate=1140.7, curl-left=784.5, curl-right=957.2). MAP-Elites(8x8, morphologies=3): occupied=47, pending=192, in flight=38
Speed: 19.899982 creatures/sec. Server status: 19:08:10: 7214x RT, 120.2 creatures/sec. Fitness: best=3067.6, avg=1605.6, new=(template-m1-balanced=907.8, qd-large-mutate=1148.3, qd-mutate=1140.7, curl-left=784.5, curl-right=957.2). MAP-Elites(8x8, morphologies=3): occupied=47, pending=192, in flight=38
Speed: 19.599992 creatures/sec. Server status: 19:08:10: 7214x RT, 120.2 creatures/sec. Fitness: best=3067.6, avg=1605.6, new=(template-m1-balanced=907.8, qd-large-mutate=1148.3, qd-mutate=1140.7, curl-left=784.5, curl-right=957.2). MAP-Elites(8x8, morphologies=3): occupied=47, pending=192, in flight=38
Speed: 19.999982 creatures/sec. Server status: 19:08:10: 7214x RT, 120.2 creatures/sec. Fitness: best=3067.6, avg=1605.6, new=(template-m1-balanced=907.8, qd-large-mutate=1148.3, qd-mutate=1140.7, curl-left=784.5, curl-right=957.2). MAP-Elites(8x8, morphologies=3): occupied=47, pending=192, in flight=38
Speed: 19.799996 creatures/sec. Server status: 19:08:10: 7214x RT, 120.2 creatures/sec. Fitness: best=3067.6, avg=1605.6, new=(template-m1-balanced=907.8, qd-large-mutate=1148.3, qd-mutate=1140.7, curl-left=784.5, curl-right=957.2). MAP-Elites(8x8, morphologies=3): occupied=47, pending=192, in flight=38
Speed: 19.999982 creatures/sec. Server status: 19:08:10: 7214x RT, 120.2 creatures/sec. Fitness: best=3067.6, avg=1605.6, new=(template-m1-balanced=907.8, qd-large-mutate=1148.3, qd-mutate=1140.7, curl-left=784.5, curl-right=957.2). MAP-Elites(8x8, morphologies=3): occupied=47, pending=192, in flight=38
Speed: 20.199992 creatures/sec. Server status: 19:08:20: 7206x RT, 120.1 creatures/sec. Fitness: best=3067.6, avg=1605.6, new=(qd-mutate=1024.3, qd-large-mutate=1084.3, curl-right=943.1, template-m1-balanced=870.7, curl-left=803.8). MAP-Elites(8x8, morphologies=3): occupied=47, pending=192, in flight=38
Speed: 20.199996 creatures/sec. Server status: 19:08:20: 7206x RT, 120.1 creatures/sec. Fitness: best=3067.6, avg=1605.6, new=(qd-mutate=1024.3, qd-large-mutate=1084.3, curl-right=943.1, template-m1-balanced=870.7, curl-left=803.8). MAP-Elites(8x8, morphologies=3): occupied=47, pending=192, in flight=38
Speed: 19.799986 creatures/sec. Server status: 19:08:20: 7206x RT, 120.1 creatures/sec. Fitness: best=3067.6, avg=1605.6, new=(qd-mutate=1024.3, qd-large-mutate=1084.3, curl-right=943.1, template-m1-balanced=870.7, curl-left=803.8). MAP-Elites(8x8, morphologies=3): occupied=47, pending=192, in flight=38
Speed: 19.899996 creatures/sec. Server status: 19:08:20: 7206x RT, 120.1 creatures/sec. Fitness: best=3067.6, avg=1605.6, new=(qd-mutate=1024.3, qd-large-mutate=1084.3, curl-right=943.1, template-m1-balanced=870.7, curl-left=803.8). MAP-Elites(8x8, morphologies=3): occupied=47, pending=192, in flight=38
Speed: 20.099992 creatures/sec. Server status: 19:08:20: 7206x RT, 120.1 creatures/sec. Fitness: best=3067.6, avg=1605.6, new=(qd-mutate=1024.3, qd-large-mutate=1084.3, curl-right=943.1, template-m1-balanced=870.7, curl-left=803.8). MAP-Elites(8x8, morphologies=3): occupied=47, pending=192, in flight=38
Speed: 19.999986 creatures/sec. Server status: 19:08:20: 7206x RT, 120.1 creatures/sec. Fitness: best=3067.6, avg=1605.6, new=(qd-mutate=1024.3, qd-large-mutate=1084.3, curl-right=943.1, template-m1-balanced=870.7, curl-left=803.8). MAP-Elites(8x8, morphologies=3): occupied=47, pending=192, in flight=38
Speed: 19.899992 creatures/sec. Server status: 19:08:30: 7237x RT, 120.6 creatures/sec. Fitness: best=3067.6, avg=1614.0, new=(qd-large-mutate=1215.0, qd-mutate=1093.7, curl-right=1237.0, curl-left=1129.5, template-m1-balanced=985.7). MAP-Elites(8x8, morphologies=3): occupied=47, pending=192, in flight=38
Speed: 20.099978 creatures/sec. Server status: 19:08:30: 7237x RT, 120.6 creatures/sec. Fitness: best=3067.6, avg=1614.0, new=(qd-large-mutate=1215.0, qd-mutate=1093.7, curl-right=1237.0, curl-left=1129.5, template-m1-balanced=985.7). MAP-Elites(8x8, morphologies=3): occupied=47, pending=192, in flight=38
Speed: 20.199996 creatures/sec. Server status: 19:08:30: 7237x RT, 120.6 creatures/sec. Fitness: best=3067.6, avg=1614.0, new=(qd-large-mutate=1215.0, qd-mutate=1093.7, curl-right=1237.0, curl-left=1129.5, template-m1-balanced=985.7). MAP-Elites(8x8, morphologies=3): occupied=47, pending=192, in flight=38
Speed: 19.799984 creatures/sec. Server status: 19:08:30: 7237x RT, 120.6 creatures/sec. Fitness: best=3067.6, avg=1614.0, new=(qd-large-mutate=1215.0, qd-mutate=1093.7, curl-right=1237.0, curl-left=1129.5, template-m1-balanced=985.7). MAP-Elites(8x8, morphologies=3): occupied=47, pending=192, in flight=38
Speed: 20.099980 creatures/sec. Server status: 19:08:30: 7237x RT, 120.6 creatures/sec. Fitness: best=3067.6, avg=1614.0, new=(qd-large-mutate=1215.0, qd-mutate=1093.7, curl-right=1237.0, curl-left=1129.5, template-m1-balanced=985.7). MAP-Elites(8x8, morphologies=3): occupied=47, pending=192, in flight=38
Speed: 19.899996 creatures/sec. Server status: 19:08:30: 7237x RT, 120.6 creatures/sec. Fitness: best=3067.6, avg=1614.0, new=(qd-large-mutate=1215.0, qd-mutate=1093.7, curl-right=1237.0, curl-left=1129.5, template-m1-balanced=985.7). MAP-Elites(8x8, morphologies=3): occupied=47, pending=192, in flight=38
Speed: 19.999960 creatures/sec. Server status: 19:08:41: 7229x RT, 120.5 creatures/sec. Fitness: best=3067.6, avg=1614.0, new=(qd-large-mutate=1120.2, qd-mutate=1116.6, curl-right=961.9, template-m1-balanced=968.8, curl-left=767.7). MAP-Elites(8x8, morphologies=3): occupied=47, pending=192, in flight=38
Speed: 20.199987 creatures/sec. Server status: 19:08:41: 7229x RT, 120.5 creatures/sec. Fitness: best=3067.6, avg=1614.0, new=(qd-large-mutate=1120.2, qd-mutate=1116.6, curl-right=961.9, template-m1-balanced=968.8, curl-left=767.7). MAP-Elites(8x8, morphologies=3): occupied=47, pending=192, in flight=38
Speed: 20.299976 creatures/sec. Server status: 19:08:41: 7229x RT, 120.5 creatures/sec. Fitness: best=3067.6, avg=1614.0, new=(qd-large-mutate=1120.2, qd-mutate=1116.6, curl-right=961.9, template-m1-balanced=968.8, curl-left=767.7). MAP-Elites(8x8, morphologies=3): occupied=47, pending=192, in flight=38
Speed: 20.099990 creatures/sec. Server status: 19:08:41: 7229x RT, 120.5 creatures/sec. Fitness: best=3067.6, avg=1614.0, new=(qd-large-mutate=1120.2, qd-mutate=1116.6, curl-right=961.9, template-m1-balanced=968.8, curl-left=767.7). MAP-Elites(8x8, morphologies=3): occupied=47, pending=192, in flight=38
Speed: 19.999982 creatures/sec. Server status: 19:08:41: 7229x RT, 120.5 creatures/sec. Fitness: best=3067.6, avg=1614.0, new=(qd-large-mutate=1120.2, qd-mutate=1116.6, curl-right=961.9, template-m1-balanced=968.8, curl-left=767.7). MAP-Elites(8x8, morphologies=3): occupied=47, pending=192, in flight=38
Speed: 20.199994 creatures/sec. Server status: 19:08:41: 7229x RT, 120.5 creatures/sec. Fitness: best=3067.6, avg=1614.0, new=(qd-large-mutate=1120.2, qd-mutate=1116.6, curl-right=961.9, template-m1-balanced=968.8, curl-left=767.7). MAP-Elites(8x8, morphologies=3): occupied=47, pending=192, in flight=38
Speed: 19.999982 creatures/sec. Server status: 19:08:49: 7140x RT, 119.0 creatures/sec. Fitness: best=3067.6, avg=1614.0, new=(qd-large-mutate=1277.4, curl-left=764.8, qd-mutate=1091.2, template-m1-balanced=970.6, curl-right=671.9). MAP-Elites(8x8, morphologies=3): occupied=47, pending=192, in flight=38
Speed: 20.199588 creatures/sec. Server status: 19:08:49: 7140x RT, 119.0 creatures/sec. Fitness: best=3067.6, avg=1614.0, new=(qd-large-mutate=1277.4, curl-left=764.8, qd-mutate=1091.2, template-m1-balanced=970.6, curl-right=671.9). MAP-Elites(8x8, morphologies=3): occupied=47, pending=192, in flight=38
Speed: 20.099901 creatures/sec. Server status: 19:08:49: 7140x RT, 119.0 creatures/sec. Fitness: best=3067.6, avg=1614.0, new=(qd-large-mutate=1277.4, curl-left=764.8, qd-mutate=1091.2, template-m1-balanced=970.6, curl-right=671.9). MAP-Elites(8x8, morphologies=3): occupied=47, pending=192, in flight=38
Speed: 20.099984 creatures/sec. Server status: 19:08:49: 7140x RT, 119.0 creatures/sec. Fitness: best=3067.6, avg=1614.0, new=(qd-large-mutate=1277.4, curl-left=764.8, qd-mutate=1091.2, template-m1-balanced=970.6, curl-right=671.9). MAP-Elites(8x8, morphologies=3): occupied=47, pending=192, in flight=38
Speed: 19.899984 creatures/sec. Server status: 19:08:49: 7140x RT, 119.0 creatures/sec. Fitness: best=3067.6, avg=1614.0, new=(qd-large-mutate=1277.4, curl-left=764.8, qd-mutate=1091.2, template-m1-balanced=970.6, curl-right=671.9). MAP-Elites(8x8, morphologies=3): occupied=47, pending=192, in flight=38
Speed: 19.999982 creatures/sec. Server status: 19:08:49: 7140x RT, 119.0 creatures/sec. Fitness: best=3067.6, avg=1614.0, new=(qd-large-mutate=1277.4, curl-left=764.8, qd-mutate=1091.2, template-m1-balanced=970.6, curl-right=671.9). MAP-Elites(8x8, morphologies=3): occupied=47, pending=192, in flight=38
Speed: 19.599986 creatures/sec. Server status: 19:08:59: 7258x RT, 121.0 creatures/sec. Fitness: best=3067.6, avg=1614.0, new=(template-m1-balanced=1155.6, qd-mutate=1094.2, qd-large-mutate=1162.9, curl-left=765.8, curl-right=837.6). MAP-Elites(8x8, morphologies=3): occupied=47, pending=192, in flight=38
Speed: 19.699992 creatures/sec. Server status: 19:08:59: 7258x RT, 121.0 creatures/sec. Fitness: best=3067.6, avg=1614.0, new=(template-m1-balanced=1155.6, qd-mutate=1094.2, qd-large-mutate=1162.9, curl-left=765.8, curl-right=837.6). MAP-Elites(8x8, morphologies=3): occupied=47, pending=192, in flight=38
Speed: 19.799986 creatures/sec. Server status: 19:08:59: 7258x RT, 121.0 creatures/sec. Fitness: best=3067.6, avg=1614.0, new=(template-m1-balanced=1155.6, qd-mutate=1094.2, qd-large-mutate=1162.9, curl-left=765.8, curl-right=837.6). MAP-Elites(8x8, morphologies=3): occupied=47, pending=192, in flight=38
Speed: 19.699984 creatures/sec. Server status: 19:08:59: 7258x RT, 121.0 creatures/sec. Fitness: best=3067.6, avg=1614.0, new=(template-m1-balanced=1155.6, qd-mutate=1094.2, qd-large-mutate=1162.9, curl-left=765.8, curl-right=837.6). MAP-Elites(8x8, morphologies=3): occupied=47, pending=192, in flight=38
Speed: 19.699980 creatures/sec. Server status: 19:08:59: 7258x RT, 121.0 creatures/sec. Fitness: best=3067.6, avg=1614.0, new=(template-m1-balanced=1155.6, qd-mutate=1094.2, qd-large-mutate=1162.9, curl-left=765.8, curl-right=837.6). MAP-Elites(8x8, morphologies=3): occupied=47, pending=192, in flight=38
Speed: 19.799992 creatures/sec. Server status: 19:08:59: 7258x RT, 121.0 creatures/sec. Fitness: best=3067.6, avg=1614.0, new=(template-m1-balanced=1155.6, qd-mutate=1094.2, qd-large-mutate=1162.9, curl-left=765.8, curl-right=837.6). MAP-Elites(8x8, morphologies=3): occupied=47, pending=192, in flight=38
Speed: 19.599998 creatures/sec. Server status: 19:09:09: 7216x RT, 120.3 creatures/sec. Fitness: best=3067.6, avg=1614.0, new=(qd-mutate=1075.4, qd-large-mutate=1292.7, curl-right=943.2, template-m1-balanced=741.0, curl-left=633.5). MAP-Elites(8x8, morphologies=3): occupied=47, pending=192, in flight=38
Speed: 19.799988 creatures/sec. Server status: 19:09:09: 7216x RT, 120.3 creatures/sec. Fitness: best=3067.6, avg=1614.0, new=(qd-mutate=1075.4, qd-large-mutate=1292.7, curl-right=943.2, template-m1-balanced=741.0, curl-left=633.5). MAP-Elites(8x8, morphologies=3): occupied=47, pending=192, in flight=38
Speed: 19.799994 creatures/sec. Server status: 19:09:09: 7216x RT, 120.3 creatures/sec. Fitness: best=3067.6, avg=1614.0, new=(qd-mutate=1075.4, qd-large-mutate=1292.7, curl-right=943.2, template-m1-balanced=741.0, curl-left=633.5). MAP-Elites(8x8, morphologies=3): occupied=47, pending=192, in flight=38
Speed: 19.799994 creatures/sec. Server status: 19:09:09: 7216x RT, 120.3 creatures/sec. Fitness: best=3067.6, avg=1614.0, new=(qd-mutate=1075.4, qd-large-mutate=1292.7, curl-right=943.2, template-m1-balanced=741.0, curl-left=633.5). MAP-Elites(8x8, morphologies=3): occupied=47, pending=192, in flight=38
Speed: 19.799988 creatures/sec. Server status: 19:09:09: 7216x RT, 120.3 creatures/sec. Fitness: best=3067.6, avg=1614.0, new=(qd-mutate=1075.4, qd-large-mutate=1292.7, curl-right=943.2, template-m1-balanced=741.0, curl-left=633.5). MAP-Elites(8x8, morphologies=3): occupied=47, pending=192, in flight=38
Speed: 19.599980 creatures/sec. Server status: 19:09:09: 7216x RT, 120.3 creatures/sec. Fitness: best=3067.6, avg=1614.0, new=(qd-mutate=1075.4, qd-large-mutate=1292.7, curl-right=943.2, template-m1-balanced=741.0, curl-left=633.5). MAP-Elites(8x8, morphologies=3): occupied=47, pending=192, in flight=38
Speed: 20.099986 creatures/sec. Server status: 19:09:20: 7224x RT, 120.4 creatures/sec. Fitness: best=3067.6, avg=1614.0, new=(qd-mutate=1099.2, template-m1-balanced=1092.3, qd-large-mutate=1188.4, curl-left=1068.1). MAP-Elites(8x8, morphologies=3): occupied=47, pending=192, in flight=38
Speed: 20.299985 creatures/sec. Server status: 19:09:20: 7224x RT, 120.4 creatures/sec. Fitness: best=3067.6, avg=1614.0, new=(qd-mutate=1099.2, template-m1-balanced=1092.3, qd-large-mutate=1188.4, curl-left=1068.1). MAP-Elites(8x8, morphologies=3): occupied=47, pending=192, in flight=38
Speed: 20.199982 creatures/sec. Server status: 19:09:20: 7224x RT, 120.4 creatures/sec. Fitness: best=3067.6, avg=1614.0, new=(qd-mutate=1099.2, template-m1-balanced=1092.3, qd-large-mutate=1188.4, curl-left=1068.1). MAP-Elites(8x8, morphologies=3): occupied=47, pending=192, in flight=38
Speed: 20.199984 creatures/sec. Server status: 19:09:20: 7224x RT, 120.4 creatures/sec. Fitness: best=3067.6, avg=1614.0, new=(qd-mutate=1099.2, template-m1-balanced=1092.3, qd-large-mutate=1188.4, curl-left=1068.1). MAP-Elites(8x8, morphologies=3): occupied=47, pending=192, in flight=38
Speed: 19.999986 creatures/sec. Server status: 19:09:20: 7224x RT, 120.4 creatures/sec. Fitness: best=3067.6, avg=1614.0, new=(qd-mutate=1099.2, template-m1-balanced=1092.3, qd-large-mutate=1188.4, curl-left=1068.1). MAP-Elites(8x8, morphologies=3): occupied=47, pending=192, in flight=38
Speed: 20.299998 creatures/sec. Server status: 19:09:20: 7224x RT, 120.4 creatures/sec. Fitness: best=3067.6, avg=1614.0, new=(qd-mutate=1099.2, template-m1-balanced=1092.3, qd-large-mutate=1188.4, curl-left=1068.1). MAP-Elites(8x8, morphologies=3): occupied=47, pending=192, in flight=38
Speed: 19.999998 creatures/sec. Server status: 19:09:30: 6984x RT, 116.4 creatures/sec. Fitness: best=3067.6, avg=1614.0, new=(qd-mutate=1067.1, curl-right=791.6, qd-large-mutate=1044.1, template-m1-balanced=848.6). MAP-Elites(8x8, morphologies=3): occupied=47, pending=192, in flight=38
Speed: 20.199980 creatures/sec. Server status: 19:09:30: 6984x RT, 116.4 creatures/sec. Fitness: best=3067.6, avg=1614.0, new=(qd-mutate=1067.1, curl-right=791.6, qd-large-mutate=1044.1, template-m1-balanced=848.6). MAP-Elites(8x8, morphologies=3): occupied=47, pending=192, in flight=38
Speed: 19.899982 creatures/sec. Server status: 19:09:30: 6984x RT, 116.4 creatures/sec. Fitness: best=3067.6, avg=1614.0, new=(qd-mutate=1067.1, curl-right=791.6, qd-large-mutate=1044.1, template-m1-balanced=848.6). MAP-Elites(8x8, morphologies=3): occupied=47, pending=192, in flight=38
Speed: 19.899994 creatures/sec. Server status: 19:09:30: 6984x RT, 116.4 creatures/sec. Fitness: best=3067.6, avg=1614.0, new=(qd-mutate=1067.1, curl-right=791.6, qd-large-mutate=1044.1, template-m1-balanced=848.6). MAP-Elites(8x8, morphologies=3): occupied=47, pending=192, in flight=38
Speed: 19.999952 creatures/sec. Server status: 19:09:30: 6984x RT, 116.4 creatures/sec. Fitness: best=3067.6, avg=1614.0, new=(qd-mutate=1067.1, curl-right=791.6, qd-large-mutate=1044.1, template-m1-balanced=848.6). MAP-Elites(8x8, morphologies=3): occupied=47, pending=192, in flight=38
Speed: 19.899978 creatures/sec. Server status: 19:09:30: 6984x RT, 116.4 creatures/sec. Fitness: best=3067.6, avg=1614.0, new=(qd-mutate=1067.1, curl-right=791.6, qd-large-mutate=1044.1, template-m1-balanced=848.6). MAP-Elites(8x8, morphologies=3): occupied=47, pending=192, in flight=38
Speed: 20.099986 creatures/sec. Server status: 19:09:41: 7233x RT, 120.5 creatures/sec. Fitness: best=3067.6, avg=1614.0, new=(qd-large-mutate=1147.3, curl-left=860.1, qd-mutate=1095.0, curl-right=695.0, template-m1-balanced=919.4). MAP-Elites(8x8, morphologies=3): occupied=47, pending=192, in flight=38
Speed: 20.099986 creatures/sec. Server status: 19:09:41: 7233x RT, 120.5 creatures/sec. Fitness: best=3067.6, avg=1614.0, new=(qd-large-mutate=1147.3, curl-left=860.1, qd-mutate=1095.0, curl-right=695.0, template-m1-balanced=919.4). MAP-Elites(8x8, morphologies=3): occupied=47, pending=192, in flight=38
Speed: 19.999992 creatures/sec. Server status: 19:09:41: 7233x RT, 120.5 creatures/sec. Fitness: best=3067.6, avg=1614.0, new=(qd-large-mutate=1147.3, curl-left=860.1, qd-mutate=1095.0, curl-right=695.0, template-m1-balanced=919.4). MAP-Elites(8x8, morphologies=3): occupied=47, pending=192, in flight=38
Speed: 19.900000 creatures/sec. Server status: 19:09:41: 7233x RT, 120.5 creatures/sec. Fitness: best=3067.6, avg=1614.0, new=(qd-large-mutate=1147.3, curl-left=860.1, qd-mutate=1095.0, curl-right=695.0, template-m1-balanced=919.4). MAP-Elites(8x8, morphologies=3): occupied=47, pending=192, in flight=38
Speed: 20.099990 creatures/sec. Server status: 19:09:41: 7233x RT, 120.5 creatures/sec. Fitness: best=3067.6, avg=1614.0, new=(qd-large-mutate=1147.3, curl-left=860.1, qd-mutate=1095.0, curl-right=695.0, template-m1-balanced=919.4). MAP-Elites(8x8, morphologies=3): occupied=47, pending=192, in flight=38
Speed: 20.099990 creatures/sec. Server status: 19:09:41: 7233x RT, 120.5 creatures/sec. Fitness: best=3067.6, avg=1614.0, new=(qd-large-mutate=1147.3, curl-left=860.1, qd-mutate=1095.0, curl-right=695.0, template-m1-balanced=919.4). MAP-Elites(8x8, morphologies=3): occupied=47, pending=192, in flight=38
Speed: 19.999984 creatures/sec. Server status: 19:09:49: 7258x RT, 121.0 creatures/sec. Fitness: best=3067.6, avg=1614.0, new=(qd-large-mutate=1065.8, curl-left=849.8, qd-mutate=1206.8, template-m1-balanced=836.7, curl-right=640.0). MAP-Elites(8x8, morphologies=3): occupied=47, pending=192, in flight=38
Speed: 20.199992 creatures/sec. Server status: 19:09:49: 7258x RT, 121.0 creatures/sec. Fitness: best=3067.6, avg=1614.0, new=(qd-large-mutate=1065.8, curl-left=849.8, qd-mutate=1206.8, template-m1-balanced=836.7, curl-right=640.0). MAP-Elites(8x8, morphologies=3): occupied=47, pending=192, in flight=38
Speed: 19.999990 creatures/sec. Server status: 19:09:49: 7258x RT, 121.0 creatures/sec. Fitness: best=3067.6, avg=1614.0, new=(qd-large-mutate=1065.8, curl-left=849.8, qd-mutate=1206.8, template-m1-balanced=836.7, curl-right=640.0). MAP-Elites(8x8, morphologies=3): occupied=47, pending=192, in flight=38
Speed: 20.399998 creatures/sec. Server status: 19:09:49: 7258x RT, 121.0 creatures/sec. Fitness: best=3067.6, avg=1614.0, new=(qd-large-mutate=1065.8, curl-left=849.8, qd-mutate=1206.8, template-m1-balanced=836.7, curl-right=640.0). MAP-Elites(8x8, morphologies=3): occupied=47, pending=192, in flight=38
Speed: 19.799984 creatures/sec. Server status: 19:09:49: 7258x RT, 121.0 creatures/sec. Fitness: best=3067.6, avg=1614.0, new=(qd-large-mutate=1065.8, curl-left=849.8, qd-mutate=1206.8, template-m1-balanced=836.7, curl-right=640.0). MAP-Elites(8x8, morphologies=3): occupied=47, pending=192, in flight=38
Speed: 19.999988 creatures/sec. Server status: 19:09:49: 7258x RT, 121.0 creatures/sec. Fitness: best=3067.6, avg=1614.0, new=(qd-large-mutate=1065.8, curl-left=849.8, qd-mutate=1206.8, template-m1-balanced=836.7, curl-right=640.0). MAP-Elites(8x8, morphologies=3): occupied=47, pending=192, in flight=38
Speed: 19.899992 creatures/sec. Server status: 19:09:59: 7250x RT, 120.8 creatures/sec. Fitness: best=3067.6, avg=1614.0, new=(qd-mutate=1126.2, qd-large-mutate=1098.6, template-m1-balanced=948.6, curl-right=991.6, curl-left=998.7). MAP-Elites(8x8, morphologies=3): occupied=47, pending=192, in flight=38
Speed: 20.199984 creatures/sec. Server status: 19:09:59: 7250x RT, 120.8 creatures/sec. Fitness: best=3067.6, avg=1614.0, new=(qd-mutate=1126.2, qd-large-mutate=1098.6, template-m1-balanced=948.6, curl-right=991.6, curl-left=998.7). MAP-Elites(8x8, morphologies=3): occupied=47, pending=192, in flight=38
Speed: 20.399912 creatures/sec. Server status: 19:09:59: 7250x RT, 120.8 creatures/sec. Fitness: best=3067.6, avg=1614.0, new=(qd-mutate=1126.2, qd-large-mutate=1098.6, template-m1-balanced=948.6, curl-right=991.6, curl-left=998.7). MAP-Elites(8x8, morphologies=3): occupied=47, pending=192, in flight=38
Speed: 20.099980 creatures/sec. Server status: 19:09:59: 7250x RT, 120.8 creatures/sec. Fitness: best=3067.6, avg=1614.0, new=(qd-mutate=1126.2, qd-large-mutate=1098.6, template-m1-balanced=948.6, curl-right=991.6, curl-left=998.7). MAP-Elites(8x8, morphologies=3): occupied=47, pending=192, in flight=38
Speed: 19.999982 creatures/sec. Server status: 19:09:59: 7250x RT, 120.8 creatures/sec. Fitness: best=3067.6, avg=1614.0, new=(qd-mutate=1126.2, qd-large-mutate=1098.6, template-m1-balanced=948.6, curl-right=991.6, curl-left=998.7). MAP-Elites(8x8, morphologies=3): occupied=47, pending=192, in flight=38
Speed: 20.099992 creatures/sec. Server status: 19:09:59: 7250x RT, 120.8 creatures/sec. Fitness: best=3067.6, avg=1614.0, new=(qd-mutate=1126.2, qd-large-mutate=1098.6, template-m1-balanced=948.6, curl-right=991.6, curl-left=998.7). MAP-Elites(8x8, morphologies=3): occupied=47, pending=192, in flight=38
Speed: 19.999992 creatures/sec. Server status: 19:10:09: 7239x RT, 120.6 creatures/sec. Fitness: best=3067.6, avg=1614.0, new=(qd-mutate=1059.9, qd-large-mutate=1076.2, curl-left=835.6, template-m1-balanced=1075.2, curl-right=882.2). MAP-Elites(8x8, morphologies=3): occupied=47, pending=192, in flight=38
Speed: 19.899986 creatures/sec. Server status: 19:10:09: 7239x RT, 120.6 creatures/sec. Fitness: best=3067.6, avg=1614.0, new=(qd-mutate=1059.9, qd-large-mutate=1076.2, curl-left=835.6, template-m1-balanced=1075.2, curl-right=882.2). MAP-Elites(8x8, morphologies=3): occupied=47, pending=192, in flight=38
Speed: 19.799996 creatures/sec. Server status: 19:10:09: 7239x RT, 120.6 creatures/sec. Fitness: best=3067.6, avg=1614.0, new=(qd-mutate=1059.9, qd-large-mutate=1076.2, curl-left=835.6, template-m1-balanced=1075.2, curl-right=882.2). MAP-Elites(8x8, morphologies=3): occupied=47, pending=192, in flight=38
Speed: 19.999978 creatures/sec. Server status: 19:10:09: 7239x RT, 120.6 creatures/sec. Fitness: best=3067.6, avg=1614.0, new=(qd-mutate=1059.9, qd-large-mutate=1076.2, curl-left=835.6, template-m1-balanced=1075.2, curl-right=882.2). MAP-Elites(8x8, morphologies=3): occupied=47, pending=192, in flight=38
Speed: 19.999998 creatures/sec. Server status: 19:10:09: 7239x RT, 120.6 creatures/sec. Fitness: best=3067.6, avg=1614.0, new=(qd-mutate=1059.9, qd-large-mutate=1076.2, curl-left=835.6, template-m1-balanced=1075.2, curl-right=882.2). MAP-Elites(8x8, morphologies=3): occupied=47, pending=192, in flight=38
Speed: 19.800000 creatures/sec. Server status: 19:10:09: 7239x RT, 120.6 creatures/sec. Fitness: best=3067.6, avg=1614.0, new=(qd-mutate=1059.9, qd-large-mutate=1076.2, curl-left=835.6, template-m1-balanced=1075.2, curl-right=882.2). MAP-Elites(8x8, morphologies=3): occupied=47, pending=192, in flight=38
Speed: 19.899986 creatures/sec. Server status: 19:10:20: 7200x RT, 120.0 creatures/sec. Fitness: best=3067.6, avg=1614.0, new=(qd-mutate=1103.5, qd-large-mutate=1183.9, curl-right=1179.3, template-m1-balanced=788.8, curl-left=494.0). MAP-Elites(8x8, morphologies=3): occupied=47, pending=192, in flight=38
Speed: 20.100000 creatures/sec. Server status: 19:10:20: 7200x RT, 120.0 creatures/sec. Fitness: best=3067.6, avg=1614.0, new=(qd-mutate=1103.5, qd-large-mutate=1183.9, curl-right=1179.3, template-m1-balanced=788.8, curl-left=494.0). MAP-Elites(8x8, morphologies=3): occupied=47, pending=192, in flight=38
Speed: 20.299987 creatures/sec. Server status: 19:10:20: 7200x RT, 120.0 creatures/sec. Fitness: best=3067.6, avg=1614.0, new=(qd-mutate=1103.5, qd-large-mutate=1183.9, curl-right=1179.3, template-m1-balanced=788.8, curl-left=494.0). MAP-Elites(8x8, morphologies=3): occupied=47, pending=192, in flight=38
Speed: 20.099978 creatures/sec. Server status: 19:10:20: 7200x RT, 120.0 creatures/sec. Fitness: best=3067.6, avg=1614.0, new=(qd-mutate=1103.5, qd-large-mutate=1183.9, curl-right=1179.3, template-m1-balanced=788.8, curl-left=494.0). MAP-Elites(8x8, morphologies=3): occupied=47, pending=192, in flight=38
Speed: 20.099978 creatures/sec. Server status: 19:10:20: 7200x RT, 120.0 creatures/sec. Fitness: best=3067.6, avg=1614.0, new=(qd-mutate=1103.5, qd-large-mutate=1183.9, curl-right=1179.3, template-m1-balanced=788.8, curl-left=494.0). MAP-Elites(8x8, morphologies=3): occupied=47, pending=192, in flight=38
Speed: 19.799978 creatures/sec. Server status: 19:10:20: 7200x RT, 120.0 creatures/sec. Fitness: best=3067.6, avg=1614.0, new=(qd-mutate=1103.5, qd-large-mutate=1183.9, curl-right=1179.3, template-m1-balanced=788.8, curl-left=494.0). MAP-Elites(8x8, morphologies=3): occupied=47, pending=192, in flight=38
Speed: 19.999980 creatures/sec. Server status: 19:10:30: 7200x RT, 120.0 creatures/sec. Fitness: best=3067.6, avg=1614.0, new=(qd-mutate=1116.9, curl-right=823.4, qd-large-mutate=1209.7, template-m1-balanced=945.0, curl-left=1892.5). MAP-Elites(8x8, morphologies=3): occupied=47, pending=192, in flight=38
Speed: 20.299941 creatures/sec. Server status: 19:10:30: 7200x RT, 120.0 creatures/sec. Fitness: best=3067.6, avg=1614.0, new=(qd-mutate=1116.9, curl-right=823.4, qd-large-mutate=1209.7, template-m1-balanced=945.0, curl-left=1892.5). MAP-Elites(8x8, morphologies=3): occupied=47, pending=192, in flight=38
Speed: 20.099994 creatures/sec. Server status: 19:10:30: 7200x RT, 120.0 creatures/sec. Fitness: best=3067.6, avg=1614.0, new=(qd-mutate=1116.9, curl-right=823.4, qd-large-mutate=1209.7, template-m1-balanced=945.0, curl-left=1892.5). MAP-Elites(8x8, morphologies=3): occupied=47, pending=192, in flight=38
Speed: 20.199986 creatures/sec. Server status: 19:10:30: 7200x RT, 120.0 creatures/sec. Fitness: best=3067.6, avg=1614.0, new=(qd-mutate=1116.9, curl-right=823.4, qd-large-mutate=1209.7, template-m1-balanced=945.0, curl-left=1892.5). MAP-Elites(8x8, morphologies=3): occupied=47, pending=192, in flight=38
Speed: 19.899992 creatures/sec. Server status: 19:10:30: 7200x RT, 120.0 creatures/sec. Fitness: best=3067.6, avg=1614.0, new=(qd-mutate=1116.9, curl-right=823.4, qd-large-mutate=1209.7, template-m1-balanced=945.0, curl-left=1892.5). MAP-Elites(8x8, morphologies=3): occupied=47, pending=192, in flight=38
Speed: 19.799986 creatures/sec. Server status: 19:10:30: 7200x RT, 120.0 creatures/sec. Fitness: best=3067.6, avg=1614.0, new=(qd-mutate=1116.9, curl-right=823.4, qd-large-mutate=1209.7, template-m1-balanced=945.0, curl-left=1892.5). MAP-Elites(8x8, morphologies=3): occupied=47, pending=192, in flight=38
Speed: 19.598415 creatures/sec. Server status: 19:10:40: 7092x RT, 118.2 creatures/sec. Fitness: best=3067.6, avg=1614.0, new=(qd-mutate=1033.4, qd-large-mutate=1021.2, template-m1-balanced=1599.5, curl-left=867.5, curl-right=686.9). MAP-Elites(8x8, morphologies=3): occupied=47, pending=192, in flight=38
Speed: 19.399876 creatures/sec. Server status: 19:10:40: 7092x RT, 118.2 creatures/sec. Fitness: best=3067.6, avg=1614.0, new=(qd-mutate=1033.4, qd-large-mutate=1021.2, template-m1-balanced=1599.5, curl-left=867.5, curl-right=686.9). MAP-Elites(8x8, morphologies=3): occupied=47, pending=192, in flight=38
Speed: 19.894692 creatures/sec. Server status: 19:10:40: 7092x RT, 118.2 creatures/sec. Fitness: best=3067.6, avg=1614.0, new=(qd-mutate=1033.4, qd-large-mutate=1021.2, template-m1-balanced=1599.5, curl-left=867.5, curl-right=686.9). MAP-Elites(8x8, morphologies=3): occupied=47, pending=192, in flight=38
Speed: 19.699907 creatures/sec. Server status: 19:10:40: 7092x RT, 118.2 creatures/sec. Fitness: best=3067.6, avg=1614.0, new=(qd-mutate=1033.4, qd-large-mutate=1021.2, template-m1-balanced=1599.5, curl-left=867.5, curl-right=686.9). MAP-Elites(8x8, morphologies=3): occupied=47, pending=192, in flight=38
Speed: 19.799992 creatures/sec. Server status: 19:10:40: 7092x RT, 118.2 creatures/sec. Fitness: best=3067.6, avg=1614.0, new=(qd-mutate=1033.4, qd-large-mutate=1021.2, template-m1-balanced=1599.5, curl-left=867.5, curl-right=686.9). MAP-Elites(8x8, morphologies=3): occupied=47, pending=192, in flight=38
Speed: 19.399987 creatures/sec. Server status: 19:10:40: 7092x RT, 118.2 creatures/sec. Fitness: best=3067.6, avg=1614.0, new=(qd-mutate=1033.4, qd-large-mutate=1021.2, template-m1-balanced=1599.5, curl-left=867.5, curl-right=686.9). MAP-Elites(8x8, morphologies=3): occupied=47, pending=192, in flight=38
Speed: 17.700000 creatures/sec. Server status: 19:10:50: 6978x RT, 116.3 creatures/sec. Fitness: best=3067.6, avg=1614.0, new=(qd-mutate=1044.1, curl-right=1054.9, qd-large-mutate=1048.3, template-m1-balanced=822.0, curl-left=928.5). MAP-Elites(8x8, morphologies=3): occupied=47, pending=192, in flight=38
Speed: 17.899959 creatures/sec. Server status: 19:10:50: 6978x RT, 116.3 creatures/sec. Fitness: best=3067.6, avg=1614.0, new=(qd-mutate=1044.1, curl-right=1054.9, qd-large-mutate=1048.3, template-m1-balanced=822.0, curl-left=928.5). MAP-Elites(8x8, morphologies=3): occupied=47, pending=192, in flight=38
Speed: 17.900000 creatures/sec. Server status: 19:10:50: 6978x RT, 116.3 creatures/sec. Fitness: best=3067.6, avg=1614.0, new=(qd-mutate=1044.1, curl-right=1054.9, qd-large-mutate=1048.3, template-m1-balanced=822.0, curl-left=928.5). MAP-Elites(8x8, morphologies=3): occupied=47, pending=192, in flight=38
Speed: 17.999985 creatures/sec. Server status: 19:10:50: 6978x RT, 116.3 creatures/sec. Fitness: best=3067.6, avg=1614.0, new=(qd-mutate=1044.1, curl-right=1054.9, qd-large-mutate=1048.3, template-m1-balanced=822.0, curl-left=928.5). MAP-Elites(8x8, morphologies=3): occupied=47, pending=192, in flight=38
Speed: 17.799989 creatures/sec. Server status: 19:10:50: 6978x RT, 116.3 creatures/sec. Fitness: best=3067.6, avg=1614.0, new=(qd-mutate=1044.1, curl-right=1054.9, qd-large-mutate=1048.3, template-m1-balanced=822.0, curl-left=928.5). MAP-Elites(8x8, morphologies=3): occupied=47, pending=192, in flight=38
Speed: 17.899982 creatures/sec. Server status: 19:10:50: 6978x RT, 116.3 creatures/sec. Fitness: best=3067.6, avg=1614.0, new=(qd-mutate=1044.1, curl-right=1054.9, qd-large-mutate=1048.3, template-m1-balanced=822.0, curl-left=928.5). MAP-Elites(8x8, morphologies=3): occupied=47, pending=192, in flight=38
Speed: 19.899988 creatures/sec. Server status: 19:10:59: 7246x RT, 120.8 creatures/sec. Fitness: best=3067.6, avg=1614.0, new=(qd-mutate=1076.5, template-m1-balanced=893.2, qd-large-mutate=1075.0, curl-left=696.6, curl-right=593.5). MAP-Elites(8x8, morphologies=3): occupied=47, pending=192, in flight=38
Speed: 20.199994 creatures/sec. Server status: 19:10:59: 7246x RT, 120.8 creatures/sec. Fitness: best=3067.6, avg=1614.0, new=(qd-mutate=1076.5, template-m1-balanced=893.2, qd-large-mutate=1075.0, curl-left=696.6, curl-right=593.5). MAP-Elites(8x8, morphologies=3): occupied=47, pending=192, in flight=38
Speed: 20.199998 creatures/sec. Server status: 19:10:59: 7246x RT, 120.8 creatures/sec. Fitness: best=3067.6, avg=1614.0, new=(qd-mutate=1076.5, template-m1-balanced=893.2, qd-large-mutate=1075.0, curl-left=696.6, curl-right=593.5). MAP-Elites(8x8, morphologies=3): occupied=47, pending=192, in flight=38
Speed: 19.999980 creatures/sec. Server status: 19:10:59: 7246x RT, 120.8 creatures/sec. Fitness: best=3067.6, avg=1614.0, new=(qd-mutate=1076.5, template-m1-balanced=893.2, qd-large-mutate=1075.0, curl-left=696.6, curl-right=593.5). MAP-Elites(8x8, morphologies=3): occupied=47, pending=192, in flight=38
Speed: 19.899982 creatures/sec. Server status: 19:10:59: 7246x RT, 120.8 creatures/sec. Fitness: best=3067.6, avg=1614.0, new=(qd-mutate=1076.5, template-m1-balanced=893.2, qd-large-mutate=1075.0, curl-left=696.6, curl-right=593.5). MAP-Elites(8x8, morphologies=3): occupied=47, pending=192, in flight=38
Speed: 20.100000 creatures/sec. Server status: 19:10:59: 7246x RT, 120.8 creatures/sec. Fitness: best=3067.6, avg=1614.0, new=(qd-mutate=1076.5, template-m1-balanced=893.2, qd-large-mutate=1075.0, curl-left=696.6, curl-right=593.5). MAP-Elites(8x8, morphologies=3): occupied=47, pending=192, in flight=38
Speed: 19.599996 creatures/sec. Server status: 19:11:09: 6954x RT, 115.9 creatures/sec. Fitness: best=3067.6, avg=1614.0, new=(curl-left=833.5, qd-mutate=1150.9, curl-right=682.6, qd-large-mutate=1179.9, template-m1-balanced=872.4). MAP-Elites(8x8, morphologies=3): occupied=47, pending=192, in flight=38
Speed: 19.799980 creatures/sec. Server status: 19:11:09: 6954x RT, 115.9 creatures/sec. Fitness: best=3067.6, avg=1614.0, new=(curl-left=833.5, qd-mutate=1150.9, curl-right=682.6, qd-large-mutate=1179.9, template-m1-balanced=872.4). MAP-Elites(8x8, morphologies=3): occupied=47, pending=192, in flight=38
Speed: 19.699996 creatures/sec. Server status: 19:11:09: 6954x RT, 115.9 creatures/sec. Fitness: best=3067.6, avg=1614.0, new=(curl-left=833.5, qd-mutate=1150.9, curl-right=682.6, qd-large-mutate=1179.9, template-m1-balanced=872.4). MAP-Elites(8x8, morphologies=3): occupied=47, pending=192, in flight=38
Speed: 19.599998 creatures/sec. Server status: 19:11:09: 6954x RT, 115.9 creatures/sec. Fitness: best=3067.6, avg=1614.0, new=(curl-left=833.5, qd-mutate=1150.9, curl-right=682.6, qd-large-mutate=1179.9, template-m1-balanced=872.4). MAP-Elites(8x8, morphologies=3): occupied=47, pending=192, in flight=38
Speed: 19.599984 creatures/sec. Server status: 19:11:09: 6954x RT, 115.9 creatures/sec. Fitness: best=3067.6, avg=1614.0, new=(curl-left=833.5, qd-mutate=1150.9, curl-right=682.6, qd-large-mutate=1179.9, template-m1-balanced=872.4). MAP-Elites(8x8, morphologies=3): occupied=47, pending=192, in flight=38
Speed: 19.499987 creatures/sec. Server status: 19:11:09: 6954x RT, 115.9 creatures/sec. Fitness: best=3067.6, avg=1614.0, new=(curl-left=833.5, qd-mutate=1150.9, curl-right=682.6, qd-large-mutate=1179.9, template-m1-balanced=872.4). MAP-Elites(8x8, morphologies=3): occupied=47, pending=192, in flight=38
Speed: 18.200000 creatures/sec. Server status: 19:11:20: 6950x RT, 115.8 creatures/sec. Fitness: best=3067.6, avg=1614.0, new=(qd-mutate=1058.9, qd-large-mutate=1119.2, template-m1-balanced=980.1, curl-left=1023.4, curl-right=651.3). MAP-Elites(8x8, morphologies=3): occupied=47, pending=192, in flight=38
Speed: 18.099991 creatures/sec. Server status: 19:11:20: 6950x RT, 115.8 creatures/sec. Fitness: best=3067.6, avg=1614.0, new=(qd-mutate=1058.9, qd-large-mutate=1119.2, template-m1-balanced=980.1, curl-left=1023.4, curl-right=651.3). MAP-Elites(8x8, morphologies=3): occupied=47, pending=192, in flight=38
Speed: 18.199991 creatures/sec. Server status: 19:11:20: 6950x RT, 115.8 creatures/sec. Fitness: best=3067.6, avg=1614.0, new=(qd-mutate=1058.9, qd-large-mutate=1119.2, template-m1-balanced=980.1, curl-left=1023.4, curl-right=651.3). MAP-Elites(8x8, morphologies=3): occupied=47, pending=192, in flight=38
Speed: 17.999987 creatures/sec. Server status: 19:11:20: 6950x RT, 115.8 creatures/sec. Fitness: best=3067.6, avg=1614.0, new=(qd-mutate=1058.9, qd-large-mutate=1119.2, template-m1-balanced=980.1, curl-left=1023.4, curl-right=651.3). MAP-Elites(8x8, morphologies=3): occupied=47, pending=192, in flight=38
Speed: 18.099989 creatures/sec. Server status: 19:11:20: 6950x RT, 115.8 creatures/sec. Fitness: best=3067.6, avg=1614.0, new=(qd-mutate=1058.9, qd-large-mutate=1119.2, template-m1-balanced=980.1, curl-left=1023.4, curl-right=651.3). MAP-Elites(8x8, morphologies=3): occupied=47, pending=192, in flight=38
Speed: 18.099987 creatures/sec. Server status: 19:11:20: 6950x RT, 115.8 creatures/sec. Fitness: best=3067.6, avg=1614.0, new=(qd-mutate=1058.9, qd-large-mutate=1119.2, template-m1-balanced=980.1, curl-left=1023.4, curl-right=651.3). MAP-Elites(8x8, morphologies=3): occupied=47, pending=192, in flight=38
Speed: 19.599994 creatures/sec. Server status: 19:11:30: 6673x RT, 111.2 creatures/sec. Fitness: best=3067.6, avg=1614.0, new=(qd-large-mutate=1101.1, qd-mutate=973.1, curl-left=829.4, curl-right=882.8, template-m1-balanced=923.1). MAP-Elites(8x8, morphologies=3): occupied=47, pending=192, in flight=38
Speed: 19.599979 creatures/sec. Server status: 19:11:30: 6673x RT, 111.2 creatures/sec. Fitness: best=3067.6, avg=1614.0, new=(qd-large-mutate=1101.1, qd-mutate=973.1, curl-left=829.4, curl-right=882.8, template-m1-balanced=923.1). MAP-Elites(8x8, morphologies=3): occupied=47, pending=192, in flight=38
Speed: 19.599988 creatures/sec. Server status: 19:11:30: 6673x RT, 111.2 creatures/sec. Fitness: best=3067.6, avg=1614.0, new=(qd-large-mutate=1101.1, qd-mutate=973.1, curl-left=829.4, curl-right=882.8, template-m1-balanced=923.1). MAP-Elites(8x8, morphologies=3): occupied=47, pending=192, in flight=38
Speed: 19.399994 creatures/sec. Server status: 19:11:30: 6673x RT, 111.2 creatures/sec. Fitness: best=3067.6, avg=1614.0, new=(qd-large-mutate=1101.1, qd-mutate=973.1, curl-left=829.4, curl-right=882.8, template-m1-balanced=923.1). MAP-Elites(8x8, morphologies=3): occupied=47, pending=192, in flight=38
Speed: 19.399977 creatures/sec. Server status: 19:11:30: 6673x RT, 111.2 creatures/sec. Fitness: best=3067.6, avg=1614.0, new=(qd-large-mutate=1101.1, qd-mutate=973.1, curl-left=829.4, curl-right=882.8, template-m1-balanced=923.1). MAP-Elites(8x8, morphologies=3): occupied=47, pending=192, in flight=38
Speed: 19.399990 creatures/sec. Server status: 19:11:30: 6673x RT, 111.2 creatures/sec. Fitness: best=3067.6, avg=1614.0, new=(qd-large-mutate=1101.1, qd-mutate=973.1, curl-left=829.4, curl-right=882.8, template-m1-balanced=923.1). MAP-Elites(8x8, morphologies=3): occupied=47, pending=192, in flight=38
Speed: 17.499998 creatures/sec. Server status: 19:11:40: 5805x RT, 96.7 creatures/sec. Fitness: best=3067.6, avg=1614.0, new=(qd-large-mutate=1029.4, qd-mutate=1014.0, template-m1-balanced=831.0, curl-right=666.5). MAP-Elites(8x8, morphologies=3): occupied=47, pending=192, in flight=38
Speed: 17.599993 creatures/sec. Server status: 19:11:40: 5805x RT, 96.7 creatures/sec. Fitness: best=3067.6, avg=1614.0, new=(qd-large-mutate=1029.4, qd-mutate=1014.0, template-m1-balanced=831.0, curl-right=666.5). MAP-Elites(8x8, morphologies=3): occupied=47, pending=192, in flight=38
Speed: 17.499995 creatures/sec. Server status: 19:11:40: 5805x RT, 96.7 creatures/sec. Fitness: best=3067.6, avg=1614.0, new=(qd-large-mutate=1029.4, qd-mutate=1014.0, template-m1-balanced=831.0, curl-right=666.5). MAP-Elites(8x8, morphologies=3): occupied=47, pending=192, in flight=38
Speed: 17.499990 creatures/sec. Server status: 19:11:40: 5805x RT, 96.7 creatures/sec. Fitness: best=3067.6, avg=1614.0, new=(qd-large-mutate=1029.4, qd-mutate=1014.0, template-m1-balanced=831.0, curl-right=666.5). MAP-Elites(8x8, morphologies=3): occupied=47, pending=192, in flight=38
Speed: 17.699982 creatures/sec. Server status: 19:11:40: 5805x RT, 96.7 creatures/sec. Fitness: best=3067.6, avg=1614.0, new=(qd-large-mutate=1029.4, qd-mutate=1014.0, template-m1-balanced=831.0, curl-right=666.5). MAP-Elites(8x8, morphologies=3): occupied=47, pending=192, in flight=38
Speed: 17.799983 creatures/sec. Server status: 19:11:40: 5805x RT, 96.7 creatures/sec. Fitness: best=3067.6, avg=1614.0, new=(qd-large-mutate=1029.4, qd-mutate=1014.0, template-m1-balanced=831.0, curl-right=666.5). MAP-Elites(8x8, morphologies=3): occupied=47, pending=192, in flight=38
Speed: 18.799992 creatures/sec. Server status: 19:11:49: 6931x RT, 115.5 creatures/sec. Fitness: best=3067.6, avg=1614.0, new=(qd-mutate=1074.2, curl-right=903.5, qd-large-mutate=1172.7, template-m1-balanced=878.0, curl-left=832.3). MAP-Elites(8x8, morphologies=3): occupied=47, pending=192, in flight=38
Speed: 18.899991 creatures/sec. Server status: 19:11:49: 6931x RT, 115.5 creatures/sec. Fitness: best=3067.6, avg=1614.0, new=(qd-mutate=1074.2, curl-right=903.5, qd-large-mutate=1172.7, template-m1-balanced=878.0, curl-left=832.3). MAP-Elites(8x8, morphologies=3): occupied=47, pending=192, in flight=38
Speed: 18.699985 creatures/sec. Server status: 19:11:49: 6931x RT, 115.5 creatures/sec. Fitness: best=3067.6, avg=1614.0, new=(qd-mutate=1074.2, curl-right=903.5, qd-large-mutate=1172.7, template-m1-balanced=878.0, curl-left=832.3). MAP-Elites(8x8, morphologies=3): occupied=47, pending=192, in flight=38
Speed: 18.899991 creatures/sec. Server status: 19:11:49: 6931x RT, 115.5 creatures/sec. Fitness: best=3067.6, avg=1614.0, new=(qd-mutate=1074.2, curl-right=903.5, qd-large-mutate=1172.7, template-m1-balanced=878.0, curl-left=832.3). MAP-Elites(8x8, morphologies=3): occupied=47, pending=192, in flight=38
Speed: 18.899985 creatures/sec. Server status: 19:11:49: 6931x RT, 115.5 creatures/sec. Fitness: best=3067.6, avg=1614.0, new=(qd-mutate=1074.2, curl-right=903.5, qd-large-mutate=1172.7, template-m1-balanced=878.0, curl-left=832.3). MAP-Elites(8x8, morphologies=3): occupied=47, pending=192, in flight=38
Speed: 18.799987 creatures/sec. Server status: 19:11:49: 6931x RT, 115.5 creatures/sec. Fitness: best=3067.6, avg=1614.0, new=(qd-mutate=1074.2, curl-right=903.5, qd-large-mutate=1172.7, template-m1-balanced=878.0, curl-left=832.3). MAP-Elites(8x8, morphologies=3): occupied=47, pending=192, in flight=38
Speed: 18.599974 creatures/sec. Server status: 19:11:59: 7204x RT, 120.1 creatures/sec. Fitness: best=3067.6, avg=1614.0, new=(qd-mutate=1022.0, qd-large-mutate=1136.1, curl-left=709.6, template-m1-balanced=970.7, curl-right=957.7). MAP-Elites(8x8, morphologies=3): occupied=47, pending=192, in flight=38
Speed: 18.999975 creatures/sec. Server status: 19:11:59: 7204x RT, 120.1 creatures/sec. Fitness: best=3067.6, avg=1614.0, new=(qd-mutate=1022.0, qd-large-mutate=1136.1, curl-left=709.6, template-m1-balanced=970.7, curl-right=957.7). MAP-Elites(8x8, morphologies=3): occupied=47, pending=192, in flight=38
Speed: 18.999975 creatures/sec. Server status: 19:11:59: 7204x RT, 120.1 creatures/sec. Fitness: best=3067.6, avg=1614.0, new=(qd-mutate=1022.0, qd-large-mutate=1136.1, curl-left=709.6, template-m1-balanced=970.7, curl-right=957.7). MAP-Elites(8x8, morphologies=3): occupied=47, pending=192, in flight=38
Speed: 18.999986 creatures/sec. Server status: 19:11:59: 7204x RT, 120.1 creatures/sec. Fitness: best=3067.6, avg=1614.0, new=(qd-mutate=1022.0, qd-large-mutate=1136.1, curl-left=709.6, template-m1-balanced=970.7, curl-right=957.7). MAP-Elites(8x8, morphologies=3): occupied=47, pending=192, in flight=38
Speed: 19.099990 creatures/sec. Server status: 19:11:59: 7204x RT, 120.1 creatures/sec. Fitness: best=3067.6, avg=1614.0, new=(qd-mutate=1022.0, qd-large-mutate=1136.1, curl-left=709.6, template-m1-balanced=970.7, curl-right=957.7). MAP-Elites(8x8, morphologies=3): occupied=47, pending=192, in flight=38
Speed: 18.999981 creatures/sec. Server status: 19:11:59: 7204x RT, 120.1 creatures/sec. Fitness: best=3067.6, avg=1614.0, new=(qd-mutate=1022.0, qd-large-mutate=1136.1, curl-left=709.6, template-m1-balanced=970.7, curl-right=957.7). MAP-Elites(8x8, morphologies=3): occupied=47, pending=192, in flight=38
Speed: 18.300000 creatures/sec. Server status: 19:12:09: 6250x RT, 104.2 creatures/sec. Fitness: best=3067.6, avg=1614.0, new=(qd-mutate=1031.7, qd-large-mutate=1074.3, template-m1-balanced=816.0, curl-left=903.2). MAP-Elites(8x8, morphologies=3): occupied=47, pending=192, in flight=38
Speed: 18.499996 creatures/sec. Server status: 19:12:09: 6250x RT, 104.2 creatures/sec. Fitness: best=3067.6, avg=1614.0, new=(qd-mutate=1031.7, qd-large-mutate=1074.3, template-m1-balanced=816.0, curl-left=903.2). MAP-Elites(8x8, morphologies=3): occupied=47, pending=192, in flight=38
Speed: 18.399989 creatures/sec. Server status: 19:12:09: 6250x RT, 104.2 creatures/sec. Fitness: best=3067.6, avg=1614.0, new=(qd-mutate=1031.7, qd-large-mutate=1074.3, template-m1-balanced=816.0, curl-left=903.2). MAP-Elites(8x8, morphologies=3): occupied=47, pending=192, in flight=38
Speed: 18.499978 creatures/sec. Server status: 19:12:09: 6250x RT, 104.2 creatures/sec. Fitness: best=3067.6, avg=1614.0, new=(qd-mutate=1031.7, qd-large-mutate=1074.3, template-m1-balanced=816.0, curl-left=903.2). MAP-Elites(8x8, morphologies=3): occupied=47, pending=192, in flight=38
Speed: 18.299987 creatures/sec. Server status: 19:12:09: 6250x RT, 104.2 creatures/sec. Fitness: best=3067.6, avg=1614.0, new=(qd-mutate=1031.7, qd-large-mutate=1074.3, template-m1-balanced=816.0, curl-left=903.2). MAP-Elites(8x8, morphologies=3): occupied=47, pending=192, in flight=38
Speed: 18.099995 creatures/sec. Server status: 19:12:09: 6250x RT, 104.2 creatures/sec. Fitness: best=3067.6, avg=1614.0, new=(qd-mutate=1031.7, qd-large-mutate=1074.3, template-m1-balanced=816.0, curl-left=903.2). MAP-Elites(8x8, morphologies=3): occupied=47, pending=192, in flight=38
Speed: 18.299997 creatures/sec. Server status: 19:12:20: 7034x RT, 117.2 creatures/sec. Fitness: best=3067.6, avg=1616.5, new=(qd-mutate=1143.4, template-m1-balanced=868.2, qd-large-mutate=1190.2, curl-right=947.2, curl-left=647.6). MAP-Elites(8x8, morphologies=3): occupied=47, pending=192, in flight=38
Speed: 18.399998 creatures/sec. Server status: 19:12:20: 7034x RT, 117.2 creatures/sec. Fitness: best=3067.6, avg=1616.5, new=(qd-mutate=1143.4, template-m1-balanced=868.2, qd-large-mutate=1190.2, curl-right=947.2, curl-left=647.6). MAP-Elites(8x8, morphologies=3): occupied=47, pending=192, in flight=38
Speed: 18.299982 creatures/sec. Server status: 19:12:20: 7034x RT, 117.2 creatures/sec. Fitness: best=3067.6, avg=1616.5, new=(qd-mutate=1143.4, template-m1-balanced=868.2, qd-large-mutate=1190.2, curl-right=947.2, curl-left=647.6). MAP-Elites(8x8, morphologies=3): occupied=47, pending=192, in flight=38
Speed: 18.099978 creatures/sec. Server status: 19:12:20: 7034x RT, 117.2 creatures/sec. Fitness: best=3067.6, avg=1616.5, new=(qd-mutate=1143.4, template-m1-balanced=868.2, qd-large-mutate=1190.2, curl-right=947.2, curl-left=647.6). MAP-Elites(8x8, morphologies=3): occupied=47, pending=192, in flight=38
Speed: 18.299986 creatures/sec. Server status: 19:12:20: 7034x RT, 117.2 creatures/sec. Fitness: best=3067.6, avg=1616.5, new=(qd-mutate=1143.4, template-m1-balanced=868.2, qd-large-mutate=1190.2, curl-right=947.2, curl-left=647.6). MAP-Elites(8x8, morphologies=3): occupied=47, pending=192, in flight=38
Speed: 18.499991 creatures/sec. Server status: 19:12:20: 7034x RT, 117.2 creatures/sec. Fitness: best=3067.6, avg=1616.5, new=(qd-mutate=1143.4, template-m1-balanced=868.2, qd-large-mutate=1190.2, curl-right=947.2, curl-left=647.6). MAP-Elites(8x8, morphologies=3): occupied=47, pending=192, in flight=38
Speed: 18.599985 creatures/sec. Server status: 19:12:30: 6747x RT, 112.5 creatures/sec. Fitness: best=3067.6, avg=1616.5, new=(qd-large-mutate=1069.0, qd-mutate=1079.4, template-m1-balanced=1053.1, curl-right=873.6, curl-left=749.1). MAP-Elites(8x8, morphologies=3): occupied=47, pending=192, in flight=38
Speed: 18.599991 creatures/sec. Server status: 19:12:30: 6747x RT, 112.5 creatures/sec. Fitness: best=3067.6, avg=1616.5, new=(qd-large-mutate=1069.0, qd-mutate=1079.4, template-m1-balanced=1053.1, curl-right=873.6, curl-left=749.1). MAP-Elites(8x8, morphologies=3): occupied=47, pending=192, in flight=38
Speed: 18.699989 creatures/sec. Server status: 19:12:30: 6747x RT, 112.5 creatures/sec. Fitness: best=3067.6, avg=1616.5, new=(qd-large-mutate=1069.0, qd-mutate=1079.4, template-m1-balanced=1053.1, curl-right=873.6, curl-left=749.1). MAP-Elites(8x8, morphologies=3): occupied=47, pending=192, in flight=38
Speed: 18.599992 creatures/sec. Server status: 19:12:30: 6747x RT, 112.5 creatures/sec. Fitness: best=3067.6, avg=1616.5, new=(qd-large-mutate=1069.0, qd-mutate=1079.4, template-m1-balanced=1053.1, curl-right=873.6, curl-left=749.1). MAP-Elites(8x8, morphologies=3): occupied=47, pending=192, in flight=38
Speed: 18.499957 creatures/sec. Server status: 19:12:30: 6747x RT, 112.5 creatures/sec. Fitness: best=3067.6, avg=1616.5, new=(qd-large-mutate=1069.0, qd-mutate=1079.4, template-m1-balanced=1053.1, curl-right=873.6, curl-left=749.1). MAP-Elites(8x8, morphologies=3): occupied=47, pending=192, in flight=38
Speed: 18.599987 creatures/sec. Server status: 19:12:30: 6747x RT, 112.5 creatures/sec. Fitness: best=3067.6, avg=1616.5, new=(qd-large-mutate=1069.0, qd-mutate=1079.4, template-m1-balanced=1053.1, curl-right=873.6, curl-left=749.1). MAP-Elites(8x8, morphologies=3): occupied=47, pending=192, in flight=38
Speed: 19.899994 creatures/sec. Server status: 19:12:40: 7202x RT, 120.0 creatures/sec. Fitness: best=3067.6, avg=1616.5, new=(qd-mutate=998.7, qd-large-mutate=1078.7, curl-left=1004.8, template-m1-balanced=1039.3, curl-right=1047.6). MAP-Elites(8x8, morphologies=3): occupied=47, pending=192, in flight=38
Speed: 19.999986 creatures/sec. Server status: 19:12:40: 7202x RT, 120.0 creatures/sec. Fitness: best=3067.6, avg=1616.5, new=(qd-mutate=998.7, qd-large-mutate=1078.7, curl-left=1004.8, template-m1-balanced=1039.3, curl-right=1047.6). MAP-Elites(8x8, morphologies=3): occupied=47, pending=192, in flight=38
Speed: 19.799944 creatures/sec. Server status: 19:12:40: 7202x RT, 120.0 creatures/sec. Fitness: best=3067.6, avg=1616.5, new=(qd-mutate=998.7, qd-large-mutate=1078.7, curl-left=1004.8, template-m1-balanced=1039.3, curl-right=1047.6). MAP-Elites(8x8, morphologies=3): occupied=47, pending=192, in flight=38
Speed: 19.599980 creatures/sec. Server status: 19:12:40: 7202x RT, 120.0 creatures/sec. Fitness: best=3067.6, avg=1616.5, new=(qd-mutate=998.7, qd-large-mutate=1078.7, curl-left=1004.8, template-m1-balanced=1039.3, curl-right=1047.6). MAP-Elites(8x8, morphologies=3): occupied=47, pending=192, in flight=38
Speed: 19.799976 creatures/sec. Server status: 19:12:40: 7202x RT, 120.0 creatures/sec. Fitness: best=3067.6, avg=1616.5, new=(qd-mutate=998.7, qd-large-mutate=1078.7, curl-left=1004.8, template-m1-balanced=1039.3, curl-right=1047.6). MAP-Elites(8x8, morphologies=3): occupied=47, pending=192, in flight=38
Speed: 19.599983 creatures/sec. Server status: 19:12:40: 7202x RT, 120.0 creatures/sec. Fitness: best=3067.6, avg=1616.5, new=(qd-mutate=998.7, qd-large-mutate=1078.7, curl-left=1004.8, template-m1-balanced=1039.3, curl-right=1047.6). MAP-Elites(8x8, morphologies=3): occupied=47, pending=192, in flight=38
Speed: 19.399992 creatures/sec. Server status: 19:12:49: 7211x RT, 120.2 creatures/sec. Fitness: best=3067.6, avg=1616.5, new=(qd-mutate=1028.6, qd-large-mutate=1169.9, template-m1-balanced=871.3, curl-left=773.5). MAP-Elites(8x8, morphologies=3): occupied=47, pending=192, in flight=38
Speed: 19.799990 creatures/sec. Server status: 19:12:49: 7211x RT, 120.2 creatures/sec. Fitness: best=3067.6, avg=1616.5, new=(qd-mutate=1028.6, qd-large-mutate=1169.9, template-m1-balanced=871.3, curl-left=773.5). MAP-Elites(8x8, morphologies=3): occupied=47, pending=192, in flight=38
Speed: 19.699996 creatures/sec. Server status: 19:12:49: 7211x RT, 120.2 creatures/sec. Fitness: best=3067.6, avg=1616.5, new=(qd-mutate=1028.6, qd-large-mutate=1169.9, template-m1-balanced=871.3, curl-left=773.5). MAP-Elites(8x8, morphologies=3): occupied=47, pending=192, in flight=38
Speed: 19.599984 creatures/sec. Server status: 19:12:49: 7211x RT, 120.2 creatures/sec. Fitness: best=3067.6, avg=1616.5, new=(qd-mutate=1028.6, qd-large-mutate=1169.9, template-m1-balanced=871.3, curl-left=773.5). MAP-Elites(8x8, morphologies=3): occupied=47, pending=192, in flight=38
Speed: 19.599984 creatures/sec. Server status: 19:12:49: 7211x RT, 120.2 creatures/sec. Fitness: best=3067.6, avg=1616.5, new=(qd-mutate=1028.6, qd-large-mutate=1169.9, template-m1-balanced=871.3, curl-left=773.5). MAP-Elites(8x8, morphologies=3): occupied=47, pending=192, in flight=38
Speed: 19.499976 creatures/sec. Server status: 19:12:49: 7211x RT, 120.2 creatures/sec. Fitness: best=3067.6, avg=1616.5, new=(qd-mutate=1028.6, qd-large-mutate=1169.9, template-m1-balanced=871.3, curl-left=773.5). MAP-Elites(8x8, morphologies=3): occupied=47, pending=192, in flight=38
Speed: 20.099978 creatures/sec. Server status: 19:12:59: 7203x RT, 120.0 creatures/sec. Fitness: best=3067.6, avg=1616.5, new=(qd-mutate=1088.3, qd-large-mutate=1156.0, curl-left=1002.9, template-m1-balanced=804.5, curl-right=650.2). MAP-Elites(8x8, morphologies=3): occupied=47, pending=192, in flight=38
Speed: 20.199992 creatures/sec. Server status: 19:12:59: 7203x RT, 120.0 creatures/sec. Fitness: best=3067.6, avg=1616.5, new=(qd-mutate=1088.3, qd-large-mutate=1156.0, curl-left=1002.9, template-m1-balanced=804.5, curl-right=650.2). MAP-Elites(8x8, morphologies=3): occupied=47, pending=192, in flight=38
Speed: 19.899994 creatures/sec. Server status: 19:12:59: 7203x RT, 120.0 creatures/sec. Fitness: best=3067.6, avg=1616.5, new=(qd-mutate=1088.3, qd-large-mutate=1156.0, curl-left=1002.9, template-m1-balanced=804.5, curl-right=650.2). MAP-Elites(8x8, morphologies=3): occupied=47, pending=192, in flight=38
Speed: 19.999984 creatures/sec. Server status: 19:12:59: 7203x RT, 120.0 creatures/sec. Fitness: best=3067.6, avg=1616.5, new=(qd-mutate=1088.3, qd-large-mutate=1156.0, curl-left=1002.9, template-m1-balanced=804.5, curl-right=650.2). MAP-Elites(8x8, morphologies=3): occupied=47, pending=192, in flight=38
Speed: 20.099998 creatures/sec. Server status: 19:12:59: 7203x RT, 120.0 creatures/sec. Fitness: best=3067.6, avg=1616.5, new=(qd-mutate=1088.3, qd-large-mutate=1156.0, curl-left=1002.9, template-m1-balanced=804.5, curl-right=650.2). MAP-Elites(8x8, morphologies=3): occupied=47, pending=192, in flight=38
Speed: 20.099944 creatures/sec. Server status: 19:12:59: 7203x RT, 120.0 creatures/sec. Fitness: best=3067.6, avg=1616.5, new=(qd-mutate=1088.3, qd-large-mutate=1156.0, curl-left=1002.9, template-m1-balanced=804.5, curl-right=650.2). MAP-Elites(8x8, morphologies=3): occupied=47, pending=192, in flight=38
Speed: 19.799982 creatures/sec. Server status: 19:13:10: 7197x RT, 119.9 creatures/sec. Fitness: best=3067.6, avg=1616.5, new=(qd-mutate=1082.1, qd-large-mutate=1031.2, curl-right=939.6, curl-left=1062.5). MAP-Elites(8x8, morphologies=3): occupied=47, pending=192, in flight=38
Speed: 20.000000 creatures/sec. Server status: 19:13:10: 7197x RT, 119.9 creatures/sec. Fitness: best=3067.6, avg=1616.5, new=(qd-mutate=1082.1, qd-large-mutate=1031.2, curl-right=939.6, curl-left=1062.5). MAP-Elites(8x8, morphologies=3): occupied=47, pending=192, in flight=38
Speed: 20.300000 creatures/sec. Server status: 19:13:10: 7197x RT, 119.9 creatures/sec. Fitness: best=3067.6, avg=1616.5, new=(qd-mutate=1082.1, qd-large-mutate=1031.2, curl-right=939.6, curl-left=1062.5). MAP-Elites(8x8, morphologies=3): occupied=47, pending=192, in flight=38
Speed: 20.099986 creatures/sec. Server status: 19:13:10: 7197x RT, 119.9 creatures/sec. Fitness: best=3067.6, avg=1616.5, new=(qd-mutate=1082.1, qd-large-mutate=1031.2, curl-right=939.6, curl-left=1062.5). MAP-Elites(8x8, morphologies=3): occupied=47, pending=192, in flight=38
Speed: 20.000000 creatures/sec. Server status: 19:13:10: 7197x RT, 119.9 creatures/sec. Fitness: best=3067.6, avg=1616.5, new=(qd-mutate=1082.1, qd-large-mutate=1031.2, curl-right=939.6, curl-left=1062.5). MAP-Elites(8x8, morphologies=3): occupied=47, pending=192, in flight=38
Speed: 20.099996 creatures/sec. Server status: 19:13:10: 7197x RT, 119.9 creatures/sec. Fitness: best=3067.6, avg=1616.5, new=(qd-mutate=1082.1, qd-large-mutate=1031.2, curl-right=939.6, curl-left=1062.5). MAP-Elites(8x8, morphologies=3): occupied=47, pending=192, in flight=38
Speed: 19.699988 creatures/sec. Server status: 19:13:20: 7251x RT, 120.8 creatures/sec. Fitness: best=3067.6, avg=1616.5, new=(curl-left=730.3, qd-mutate=1028.9, qd-large-mutate=1169.5, template-m1-balanced=790.2, curl-right=806.7). MAP-Elites(8x8, morphologies=3): occupied=47, pending=192, in flight=38
Speed: 19.999980 creatures/sec. Server status: 19:13:20: 7251x RT, 120.8 creatures/sec. Fitness: best=3067.6, avg=1616.5, new=(curl-left=730.3, qd-mutate=1028.9, qd-large-mutate=1169.5, template-m1-balanced=790.2, curl-right=806.7). MAP-Elites(8x8, morphologies=3): occupied=47, pending=192, in flight=38
Speed: 19.999996 creatures/sec. Server status: 19:13:20: 7251x RT, 120.8 creatures/sec. Fitness: best=3067.6, avg=1616.5, new=(curl-left=730.3, qd-mutate=1028.9, qd-large-mutate=1169.5, template-m1-balanced=790.2, curl-right=806.7). MAP-Elites(8x8, morphologies=3): occupied=47, pending=192, in flight=38
Speed: 19.899976 creatures/sec. Server status: 19:13:20: 7251x RT, 120.8 creatures/sec. Fitness: best=3067.6, avg=1616.5, new=(curl-left=730.3, qd-mutate=1028.9, qd-large-mutate=1169.5, template-m1-balanced=790.2, curl-right=806.7). MAP-Elites(8x8, morphologies=3): occupied=47, pending=192, in flight=38
Speed: 19.999976 creatures/sec. Server status: 19:13:20: 7251x RT, 120.8 creatures/sec. Fitness: best=3067.6, avg=1616.5, new=(curl-left=730.3, qd-mutate=1028.9, qd-large-mutate=1169.5, template-m1-balanced=790.2, curl-right=806.7). MAP-Elites(8x8, morphologies=3): occupied=47, pending=192, in flight=38
Speed: 19.799984 creatures/sec. Server status: 19:13:20: 7251x RT, 120.8 creatures/sec. Fitness: best=3067.6, avg=1616.5, new=(curl-left=730.3, qd-mutate=1028.9, qd-large-mutate=1169.5, template-m1-balanced=790.2, curl-right=806.7). MAP-Elites(8x8, morphologies=3): occupied=47, pending=192, in flight=38
Speed: 19.499984 creatures/sec. Server status: 19:13:31: 6618x RT, 110.3 creatures/sec. Fitness: best=3067.6, avg=1616.5, new=(qd-large-mutate=1203.0, qd-mutate=1067.6, template-m1-balanced=1113.1, curl-left=686.3, curl-right=840.5). MAP-Elites(8x8, morphologies=3): occupied=47, pending=192, in flight=38
Speed: 19.599993 creatures/sec. Server status: 19:13:31: 6618x RT, 110.3 creatures/sec. Fitness: best=3067.6, avg=1616.5, new=(qd-large-mutate=1203.0, qd-mutate=1067.6, template-m1-balanced=1113.1, curl-left=686.3, curl-right=840.5). MAP-Elites(8x8, morphologies=3): occupied=47, pending=192, in flight=38
Speed: 19.899980 creatures/sec. Server status: 19:13:31: 6618x RT, 110.3 creatures/sec. Fitness: best=3067.6, avg=1616.5, new=(qd-large-mutate=1203.0, qd-mutate=1067.6, template-m1-balanced=1113.1, curl-left=686.3, curl-right=840.5). MAP-Elites(8x8, morphologies=3): occupied=47, pending=192, in flight=38
Speed: 19.599988 creatures/sec. Server status: 19:13:31: 6618x RT, 110.3 creatures/sec. Fitness: best=3067.6, avg=1616.5, new=(qd-large-mutate=1203.0, qd-mutate=1067.6, template-m1-balanced=1113.1, curl-left=686.3, curl-right=840.5). MAP-Elites(8x8, morphologies=3): occupied=47, pending=192, in flight=38
Speed: 19.800000 creatures/sec. Server status: 19:13:31: 6618x RT, 110.3 creatures/sec. Fitness: best=3067.6, avg=1616.5, new=(qd-large-mutate=1203.0, qd-mutate=1067.6, template-m1-balanced=1113.1, curl-left=686.3, curl-right=840.5). MAP-Elites(8x8, morphologies=3): occupied=47, pending=192, in flight=38
Speed: 19.599996 creatures/sec. Server status: 19:13:31: 6618x RT, 110.3 creatures/sec. Fitness: best=3067.6, avg=1616.5, new=(qd-large-mutate=1203.0, qd-mutate=1067.6, template-m1-balanced=1113.1, curl-left=686.3, curl-right=840.5). MAP-Elites(8x8, morphologies=3): occupied=47, pending=192, in flight=38
Speed: 19.499967 creatures/sec. Server status: 19:13:39: 6940x RT, 115.7 creatures/sec. Fitness: best=3067.6, avg=1616.5, new=(curl-right=794.3, qd-mutate=1155.3, qd-large-mutate=1221.8, template-m1-balanced=1225.8, curl-left=1218.5). MAP-Elites(8x8, morphologies=3): occupied=47, pending=192, in flight=38
Speed: 19.699446 creatures/sec. Server status: 19:13:39: 6940x RT, 115.7 creatures/sec. Fitness: best=3067.6, avg=1616.5, new=(curl-right=794.3, qd-mutate=1155.3, qd-large-mutate=1221.8, template-m1-balanced=1225.8, curl-left=1218.5). MAP-Elites(8x8, morphologies=3): occupied=47, pending=192, in flight=38
Speed: 19.499951 creatures/sec. Server status: 19:13:39: 6940x RT, 115.7 creatures/sec. Fitness: best=3067.6, avg=1616.5, new=(curl-right=794.3, qd-mutate=1155.3, qd-large-mutate=1221.8, template-m1-balanced=1225.8, curl-left=1218.5). MAP-Elites(8x8, morphologies=3): occupied=47, pending=192, in flight=38
Speed: 19.399996 creatures/sec. Server status: 19:13:39: 6940x RT, 115.7 creatures/sec. Fitness: best=3067.6, avg=1616.5, new=(curl-right=794.3, qd-mutate=1155.3, qd-large-mutate=1221.8, template-m1-balanced=1225.8, curl-left=1218.5). MAP-Elites(8x8, morphologies=3): occupied=47, pending=192, in flight=38
Speed: 19.399996 creatures/sec. Server status: 19:13:39: 6940x RT, 115.7 creatures/sec. Fitness: best=3067.6, avg=1616.5, new=(curl-right=794.3, qd-mutate=1155.3, qd-large-mutate=1221.8, template-m1-balanced=1225.8, curl-left=1218.5). MAP-Elites(8x8, morphologies=3): occupied=47, pending=192, in flight=38
Speed: 19.399993 creatures/sec. Server status: 19:13:39: 6940x RT, 115.7 creatures/sec. Fitness: best=3067.6, avg=1616.5, new=(curl-right=794.3, qd-mutate=1155.3, qd-large-mutate=1221.8, template-m1-balanced=1225.8, curl-left=1218.5). MAP-Elites(8x8, morphologies=3): occupied=47, pending=192, in flight=38
Speed: 19.099998 creatures/sec. Server status: 19:13:49: 7002x RT, 116.7 creatures/sec. Fitness: best=3067.6, avg=1616.5, new=(qd-mutate=1093.2, qd-large-mutate=1117.3, template-m1-balanced=991.6, curl-left=1267.3, curl-right=1052.9). MAP-Elites(8x8, morphologies=3): occupied=47, pending=192, in flight=38
Speed: 19.399981 creatures/sec. Server status: 19:13:49: 7002x RT, 116.7 creatures/sec. Fitness: best=3067.6, avg=1616.5, new=(qd-mutate=1093.2, qd-large-mutate=1117.3, template-m1-balanced=991.6, curl-left=1267.3, curl-right=1052.9). MAP-Elites(8x8, morphologies=3): occupied=47, pending=192, in flight=38
Speed: 19.299994 creatures/sec. Server status: 19:13:49: 7002x RT, 116.7 creatures/sec. Fitness: best=3067.6, avg=1616.5, new=(qd-mutate=1093.2, qd-large-mutate=1117.3, template-m1-balanced=991.6, curl-left=1267.3, curl-right=1052.9). MAP-Elites(8x8, morphologies=3): occupied=47, pending=192, in flight=38
Speed: 19.099998 creatures/sec. Server status: 19:13:49: 7002x RT, 116.7 creatures/sec. Fitness: best=3067.6, avg=1616.5, new=(qd-mutate=1093.2, qd-large-mutate=1117.3, template-m1-balanced=991.6, curl-left=1267.3, curl-right=1052.9). MAP-Elites(8x8, morphologies=3): occupied=47, pending=192, in flight=38
Speed: 19.099981 creatures/sec. Server status: 19:13:49: 7002x RT, 116.7 creatures/sec. Fitness: best=3067.6, avg=1616.5, new=(qd-mutate=1093.2, qd-large-mutate=1117.3, template-m1-balanced=991.6, curl-left=1267.3, curl-right=1052.9). MAP-Elites(8x8, morphologies=3): occupied=47, pending=192, in flight=38
Speed: 19.099986 creatures/sec. Server status: 19:13:49: 7002x RT, 116.7 creatures/sec. Fitness: best=3067.6, avg=1616.5, new=(qd-mutate=1093.2, qd-large-mutate=1117.3, template-m1-balanced=991.6, curl-left=1267.3, curl-right=1052.9). MAP-Elites(8x8, morphologies=3): occupied=47, pending=192, in flight=38
Speed: 19.699996 creatures/sec. Server status: 19:14:00: 7262x RT, 121.0 creatures/sec. Fitness: best=3067.6, avg=1616.5, new=(qd-mutate=1051.6, qd-large-mutate=1185.6, template-m1-balanced=912.1, curl-right=902.2, curl-left=1413.4). MAP-Elites(8x8, morphologies=3): occupied=47, pending=192, in flight=38
Speed: 19.899984 creatures/sec. Server status: 19:14:00: 7262x RT, 121.0 creatures/sec. Fitness: best=3067.6, avg=1616.5, new=(qd-mutate=1051.6, qd-large-mutate=1185.6, template-m1-balanced=912.1, curl-right=902.2, curl-left=1413.4). MAP-Elites(8x8, morphologies=3): occupied=47, pending=192, in flight=38
Speed: 19.799972 creatures/sec. Server status: 19:14:00: 7262x RT, 121.0 creatures/sec. Fitness: best=3067.6, avg=1616.5, new=(qd-mutate=1051.6, qd-large-mutate=1185.6, template-m1-balanced=912.1, curl-right=902.2, curl-left=1413.4). MAP-Elites(8x8, morphologies=3): occupied=47, pending=192, in flight=38
Speed: 19.700000 creatures/sec. Server status: 19:14:00: 7262x RT, 121.0 creatures/sec. Fitness: best=3067.6, avg=1616.5, new=(qd-mutate=1051.6, qd-large-mutate=1185.6, template-m1-balanced=912.1, curl-right=902.2, curl-left=1413.4). MAP-Elites(8x8, morphologies=3): occupied=47, pending=192, in flight=38
Speed: 19.699978 creatures/sec. Server status: 19:14:00: 7262x RT, 121.0 creatures/sec. Fitness: best=3067.6, avg=1616.5, new=(qd-mutate=1051.6, qd-large-mutate=1185.6, template-m1-balanced=912.1, curl-right=902.2, curl-left=1413.4). MAP-Elites(8x8, morphologies=3): occupied=47, pending=192, in flight=38
Speed: 19.499977 creatures/sec. Server status: 19:14:00: 7262x RT, 121.0 creatures/sec. Fitness: best=3067.6, avg=1616.5, new=(qd-mutate=1051.6, qd-large-mutate=1185.6, template-m1-balanced=912.1, curl-right=902.2, curl-left=1413.4). MAP-Elites(8x8, morphologies=3): occupied=47, pending=192, in flight=38
Speed: 19.999970 creatures/sec. Server status: 19:14:10: 7227x RT, 120.4 creatures/sec. Fitness: best=3067.6, avg=1616.5, new=(qd-large-mutate=1134.7, qd-mutate=1126.7, curl-left=1084.0, template-m1-balanced=981.2). MAP-Elites(8x8, morphologies=3): occupied=47, pending=192, in flight=38
Speed: 19.899986 creatures/sec. Server status: 19:14:10: 7227x RT, 120.4 creatures/sec. Fitness: best=3067.6, avg=1616.5, new=(qd-large-mutate=1134.7, qd-mutate=1126.7, curl-left=1084.0, template-m1-balanced=981.2). MAP-Elites(8x8, morphologies=3): occupied=47, pending=192, in flight=38
Speed: 19.999998 creatures/sec. Server status: 19:14:10: 7227x RT, 120.4 creatures/sec. Fitness: best=3067.6, avg=1616.5, new=(qd-large-mutate=1134.7, qd-mutate=1126.7, curl-left=1084.0, template-m1-balanced=981.2). MAP-Elites(8x8, morphologies=3): occupied=47, pending=192, in flight=38
Speed: 19.799990 creatures/sec. Server status: 19:14:10: 7227x RT, 120.4 creatures/sec. Fitness: best=3067.6, avg=1616.5, new=(qd-large-mutate=1134.7, qd-mutate=1126.7, curl-left=1084.0, template-m1-balanced=981.2). MAP-Elites(8x8, morphologies=3): occupied=47, pending=192, in flight=38
Speed: 20.099938 creatures/sec. Server status: 19:14:10: 7227x RT, 120.4 creatures/sec. Fitness: best=3067.6, avg=1616.5, new=(qd-large-mutate=1134.7, qd-mutate=1126.7, curl-left=1084.0, template-m1-balanced=981.2). MAP-Elites(8x8, morphologies=3): occupied=47, pending=192, in flight=38
Speed: 19.799966 creatures/sec. Server status: 19:14:10: 7227x RT, 120.4 creatures/sec. Fitness: best=3067.6, avg=1616.5, new=(qd-large-mutate=1134.7, qd-mutate=1126.7, curl-left=1084.0, template-m1-balanced=981.2). MAP-Elites(8x8, morphologies=3): occupied=47, pending=192, in flight=38
Speed: 19.199975 creatures/sec. Server status: 19:14:20: 6430x RT, 107.2 creatures/sec. Fitness: best=3067.6, avg=1616.5, new=(qd-large-mutate=1191.5, qd-mutate=1032.3, template-m1-balanced=1092.0, curl-right=775.0). MAP-Elites(8x8, morphologies=3): occupied=47, pending=192, in flight=38
Speed: 19.699977 creatures/sec. Server status: 19:14:20: 6430x RT, 107.2 creatures/sec. Fitness: best=3067.6, avg=1616.5, new=(qd-large-mutate=1191.5, qd-mutate=1032.3, template-m1-balanced=1092.0, curl-right=775.0). MAP-Elites(8x8, morphologies=3): occupied=47, pending=192, in flight=38
Speed: 19.699935 creatures/sec. Server status: 19:14:20: 6430x RT, 107.2 creatures/sec. Fitness: best=3067.6, avg=1616.5, new=(qd-large-mutate=1191.5, qd-mutate=1032.3, template-m1-balanced=1092.0, curl-right=775.0). MAP-Elites(8x8, morphologies=3): occupied=47, pending=192, in flight=38
Speed: 19.599992 creatures/sec. Server status: 19:14:20: 6430x RT, 107.2 creatures/sec. Fitness: best=3067.6, avg=1616.5, new=(qd-large-mutate=1191.5, qd-mutate=1032.3, template-m1-balanced=1092.0, curl-right=775.0). MAP-Elites(8x8, morphologies=3): occupied=47, pending=192, in flight=38
Speed: 19.599994 creatures/sec. Server status: 19:14:20: 6430x RT, 107.2 creatures/sec. Fitness: best=3067.6, avg=1616.5, new=(qd-large-mutate=1191.5, qd-mutate=1032.3, template-m1-balanced=1092.0, curl-right=775.0). MAP-Elites(8x8, morphologies=3): occupied=47, pending=192, in flight=38
Speed: 19.499998 creatures/sec. Server status: 19:14:20: 6430x RT, 107.2 creatures/sec. Fitness: best=3067.6, avg=1616.5, new=(qd-large-mutate=1191.5, qd-mutate=1032.3, template-m1-balanced=1092.0, curl-right=775.0). MAP-Elites(8x8, morphologies=3): occupied=47, pending=192, in flight=38
Speed: 18.898881 creatures/sec. Server status: 19:14:29: 7222x RT, 120.4 creatures/sec. Fitness: best=3067.6, avg=1616.5, new=(curl-right=759.0, qd-mutate=1133.5, curl-left=1005.5, qd-large-mutate=1076.5, template-m1-balanced=1032.7). MAP-Elites(8x8, morphologies=3): occupied=47, pending=192, in flight=38
Speed: 19.199896 creatures/sec. Server status: 19:14:29: 7222x RT, 120.4 creatures/sec. Fitness: best=3067.6, avg=1616.5, new=(curl-right=759.0, qd-mutate=1133.5, curl-left=1005.5, qd-large-mutate=1076.5, template-m1-balanced=1032.7). MAP-Elites(8x8, morphologies=3): occupied=47, pending=192, in flight=38
Speed: 19.099867 creatures/sec. Server status: 19:14:29: 7222x RT, 120.4 creatures/sec. Fitness: best=3067.6, avg=1616.5, new=(curl-right=759.0, qd-mutate=1133.5, curl-left=1005.5, qd-large-mutate=1076.5, template-m1-balanced=1032.7). MAP-Elites(8x8, morphologies=3): occupied=47, pending=192, in flight=38
Speed: 19.199990 creatures/sec. Server status: 19:14:29: 7222x RT, 120.4 creatures/sec. Fitness: best=3067.6, avg=1616.5, new=(curl-right=759.0, qd-mutate=1133.5, curl-left=1005.5, qd-large-mutate=1076.5, template-m1-balanced=1032.7). MAP-Elites(8x8, morphologies=3): occupied=47, pending=192, in flight=38
Speed: 18.799955 creatures/sec. Server status: 19:14:29: 7222x RT, 120.4 creatures/sec. Fitness: best=3067.6, avg=1616.5, new=(curl-right=759.0, qd-mutate=1133.5, curl-left=1005.5, qd-large-mutate=1076.5, template-m1-balanced=1032.7). MAP-Elites(8x8, morphologies=3): occupied=47, pending=192, in flight=38
Speed: 19.199991 creatures/sec. Server status: 19:14:29: 7222x RT, 120.4 creatures/sec. Fitness: best=3067.6, avg=1616.5, new=(curl-right=759.0, qd-mutate=1133.5, curl-left=1005.5, qd-large-mutate=1076.5, template-m1-balanced=1032.7). MAP-Elites(8x8, morphologies=3): occupied=47, pending=192, in flight=38
Speed: 18.199987 creatures/sec. Server status: 19:14:39: 6721x RT, 112.0 creatures/sec. Fitness: best=3067.6, avg=1616.5, new=(qd-large-mutate=1242.1, qd-mutate=1137.3, curl-left=808.1, template-m1-balanced=765.1, curl-right=897.4). MAP-Elites(8x8, morphologies=3): occupied=47, pending=192, in flight=38
Speed: 18.299993 creatures/sec. Server status: 19:14:39: 6721x RT, 112.0 creatures/sec. Fitness: best=3067.6, avg=1616.5, new=(qd-large-mutate=1242.1, qd-mutate=1137.3, curl-left=808.1, template-m1-balanced=765.1, curl-right=897.4). MAP-Elites(8x8, morphologies=3): occupied=47, pending=192, in flight=38
Speed: 18.299991 creatures/sec. Server status: 19:14:39: 6721x RT, 112.0 creatures/sec. Fitness: best=3067.6, avg=1616.5, new=(qd-large-mutate=1242.1, qd-mutate=1137.3, curl-left=808.1, template-m1-balanced=765.1, curl-right=897.4). MAP-Elites(8x8, morphologies=3): occupied=47, pending=192, in flight=38
Speed: 18.300000 creatures/sec. Server status: 19:14:39: 6721x RT, 112.0 creatures/sec. Fitness: best=3067.6, avg=1616.5, new=(qd-large-mutate=1242.1, qd-mutate=1137.3, curl-left=808.1, template-m1-balanced=765.1, curl-right=897.4). MAP-Elites(8x8, morphologies=3): occupied=47, pending=192, in flight=38
Speed: 18.399995 creatures/sec. Server status: 19:14:39: 6721x RT, 112.0 creatures/sec. Fitness: best=3067.6, avg=1616.5, new=(qd-large-mutate=1242.1, qd-mutate=1137.3, curl-left=808.1, template-m1-balanced=765.1, curl-right=897.4). MAP-Elites(8x8, morphologies=3): occupied=47, pending=192, in flight=38
Speed: 18.199989 creatures/sec. Server status: 19:14:39: 6721x RT, 112.0 creatures/sec. Fitness: best=3067.6, avg=1616.5, new=(qd-large-mutate=1242.1, qd-mutate=1137.3, curl-left=808.1, template-m1-balanced=765.1, curl-right=897.4). MAP-Elites(8x8, morphologies=3): occupied=47, pending=192, in flight=38
Speed: 17.799970 creatures/sec. Server status: 19:14:49: 6762x RT, 112.7 creatures/sec. Fitness: best=3067.6, avg=1616.5, new=(qd-mutate=1135.7, qd-large-mutate=1125.2, curl-right=822.2, template-m1-balanced=767.9, curl-left=739.5). MAP-Elites(8x8, morphologies=3): occupied=47, pending=192, in flight=38
Speed: 17.999917 creatures/sec. Server status: 19:14:49: 6762x RT, 112.7 creatures/sec. Fitness: best=3067.6, avg=1616.5, new=(qd-mutate=1135.7, qd-large-mutate=1125.2, curl-right=822.2, template-m1-balanced=767.9, curl-left=739.5). MAP-Elites(8x8, morphologies=3): occupied=47, pending=192, in flight=38
Speed: 18.099994 creatures/sec. Server status: 19:14:49: 6762x RT, 112.7 creatures/sec. Fitness: best=3067.6, avg=1616.5, new=(qd-mutate=1135.7, qd-large-mutate=1125.2, curl-right=822.2, template-m1-balanced=767.9, curl-left=739.5). MAP-Elites(8x8, morphologies=3): occupied=47, pending=192, in flight=38
Speed: 17.899998 creatures/sec. Server status: 19:14:49: 6762x RT, 112.7 creatures/sec. Fitness: best=3067.6, avg=1616.5, new=(qd-mutate=1135.7, qd-large-mutate=1125.2, curl-right=822.2, template-m1-balanced=767.9, curl-left=739.5). MAP-Elites(8x8, morphologies=3): occupied=47, pending=192, in flight=38
Speed: 18.099982 creatures/sec. Server status: 19:14:49: 6762x RT, 112.7 creatures/sec. Fitness: best=3067.6, avg=1616.5, new=(qd-mutate=1135.7, qd-large-mutate=1125.2, curl-right=822.2, template-m1-balanced=767.9, curl-left=739.5). MAP-Elites(8x8, morphologies=3): occupied=47, pending=192, in flight=38
Speed: 18.099971 creatures/sec. Server status: 19:14:49: 6762x RT, 112.7 creatures/sec. Fitness: best=3067.6, avg=1616.5, new=(qd-mutate=1135.7, qd-large-mutate=1125.2, curl-right=822.2, template-m1-balanced=767.9, curl-left=739.5). MAP-Elites(8x8, morphologies=3): occupied=47, pending=192, in flight=38
Speed: 16.599955 creatures/sec. Server status: 19:15:00: 4736x RT, 78.9 creatures/sec. Fitness: best=3067.6, avg=1616.5, new=(qd-mutate=1027.6, qd-large-mutate=1346.0, curl-left=925.2, curl-right=878.5, template-m1-balanced=1087.3). MAP-Elites(8x8, morphologies=3): occupied=47, pending=192, in flight=38
Speed: 16.999956 creatures/sec. Server status: 19:15:00: 4736x RT, 78.9 creatures/sec. Fitness: best=3067.6, avg=1616.5, new=(qd-mutate=1027.6, qd-large-mutate=1346.0, curl-left=925.2, curl-right=878.5, template-m1-balanced=1087.3). MAP-Elites(8x8, morphologies=3): occupied=47, pending=192, in flight=38
Speed: 17.099986 creatures/sec. Server status: 19:15:00: 4736x RT, 78.9 creatures/sec. Fitness: best=3067.6, avg=1616.5, new=(qd-mutate=1027.6, qd-large-mutate=1346.0, curl-left=925.2, curl-right=878.5, template-m1-balanced=1087.3). MAP-Elites(8x8, morphologies=3): occupied=47, pending=192, in flight=38
Speed: 16.799997 creatures/sec. Server status: 19:15:00: 4736x RT, 78.9 creatures/sec. Fitness: best=3067.6, avg=1616.5, new=(qd-mutate=1027.6, qd-large-mutate=1346.0, curl-left=925.2, curl-right=878.5, template-m1-balanced=1087.3). MAP-Elites(8x8, morphologies=3): occupied=47, pending=192, in flight=38
Speed: 17.099971 creatures/sec. Server status: 19:15:00: 4736x RT, 78.9 creatures/sec. Fitness: best=3067.6, avg=1616.5, new=(qd-mutate=1027.6, qd-large-mutate=1346.0, curl-left=925.2, curl-right=878.5, template-m1-balanced=1087.3). MAP-Elites(8x8, morphologies=3): occupied=47, pending=192, in flight=38
Speed: 16.799992 creatures/sec. Server status: 19:15:00: 4736x RT, 78.9 creatures/sec. Fitness: best=3067.6, avg=1616.5, new=(qd-mutate=1027.6, qd-large-mutate=1346.0, curl-left=925.2, curl-right=878.5, template-m1-balanced=1087.3). MAP-Elites(8x8, morphologies=3): occupied=47, pending=192, in flight=38
Speed: 14.599965 creatures/sec. Server status: 19:15:10: 5143x RT, 85.7 creatures/sec. Fitness: best=3067.6, avg=1616.5, new=(qd-mutate=1059.1, qd-large-mutate=1193.4, curl-left=703.8, curl-right=974.3, template-m1-balanced=977.6). MAP-Elites(8x8, morphologies=3): occupied=47, pending=192, in flight=38
Speed: 14.599969 creatures/sec. Server status: 19:15:10: 5143x RT, 85.7 creatures/sec. Fitness: best=3067.6, avg=1616.5, new=(qd-mutate=1059.1, qd-large-mutate=1193.4, curl-left=703.8, curl-right=974.3, template-m1-balanced=977.6). MAP-Elites(8x8, morphologies=3): occupied=47, pending=192, in flight=38
Speed: 14.599987 creatures/sec. Server status: 19:15:10: 5143x RT, 85.7 creatures/sec. Fitness: best=3067.6, avg=1616.5, new=(qd-mutate=1059.1, qd-large-mutate=1193.4, curl-left=703.8, curl-right=974.3, template-m1-balanced=977.6). MAP-Elites(8x8, morphologies=3): occupied=47, pending=192, in flight=38
Speed: 14.399976 creatures/sec. Server status: 19:15:10: 5143x RT, 85.7 creatures/sec. Fitness: best=3067.6, avg=1616.5, new=(qd-mutate=1059.1, qd-large-mutate=1193.4, curl-left=703.8, curl-right=974.3, template-m1-balanced=977.6). MAP-Elites(8x8, morphologies=3): occupied=47, pending=192, in flight=38
Speed: 14.599993 creatures/sec. Server status: 19:15:10: 5143x RT, 85.7 creatures/sec. Fitness: best=3067.6, avg=1616.5, new=(qd-mutate=1059.1, qd-large-mutate=1193.4, curl-left=703.8, curl-right=974.3, template-m1-balanced=977.6). MAP-Elites(8x8, morphologies=3): occupied=47, pending=192, in flight=38
Speed: 14.499993 creatures/sec. Server status: 19:15:10: 5143x RT, 85.7 creatures/sec. Fitness: best=3067.6, avg=1616.5, new=(qd-mutate=1059.1, qd-large-mutate=1193.4, curl-left=703.8, curl-right=974.3, template-m1-balanced=977.6). MAP-Elites(8x8, morphologies=3): occupied=47, pending=192, in flight=38
Speed: 14.399993 creatures/sec. Server status: 19:15:20: 4909x RT, 81.8 creatures/sec. Fitness: best=3067.6, avg=1616.5, new=(qd-mutate=1071.5, qd-large-mutate=1045.5, curl-right=1280.0, template-m1-balanced=835.1, curl-left=694.7). MAP-Elites(8x8, morphologies=3): occupied=47, pending=192, in flight=38
Speed: 14.499987 creatures/sec. Server status: 19:15:20: 4909x RT, 81.8 creatures/sec. Fitness: best=3067.6, avg=1616.5, new=(qd-mutate=1071.5, qd-large-mutate=1045.5, curl-right=1280.0, template-m1-balanced=835.1, curl-left=694.7). MAP-Elites(8x8, morphologies=3): occupied=47, pending=192, in flight=38
Speed: 14.599963 creatures/sec. Server status: 19:15:20: 4909x RT, 81.8 creatures/sec. Fitness: best=3067.6, avg=1616.5, new=(qd-mutate=1071.5, qd-large-mutate=1045.5, curl-right=1280.0, template-m1-balanced=835.1, curl-left=694.7). MAP-Elites(8x8, morphologies=3): occupied=47, pending=192, in flight=38
Speed: 14.199977 creatures/sec. Server status: 19:15:20: 4909x RT, 81.8 creatures/sec. Fitness: best=3067.6, avg=1616.5, new=(qd-mutate=1071.5, qd-large-mutate=1045.5, curl-right=1280.0, template-m1-balanced=835.1, curl-left=694.7). MAP-Elites(8x8, morphologies=3): occupied=47, pending=192, in flight=38
Speed: 14.300000 creatures/sec. Server status: 19:15:20: 4909x RT, 81.8 creatures/sec. Fitness: best=3067.6, avg=1616.5, new=(qd-mutate=1071.5, qd-large-mutate=1045.5, curl-right=1280.0, template-m1-balanced=835.1, curl-left=694.7). MAP-Elites(8x8, morphologies=3): occupied=47, pending=192, in flight=38
Speed: 14.499994 creatures/sec. Server status: 19:15:20: 4909x RT, 81.8 creatures/sec. Fitness: best=3067.6, avg=1616.5, new=(qd-mutate=1071.5, qd-large-mutate=1045.5, curl-right=1280.0, template-m1-balanced=835.1, curl-left=694.7). MAP-Elites(8x8, morphologies=3): occupied=47, pending=192, in flight=38
Speed: 14.199984 creatures/sec. Server status: 19:15:29: 5135x RT, 85.6 creatures/sec. Fitness: best=3067.6, avg=1616.5, new=(qd-mutate=1109.0, qd-large-mutate=1090.9, template-m1-balanced=1022.4, curl-right=767.0, curl-left=723.6). MAP-Elites(8x8, morphologies=3): occupied=47, pending=192, in flight=38
Speed: 14.600000 creatures/sec. Server status: 19:15:29: 5135x RT, 85.6 creatures/sec. Fitness: best=3067.6, avg=1616.5, new=(qd-mutate=1109.0, qd-large-mutate=1090.9, template-m1-balanced=1022.4, curl-right=767.0, curl-left=723.6). MAP-Elites(8x8, morphologies=3): occupied=47, pending=192, in flight=38
Speed: 14.299999 creatures/sec. Server status: 19:15:29: 5135x RT, 85.6 creatures/sec. Fitness: best=3067.6, avg=1616.5, new=(qd-mutate=1109.0, qd-large-mutate=1090.9, template-m1-balanced=1022.4, curl-right=767.0, curl-left=723.6). MAP-Elites(8x8, morphologies=3): occupied=47, pending=192, in flight=38
Speed: 14.100000 creatures/sec. Server status: 19:15:29: 5135x RT, 85.6 creatures/sec. Fitness: best=3067.6, avg=1616.5, new=(qd-mutate=1109.0, qd-large-mutate=1090.9, template-m1-balanced=1022.4, curl-right=767.0, curl-left=723.6). MAP-Elites(8x8, morphologies=3): occupied=47, pending=192, in flight=38
Speed: 14.299979 creatures/sec. Server status: 19:15:29: 5135x RT, 85.6 creatures/sec. Fitness: best=3067.6, avg=1616.5, new=(qd-mutate=1109.0, qd-large-mutate=1090.9, template-m1-balanced=1022.4, curl-right=767.0, curl-left=723.6). MAP-Elites(8x8, morphologies=3): occupied=47, pending=192, in flight=38
Speed: 14.399991 creatures/sec. Server status: 19:15:29: 5135x RT, 85.6 creatures/sec. Fitness: best=3067.6, avg=1616.5, new=(qd-mutate=1109.0, qd-large-mutate=1090.9, template-m1-balanced=1022.4, curl-right=767.0, curl-left=723.6). MAP-Elites(8x8, morphologies=3): occupied=47, pending=192, in flight=38
Speed: 14.499983 creatures/sec. Server status: 19:15:39: 5048x RT, 84.1 creatures/sec. Fitness: best=3067.6, avg=1616.5, new=(curl-left=432.7, qd-mutate=1059.1, curl-right=901.5, template-m1-balanced=865.3, qd-large-mutate=1028.1). MAP-Elites(8x8, morphologies=3): occupied=47, pending=192, in flight=38
Speed: 14.499985 creatures/sec. Server status: 19:15:39: 5048x RT, 84.1 creatures/sec. Fitness: best=3067.6, avg=1616.5, new=(curl-left=432.7, qd-mutate=1059.1, curl-right=901.5, template-m1-balanced=865.3, qd-large-mutate=1028.1). MAP-Elites(8x8, morphologies=3): occupied=47, pending=192, in flight=38
Speed: 14.499985 creatures/sec. Server status: 19:15:39: 5048x RT, 84.1 creatures/sec. Fitness: best=3067.6, avg=1616.5, new=(curl-left=432.7, qd-mutate=1059.1, curl-right=901.5, template-m1-balanced=865.3, qd-large-mutate=1028.1). MAP-Elites(8x8, morphologies=3): occupied=47, pending=192, in flight=38
Speed: 14.499948 creatures/sec. Server status: 19:15:39: 5048x RT, 84.1 creatures/sec. Fitness: best=3067.6, avg=1616.5, new=(curl-left=432.7, qd-mutate=1059.1, curl-right=901.5, template-m1-balanced=865.3, qd-large-mutate=1028.1). MAP-Elites(8x8, morphologies=3): occupied=47, pending=192, in flight=38
Speed: 14.599978 creatures/sec. Server status: 19:15:39: 5048x RT, 84.1 creatures/sec. Fitness: best=3067.6, avg=1616.5, new=(curl-left=432.7, qd-mutate=1059.1, curl-right=901.5, template-m1-balanced=865.3, qd-large-mutate=1028.1). MAP-Elites(8x8, morphologies=3): occupied=47, pending=192, in flight=38
Speed: 14.399989 creatures/sec. Server status: 19:15:39: 5048x RT, 84.1 creatures/sec. Fitness: best=3067.6, avg=1616.5, new=(curl-left=432.7, qd-mutate=1059.1, curl-right=901.5, template-m1-balanced=865.3, qd-large-mutate=1028.1). MAP-Elites(8x8, morphologies=3): occupied=47, pending=192, in flight=38
Speed: 14.099967 creatures/sec. Server status: 19:15:49: 5360x RT, 89.3 creatures/sec. Fitness: best=3067.6, avg=1616.5, new=(qd-mutate=1048.6, qd-large-mutate=1149.8, curl-left=1004.5, template-m1-balanced=986.6, curl-right=1288.5). MAP-Elites(8x8, morphologies=3): occupied=47, pending=192, in flight=38
Speed: 14.399996 creatures/sec. Server status: 19:15:49: 5360x RT, 89.3 creatures/sec. Fitness: best=3067.6, avg=1616.5, new=(qd-mutate=1048.6, qd-large-mutate=1149.8, curl-left=1004.5, template-m1-balanced=986.6, curl-right=1288.5). MAP-Elites(8x8, morphologies=3): occupied=47, pending=192, in flight=38
Speed: 14.599993 creatures/sec. Server status: 19:15:49: 5360x RT, 89.3 creatures/sec. Fitness: best=3067.6, avg=1616.5, new=(qd-mutate=1048.6, qd-large-mutate=1149.8, curl-left=1004.5, template-m1-balanced=986.6, curl-right=1288.5). MAP-Elites(8x8, morphologies=3): occupied=47, pending=192, in flight=38
Speed: 14.299999 creatures/sec. Server status: 19:15:49: 5360x RT, 89.3 creatures/sec. Fitness: best=3067.6, avg=1616.5, new=(qd-mutate=1048.6, qd-large-mutate=1149.8, curl-left=1004.5, template-m1-balanced=986.6, curl-right=1288.5). MAP-Elites(8x8, morphologies=3): occupied=47, pending=192, in flight=38
Speed: 14.299990 creatures/sec. Server status: 19:15:49: 5360x RT, 89.3 creatures/sec. Fitness: best=3067.6, avg=1616.5, new=(qd-mutate=1048.6, qd-large-mutate=1149.8, curl-left=1004.5, template-m1-balanced=986.6, curl-right=1288.5). MAP-Elites(8x8, morphologies=3): occupied=47, pending=192, in flight=38
Speed: 14.199996 creatures/sec. Server status: 19:15:49: 5360x RT, 89.3 creatures/sec. Fitness: best=3067.6, avg=1616.5, new=(qd-mutate=1048.6, qd-large-mutate=1149.8, curl-left=1004.5, template-m1-balanced=986.6, curl-right=1288.5). MAP-Elites(8x8, morphologies=3): occupied=47, pending=192, in flight=38
Speed: 15.099991 creatures/sec. Server status: 19:16:00: 6665x RT, 111.1 creatures/sec. Fitness: best=3067.6, avg=1616.5, new=(qd-mutate=964.4, qd-large-mutate=1074.3, curl-right=1016.5, template-m1-balanced=862.7, curl-left=1112.8). MAP-Elites(8x8, morphologies=3): occupied=47, pending=192, in flight=38
Speed: 15.399989 creatures/sec. Server status: 19:16:00: 6665x RT, 111.1 creatures/sec. Fitness: best=3067.6, avg=1616.5, new=(qd-mutate=964.4, qd-large-mutate=1074.3, curl-right=1016.5, template-m1-balanced=862.7, curl-left=1112.8). MAP-Elites(8x8, morphologies=3): occupied=47, pending=192, in flight=38
Speed: 15.399983 creatures/sec. Server status: 19:16:00: 6665x RT, 111.1 creatures/sec. Fitness: best=3067.6, avg=1616.5, new=(qd-mutate=964.4, qd-large-mutate=1074.3, curl-right=1016.5, template-m1-balanced=862.7, curl-left=1112.8). MAP-Elites(8x8, morphologies=3): occupied=47, pending=192, in flight=38
Speed: 15.099997 creatures/sec. Server status: 19:16:00: 6665x RT, 111.1 creatures/sec. Fitness: best=3067.6, avg=1616.5, new=(qd-mutate=964.4, qd-large-mutate=1074.3, curl-right=1016.5, template-m1-balanced=862.7, curl-left=1112.8). MAP-Elites(8x8, morphologies=3): occupied=47, pending=192, in flight=38
Speed: 15.399986 creatures/sec. Server status: 19:16:00: 6665x RT, 111.1 creatures/sec. Fitness: best=3067.6, avg=1616.5, new=(qd-mutate=964.4, qd-large-mutate=1074.3, curl-right=1016.5, template-m1-balanced=862.7, curl-left=1112.8). MAP-Elites(8x8, morphologies=3): occupied=47, pending=192, in flight=38
Speed: 15.399999 creatures/sec. Server status: 19:16:00: 6665x RT, 111.1 creatures/sec. Fitness: best=3067.6, avg=1616.5, new=(qd-mutate=964.4, qd-large-mutate=1074.3, curl-right=1016.5, template-m1-balanced=862.7, curl-left=1112.8). MAP-Elites(8x8, morphologies=3): occupied=47, pending=192, in flight=38
Speed: 18.299998 creatures/sec. Server status: 19:16:10: 6631x RT, 110.5 creatures/sec. Fitness: best=3067.6, avg=1616.5, new=(qd-mutate=1076.0, template-m1-balanced=1015.2, curl-right=928.0, qd-large-mutate=1199.4, curl-left=916.9). MAP-Elites(8x8, morphologies=3): occupied=47, pending=192, in flight=38
Speed: 18.599976 creatures/sec. Server status: 19:16:10: 6631x RT, 110.5 creatures/sec. Fitness: best=3067.6, avg=1616.5, new=(qd-mutate=1076.0, template-m1-balanced=1015.2, curl-right=928.0, qd-large-mutate=1199.4, curl-left=916.9). MAP-Elites(8x8, morphologies=3): occupied=47, pending=192, in flight=38
Speed: 18.599994 creatures/sec. Server status: 19:16:10: 6631x RT, 110.5 creatures/sec. Fitness: best=3067.6, avg=1616.5, new=(qd-mutate=1076.0, template-m1-balanced=1015.2, curl-right=928.0, qd-large-mutate=1199.4, curl-left=916.9). MAP-Elites(8x8, morphologies=3): occupied=47, pending=192, in flight=38
Speed: 18.299983 creatures/sec. Server status: 19:16:10: 6631x RT, 110.5 creatures/sec. Fitness: best=3067.6, avg=1616.5, new=(qd-mutate=1076.0, template-m1-balanced=1015.2, curl-right=928.0, qd-large-mutate=1199.4, curl-left=916.9). MAP-Elites(8x8, morphologies=3): occupied=47, pending=192, in flight=38
Speed: 18.600000 creatures/sec. Server status: 19:16:10: 6631x RT, 110.5 creatures/sec. Fitness: best=3067.6, avg=1616.5, new=(qd-mutate=1076.0, template-m1-balanced=1015.2, curl-right=928.0, qd-large-mutate=1199.4, curl-left=916.9). MAP-Elites(8x8, morphologies=3): occupied=47, pending=192, in flight=38
Speed: 18.499996 creatures/sec. Server status: 19:16:10: 6631x RT, 110.5 creatures/sec. Fitness: best=3067.6, avg=1616.5, new=(qd-mutate=1076.0, template-m1-balanced=1015.2, curl-right=928.0, qd-large-mutate=1199.4, curl-left=916.9). MAP-Elites(8x8, morphologies=3): occupied=47, pending=192, in flight=38
Speed: 18.600000 creatures/sec. Server status: 19:16:20: 6688x RT, 111.5 creatures/sec. Fitness: best=3067.6, avg=1616.6, new=(qd-mutate=1054.1, curl-right=780.3, curl-left=822.3, template-m1-balanced=1019.0, qd-large-mutate=1145.0). MAP-Elites(8x8, morphologies=3): occupied=47, pending=192, in flight=38
Speed: 18.799996 creatures/sec. Server status: 19:16:20: 6688x RT, 111.5 creatures/sec. Fitness: best=3067.6, avg=1616.6, new=(qd-mutate=1054.1, curl-right=780.3, curl-left=822.3, template-m1-balanced=1019.0, qd-large-mutate=1145.0). MAP-Elites(8x8, morphologies=3): occupied=47, pending=192, in flight=38
Speed: 18.899934 creatures/sec. Server status: 19:16:20: 6688x RT, 111.5 creatures/sec. Fitness: best=3067.6, avg=1616.6, new=(qd-mutate=1054.1, curl-right=780.3, curl-left=822.3, template-m1-balanced=1019.0, qd-large-mutate=1145.0). MAP-Elites(8x8, morphologies=3): occupied=47, pending=192, in flight=38
Speed: 18.599933 creatures/sec. Server status: 19:16:20: 6688x RT, 111.5 creatures/sec. Fitness: best=3067.6, avg=1616.6, new=(qd-mutate=1054.1, curl-right=780.3, curl-left=822.3, template-m1-balanced=1019.0, qd-large-mutate=1145.0). MAP-Elites(8x8, morphologies=3): occupied=47, pending=192, in flight=38
Speed: 18.799994 creatures/sec. Server status: 19:16:20: 6688x RT, 111.5 creatures/sec. Fitness: best=3067.6, avg=1616.6, new=(qd-mutate=1054.1, curl-right=780.3, curl-left=822.3, template-m1-balanced=1019.0, qd-large-mutate=1145.0). MAP-Elites(8x8, morphologies=3): occupied=47, pending=192, in flight=38
Speed: 18.599985 creatures/sec. Server status: 19:16:20: 6688x RT, 111.5 creatures/sec. Fitness: best=3067.6, avg=1616.6, new=(qd-mutate=1054.1, curl-right=780.3, curl-left=822.3, template-m1-balanced=1019.0, qd-large-mutate=1145.0). MAP-Elites(8x8, morphologies=3): occupied=47, pending=192, in flight=38
Speed: 17.299990 creatures/sec. Server status: 19:16:29: 6296x RT, 104.9 creatures/sec. Fitness: best=3067.6, avg=1616.6, new=(qd-mutate=1146.5, qd-large-mutate=1025.9, curl-left=961.2, curl-right=853.5, template-m1-balanced=944.4). MAP-Elites(8x8, morphologies=3): occupied=47, pending=192, in flight=38
Speed: 17.499998 creatures/sec. Server status: 19:16:29: 6296x RT, 104.9 creatures/sec. Fitness: best=3067.6, avg=1616.6, new=(qd-mutate=1146.5, qd-large-mutate=1025.9, curl-left=961.2, curl-right=853.5, template-m1-balanced=944.4). MAP-Elites(8x8, morphologies=3): occupied=47, pending=192, in flight=38
Speed: 17.399981 creatures/sec. Server status: 19:16:29: 6296x RT, 104.9 creatures/sec. Fitness: best=3067.6, avg=1616.6, new=(qd-mutate=1146.5, qd-large-mutate=1025.9, curl-left=961.2, curl-right=853.5, template-m1-balanced=944.4). MAP-Elites(8x8, morphologies=3): occupied=47, pending=192, in flight=38
Speed: 17.400000 creatures/sec. Server status: 19:16:29: 6296x RT, 104.9 creatures/sec. Fitness: best=3067.6, avg=1616.6, new=(qd-mutate=1146.5, qd-large-mutate=1025.9, curl-left=961.2, curl-right=853.5, template-m1-balanced=944.4). MAP-Elites(8x8, morphologies=3): occupied=47, pending=192, in flight=38
Speed: 17.599991 creatures/sec. Server status: 19:16:29: 6296x RT, 104.9 creatures/sec. Fitness: best=3067.6, avg=1616.6, new=(qd-mutate=1146.5, qd-large-mutate=1025.9, curl-left=961.2, curl-right=853.5, template-m1-balanced=944.4). MAP-Elites(8x8, morphologies=3): occupied=47, pending=192, in flight=38
Speed: 17.299990 creatures/sec. Server status: 19:16:29: 6296x RT, 104.9 creatures/sec. Fitness: best=3067.6, avg=1616.6, new=(qd-mutate=1146.5, qd-large-mutate=1025.9, curl-left=961.2, curl-right=853.5, template-m1-balanced=944.4). MAP-Elites(8x8, morphologies=3): occupied=47, pending=192, in flight=38
Speed: 17.599991 creatures/sec. Server status: 19:16:39: 6887x RT, 114.8 creatures/sec. Fitness: best=3067.6, avg=1616.6, new=(qd-mutate=1098.9, qd-large-mutate=1107.7, curl-left=983.7, template-m1-balanced=1040.8, curl-right=1062.5). MAP-Elites(8x8, morphologies=3): occupied=47, pending=192, in flight=38
Speed: 17.499998 creatures/sec. Server status: 19:16:39: 6887x RT, 114.8 creatures/sec. Fitness: best=3067.6, avg=1616.6, new=(qd-mutate=1098.9, qd-large-mutate=1107.7, curl-left=983.7, template-m1-balanced=1040.8, curl-right=1062.5). MAP-Elites(8x8, morphologies=3): occupied=47, pending=192, in flight=38
Speed: 17.599993 creatures/sec. Server status: 19:16:39: 6887x RT, 114.8 creatures/sec. Fitness: best=3067.6, avg=1616.6, new=(qd-mutate=1098.9, qd-large-mutate=1107.7, curl-left=983.7, template-m1-balanced=1040.8, curl-right=1062.5). MAP-Elites(8x8, morphologies=3): occupied=47, pending=192, in flight=38
Speed: 17.399991 creatures/sec. Server status: 19:16:39: 6887x RT, 114.8 creatures/sec. Fitness: best=3067.6, avg=1616.6, new=(qd-mutate=1098.9, qd-large-mutate=1107.7, curl-left=983.7, template-m1-balanced=1040.8, curl-right=1062.5). MAP-Elites(8x8, morphologies=3): occupied=47, pending=192, in flight=38
Speed: 17.399998 creatures/sec. Server status: 19:16:39: 6887x RT, 114.8 creatures/sec. Fitness: best=3067.6, avg=1616.6, new=(qd-mutate=1098.9, qd-large-mutate=1107.7, curl-left=983.7, template-m1-balanced=1040.8, curl-right=1062.5). MAP-Elites(8x8, morphologies=3): occupied=47, pending=192, in flight=38
Speed: 17.399981 creatures/sec. Server status: 19:16:39: 6887x RT, 114.8 creatures/sec. Fitness: best=3067.6, avg=1616.6, new=(qd-mutate=1098.9, qd-large-mutate=1107.7, curl-left=983.7, template-m1-balanced=1040.8, curl-right=1062.5). MAP-Elites(8x8, morphologies=3): occupied=47, pending=192, in flight=38
Speed: 18.399983 creatures/sec. Server status: 19:16:49: 6550x RT, 109.2 creatures/sec. Fitness: best=3067.6, avg=1616.6, new=(qd-large-mutate=1166.0, curl-right=670.4, qd-mutate=1104.9, curl-left=1023.9, template-m1-balanced=1094.7). MAP-Elites(8x8, morphologies=3): occupied=47, pending=192, in flight=38
Speed: 18.499989 creatures/sec. Server status: 19:16:49: 6550x RT, 109.2 creatures/sec. Fitness: best=3067.6, avg=1616.6, new=(qd-large-mutate=1166.0, curl-right=670.4, qd-mutate=1104.9, curl-left=1023.9, template-m1-balanced=1094.7). MAP-Elites(8x8, morphologies=3): occupied=47, pending=192, in flight=38
Speed: 18.599981 creatures/sec. Server status: 19:16:49: 6550x RT, 109.2 creatures/sec. Fitness: best=3067.6, avg=1616.6, new=(qd-large-mutate=1166.0, curl-right=670.4, qd-mutate=1104.9, curl-left=1023.9, template-m1-balanced=1094.7). MAP-Elites(8x8, morphologies=3): occupied=47, pending=192, in flight=38
Speed: 18.499998 creatures/sec. Server status: 19:16:49: 6550x RT, 109.2 creatures/sec. Fitness: best=3067.6, avg=1616.6, new=(qd-large-mutate=1166.0, curl-right=670.4, qd-mutate=1104.9, curl-left=1023.9, template-m1-balanced=1094.7). MAP-Elites(8x8, morphologies=3): occupied=47, pending=192, in flight=38
Speed: 18.599985 creatures/sec. Server status: 19:16:49: 6550x RT, 109.2 creatures/sec. Fitness: best=3067.6, avg=1616.6, new=(qd-large-mutate=1166.0, curl-right=670.4, qd-mutate=1104.9, curl-left=1023.9, template-m1-balanced=1094.7). MAP-Elites(8x8, morphologies=3): occupied=47, pending=192, in flight=38
Speed: 18.699998 creatures/sec. Server status: 19:16:49: 6550x RT, 109.2 creatures/sec. Fitness: best=3067.6, avg=1616.6, new=(qd-large-mutate=1166.0, curl-right=670.4, qd-mutate=1104.9, curl-left=1023.9, template-m1-balanced=1094.7). MAP-Elites(8x8, morphologies=3): occupied=47, pending=192, in flight=38
Speed: 17.599991 creatures/sec. Server status: 19:17:00: 6317x RT, 105.3 creatures/sec. Fitness: best=3067.6, avg=1616.6, new=(curl-right=833.7, qd-mutate=1092.2, qd-large-mutate=1256.6, template-m1-balanced=942.6). MAP-Elites(8x8, morphologies=3): occupied=47, pending=192, in flight=38
Speed: 17.699991 creatures/sec. Server status: 19:17:00: 6317x RT, 105.3 creatures/sec. Fitness: best=3067.6, avg=1616.6, new=(curl-right=833.7, qd-mutate=1092.2, qd-large-mutate=1256.6, template-m1-balanced=942.6). MAP-Elites(8x8, morphologies=3): occupied=47, pending=192, in flight=38
Speed: 17.999997 creatures/sec. Server status: 19:17:00: 6317x RT, 105.3 creatures/sec. Fitness: best=3067.6, avg=1616.6, new=(curl-right=833.7, qd-mutate=1092.2, qd-large-mutate=1256.6, template-m1-balanced=942.6). MAP-Elites(8x8, morphologies=3): occupied=47, pending=192, in flight=38
Speed: 17.699991 creatures/sec. Server status: 19:17:00: 6317x RT, 105.3 creatures/sec. Fitness: best=3067.6, avg=1616.6, new=(curl-right=833.7, qd-mutate=1092.2, qd-large-mutate=1256.6, template-m1-balanced=942.6). MAP-Elites(8x8, morphologies=3): occupied=47, pending=192, in flight=38
Speed: 17.699996 creatures/sec. Server status: 19:17:00: 6317x RT, 105.3 creatures/sec. Fitness: best=3067.6, avg=1616.6, new=(curl-right=833.7, qd-mutate=1092.2, qd-large-mutate=1256.6, template-m1-balanced=942.6). MAP-Elites(8x8, morphologies=3): occupied=47, pending=192, in flight=38
Speed: 17.599977 creatures/sec. Server status: 19:17:00: 6317x RT, 105.3 creatures/sec. Fitness: best=3067.6, avg=1616.6, new=(curl-right=833.7, qd-mutate=1092.2, qd-large-mutate=1256.6, template-m1-balanced=942.6). MAP-Elites(8x8, morphologies=3): occupied=47, pending=192, in flight=38
Speed: 18.899985 creatures/sec. Server status: 19:17:10: 6802x RT, 113.4 creatures/sec. Fitness: best=3067.6, avg=1616.6, new=(qd-mutate=1035.7, template-m1-balanced=1117.8, qd-large-mutate=1143.3, curl-left=765.1, curl-right=716.8). MAP-Elites(8x8, morphologies=3): occupied=47, pending=192, in flight=38
Speed: 18.799991 creatures/sec. Server status: 19:17:10: 6802x RT, 113.4 creatures/sec. Fitness: best=3067.6, avg=1616.6, new=(qd-mutate=1035.7, template-m1-balanced=1117.8, qd-large-mutate=1143.3, curl-left=765.1, curl-right=716.8). MAP-Elites(8x8, morphologies=3): occupied=47, pending=192, in flight=38
Speed: 18.799979 creatures/sec. Server status: 19:17:10: 6802x RT, 113.4 creatures/sec. Fitness: best=3067.6, avg=1616.6, new=(qd-mutate=1035.7, template-m1-balanced=1117.8, qd-large-mutate=1143.3, curl-left=765.1, curl-right=716.8). MAP-Elites(8x8, morphologies=3): occupied=47, pending=192, in flight=38
Speed: 18.899992 creatures/sec. Server status: 19:17:10: 6802x RT, 113.4 creatures/sec. Fitness: best=3067.6, avg=1616.6, new=(qd-mutate=1035.7, template-m1-balanced=1117.8, qd-large-mutate=1143.3, curl-left=765.1, curl-right=716.8). MAP-Elites(8x8, morphologies=3): occupied=47, pending=192, in flight=38
Speed: 18.699929 creatures/sec. Server status: 19:17:10: 6802x RT, 113.4 creatures/sec. Fitness: best=3067.6, avg=1616.6, new=(qd-mutate=1035.7, template-m1-balanced=1117.8, qd-large-mutate=1143.3, curl-left=765.1, curl-right=716.8). MAP-Elites(8x8, morphologies=3): occupied=47, pending=192, in flight=38
Speed: 18.599981 creatures/sec. Server status: 19:17:10: 6802x RT, 113.4 creatures/sec. Fitness: best=3067.6, avg=1616.6, new=(qd-mutate=1035.7, template-m1-balanced=1117.8, qd-large-mutate=1143.3, curl-left=765.1, curl-right=716.8). MAP-Elites(8x8, morphologies=3): occupied=47, pending=192, in flight=38
Speed: 18.199989 creatures/sec. Server status: 19:17:20: 6155x RT, 102.6 creatures/sec. Fitness: best=3067.6, avg=1623.6, new=(qd-mutate=1061.1, curl-left=1025.3, qd-large-mutate=1094.0, curl-right=684.2, template-m1-balanced=827.6). MAP-Elites(8x8, morphologies=3): occupied=47, pending=192, in flight=38
Speed: 18.199980 creatures/sec. Server status: 19:17:20: 6155x RT, 102.6 creatures/sec. Fitness: best=3067.6, avg=1623.6, new=(qd-mutate=1061.1, curl-left=1025.3, qd-large-mutate=1094.0, curl-right=684.2, template-m1-balanced=827.6). MAP-Elites(8x8, morphologies=3): occupied=47, pending=192, in flight=38
Speed: 18.299985 creatures/sec. Server status: 19:17:20: 6155x RT, 102.6 creatures/sec. Fitness: best=3067.6, avg=1623.6, new=(qd-mutate=1061.1, curl-left=1025.3, qd-large-mutate=1094.0, curl-right=684.2, template-m1-balanced=827.6). MAP-Elites(8x8, morphologies=3): occupied=47, pending=192, in flight=38
Speed: 18.099989 creatures/sec. Server status: 19:17:20: 6155x RT, 102.6 creatures/sec. Fitness: best=3067.6, avg=1623.6, new=(qd-mutate=1061.1, curl-left=1025.3, qd-large-mutate=1094.0, curl-right=684.2, template-m1-balanced=827.6). MAP-Elites(8x8, morphologies=3): occupied=47, pending=192, in flight=38
Speed: 18.199993 creatures/sec. Server status: 19:17:20: 6155x RT, 102.6 creatures/sec. Fitness: best=3067.6, avg=1623.6, new=(qd-mutate=1061.1, curl-left=1025.3, qd-large-mutate=1094.0, curl-right=684.2, template-m1-balanced=827.6). MAP-Elites(8x8, morphologies=3): occupied=47, pending=192, in flight=38
Speed: 18.199991 creatures/sec. Server status: 19:17:20: 6155x RT, 102.6 creatures/sec. Fitness: best=3067.6, avg=1623.6, new=(qd-mutate=1061.1, curl-left=1025.3, qd-large-mutate=1094.0, curl-right=684.2, template-m1-balanced=827.6). MAP-Elites(8x8, morphologies=3): occupied=47, pending=192, in flight=38
Speed: 18.499996 creatures/sec. Server status: 19:17:31: 6937x RT, 115.6 creatures/sec. Fitness: best=3067.6, avg=1623.6, new=(qd-mutate=1031.6, qd-large-mutate=940.0, curl-left=724.2, curl-right=1000.3, template-m1-balanced=732.8). MAP-Elites(8x8, morphologies=3): occupied=47, pending=192, in flight=38
Speed: 18.999983 creatures/sec. Server status: 19:17:31: 6937x RT, 115.6 creatures/sec. Fitness: best=3067.6, avg=1623.6, new=(qd-mutate=1031.6, qd-large-mutate=940.0, curl-left=724.2, curl-right=1000.3, template-m1-balanced=732.8). MAP-Elites(8x8, morphologies=3): occupied=47, pending=192, in flight=38
Speed: 18.799979 creatures/sec. Server status: 19:17:31: 6937x RT, 115.6 creatures/sec. Fitness: best=3067.6, avg=1623.6, new=(qd-mutate=1031.6, qd-large-mutate=940.0, curl-left=724.2, curl-right=1000.3, template-m1-balanced=732.8). MAP-Elites(8x8, morphologies=3): occupied=47, pending=192, in flight=38
Speed: 18.699984 creatures/sec. Server status: 19:17:31: 6937x RT, 115.6 creatures/sec. Fitness: best=3067.6, avg=1623.6, new=(qd-mutate=1031.6, qd-large-mutate=940.0, curl-left=724.2, curl-right=1000.3, template-m1-balanced=732.8). MAP-Elites(8x8, morphologies=3): occupied=47, pending=192, in flight=38
Speed: 18.799985 creatures/sec. Server status: 19:17:31: 6937x RT, 115.6 creatures/sec. Fitness: best=3067.6, avg=1623.6, new=(qd-mutate=1031.6, qd-large-mutate=940.0, curl-left=724.2, curl-right=1000.3, template-m1-balanced=732.8). MAP-Elites(8x8, morphologies=3): occupied=47, pending=192, in flight=38
Speed: 18.699991 creatures/sec. Server status: 19:17:31: 6937x RT, 115.6 creatures/sec. Fitness: best=3067.6, avg=1623.6, new=(qd-mutate=1031.6, qd-large-mutate=940.0, curl-left=724.2, curl-right=1000.3, template-m1-balanced=732.8). MAP-Elites(8x8, morphologies=3): occupied=47, pending=192, in flight=38
Speed: 18.599992 creatures/sec. Server status: 19:17:39: 6780x RT, 113.0 creatures/sec. Fitness: best=3067.6, avg=1623.6, new=(qd-mutate=1125.6, template-m1-balanced=972.0, qd-large-mutate=1111.8, curl-left=668.3, curl-right=1204.3). MAP-Elites(8x8, morphologies=3): occupied=47, pending=192, in flight=38
Speed: 18.599988 creatures/sec. Server status: 19:17:39: 6780x RT, 113.0 creatures/sec. Fitness: best=3067.6, avg=1623.6, new=(qd-mutate=1125.6, template-m1-balanced=972.0, qd-large-mutate=1111.8, curl-left=668.3, curl-right=1204.3). MAP-Elites(8x8, morphologies=3): occupied=47, pending=192, in flight=38
Speed: 18.899985 creatures/sec. Server status: 19:17:39: 6780x RT, 113.0 creatures/sec. Fitness: best=3067.6, avg=1623.6, new=(qd-mutate=1125.6, template-m1-balanced=972.0, qd-large-mutate=1111.8, curl-left=668.3, curl-right=1204.3). MAP-Elites(8x8, morphologies=3): occupied=47, pending=192, in flight=38
Speed: 18.799988 creatures/sec. Server status: 19:17:39: 6780x RT, 113.0 creatures/sec. Fitness: best=3067.6, avg=1623.6, new=(qd-mutate=1125.6, template-m1-balanced=972.0, qd-large-mutate=1111.8, curl-left=668.3, curl-right=1204.3). MAP-Elites(8x8, morphologies=3): occupied=47, pending=192, in flight=38
Speed: 18.899989 creatures/sec. Server status: 19:17:39: 6780x RT, 113.0 creatures/sec. Fitness: best=3067.6, avg=1623.6, new=(qd-mutate=1125.6, template-m1-balanced=972.0, qd-large-mutate=1111.8, curl-left=668.3, curl-right=1204.3). MAP-Elites(8x8, morphologies=3): occupied=47, pending=192, in flight=38
Speed: 18.599981 creatures/sec. Server status: 19:17:39: 6780x RT, 113.0 creatures/sec. Fitness: best=3067.6, avg=1623.6, new=(qd-mutate=1125.6, template-m1-balanced=972.0, qd-large-mutate=1111.8, curl-left=668.3, curl-right=1204.3). MAP-Elites(8x8, morphologies=3): occupied=47, pending=192, in flight=38
Speed: 19.099995 creatures/sec. Server status: 19:17:49: 6716x RT, 111.9 creatures/sec. Fitness: best=3067.6, avg=1623.6, new=(qd-mutate=1105.9, qd-large-mutate=1044.2, template-m1-balanced=983.0, curl-right=536.0, curl-left=991.6). MAP-Elites(8x8, morphologies=3): occupied=47, pending=192, in flight=38
Speed: 18.999995 creatures/sec. Server status: 19:17:49: 6716x RT, 111.9 creatures/sec. Fitness: best=3067.6, avg=1623.6, new=(qd-mutate=1105.9, qd-large-mutate=1044.2, template-m1-balanced=983.0, curl-right=536.0, curl-left=991.6). MAP-Elites(8x8, morphologies=3): occupied=47, pending=192, in flight=38
Speed: 18.999983 creatures/sec. Server status: 19:17:49: 6716x RT, 111.9 creatures/sec. Fitness: best=3067.6, avg=1623.6, new=(qd-mutate=1105.9, qd-large-mutate=1044.2, template-m1-balanced=983.0, curl-right=536.0, curl-left=991.6). MAP-Elites(8x8, morphologies=3): occupied=47, pending=192, in flight=38
Speed: 19.099983 creatures/sec. Server status: 19:17:49: 6716x RT, 111.9 creatures/sec. Fitness: best=3067.6, avg=1623.6, new=(qd-mutate=1105.9, qd-large-mutate=1044.2, template-m1-balanced=983.0, curl-right=536.0, curl-left=991.6). MAP-Elites(8x8, morphologies=3): occupied=47, pending=192, in flight=38
Speed: 19.199979 creatures/sec. Server status: 19:17:49: 6716x RT, 111.9 creatures/sec. Fitness: best=3067.6, avg=1623.6, new=(qd-mutate=1105.9, qd-large-mutate=1044.2, template-m1-balanced=983.0, curl-right=536.0, curl-left=991.6). MAP-Elites(8x8, morphologies=3): occupied=47, pending=192, in flight=38
Speed: 19.099983 creatures/sec. Server status: 19:17:49: 6716x RT, 111.9 creatures/sec. Fitness: best=3067.6, avg=1623.6, new=(qd-mutate=1105.9, qd-large-mutate=1044.2, template-m1-balanced=983.0, curl-right=536.0, curl-left=991.6). MAP-Elites(8x8, morphologies=3): occupied=47, pending=192, in flight=38
Speed: 18.999969 creatures/sec. Server status: 19:17:59: 6795x RT, 113.3 creatures/sec. Fitness: best=3067.6, avg=1623.6, new=(curl-right=926.0, qd-mutate=1134.5, qd-large-mutate=1118.7, curl-left=872.8, template-m1-balanced=854.3). MAP-Elites(8x8, morphologies=3): occupied=47, pending=192, in flight=38
Speed: 19.099998 creatures/sec. Server status: 19:17:59: 6795x RT, 113.3 creatures/sec. Fitness: best=3067.6, avg=1623.6, new=(curl-right=926.0, qd-mutate=1134.5, qd-large-mutate=1118.7, curl-left=872.8, template-m1-balanced=854.3). MAP-Elites(8x8, morphologies=3): occupied=47, pending=192, in flight=38
Speed: 19.299979 creatures/sec. Server status: 19:17:59: 6795x RT, 113.3 creatures/sec. Fitness: best=3067.6, avg=1623.6, new=(curl-right=926.0, qd-mutate=1134.5, qd-large-mutate=1118.7, curl-left=872.8, template-m1-balanced=854.3). MAP-Elites(8x8, morphologies=3): occupied=47, pending=192, in flight=38
Speed: 19.099981 creatures/sec. Server status: 19:17:59: 6795x RT, 113.3 creatures/sec. Fitness: best=3067.6, avg=1623.6, new=(curl-right=926.0, qd-mutate=1134.5, qd-large-mutate=1118.7, curl-left=872.8, template-m1-balanced=854.3). MAP-Elites(8x8, morphologies=3): occupied=47, pending=192, in flight=38
Speed: 19.299981 creatures/sec. Server status: 19:17:59: 6795x RT, 113.3 creatures/sec. Fitness: best=3067.6, avg=1623.6, new=(curl-right=926.0, qd-mutate=1134.5, qd-large-mutate=1118.7, curl-left=872.8, template-m1-balanced=854.3). MAP-Elites(8x8, morphologies=3): occupied=47, pending=192, in flight=38
Speed: 18.799993 creatures/sec. Server status: 19:17:59: 6795x RT, 113.3 creatures/sec. Fitness: best=3067.6, avg=1623.6, new=(curl-right=926.0, qd-mutate=1134.5, qd-large-mutate=1118.7, curl-left=872.8, template-m1-balanced=854.3). MAP-Elites(8x8, morphologies=3): occupied=47, pending=192, in flight=38
Speed: 18.699946 creatures/sec. Server status: 19:18:10: 6928x RT, 115.5 creatures/sec. Fitness: best=3067.6, avg=1623.6, new=(qd-mutate=1165.3, template-m1-balanced=1020.3, qd-large-mutate=1179.7, curl-left=935.8, curl-right=863.8). MAP-Elites(8x8, morphologies=3): occupied=47, pending=192, in flight=38
Speed: 19.099973 creatures/sec. Server status: 19:18:10: 6928x RT, 115.5 creatures/sec. Fitness: best=3067.6, avg=1623.6, new=(qd-mutate=1165.3, template-m1-balanced=1020.3, qd-large-mutate=1179.7, curl-left=935.8, curl-right=863.8). MAP-Elites(8x8, morphologies=3): occupied=47, pending=192, in flight=38
Speed: 19.099946 creatures/sec. Server status: 19:18:10: 6928x RT, 115.5 creatures/sec. Fitness: best=3067.6, avg=1623.6, new=(qd-mutate=1165.3, template-m1-balanced=1020.3, qd-large-mutate=1179.7, curl-left=935.8, curl-right=863.8). MAP-Elites(8x8, morphologies=3): occupied=47, pending=192, in flight=38
Speed: 18.699991 creatures/sec. Server status: 19:18:10: 6928x RT, 115.5 creatures/sec. Fitness: best=3067.6, avg=1623.6, new=(qd-mutate=1165.3, template-m1-balanced=1020.3, qd-large-mutate=1179.7, curl-left=935.8, curl-right=863.8). MAP-Elites(8x8, morphologies=3): occupied=47, pending=192, in flight=38
Speed: 18.999988 creatures/sec. Server status: 19:18:10: 6928x RT, 115.5 creatures/sec. Fitness: best=3067.6, avg=1623.6, new=(qd-mutate=1165.3, template-m1-balanced=1020.3, qd-large-mutate=1179.7, curl-left=935.8, curl-right=863.8). MAP-Elites(8x8, morphologies=3): occupied=47, pending=192, in flight=38
Speed: 18.899991 creatures/sec. Server status: 19:18:10: 6928x RT, 115.5 creatures/sec. Fitness: best=3067.6, avg=1623.6, new=(qd-mutate=1165.3, template-m1-balanced=1020.3, qd-large-mutate=1179.7, curl-left=935.8, curl-right=863.8). MAP-Elites(8x8, morphologies=3): occupied=47, pending=192, in flight=38
Speed: 18.999975 creatures/sec. Server status: 19:18:20: 6909x RT, 115.1 creatures/sec. Fitness: best=3067.6, avg=1623.6, new=(qd-mutate=1070.4, qd-large-mutate=1240.8, template-m1-balanced=1016.9, curl-right=428.1). MAP-Elites(8x8, morphologies=3): occupied=47, pending=192, in flight=38
Speed: 19.099973 creatures/sec. Server status: 19:18:20: 6909x RT, 115.1 creatures/sec. Fitness: best=3067.6, avg=1623.6, new=(qd-mutate=1070.4, qd-large-mutate=1240.8, template-m1-balanced=1016.9, curl-right=428.1). MAP-Elites(8x8, morphologies=3): occupied=47, pending=192, in flight=38
Speed: 19.099981 creatures/sec. Server status: 19:18:20: 6909x RT, 115.1 creatures/sec. Fitness: best=3067.6, avg=1623.6, new=(qd-mutate=1070.4, qd-large-mutate=1240.8, template-m1-balanced=1016.9, curl-right=428.1). MAP-Elites(8x8, morphologies=3): occupied=47, pending=192, in flight=38
Speed: 18.899994 creatures/sec. Server status: 19:18:20: 6909x RT, 115.1 creatures/sec. Fitness: best=3067.6, avg=1623.6, new=(qd-mutate=1070.4, qd-large-mutate=1240.8, template-m1-balanced=1016.9, curl-right=428.1). MAP-Elites(8x8, morphologies=3): occupied=47, pending=192, in flight=38
Speed: 19.000000 creatures/sec. Server status: 19:18:20: 6909x RT, 115.1 creatures/sec. Fitness: best=3067.6, avg=1623.6, new=(qd-mutate=1070.4, qd-large-mutate=1240.8, template-m1-balanced=1016.9, curl-right=428.1). MAP-Elites(8x8, morphologies=3): occupied=47, pending=192, in flight=38
Speed: 19.199973 creatures/sec. Server status: 19:18:20: 6909x RT, 115.1 creatures/sec. Fitness: best=3067.6, avg=1623.6, new=(qd-mutate=1070.4, qd-large-mutate=1240.8, template-m1-balanced=1016.9, curl-right=428.1). MAP-Elites(8x8, morphologies=3): occupied=47, pending=192, in flight=38
Speed: 12.099988 creatures/sec. Server status: 19:18:30: 2069x RT, 34.5 creatures/sec. Fitness: best=3067.6, avg=1623.6, new=(qd-mutate=1086.9, qd-large-mutate=1052.8, curl-right=1577.0, curl-left=809.0, template-m1-balanced=1113.3). MAP-Elites(8x8, morphologies=3): occupied=47, pending=192, in flight=38
Speed: 12.199972 creatures/sec. Server status: 19:18:30: 2069x RT, 34.5 creatures/sec. Fitness: best=3067.6, avg=1623.6, new=(qd-mutate=1086.9, qd-large-mutate=1052.8, curl-right=1577.0, curl-left=809.0, template-m1-balanced=1113.3). MAP-Elites(8x8, morphologies=3): occupied=47, pending=192, in flight=38
Speed: 12.199969 creatures/sec. Server status: 19:18:30: 2069x RT, 34.5 creatures/sec. Fitness: best=3067.6, avg=1623.6, new=(qd-mutate=1086.9, qd-large-mutate=1052.8, curl-right=1577.0, curl-left=809.0, template-m1-balanced=1113.3). MAP-Elites(8x8, morphologies=3): occupied=47, pending=192, in flight=38
Speed: 12.098950 creatures/sec. Server status: 19:18:30: 2069x RT, 34.5 creatures/sec. Fitness: best=3067.6, avg=1623.6, new=(qd-mutate=1086.9, qd-large-mutate=1052.8, curl-right=1577.0, curl-left=809.0, template-m1-balanced=1113.3). MAP-Elites(8x8, morphologies=3): occupied=47, pending=192, in flight=38
Speed: 12.192982 creatures/sec. Server status: 19:18:30: 2069x RT, 34.5 creatures/sec. Fitness: best=3067.6, avg=1623.6, new=(qd-mutate=1086.9, qd-large-mutate=1052.8, curl-right=1577.0, curl-left=809.0, template-m1-balanced=1113.3). MAP-Elites(8x8, morphologies=3): occupied=47, pending=192, in flight=38
Speed: 11.987545 creatures/sec. Server status: 19:18:30: 2069x RT, 34.5 creatures/sec. Fitness: best=3067.6, avg=1623.6, new=(qd-mutate=1086.9, qd-large-mutate=1052.8, curl-right=1577.0, curl-left=809.0, template-m1-balanced=1113.3). MAP-Elites(8x8, morphologies=3): occupied=47, pending=192, in flight=38
Speed: 6.699614 creatures/sec. Server status: 19:18:41: 3084x RT, 51.4 creatures/sec. Fitness: best=3067.6, avg=1623.6, new=(template-m1-balanced=1266.8, qd-mutate=1155.5, qd-large-mutate=1179.6, curl-left=920.4, curl-right=701.2). MAP-Elites(8x8, morphologies=3): occupied=47, pending=192, in flight=38
Speed: 6.899987 creatures/sec. Server status: 19:18:41: 3084x RT, 51.4 creatures/sec. Fitness: best=3067.6, avg=1623.6, new=(template-m1-balanced=1266.8, qd-mutate=1155.5, qd-large-mutate=1179.6, curl-left=920.4, curl-right=701.2). MAP-Elites(8x8, morphologies=3): occupied=47, pending=192, in flight=38
Speed: 6.799891 creatures/sec. Server status: 19:18:41: 3084x RT, 51.4 creatures/sec. Fitness: best=3067.6, avg=1623.6, new=(template-m1-balanced=1266.8, qd-mutate=1155.5, qd-large-mutate=1179.6, curl-left=920.4, curl-right=701.2). MAP-Elites(8x8, morphologies=3): occupied=47, pending=192, in flight=38
Speed: 6.799245 creatures/sec. Server status: 19:18:41: 3084x RT, 51.4 creatures/sec. Fitness: best=3067.6, avg=1623.6, new=(template-m1-balanced=1266.8, qd-mutate=1155.5, qd-large-mutate=1179.6, curl-left=920.4, curl-right=701.2). MAP-Elites(8x8, morphologies=3): occupied=47, pending=192, in flight=38
Speed: 6.798690 creatures/sec. Server status: 19:18:41: 3084x RT, 51.4 creatures/sec. Fitness: best=3067.6, avg=1623.6, new=(template-m1-balanced=1266.8, qd-mutate=1155.5, qd-large-mutate=1179.6, curl-left=920.4, curl-right=701.2). MAP-Elites(8x8, morphologies=3): occupied=47, pending=192, in flight=38
Speed: 6.999978 creatures/sec. Server status: 19:18:41: 3084x RT, 51.4 creatures/sec. Fitness: best=3067.6, avg=1623.6, new=(template-m1-balanced=1266.8, qd-mutate=1155.5, qd-large-mutate=1179.6, curl-left=920.4, curl-right=701.2). MAP-Elites(8x8, morphologies=3): occupied=47, pending=192, in flight=38
Speed: 15.999992 creatures/sec. Server status: 19:18:49: 6580x RT, 109.7 creatures/sec. Fitness: best=3067.6, avg=1623.6, new=(qd-mutate=1116.6, curl-right=956.0, qd-large-mutate=1173.6, template-m1-balanced=912.2). MAP-Elites(8x8, morphologies=3): occupied=47, pending=192, in flight=38
Speed: 15.699989 creatures/sec. Server status: 19:18:49: 6580x RT, 109.7 creatures/sec. Fitness: best=3067.6, avg=1623.6, new=(qd-mutate=1116.6, curl-right=956.0, qd-large-mutate=1173.6, template-m1-balanced=912.2). MAP-Elites(8x8, morphologies=3): occupied=47, pending=192, in flight=38
Speed: 16.399951 creatures/sec. Server status: 19:18:49: 6580x RT, 109.7 creatures/sec. Fitness: best=3067.6, avg=1623.6, new=(qd-mutate=1116.6, curl-right=956.0, qd-large-mutate=1173.6, template-m1-balanced=912.2). MAP-Elites(8x8, morphologies=3): occupied=47, pending=192, in flight=38
Speed: 16.000000 creatures/sec. Server status: 19:18:49: 6580x RT, 109.7 creatures/sec. Fitness: best=3067.6, avg=1623.6, new=(qd-mutate=1116.6, curl-right=956.0, qd-large-mutate=1173.6, template-m1-balanced=912.2). MAP-Elites(8x8, morphologies=3): occupied=47, pending=192, in flight=38
Speed: 15.999992 creatures/sec. Server status: 19:18:49: 6580x RT, 109.7 creatures/sec. Fitness: best=3067.6, avg=1623.6, new=(qd-mutate=1116.6, curl-right=956.0, qd-large-mutate=1173.6, template-m1-balanced=912.2). MAP-Elites(8x8, morphologies=3): occupied=47, pending=192, in flight=38
Speed: 16.399989 creatures/sec. Server status: 19:18:49: 6580x RT, 109.7 creatures/sec. Fitness: best=3067.6, avg=1623.6, new=(qd-mutate=1116.6, curl-right=956.0, qd-large-mutate=1173.6, template-m1-balanced=912.2). MAP-Elites(8x8, morphologies=3): occupied=47, pending=192, in flight=38
Speed: 17.799984 creatures/sec. Server status: 19:18:59: 6593x RT, 109.9 creatures/sec. Fitness: best=3067.6, avg=1623.6, new=(qd-large-mutate=1128.7, qd-mutate=1146.0, template-m1-balanced=866.1, curl-left=839.1, curl-right=836.1). MAP-Elites(8x8, morphologies=3): occupied=47, pending=192, in flight=38
Speed: 17.999994 creatures/sec. Server status: 19:18:59: 6593x RT, 109.9 creatures/sec. Fitness: best=3067.6, avg=1623.6, new=(qd-large-mutate=1128.7, qd-mutate=1146.0, template-m1-balanced=866.1, curl-left=839.1, curl-right=836.1). MAP-Elites(8x8, morphologies=3): occupied=47, pending=192, in flight=38
Speed: 17.899982 creatures/sec. Server status: 19:18:59: 6593x RT, 109.9 creatures/sec. Fitness: best=3067.6, avg=1623.6, new=(qd-large-mutate=1128.7, qd-mutate=1146.0, template-m1-balanced=866.1, curl-left=839.1, curl-right=836.1). MAP-Elites(8x8, morphologies=3): occupied=47, pending=192, in flight=38
Speed: 17.699998 creatures/sec. Server status: 19:18:59: 6593x RT, 109.9 creatures/sec. Fitness: best=3067.6, avg=1623.6, new=(qd-large-mutate=1128.7, qd-mutate=1146.0, template-m1-balanced=866.1, curl-left=839.1, curl-right=836.1). MAP-Elites(8x8, morphologies=3): occupied=47, pending=192, in flight=38
Speed: 17.899989 creatures/sec. Server status: 19:18:59: 6593x RT, 109.9 creatures/sec. Fitness: best=3067.6, avg=1623.6, new=(qd-large-mutate=1128.7, qd-mutate=1146.0, template-m1-balanced=866.1, curl-left=839.1, curl-right=836.1). MAP-Elites(8x8, morphologies=3): occupied=47, pending=192, in flight=38
Speed: 17.799984 creatures/sec. Server status: 19:18:59: 6593x RT, 109.9 creatures/sec. Fitness: best=3067.6, avg=1623.6, new=(qd-large-mutate=1128.7, qd-mutate=1146.0, template-m1-balanced=866.1, curl-left=839.1, curl-right=836.1). MAP-Elites(8x8, morphologies=3): occupied=47, pending=192, in flight=38
Speed: 17.399996 creatures/sec. Server status: 19:19:10: 6703x RT, 111.7 creatures/sec. Fitness: best=3067.6, avg=1623.6, new=(qd-large-mutate=1008.4, template-m1-balanced=682.1, qd-mutate=1038.3, curl-right=821.0, curl-left=1043.4). MAP-Elites(8x8, morphologies=3): occupied=47, pending=192, in flight=38
Speed: 17.299986 creatures/sec. Server status: 19:19:10: 6703x RT, 111.7 creatures/sec. Fitness: best=3067.6, avg=1623.6, new=(qd-large-mutate=1008.4, template-m1-balanced=682.1, qd-mutate=1038.3, curl-right=821.0, curl-left=1043.4). MAP-Elites(8x8, morphologies=3): occupied=47, pending=192, in flight=38
Speed: 17.299983 creatures/sec. Server status: 19:19:10: 6703x RT, 111.7 creatures/sec. Fitness: best=3067.6, avg=1623.6, new=(qd-large-mutate=1008.4, template-m1-balanced=682.1, qd-mutate=1038.3, curl-right=821.0, curl-left=1043.4). MAP-Elites(8x8, morphologies=3): occupied=47, pending=192, in flight=38
Speed: 17.399991 creatures/sec. Server status: 19:19:10: 6703x RT, 111.7 creatures/sec. Fitness: best=3067.6, avg=1623.6, new=(qd-large-mutate=1008.4, template-m1-balanced=682.1, qd-mutate=1038.3, curl-right=821.0, curl-left=1043.4). MAP-Elites(8x8, morphologies=3): occupied=47, pending=192, in flight=38
Speed: 17.199988 creatures/sec. Server status: 19:19:10: 6703x RT, 111.7 creatures/sec. Fitness: best=3067.6, avg=1623.6, new=(qd-large-mutate=1008.4, template-m1-balanced=682.1, qd-mutate=1038.3, curl-right=821.0, curl-left=1043.4). MAP-Elites(8x8, morphologies=3): occupied=47, pending=192, in flight=38
Speed: 17.299988 creatures/sec. Server status: 19:19:10: 6703x RT, 111.7 creatures/sec. Fitness: best=3067.6, avg=1623.6, new=(qd-large-mutate=1008.4, template-m1-balanced=682.1, qd-mutate=1038.3, curl-right=821.0, curl-left=1043.4). MAP-Elites(8x8, morphologies=3): occupied=47, pending=192, in flight=38
Speed: 17.999988 creatures/sec. Server status: 19:19:20: 6588x RT, 109.8 creatures/sec. Fitness: best=3067.6, avg=1623.6, new=(qd-mutate=1064.5, qd-large-mutate=1192.8, template-m1-balanced=952.5, curl-left=674.5, curl-right=498.5). MAP-Elites(8x8, morphologies=3): occupied=47, pending=192, in flight=38
Speed: 18.300000 creatures/sec. Server status: 19:19:20: 6588x RT, 109.8 creatures/sec. Fitness: best=3067.6, avg=1623.6, new=(qd-mutate=1064.5, qd-large-mutate=1192.8, template-m1-balanced=952.5, curl-left=674.5, curl-right=498.5). MAP-Elites(8x8, morphologies=3): occupied=47, pending=192, in flight=38
Speed: 18.199964 creatures/sec. Server status: 19:19:20: 6588x RT, 109.8 creatures/sec. Fitness: best=3067.6, avg=1623.6, new=(qd-mutate=1064.5, qd-large-mutate=1192.8, template-m1-balanced=952.5, curl-left=674.5, curl-right=498.5). MAP-Elites(8x8, morphologies=3): occupied=47, pending=192, in flight=38
Speed: 18.300000 creatures/sec. Server status: 19:19:20: 6588x RT, 109.8 creatures/sec. Fitness: best=3067.6, avg=1623.6, new=(qd-mutate=1064.5, qd-large-mutate=1192.8, template-m1-balanced=952.5, curl-left=674.5, curl-right=498.5). MAP-Elites(8x8, morphologies=3): occupied=47, pending=192, in flight=38
Speed: 18.100000 creatures/sec. Server status: 19:19:20: 6588x RT, 109.8 creatures/sec. Fitness: best=3067.6, avg=1623.6, new=(qd-mutate=1064.5, qd-large-mutate=1192.8, template-m1-balanced=952.5, curl-left=674.5, curl-right=498.5). MAP-Elites(8x8, morphologies=3): occupied=47, pending=192, in flight=38
Speed: 18.199998 creatures/sec. Server status: 19:19:20: 6588x RT, 109.8 creatures/sec. Fitness: best=3067.6, avg=1623.6, new=(qd-mutate=1064.5, qd-large-mutate=1192.8, template-m1-balanced=952.5, curl-left=674.5, curl-right=498.5). MAP-Elites(8x8, morphologies=3): occupied=47, pending=192, in flight=38
Speed: 18.299983 creatures/sec. Server status: 19:19:30: 6553x RT, 109.2 creatures/sec. Fitness: best=3067.6, avg=1623.6, new=(qd-mutate=1048.6, qd-large-mutate=1231.2, template-m1-balanced=867.6, curl-left=646.7). MAP-Elites(8x8, morphologies=3): occupied=47, pending=192, in flight=38
Speed: 18.499987 creatures/sec. Server status: 19:19:30: 6553x RT, 109.2 creatures/sec. Fitness: best=3067.6, avg=1623.6, new=(qd-mutate=1048.6, qd-large-mutate=1231.2, template-m1-balanced=867.6, curl-left=646.7). MAP-Elites(8x8, morphologies=3): occupied=47, pending=192, in flight=38
Speed: 18.299993 creatures/sec. Server status: 19:19:30: 6553x RT, 109.2 creatures/sec. Fitness: best=3067.6, avg=1623.6, new=(qd-mutate=1048.6, qd-large-mutate=1231.2, template-m1-balanced=867.6, curl-left=646.7). MAP-Elites(8x8, morphologies=3): occupied=47, pending=192, in flight=38
Speed: 18.399982 creatures/sec. Server status: 19:19:30: 6553x RT, 109.2 creatures/sec. Fitness: best=3067.6, avg=1623.6, new=(qd-mutate=1048.6, qd-large-mutate=1231.2, template-m1-balanced=867.6, curl-left=646.7). MAP-Elites(8x8, morphologies=3): occupied=47, pending=192, in flight=38
Speed: 18.599935 creatures/sec. Server status: 19:19:30: 6553x RT, 109.2 creatures/sec. Fitness: best=3067.6, avg=1623.6, new=(qd-mutate=1048.6, qd-large-mutate=1231.2, template-m1-balanced=867.6, curl-left=646.7). MAP-Elites(8x8, morphologies=3): occupied=47, pending=192, in flight=38
Speed: 18.299543 creatures/sec. Server status: 19:19:30: 6553x RT, 109.2 creatures/sec. Fitness: best=3067.6, avg=1623.6, new=(qd-mutate=1048.6, qd-large-mutate=1231.2, template-m1-balanced=867.6, curl-left=646.7). MAP-Elites(8x8, morphologies=3): occupied=47, pending=192, in flight=38
Speed: 18.299976 creatures/sec. Server status: 19:19:40: 6627x RT, 110.5 creatures/sec. Fitness: best=3067.6, avg=1623.6, new=(qd-mutate=1092.3, qd-large-mutate=1026.7, template-m1-balanced=892.7, curl-right=944.6, curl-left=997.8). MAP-Elites(8x8, morphologies=3): occupied=47, pending=192, in flight=38
Speed: 18.399982 creatures/sec. Server status: 19:19:40: 6627x RT, 110.5 creatures/sec. Fitness: best=3067.6, avg=1623.6, new=(qd-mutate=1092.3, qd-large-mutate=1026.7, template-m1-balanced=892.7, curl-right=944.6, curl-left=997.8). MAP-Elites(8x8, morphologies=3): occupied=47, pending=192, in flight=38
Speed: 18.899945 creatures/sec. Server status: 19:19:40: 6627x RT, 110.5 creatures/sec. Fitness: best=3067.6, avg=1623.6, new=(qd-mutate=1092.3, qd-large-mutate=1026.7, template-m1-balanced=892.7, curl-right=944.6, curl-left=997.8). MAP-Elites(8x8, morphologies=3): occupied=47, pending=192, in flight=38
Speed: 18.599976 creatures/sec. Server status: 19:19:40: 6627x RT, 110.5 creatures/sec. Fitness: best=3067.6, avg=1623.6, new=(qd-mutate=1092.3, qd-large-mutate=1026.7, template-m1-balanced=892.7, curl-right=944.6, curl-left=997.8). MAP-Elites(8x8, morphologies=3): occupied=47, pending=192, in flight=38
Speed: 18.499996 creatures/sec. Server status: 19:19:40: 6627x RT, 110.5 creatures/sec. Fitness: best=3067.6, avg=1623.6, new=(qd-mutate=1092.3, qd-large-mutate=1026.7, template-m1-balanced=892.7, curl-right=944.6, curl-left=997.8). MAP-Elites(8x8, morphologies=3): occupied=47, pending=192, in flight=38
Speed: 18.399991 creatures/sec. Server status: 19:19:40: 6627x RT, 110.5 creatures/sec. Fitness: best=3067.6, avg=1623.6, new=(qd-mutate=1092.3, qd-large-mutate=1026.7, template-m1-balanced=892.7, curl-right=944.6, curl-left=997.8). MAP-Elites(8x8, morphologies=3): occupied=47, pending=192, in flight=38
Speed: 18.399832 creatures/sec. Server status: 19:19:49: 6713x RT, 111.9 creatures/sec. Fitness: best=3067.6, avg=1623.6, new=(qd-mutate=1125.5, qd-large-mutate=1098.0, template-m1-balanced=910.6, curl-left=824.3, curl-right=811.5). MAP-Elites(8x8, morphologies=3): occupied=47, pending=192, in flight=38
Speed: 18.599970 creatures/sec. Server status: 19:19:49: 6713x RT, 111.9 creatures/sec. Fitness: best=3067.6, avg=1623.6, new=(qd-mutate=1125.5, qd-large-mutate=1098.0, template-m1-balanced=910.6, curl-left=824.3, curl-right=811.5). MAP-Elites(8x8, morphologies=3): occupied=47, pending=192, in flight=38
Speed: 18.599991 creatures/sec. Server status: 19:19:49: 6713x RT, 111.9 creatures/sec. Fitness: best=3067.6, avg=1623.6, new=(qd-mutate=1125.5, qd-large-mutate=1098.0, template-m1-balanced=910.6, curl-left=824.3, curl-right=811.5). MAP-Elites(8x8, morphologies=3): occupied=47, pending=192, in flight=38
Speed: 18.399991 creatures/sec. Server status: 19:19:49: 6713x RT, 111.9 creatures/sec. Fitness: best=3067.6, avg=1623.6, new=(qd-mutate=1125.5, qd-large-mutate=1098.0, template-m1-balanced=910.6, curl-left=824.3, curl-right=811.5). MAP-Elites(8x8, morphologies=3): occupied=47, pending=192, in flight=38
Speed: 18.399987 creatures/sec. Server status: 19:19:49: 6713x RT, 111.9 creatures/sec. Fitness: best=3067.6, avg=1623.6, new=(qd-mutate=1125.5, qd-large-mutate=1098.0, template-m1-balanced=910.6, curl-left=824.3, curl-right=811.5). MAP-Elites(8x8, morphologies=3): occupied=47, pending=192, in flight=38
Speed: 18.399987 creatures/sec. Server status: 19:19:49: 6713x RT, 111.9 creatures/sec. Fitness: best=3067.6, avg=1623.6, new=(qd-mutate=1125.5, qd-large-mutate=1098.0, template-m1-balanced=910.6, curl-left=824.3, curl-right=811.5). MAP-Elites(8x8, morphologies=3): occupied=47, pending=192, in flight=38
Speed: 18.199989 creatures/sec. Server status: 19:19:59: 6580x RT, 109.7 creatures/sec. Fitness: best=3067.6, avg=1623.6, new=(qd-large-mutate=1148.3, qd-mutate=1087.8, template-m1-balanced=950.1, curl-right=686.6, curl-left=674.1). MAP-Elites(8x8, morphologies=3): occupied=47, pending=192, in flight=38
Speed: 18.599989 creatures/sec. Server status: 19:19:59: 6580x RT, 109.7 creatures/sec. Fitness: best=3067.6, avg=1623.6, new=(qd-large-mutate=1148.3, qd-mutate=1087.8, template-m1-balanced=950.1, curl-right=686.6, curl-left=674.1). MAP-Elites(8x8, morphologies=3): occupied=47, pending=192, in flight=38
Speed: 18.499993 creatures/sec. Server status: 19:19:59: 6580x RT, 109.7 creatures/sec. Fitness: best=3067.6, avg=1623.6, new=(qd-large-mutate=1148.3, qd-mutate=1087.8, template-m1-balanced=950.1, curl-right=686.6, curl-left=674.1). MAP-Elites(8x8, morphologies=3): occupied=47, pending=192, in flight=38
Speed: 18.299995 creatures/sec. Server status: 19:19:59: 6580x RT, 109.7 creatures/sec. Fitness: best=3067.6, avg=1623.6, new=(qd-large-mutate=1148.3, qd-mutate=1087.8, template-m1-balanced=950.1, curl-right=686.6, curl-left=674.1). MAP-Elites(8x8, morphologies=3): occupied=47, pending=192, in flight=38
Speed: 18.299987 creatures/sec. Server status: 19:19:59: 6580x RT, 109.7 creatures/sec. Fitness: best=3067.6, avg=1623.6, new=(qd-large-mutate=1148.3, qd-mutate=1087.8, template-m1-balanced=950.1, curl-right=686.6, curl-left=674.1). MAP-Elites(8x8, morphologies=3): occupied=47, pending=192, in flight=38
Speed: 18.399983 creatures/sec. Server status: 19:19:59: 6580x RT, 109.7 creatures/sec. Fitness: best=3067.6, avg=1623.6, new=(qd-large-mutate=1148.3, qd-mutate=1087.8, template-m1-balanced=950.1, curl-right=686.6, curl-left=674.1). MAP-Elites(8x8, morphologies=3): occupied=47, pending=192, in flight=38
Speed: 17.999996 creatures/sec. Server status: 19:20:09: 6367x RT, 106.1 creatures/sec. Fitness: best=3067.6, avg=1623.6, new=(qd-large-mutate=1182.6, qd-mutate=1036.9, template-m1-balanced=791.7, curl-right=1042.4, curl-left=965.7). MAP-Elites(8x8, morphologies=3): occupied=47, pending=192, in flight=38
Speed: 17.999991 creatures/sec. Server status: 19:20:09: 6367x RT, 106.1 creatures/sec. Fitness: best=3067.6, avg=1623.6, new=(qd-large-mutate=1182.6, qd-mutate=1036.9, template-m1-balanced=791.7, curl-right=1042.4, curl-left=965.7). MAP-Elites(8x8, morphologies=3): occupied=47, pending=192, in flight=38
Speed: 17.999998 creatures/sec. Server status: 19:20:09: 6367x RT, 106.1 creatures/sec. Fitness: best=3067.6, avg=1623.6, new=(qd-large-mutate=1182.6, qd-mutate=1036.9, template-m1-balanced=791.7, curl-right=1042.4, curl-left=965.7). MAP-Elites(8x8, morphologies=3): occupied=47, pending=192, in flight=38
Speed: 17.799986 creatures/sec. Server status: 19:20:09: 6367x RT, 106.1 creatures/sec. Fitness: best=3067.6, avg=1623.6, new=(qd-large-mutate=1182.6, qd-mutate=1036.9, template-m1-balanced=791.7, curl-right=1042.4, curl-left=965.7). MAP-Elites(8x8, morphologies=3): occupied=47, pending=192, in flight=38
Speed: 17.899986 creatures/sec. Server status: 19:20:09: 6367x RT, 106.1 creatures/sec. Fitness: best=3067.6, avg=1623.6, new=(qd-large-mutate=1182.6, qd-mutate=1036.9, template-m1-balanced=791.7, curl-right=1042.4, curl-left=965.7). MAP-Elites(8x8, morphologies=3): occupied=47, pending=192, in flight=38
Speed: 17.899991 creatures/sec. Server status: 19:20:09: 6367x RT, 106.1 creatures/sec. Fitness: best=3067.6, avg=1623.6, new=(qd-large-mutate=1182.6, qd-mutate=1036.9, template-m1-balanced=791.7, curl-right=1042.4, curl-left=965.7). MAP-Elites(8x8, morphologies=3): occupied=47, pending=192, in flight=38
Speed: 18.299995 creatures/sec. Server status: 19:20:19: 6459x RT, 107.7 creatures/sec. Fitness: best=3067.6, avg=1623.6, new=(qd-mutate=1207.8, template-m1-balanced=921.8, curl-right=795.3, qd-large-mutate=1167.7, curl-left=969.8). MAP-Elites(8x8, morphologies=3): occupied=47, pending=192, in flight=38
Speed: 18.499991 creatures/sec. Server status: 19:20:19: 6459x RT, 107.7 creatures/sec. Fitness: best=3067.6, avg=1623.6, new=(qd-mutate=1207.8, template-m1-balanced=921.8, curl-right=795.3, qd-large-mutate=1167.7, curl-left=969.8). MAP-Elites(8x8, morphologies=3): occupied=47, pending=192, in flight=38
Speed: 18.499978 creatures/sec. Server status: 19:20:19: 6459x RT, 107.7 creatures/sec. Fitness: best=3067.6, avg=1623.6, new=(qd-mutate=1207.8, template-m1-balanced=921.8, curl-right=795.3, qd-large-mutate=1167.7, curl-left=969.8). MAP-Elites(8x8, morphologies=3): occupied=47, pending=192, in flight=38
Speed: 18.199991 creatures/sec. Server status: 19:20:19: 6459x RT, 107.7 creatures/sec. Fitness: best=3067.6, avg=1623.6, new=(qd-mutate=1207.8, template-m1-balanced=921.8, curl-right=795.3, qd-large-mutate=1167.7, curl-left=969.8). MAP-Elites(8x8, morphologies=3): occupied=47, pending=192, in flight=38
Speed: 18.200000 creatures/sec. Server status: 19:20:19: 6459x RT, 107.7 creatures/sec. Fitness: best=3067.6, avg=1623.6, new=(qd-mutate=1207.8, template-m1-balanced=921.8, curl-right=795.3, qd-large-mutate=1167.7, curl-left=969.8). MAP-Elites(8x8, morphologies=3): occupied=47, pending=192, in flight=38
Speed: 18.299983 creatures/sec. Server status: 19:20:19: 6459x RT, 107.7 creatures/sec. Fitness: best=3067.6, avg=1623.6, new=(qd-mutate=1207.8, template-m1-balanced=921.8, curl-right=795.3, qd-large-mutate=1167.7, curl-left=969.8). MAP-Elites(8x8, morphologies=3): occupied=47, pending=192, in flight=38
Speed: 18.299991 creatures/sec. Server status: 19:20:30: 6618x RT, 110.3 creatures/sec. Fitness: best=3067.6, avg=1623.6, new=(qd-mutate=1074.0, qd-large-mutate=1249.2, template-m1-balanced=840.7, curl-left=863.9). MAP-Elites(8x8, morphologies=3): occupied=47, pending=192, in flight=38
Speed: 18.599981 creatures/sec. Server status: 19:20:30: 6618x RT, 110.3 creatures/sec. Fitness: best=3067.6, avg=1623.6, new=(qd-mutate=1074.0, qd-large-mutate=1249.2, template-m1-balanced=840.7, curl-left=863.9). MAP-Elites(8x8, morphologies=3): occupied=47, pending=192, in flight=38
Speed: 18.499991 creatures/sec. Server status: 19:20:30: 6618x RT, 110.3 creatures/sec. Fitness: best=3067.6, avg=1623.6, new=(qd-mutate=1074.0, qd-large-mutate=1249.2, template-m1-balanced=840.7, curl-left=863.9). MAP-Elites(8x8, morphologies=3): occupied=47, pending=192, in flight=38
Speed: 18.400000 creatures/sec. Server status: 19:20:30: 6618x RT, 110.3 creatures/sec. Fitness: best=3067.6, avg=1623.6, new=(qd-mutate=1074.0, qd-large-mutate=1249.2, template-m1-balanced=840.7, curl-left=863.9). MAP-Elites(8x8, morphologies=3): occupied=47, pending=192, in flight=38
Speed: 18.499983 creatures/sec. Server status: 19:20:30: 6618x RT, 110.3 creatures/sec. Fitness: best=3067.6, avg=1623.6, new=(qd-mutate=1074.0, qd-large-mutate=1249.2, template-m1-balanced=840.7, curl-left=863.9). MAP-Elites(8x8, morphologies=3): occupied=47, pending=192, in flight=38
Speed: 18.699992 creatures/sec. Server status: 19:20:30: 6618x RT, 110.3 creatures/sec. Fitness: best=3067.6, avg=1623.6, new=(qd-mutate=1074.0, qd-large-mutate=1249.2, template-m1-balanced=840.7, curl-left=863.9). MAP-Elites(8x8, morphologies=3): occupied=47, pending=192, in flight=38
Speed: 18.199989 creatures/sec. Server status: 19:20:40: 6579x RT, 109.6 creatures/sec. Fitness: best=3067.6, avg=1623.6, new=(qd-mutate=1102.1, qd-large-mutate=1161.5, template-m1-balanced=1119.2, curl-left=718.8, curl-right=1170.3). MAP-Elites(8x8, morphologies=3): occupied=47, pending=192, in flight=38
Speed: 18.399982 creatures/sec. Server status: 19:20:40: 6579x RT, 109.6 creatures/sec. Fitness: best=3067.6, avg=1623.6, new=(qd-mutate=1102.1, qd-large-mutate=1161.5, template-m1-balanced=1119.2, curl-left=718.8, curl-right=1170.3). MAP-Elites(8x8, morphologies=3): occupied=47, pending=192, in flight=38
Speed: 18.299993 creatures/sec. Server status: 19:20:40: 6579x RT, 109.6 creatures/sec. Fitness: best=3067.6, avg=1623.6, new=(qd-mutate=1102.1, qd-large-mutate=1161.5, template-m1-balanced=1119.2, curl-left=718.8, curl-right=1170.3). MAP-Elites(8x8, morphologies=3): occupied=47, pending=192, in flight=38
Speed: 18.299987 creatures/sec. Server status: 19:20:40: 6579x RT, 109.6 creatures/sec. Fitness: best=3067.6, avg=1623.6, new=(qd-mutate=1102.1, qd-large-mutate=1161.5, template-m1-balanced=1119.2, curl-left=718.8, curl-right=1170.3). MAP-Elites(8x8, morphologies=3): occupied=47, pending=192, in flight=38
Speed: 18.199980 creatures/sec. Server status: 19:20:40: 6579x RT, 109.6 creatures/sec. Fitness: best=3067.6, avg=1623.6, new=(qd-mutate=1102.1, qd-large-mutate=1161.5, template-m1-balanced=1119.2, curl-left=718.8, curl-right=1170.3). MAP-Elites(8x8, morphologies=3): occupied=47, pending=192, in flight=38
Speed: 18.299984 creatures/sec. Server status: 19:20:40: 6579x RT, 109.6 creatures/sec. Fitness: best=3067.6, avg=1623.6, new=(qd-mutate=1102.1, qd-large-mutate=1161.5, template-m1-balanced=1119.2, curl-left=718.8, curl-right=1170.3). MAP-Elites(8x8, morphologies=3): occupied=47, pending=192, in flight=38
Speed: 18.199982 creatures/sec. Server status: 19:20:50: 6584x RT, 109.7 creatures/sec. Fitness: best=3067.6, avg=1623.6, new=(qd-mutate=1006.3, qd-large-mutate=1120.6, curl-left=1086.7, curl-right=1094.1, template-m1-balanced=1000.8). MAP-Elites(8x8, morphologies=3): occupied=47, pending=192, in flight=38
Speed: 18.399984 creatures/sec. Server status: 19:20:50: 6584x RT, 109.7 creatures/sec. Fitness: best=3067.6, avg=1623.6, new=(qd-mutate=1006.3, qd-large-mutate=1120.6, curl-left=1086.7, curl-right=1094.1, template-m1-balanced=1000.8). MAP-Elites(8x8, morphologies=3): occupied=47, pending=192, in flight=38
Speed: 18.399993 creatures/sec. Server status: 19:20:50: 6584x RT, 109.7 creatures/sec. Fitness: best=3067.6, avg=1623.6, new=(qd-mutate=1006.3, qd-large-mutate=1120.6, curl-left=1086.7, curl-right=1094.1, template-m1-balanced=1000.8). MAP-Elites(8x8, morphologies=3): occupied=47, pending=192, in flight=38
Speed: 18.299998 creatures/sec. Server status: 19:20:50: 6584x RT, 109.7 creatures/sec. Fitness: best=3067.6, avg=1623.6, new=(qd-mutate=1006.3, qd-large-mutate=1120.6, curl-left=1086.7, curl-right=1094.1, template-m1-balanced=1000.8). MAP-Elites(8x8, morphologies=3): occupied=47, pending=192, in flight=38
Speed: 18.399980 creatures/sec. Server status: 19:20:50: 6584x RT, 109.7 creatures/sec. Fitness: best=3067.6, avg=1623.6, new=(qd-mutate=1006.3, qd-large-mutate=1120.6, curl-left=1086.7, curl-right=1094.1, template-m1-balanced=1000.8). MAP-Elites(8x8, morphologies=3): occupied=47, pending=192, in flight=38
Speed: 18.399993 creatures/sec. Server status: 19:20:50: 6584x RT, 109.7 creatures/sec. Fitness: best=3067.6, avg=1623.6, new=(qd-mutate=1006.3, qd-large-mutate=1120.6, curl-left=1086.7, curl-right=1094.1, template-m1-balanced=1000.8). MAP-Elites(8x8, morphologies=3): occupied=47, pending=192, in flight=38
Speed: 18.199982 creatures/sec. Server status: 19:21:01: 6547x RT, 109.1 creatures/sec. Fitness: best=3067.6, avg=1623.6, new=(qd-mutate=985.0, template-m1-balanced=887.2, qd-large-mutate=1071.3, curl-right=853.3, curl-left=692.9). MAP-Elites(8x8, morphologies=3): occupied=47, pending=192, in flight=38
Speed: 18.499976 creatures/sec. Server status: 19:21:01: 6547x RT, 109.1 creatures/sec. Fitness: best=3067.6, avg=1623.6, new=(qd-mutate=985.0, template-m1-balanced=887.2, qd-large-mutate=1071.3, curl-right=853.3, curl-left=692.9). MAP-Elites(8x8, morphologies=3): occupied=47, pending=192, in flight=38
Speed: 18.399989 creatures/sec. Server status: 19:21:01: 6547x RT, 109.1 creatures/sec. Fitness: best=3067.6, avg=1623.6, new=(qd-mutate=985.0, template-m1-balanced=887.2, qd-large-mutate=1071.3, curl-right=853.3, curl-left=692.9). MAP-Elites(8x8, morphologies=3): occupied=47, pending=192, in flight=38
Speed: 18.399954 creatures/sec. Server status: 19:21:01: 6547x RT, 109.1 creatures/sec. Fitness: best=3067.6, avg=1623.6, new=(qd-mutate=985.0, template-m1-balanced=887.2, qd-large-mutate=1071.3, curl-right=853.3, curl-left=692.9). MAP-Elites(8x8, morphologies=3): occupied=47, pending=192, in flight=38
Speed: 18.399991 creatures/sec. Server status: 19:21:01: 6547x RT, 109.1 creatures/sec. Fitness: best=3067.6, avg=1623.6, new=(qd-mutate=985.0, template-m1-balanced=887.2, qd-large-mutate=1071.3, curl-right=853.3, curl-left=692.9). MAP-Elites(8x8, morphologies=3): occupied=47, pending=192, in flight=38
Speed: 18.299954 creatures/sec. Server status: 19:21:01: 6547x RT, 109.1 creatures/sec. Fitness: best=3067.6, avg=1623.6, new=(qd-mutate=985.0, template-m1-balanced=887.2, qd-large-mutate=1071.3, curl-right=853.3, curl-left=692.9). MAP-Elites(8x8, morphologies=3): occupied=47, pending=192, in flight=38
Speed: 18.499981 creatures/sec. Server status: 19:21:09: 6713x RT, 111.9 creatures/sec. Fitness: best=3067.6, avg=1623.6, new=(qd-mutate=1056.3, qd-large-mutate=1287.4, template-m1-balanced=915.2, curl-left=839.8, curl-right=886.2). MAP-Elites(8x8, morphologies=3): occupied=47, pending=192, in flight=38
Speed: 18.699987 creatures/sec. Server status: 19:21:09: 6713x RT, 111.9 creatures/sec. Fitness: best=3067.6, avg=1623.6, new=(qd-mutate=1056.3, qd-large-mutate=1287.4, template-m1-balanced=915.2, curl-left=839.8, curl-right=886.2). MAP-Elites(8x8, morphologies=3): occupied=47, pending=192, in flight=38
Speed: 18.399993 creatures/sec. Server status: 19:21:09: 6713x RT, 111.9 creatures/sec. Fitness: best=3067.6, avg=1623.6, new=(qd-mutate=1056.3, qd-large-mutate=1287.4, template-m1-balanced=915.2, curl-left=839.8, curl-right=886.2). MAP-Elites(8x8, morphologies=3): occupied=47, pending=192, in flight=38
Speed: 18.399982 creatures/sec. Server status: 19:21:09: 6713x RT, 111.9 creatures/sec. Fitness: best=3067.6, avg=1623.6, new=(qd-mutate=1056.3, qd-large-mutate=1287.4, template-m1-balanced=915.2, curl-left=839.8, curl-right=886.2). MAP-Elites(8x8, morphologies=3): occupied=47, pending=192, in flight=38
Speed: 18.499981 creatures/sec. Server status: 19:21:09: 6713x RT, 111.9 creatures/sec. Fitness: best=3067.6, avg=1623.6, new=(qd-mutate=1056.3, qd-large-mutate=1287.4, template-m1-balanced=915.2, curl-left=839.8, curl-right=886.2). MAP-Elites(8x8, morphologies=3): occupied=47, pending=192, in flight=38
Speed: 18.499981 creatures/sec. Server status: 19:21:09: 6713x RT, 111.9 creatures/sec. Fitness: best=3067.6, avg=1623.6, new=(qd-mutate=1056.3, qd-large-mutate=1287.4, template-m1-balanced=915.2, curl-left=839.8, curl-right=886.2). MAP-Elites(8x8, morphologies=3): occupied=47, pending=192, in flight=38
Speed: 18.099980 creatures/sec. Server status: 19:21:19: 6498x RT, 108.3 creatures/sec. Fitness: best=3067.6, avg=1623.6, new=(qd-large-mutate=1188.7, qd-mutate=1055.2, curl-right=1034.3, template-m1-balanced=1005.1, curl-left=613.1). MAP-Elites(8x8, morphologies=3): occupied=47, pending=192, in flight=38
Speed: 18.099980 creatures/sec. Server status: 19:21:19: 6498x RT, 108.3 creatures/sec. Fitness: best=3067.6, avg=1623.6, new=(qd-large-mutate=1188.7, qd-mutate=1055.2, curl-right=1034.3, template-m1-balanced=1005.1, curl-left=613.1). MAP-Elites(8x8, morphologies=3): occupied=47, pending=192, in flight=38
Speed: 18.199991 creatures/sec. Server status: 19:21:19: 6498x RT, 108.3 creatures/sec. Fitness: best=3067.6, avg=1623.6, new=(qd-large-mutate=1188.7, qd-mutate=1055.2, curl-right=1034.3, template-m1-balanced=1005.1, curl-left=613.1). MAP-Elites(8x8, morphologies=3): occupied=47, pending=192, in flight=38
Speed: 17.799987 creatures/sec. Server status: 19:21:19: 6498x RT, 108.3 creatures/sec. Fitness: best=3067.6, avg=1623.6, new=(qd-large-mutate=1188.7, qd-mutate=1055.2, curl-right=1034.3, template-m1-balanced=1005.1, curl-left=613.1). MAP-Elites(8x8, morphologies=3): occupied=47, pending=192, in flight=38
Speed: 17.799984 creatures/sec. Server status: 19:21:19: 6498x RT, 108.3 creatures/sec. Fitness: best=3067.6, avg=1623.6, new=(qd-large-mutate=1188.7, qd-mutate=1055.2, curl-right=1034.3, template-m1-balanced=1005.1, curl-left=613.1). MAP-Elites(8x8, morphologies=3): occupied=47, pending=192, in flight=38
Speed: 17.999984 creatures/sec. Server status: 19:21:19: 6498x RT, 108.3 creatures/sec. Fitness: best=3067.6, avg=1623.6, new=(qd-large-mutate=1188.7, qd-mutate=1055.2, curl-right=1034.3, template-m1-balanced=1005.1, curl-left=613.1). MAP-Elites(8x8, morphologies=3): occupied=47, pending=192, in flight=38
Speed: 18.899983 creatures/sec. Server status: 19:21:29: 6932x RT, 115.5 creatures/sec. Fitness: best=3067.6, avg=1623.6, new=(curl-left=651.3, template-m1-balanced=767.5, qd-large-mutate=1147.7, qd-mutate=1135.4, curl-right=935.8). MAP-Elites(8x8, morphologies=3): occupied=47, pending=192, in flight=38
Speed: 18.899979 creatures/sec. Server status: 19:21:29: 6932x RT, 115.5 creatures/sec. Fitness: best=3067.6, avg=1623.6, new=(curl-left=651.3, template-m1-balanced=767.5, qd-large-mutate=1147.7, qd-mutate=1135.4, curl-right=935.8). MAP-Elites(8x8, morphologies=3): occupied=47, pending=192, in flight=38
Speed: 19.099998 creatures/sec. Server status: 19:21:29: 6932x RT, 115.5 creatures/sec. Fitness: best=3067.6, avg=1623.6, new=(curl-left=651.3, template-m1-balanced=767.5, qd-large-mutate=1147.7, qd-mutate=1135.4, curl-right=935.8). MAP-Elites(8x8, morphologies=3): occupied=47, pending=192, in flight=38
Speed: 18.699996 creatures/sec. Server status: 19:21:29: 6932x RT, 115.5 creatures/sec. Fitness: best=3067.6, avg=1623.6, new=(curl-left=651.3, template-m1-balanced=767.5, qd-large-mutate=1147.7, qd-mutate=1135.4, curl-right=935.8). MAP-Elites(8x8, morphologies=3): occupied=47, pending=192, in flight=38
Speed: 18.799970 creatures/sec. Server status: 19:21:29: 6932x RT, 115.5 creatures/sec. Fitness: best=3067.6, avg=1623.6, new=(curl-left=651.3, template-m1-balanced=767.5, qd-large-mutate=1147.7, qd-mutate=1135.4, curl-right=935.8). MAP-Elites(8x8, morphologies=3): occupied=47, pending=192, in flight=38
Speed: 18.799992 creatures/sec. Server status: 19:21:29: 6932x RT, 115.5 creatures/sec. Fitness: best=3067.6, avg=1623.6, new=(curl-left=651.3, template-m1-balanced=767.5, qd-large-mutate=1147.7, qd-mutate=1135.4, curl-right=935.8). MAP-Elites(8x8, morphologies=3): occupied=47, pending=192, in flight=38
Speed: 19.399988 creatures/sec. Server status: 19:21:40: 7012x RT, 116.9 creatures/sec. Fitness: best=3067.6, avg=1623.6, new=(qd-mutate=1092.5, qd-large-mutate=1011.4, curl-left=834.3, curl-right=745.6, template-m1-balanced=896.2). MAP-Elites(8x8, morphologies=3): occupied=47, pending=192, in flight=38
Speed: 19.299990 creatures/sec. Server status: 19:21:40: 7012x RT, 116.9 creatures/sec. Fitness: best=3067.6, avg=1623.6, new=(qd-mutate=1092.5, qd-large-mutate=1011.4, curl-left=834.3, curl-right=745.6, template-m1-balanced=896.2). MAP-Elites(8x8, morphologies=3): occupied=47, pending=192, in flight=38
Speed: 19.300000 creatures/sec. Server status: 19:21:40: 7012x RT, 116.9 creatures/sec. Fitness: best=3067.6, avg=1623.6, new=(qd-mutate=1092.5, qd-large-mutate=1011.4, curl-left=834.3, curl-right=745.6, template-m1-balanced=896.2). MAP-Elites(8x8, morphologies=3): occupied=47, pending=192, in flight=38
Speed: 19.299988 creatures/sec. Server status: 19:21:40: 7012x RT, 116.9 creatures/sec. Fitness: best=3067.6, avg=1623.6, new=(qd-mutate=1092.5, qd-large-mutate=1011.4, curl-left=834.3, curl-right=745.6, template-m1-balanced=896.2). MAP-Elites(8x8, morphologies=3): occupied=47, pending=192, in flight=38
Speed: 19.399992 creatures/sec. Server status: 19:21:40: 7012x RT, 116.9 creatures/sec. Fitness: best=3067.6, avg=1623.6, new=(qd-mutate=1092.5, qd-large-mutate=1011.4, curl-left=834.3, curl-right=745.6, template-m1-balanced=896.2). MAP-Elites(8x8, morphologies=3): occupied=47, pending=192, in flight=38
Speed: 19.199989 creatures/sec. Server status: 19:21:40: 7012x RT, 116.9 creatures/sec. Fitness: best=3067.6, avg=1623.6, new=(qd-mutate=1092.5, qd-large-mutate=1011.4, curl-left=834.3, curl-right=745.6, template-m1-balanced=896.2). MAP-Elites(8x8, morphologies=3): occupied=47, pending=192, in flight=38
Speed: 19.199992 creatures/sec. Server status: 19:21:50: 6866x RT, 114.4 creatures/sec. Fitness: best=3067.6, avg=1623.6, new=(template-m1-balanced=793.7, qd-mutate=1006.7, qd-large-mutate=1164.2, curl-right=617.2, curl-left=865.5). MAP-Elites(8x8, morphologies=3): occupied=47, pending=192, in flight=38
Speed: 19.399996 creatures/sec. Server status: 19:21:50: 6866x RT, 114.4 creatures/sec. Fitness: best=3067.6, avg=1623.6, new=(template-m1-balanced=793.7, qd-mutate=1006.7, qd-large-mutate=1164.2, curl-right=617.2, curl-left=865.5). MAP-Elites(8x8, morphologies=3): occupied=47, pending=192, in flight=38
Speed: 19.299981 creatures/sec. Server status: 19:21:50: 6866x RT, 114.4 creatures/sec. Fitness: best=3067.6, avg=1623.6, new=(template-m1-balanced=793.7, qd-mutate=1006.7, qd-large-mutate=1164.2, curl-right=617.2, curl-left=865.5). MAP-Elites(8x8, morphologies=3): occupied=47, pending=192, in flight=38
Speed: 19.299950 creatures/sec. Server status: 19:21:50: 6866x RT, 114.4 creatures/sec. Fitness: best=3067.6, avg=1623.6, new=(template-m1-balanced=793.7, qd-mutate=1006.7, qd-large-mutate=1164.2, curl-right=617.2, curl-left=865.5). MAP-Elites(8x8, morphologies=3): occupied=47, pending=192, in flight=38
Speed: 19.200000 creatures/sec. Server status: 19:21:50: 6866x RT, 114.4 creatures/sec. Fitness: best=3067.6, avg=1623.6, new=(template-m1-balanced=793.7, qd-mutate=1006.7, qd-large-mutate=1164.2, curl-right=617.2, curl-left=865.5). MAP-Elites(8x8, morphologies=3): occupied=47, pending=192, in flight=38
Speed: 19.199989 creatures/sec. Server status: 19:21:50: 6866x RT, 114.4 creatures/sec. Fitness: best=3067.6, avg=1623.6, new=(template-m1-balanced=793.7, qd-mutate=1006.7, qd-large-mutate=1164.2, curl-right=617.2, curl-left=865.5). MAP-Elites(8x8, morphologies=3): occupied=47, pending=192, in flight=38
Speed: 19.199983 creatures/sec. Server status: 19:22:00: 6889x RT, 114.8 creatures/sec. Fitness: best=3067.6, avg=1623.6, new=(qd-mutate=1052.0, template-m1-balanced=990.2, qd-large-mutate=1322.6, curl-right=1169.8). MAP-Elites(8x8, morphologies=3): occupied=47, pending=192, in flight=38
Speed: 19.599984 creatures/sec. Server status: 19:22:00: 6889x RT, 114.8 creatures/sec. Fitness: best=3067.6, avg=1623.6, new=(qd-mutate=1052.0, template-m1-balanced=990.2, qd-large-mutate=1322.6, curl-right=1169.8). MAP-Elites(8x8, morphologies=3): occupied=47, pending=192, in flight=38
Speed: 19.499992 creatures/sec. Server status: 19:22:00: 6889x RT, 114.8 creatures/sec. Fitness: best=3067.6, avg=1623.6, new=(qd-mutate=1052.0, template-m1-balanced=990.2, qd-large-mutate=1322.6, curl-right=1169.8). MAP-Elites(8x8, morphologies=3): occupied=47, pending=192, in flight=38
Speed: 19.199989 creatures/sec. Server status: 19:22:00: 6889x RT, 114.8 creatures/sec. Fitness: best=3067.6, avg=1623.6, new=(qd-mutate=1052.0, template-m1-balanced=990.2, qd-large-mutate=1322.6, curl-right=1169.8). MAP-Elites(8x8, morphologies=3): occupied=47, pending=192, in flight=38
Speed: 19.299998 creatures/sec. Server status: 19:22:00: 6889x RT, 114.8 creatures/sec. Fitness: best=3067.6, avg=1623.6, new=(qd-mutate=1052.0, template-m1-balanced=990.2, qd-large-mutate=1322.6, curl-right=1169.8). MAP-Elites(8x8, morphologies=3): occupied=47, pending=192, in flight=38
Speed: 18.899987 creatures/sec. Server status: 19:22:00: 6889x RT, 114.8 creatures/sec. Fitness: best=3067.6, avg=1623.6, new=(qd-mutate=1052.0, template-m1-balanced=990.2, qd-large-mutate=1322.6, curl-right=1169.8). MAP-Elites(8x8, morphologies=3): occupied=47, pending=192, in flight=38
Speed: 19.299990 creatures/sec. Server status: 19:22:09: 7023x RT, 117.0 creatures/sec. Fitness: best=3067.6, avg=1623.6, new=(qd-mutate=1126.0, qd-large-mutate=1164.5, template-m1-balanced=1100.6, curl-right=835.9, curl-left=980.5). MAP-Elites(8x8, morphologies=3): occupied=47, pending=192, in flight=38
Speed: 19.500000 creatures/sec. Server status: 19:22:09: 7023x RT, 117.0 creatures/sec. Fitness: best=3067.6, avg=1623.6, new=(qd-mutate=1126.0, qd-large-mutate=1164.5, template-m1-balanced=1100.6, curl-right=835.9, curl-left=980.5). MAP-Elites(8x8, morphologies=3): occupied=47, pending=192, in flight=38
Speed: 19.499976 creatures/sec. Server status: 19:22:09: 7023x RT, 117.0 creatures/sec. Fitness: best=3067.6, avg=1623.6, new=(qd-mutate=1126.0, qd-large-mutate=1164.5, template-m1-balanced=1100.6, curl-right=835.9, curl-left=980.5). MAP-Elites(8x8, morphologies=3): occupied=47, pending=192, in flight=38
Speed: 19.499988 creatures/sec. Server status: 19:22:09: 7023x RT, 117.0 creatures/sec. Fitness: best=3067.6, avg=1623.6, new=(qd-mutate=1126.0, qd-large-mutate=1164.5, template-m1-balanced=1100.6, curl-right=835.9, curl-left=980.5). MAP-Elites(8x8, morphologies=3): occupied=47, pending=192, in flight=38
Speed: 19.499987 creatures/sec. Server status: 19:22:09: 7023x RT, 117.0 creatures/sec. Fitness: best=3067.6, avg=1623.6, new=(qd-mutate=1126.0, qd-large-mutate=1164.5, template-m1-balanced=1100.6, curl-right=835.9, curl-left=980.5). MAP-Elites(8x8, morphologies=3): occupied=47, pending=192, in flight=38
Speed: 19.199977 creatures/sec. Server status: 19:22:09: 7023x RT, 117.0 creatures/sec. Fitness: best=3067.6, avg=1623.6, new=(qd-mutate=1126.0, qd-large-mutate=1164.5, template-m1-balanced=1100.6, curl-right=835.9, curl-left=980.5). MAP-Elites(8x8, morphologies=3): occupied=47, pending=192, in flight=38
Speed: 19.199998 creatures/sec. Server status: 19:22:19: 7088x RT, 118.1 creatures/sec. Fitness: best=3067.6, avg=1623.6, new=(qd-large-mutate=1173.4, qd-mutate=1014.3, template-m1-balanced=1156.0, curl-left=731.3, curl-right=1539.8). MAP-Elites(8x8, morphologies=3): occupied=47, pending=192, in flight=38
Speed: 19.499961 creatures/sec. Server status: 19:22:19: 7088x RT, 118.1 creatures/sec. Fitness: best=3067.6, avg=1623.6, new=(qd-large-mutate=1173.4, qd-mutate=1014.3, template-m1-balanced=1156.0, curl-left=731.3, curl-right=1539.8). MAP-Elites(8x8, morphologies=3): occupied=47, pending=192, in flight=38
Speed: 19.299979 creatures/sec. Server status: 19:22:19: 7088x RT, 118.1 creatures/sec. Fitness: best=3067.6, avg=1623.6, new=(qd-large-mutate=1173.4, qd-mutate=1014.3, template-m1-balanced=1156.0, curl-left=731.3, curl-right=1539.8). MAP-Elites(8x8, morphologies=3): occupied=47, pending=192, in flight=38
Speed: 19.199973 creatures/sec. Server status: 19:22:19: 7088x RT, 118.1 creatures/sec. Fitness: best=3067.6, avg=1623.6, new=(qd-large-mutate=1173.4, qd-mutate=1014.3, template-m1-balanced=1156.0, curl-left=731.3, curl-right=1539.8). MAP-Elites(8x8, morphologies=3): occupied=47, pending=192, in flight=38
Speed: 19.299984 creatures/sec. Server status: 19:22:19: 7088x RT, 118.1 creatures/sec. Fitness: best=3067.6, avg=1623.6, new=(qd-large-mutate=1173.4, qd-mutate=1014.3, template-m1-balanced=1156.0, curl-left=731.3, curl-right=1539.8). MAP-Elites(8x8, morphologies=3): occupied=47, pending=192, in flight=38
Speed: 19.499993 creatures/sec. Server status: 19:22:19: 7088x RT, 118.1 creatures/sec. Fitness: best=3067.6, avg=1623.6, new=(qd-large-mutate=1173.4, qd-mutate=1014.3, template-m1-balanced=1156.0, curl-left=731.3, curl-right=1539.8). MAP-Elites(8x8, morphologies=3): occupied=47, pending=192, in flight=38
Speed: 17.599991 creatures/sec. Server status: 19:22:29: 6159x RT, 102.7 creatures/sec. Fitness: best=3067.6, avg=1623.6, new=(qd-mutate=1023.5, qd-large-mutate=1022.4, template-m1-balanced=1016.1, curl-right=725.1, curl-left=753.4). MAP-Elites(8x8, morphologies=3): occupied=47, pending=192, in flight=38
Speed: 17.499984 creatures/sec. Server status: 19:22:29: 6159x RT, 102.7 creatures/sec. Fitness: best=3067.6, avg=1623.6, new=(qd-mutate=1023.5, qd-large-mutate=1022.4, template-m1-balanced=1016.1, curl-right=725.1, curl-left=753.4). MAP-Elites(8x8, morphologies=3): occupied=47, pending=192, in flight=38
Speed: 17.599977 creatures/sec. Server status: 19:22:29: 6159x RT, 102.7 creatures/sec. Fitness: best=3067.6, avg=1623.6, new=(qd-mutate=1023.5, qd-large-mutate=1022.4, template-m1-balanced=1016.1, curl-right=725.1, curl-left=753.4). MAP-Elites(8x8, morphologies=3): occupied=47, pending=192, in flight=38
Speed: 17.699993 creatures/sec. Server status: 19:22:29: 6159x RT, 102.7 creatures/sec. Fitness: best=3067.6, avg=1623.6, new=(qd-mutate=1023.5, qd-large-mutate=1022.4, template-m1-balanced=1016.1, curl-right=725.1, curl-left=753.4). MAP-Elites(8x8, morphologies=3): occupied=47, pending=192, in flight=38
Speed: 17.699961 creatures/sec. Server status: 19:22:29: 6159x RT, 102.7 creatures/sec. Fitness: best=3067.6, avg=1623.6, new=(qd-mutate=1023.5, qd-large-mutate=1022.4, template-m1-balanced=1016.1, curl-right=725.1, curl-left=753.4). MAP-Elites(8x8, morphologies=3): occupied=47, pending=192, in flight=38
Speed: 17.399984 creatures/sec. Server status: 19:22:29: 6159x RT, 102.7 creatures/sec. Fitness: best=3067.6, avg=1623.6, new=(qd-mutate=1023.5, qd-large-mutate=1022.4, template-m1-balanced=1016.1, curl-right=725.1, curl-left=753.4). MAP-Elites(8x8, morphologies=3): occupied=47, pending=192, in flight=38
Speed: 19.098757 creatures/sec. Server status: 19:22:40: 6992x RT, 116.5 creatures/sec. Fitness: best=3067.6, avg=1623.6, new=(qd-mutate=1075.3, template-m1-balanced=999.1, qd-large-mutate=1063.9, curl-left=828.6, curl-right=651.9). MAP-Elites(8x8, morphologies=3): occupied=47, pending=192, in flight=38
Speed: 19.199992 creatures/sec. Server status: 19:22:40: 6992x RT, 116.5 creatures/sec. Fitness: best=3067.6, avg=1623.6, new=(qd-mutate=1075.3, template-m1-balanced=999.1, qd-large-mutate=1063.9, curl-left=828.6, curl-right=651.9). MAP-Elites(8x8, morphologies=3): occupied=47, pending=192, in flight=38
Speed: 19.199998 creatures/sec. Server status: 19:22:40: 6992x RT, 116.5 creatures/sec. Fitness: best=3067.6, avg=1623.6, new=(qd-mutate=1075.3, template-m1-balanced=999.1, qd-large-mutate=1063.9, curl-left=828.6, curl-right=651.9). MAP-Elites(8x8, morphologies=3): occupied=47, pending=192, in flight=38
Speed: 18.899662 creatures/sec. Server status: 19:22:40: 6992x RT, 116.5 creatures/sec. Fitness: best=3067.6, avg=1623.6, new=(qd-mutate=1075.3, template-m1-balanced=999.1, qd-large-mutate=1063.9, curl-left=828.6, curl-right=651.9). MAP-Elites(8x8, morphologies=3): occupied=47, pending=192, in flight=38
Speed: 19.199994 creatures/sec. Server status: 19:22:40: 6992x RT, 116.5 creatures/sec. Fitness: best=3067.6, avg=1623.6, new=(qd-mutate=1075.3, template-m1-balanced=999.1, qd-large-mutate=1063.9, curl-left=828.6, curl-right=651.9). MAP-Elites(8x8, morphologies=3): occupied=47, pending=192, in flight=38
Speed: 19.099987 creatures/sec. Server status: 19:22:40: 6992x RT, 116.5 creatures/sec. Fitness: best=3067.6, avg=1623.6, new=(qd-mutate=1075.3, template-m1-balanced=999.1, qd-large-mutate=1063.9, curl-left=828.6, curl-right=651.9). MAP-Elites(8x8, morphologies=3): occupied=47, pending=192, in flight=38
Speed: 18.599976 creatures/sec. Server status: 19:22:50: 6760x RT, 112.7 creatures/sec. Fitness: best=3067.6, avg=1623.6, new=(qd-mutate=1043.8, template-m1-balanced=886.9, qd-large-mutate=989.7, curl-right=747.5, curl-left=814.1). MAP-Elites(8x8, morphologies=3): occupied=47, pending=192, in flight=38
Speed: 18.799981 creatures/sec. Server status: 19:22:50: 6760x RT, 112.7 creatures/sec. Fitness: best=3067.6, avg=1623.6, new=(qd-mutate=1043.8, template-m1-balanced=886.9, qd-large-mutate=989.7, curl-right=747.5, curl-left=814.1). MAP-Elites(8x8, morphologies=3): occupied=47, pending=192, in flight=38
Speed: 18.999986 creatures/sec. Server status: 19:22:50: 6760x RT, 112.7 creatures/sec. Fitness: best=3067.6, avg=1623.6, new=(qd-mutate=1043.8, template-m1-balanced=886.9, qd-large-mutate=989.7, curl-right=747.5, curl-left=814.1). MAP-Elites(8x8, morphologies=3): occupied=47, pending=192, in flight=38
Speed: 18.799989 creatures/sec. Server status: 19:22:50: 6760x RT, 112.7 creatures/sec. Fitness: best=3067.6, avg=1623.6, new=(qd-mutate=1043.8, template-m1-balanced=886.9, qd-large-mutate=989.7, curl-right=747.5, curl-left=814.1). MAP-Elites(8x8, morphologies=3): occupied=47, pending=192, in flight=38
Speed: 18.599987 creatures/sec. Server status: 19:22:50: 6760x RT, 112.7 creatures/sec. Fitness: best=3067.6, avg=1623.6, new=(qd-mutate=1043.8, template-m1-balanced=886.9, qd-large-mutate=989.7, curl-right=747.5, curl-left=814.1). MAP-Elites(8x8, morphologies=3): occupied=47, pending=192, in flight=38
Speed: 18.999979 creatures/sec. Server status: 19:22:50: 6760x RT, 112.7 creatures/sec. Fitness: best=3067.6, avg=1623.6, new=(qd-mutate=1043.8, template-m1-balanced=886.9, qd-large-mutate=989.7, curl-right=747.5, curl-left=814.1). MAP-Elites(8x8, morphologies=3): occupied=47, pending=192, in flight=38
Speed: 18.799992 creatures/sec. Server status: 19:23:00: 6575x RT, 109.6 creatures/sec. Fitness: best=3067.6, avg=1623.6, new=(qd-mutate=1091.7, qd-large-mutate=1145.6, curl-right=903.3, template-m1-balanced=1082.9, curl-left=1317.7). MAP-Elites(8x8, morphologies=3): occupied=47, pending=192, in flight=38
Speed: 18.799970 creatures/sec. Server status: 19:23:00: 6575x RT, 109.6 creatures/sec. Fitness: best=3067.6, avg=1623.6, new=(qd-mutate=1091.7, qd-large-mutate=1145.6, curl-right=903.3, template-m1-balanced=1082.9, curl-left=1317.7). MAP-Elites(8x8, morphologies=3): occupied=47, pending=192, in flight=38
Speed: 18.699998 creatures/sec. Server status: 19:23:00: 6575x RT, 109.6 creatures/sec. Fitness: best=3067.6, avg=1623.6, new=(qd-mutate=1091.7, qd-large-mutate=1145.6, curl-right=903.3, template-m1-balanced=1082.9, curl-left=1317.7). MAP-Elites(8x8, morphologies=3): occupied=47, pending=192, in flight=38
Speed: 18.699992 creatures/sec. Server status: 19:23:00: 6575x RT, 109.6 creatures/sec. Fitness: best=3067.6, avg=1623.6, new=(qd-mutate=1091.7, qd-large-mutate=1145.6, curl-right=903.3, template-m1-balanced=1082.9, curl-left=1317.7). MAP-Elites(8x8, morphologies=3): occupied=47, pending=192, in flight=38
Speed: 18.799992 creatures/sec. Server status: 19:23:00: 6575x RT, 109.6 creatures/sec. Fitness: best=3067.6, avg=1623.6, new=(qd-mutate=1091.7, qd-large-mutate=1145.6, curl-right=903.3, template-m1-balanced=1082.9, curl-left=1317.7). MAP-Elites(8x8, morphologies=3): occupied=47, pending=192, in flight=38
Speed: 18.599993 creatures/sec. Server status: 19:23:00: 6575x RT, 109.6 creatures/sec. Fitness: best=3067.6, avg=1623.6, new=(qd-mutate=1091.7, qd-large-mutate=1145.6, curl-right=903.3, template-m1-balanced=1082.9, curl-left=1317.7). MAP-Elites(8x8, morphologies=3): occupied=47, pending=192, in flight=38
Speed: 18.799995 creatures/sec. Server status: 19:23:10: 6798x RT, 113.3 creatures/sec. Fitness: best=3067.6, avg=1623.6, new=(qd-large-mutate=1101.4, qd-mutate=1085.0, template-m1-balanced=821.0, curl-left=703.5, curl-right=1097.0). MAP-Elites(8x8, morphologies=3): occupied=47, pending=192, in flight=38
Speed: 18.899989 creatures/sec. Server status: 19:23:10: 6798x RT, 113.3 creatures/sec. Fitness: best=3067.6, avg=1623.6, new=(qd-large-mutate=1101.4, qd-mutate=1085.0, template-m1-balanced=821.0, curl-left=703.5, curl-right=1097.0). MAP-Elites(8x8, morphologies=3): occupied=47, pending=192, in flight=38
Speed: 18.999987 creatures/sec. Server status: 19:23:10: 6798x RT, 113.3 creatures/sec. Fitness: best=3067.6, avg=1623.6, new=(qd-large-mutate=1101.4, qd-mutate=1085.0, template-m1-balanced=821.0, curl-left=703.5, curl-right=1097.0). MAP-Elites(8x8, morphologies=3): occupied=47, pending=192, in flight=38
Speed: 18.799985 creatures/sec. Server status: 19:23:10: 6798x RT, 113.3 creatures/sec. Fitness: best=3067.6, avg=1623.6, new=(qd-large-mutate=1101.4, qd-mutate=1085.0, template-m1-balanced=821.0, curl-left=703.5, curl-right=1097.0). MAP-Elites(8x8, morphologies=3): occupied=47, pending=192, in flight=38
Speed: 18.800000 creatures/sec. Server status: 19:23:10: 6798x RT, 113.3 creatures/sec. Fitness: best=3067.6, avg=1623.6, new=(qd-large-mutate=1101.4, qd-mutate=1085.0, template-m1-balanced=821.0, curl-left=703.5, curl-right=1097.0). MAP-Elites(8x8, morphologies=3): occupied=47, pending=192, in flight=38
Speed: 18.799945 creatures/sec. Server status: 19:23:10: 6798x RT, 113.3 creatures/sec. Fitness: best=3067.6, avg=1623.6, new=(qd-large-mutate=1101.4, qd-mutate=1085.0, template-m1-balanced=821.0, curl-left=703.5, curl-right=1097.0). MAP-Elites(8x8, morphologies=3): occupied=47, pending=192, in flight=38
Speed: 18.899998 creatures/sec. Server status: 19:23:19: 6850x RT, 114.2 creatures/sec. Fitness: best=3067.6, avg=1623.6, new=(qd-mutate=1142.7, curl-left=1081.4, qd-large-mutate=1309.9, template-m1-balanced=1040.9, curl-right=830.6). MAP-Elites(8x8, morphologies=3): occupied=47, pending=192, in flight=38
Speed: 19.099986 creatures/sec. Server status: 19:23:19: 6850x RT, 114.2 creatures/sec. Fitness: best=3067.6, avg=1623.6, new=(qd-mutate=1142.7, curl-left=1081.4, qd-large-mutate=1309.9, template-m1-balanced=1040.9, curl-right=830.6). MAP-Elites(8x8, morphologies=3): occupied=47, pending=192, in flight=38
Speed: 18.899970 creatures/sec. Server status: 19:23:19: 6850x RT, 114.2 creatures/sec. Fitness: best=3067.6, avg=1623.6, new=(qd-mutate=1142.7, curl-left=1081.4, qd-large-mutate=1309.9, template-m1-balanced=1040.9, curl-right=830.6). MAP-Elites(8x8, morphologies=3): occupied=47, pending=192, in flight=38
Speed: 18.699981 creatures/sec. Server status: 19:23:19: 6850x RT, 114.2 creatures/sec. Fitness: best=3067.6, avg=1623.6, new=(qd-mutate=1142.7, curl-left=1081.4, qd-large-mutate=1309.9, template-m1-balanced=1040.9, curl-right=830.6). MAP-Elites(8x8, morphologies=3): occupied=47, pending=192, in flight=38
Speed: 18.999992 creatures/sec. Server status: 19:23:19: 6850x RT, 114.2 creatures/sec. Fitness: best=3067.6, avg=1623.6, new=(qd-mutate=1142.7, curl-left=1081.4, qd-large-mutate=1309.9, template-m1-balanced=1040.9, curl-right=830.6). MAP-Elites(8x8, morphologies=3): occupied=47, pending=192, in flight=38
Speed: 18.899989 creatures/sec. Server status: 19:23:19: 6850x RT, 114.2 creatures/sec. Fitness: best=3067.6, avg=1623.6, new=(qd-mutate=1142.7, curl-left=1081.4, qd-large-mutate=1309.9, template-m1-balanced=1040.9, curl-right=830.6). MAP-Elites(8x8, morphologies=3): occupied=47, pending=192, in flight=38
Speed: 17.199995 creatures/sec. Server status: 19:23:29: 5370x RT, 89.5 creatures/sec. Fitness: best=3067.6, avg=1623.6, new=(qd-mutate=1054.9, qd-large-mutate=1079.1, template-m1-balanced=1080.7, curl-left=867.1). MAP-Elites(8x8, morphologies=3): occupied=47, pending=192, in flight=38
Speed: 17.499983 creatures/sec. Server status: 19:23:29: 5370x RT, 89.5 creatures/sec. Fitness: best=3067.6, avg=1623.6, new=(qd-mutate=1054.9, qd-large-mutate=1079.1, template-m1-balanced=1080.7, curl-left=867.1). MAP-Elites(8x8, morphologies=3): occupied=47, pending=192, in flight=38
Speed: 17.499991 creatures/sec. Server status: 19:23:29: 5370x RT, 89.5 creatures/sec. Fitness: best=3067.6, avg=1623.6, new=(qd-mutate=1054.9, qd-large-mutate=1079.1, template-m1-balanced=1080.7, curl-left=867.1). MAP-Elites(8x8, morphologies=3): occupied=47, pending=192, in flight=38
Speed: 17.399983 creatures/sec. Server status: 19:23:29: 5370x RT, 89.5 creatures/sec. Fitness: best=3067.6, avg=1623.6, new=(qd-mutate=1054.9, qd-large-mutate=1079.1, template-m1-balanced=1080.7, curl-left=867.1). MAP-Elites(8x8, morphologies=3): occupied=47, pending=192, in flight=38
Speed: 17.499990 creatures/sec. Server status: 19:23:29: 5370x RT, 89.5 creatures/sec. Fitness: best=3067.6, avg=1623.6, new=(qd-mutate=1054.9, qd-large-mutate=1079.1, template-m1-balanced=1080.7, curl-left=867.1). MAP-Elites(8x8, morphologies=3): occupied=47, pending=192, in flight=38
Speed: 17.399956 creatures/sec. Server status: 19:23:29: 5370x RT, 89.5 creatures/sec. Fitness: best=3067.6, avg=1623.6, new=(qd-mutate=1054.9, qd-large-mutate=1079.1, template-m1-balanced=1080.7, curl-left=867.1). MAP-Elites(8x8, morphologies=3): occupied=47, pending=192, in flight=38
Speed: 18.699996 creatures/sec. Server status: 19:23:39: 6827x RT, 113.8 creatures/sec. Fitness: best=3067.6, avg=1623.6, new=(qd-mutate=1099.8, template-m1-balanced=1008.0, qd-large-mutate=1108.6, curl-right=907.0, curl-left=723.0). MAP-Elites(8x8, morphologies=3): occupied=47, pending=192, in flight=38
Speed: 18.799991 creatures/sec. Server status: 19:23:39: 6827x RT, 113.8 creatures/sec. Fitness: best=3067.6, avg=1623.6, new=(qd-mutate=1099.8, template-m1-balanced=1008.0, qd-large-mutate=1108.6, curl-right=907.0, curl-left=723.0). MAP-Elites(8x8, morphologies=3): occupied=47, pending=192, in flight=38
Speed: 18.899986 creatures/sec. Server status: 19:23:39: 6827x RT, 113.8 creatures/sec. Fitness: best=3067.6, avg=1623.6, new=(qd-mutate=1099.8, template-m1-balanced=1008.0, qd-large-mutate=1108.6, curl-right=907.0, curl-left=723.0). MAP-Elites(8x8, morphologies=3): occupied=47, pending=192, in flight=38
Speed: 18.699979 creatures/sec. Server status: 19:23:39: 6827x RT, 113.8 creatures/sec. Fitness: best=3067.6, avg=1623.6, new=(qd-mutate=1099.8, template-m1-balanced=1008.0, qd-large-mutate=1108.6, curl-right=907.0, curl-left=723.0). MAP-Elites(8x8, morphologies=3): occupied=47, pending=192, in flight=38
Speed: 18.699987 creatures/sec. Server status: 19:23:39: 6827x RT, 113.8 creatures/sec. Fitness: best=3067.6, avg=1623.6, new=(qd-mutate=1099.8, template-m1-balanced=1008.0, qd-large-mutate=1108.6, curl-right=907.0, curl-left=723.0). MAP-Elites(8x8, morphologies=3): occupied=47, pending=192, in flight=38
Speed: 18.699985 creatures/sec. Server status: 19:23:39: 6827x RT, 113.8 creatures/sec. Fitness: best=3067.6, avg=1623.6, new=(qd-mutate=1099.8, template-m1-balanced=1008.0, qd-large-mutate=1108.6, curl-right=907.0, curl-left=723.0). MAP-Elites(8x8, morphologies=3): occupied=47, pending=192, in flight=38
Speed: 18.899983 creatures/sec. Server status: 19:23:50: 6887x RT, 114.8 creatures/sec. Fitness: best=3067.6, avg=1623.6, new=(qd-mutate=1113.9, qd-large-mutate=1078.7, curl-right=702.1, curl-left=865.5, template-m1-balanced=871.6). MAP-Elites(8x8, morphologies=3): occupied=47, pending=192, in flight=38
Speed: 19.099998 creatures/sec. Server status: 19:23:50: 6887x RT, 114.8 creatures/sec. Fitness: best=3067.6, avg=1623.6, new=(qd-mutate=1113.9, qd-large-mutate=1078.7, curl-right=702.1, curl-left=865.5, template-m1-balanced=871.6). MAP-Elites(8x8, morphologies=3): occupied=47, pending=192, in flight=38
Speed: 19.299975 creatures/sec. Server status: 19:23:50: 6887x RT, 114.8 creatures/sec. Fitness: best=3067.6, avg=1623.6, new=(qd-mutate=1113.9, qd-large-mutate=1078.7, curl-right=702.1, curl-left=865.5, template-m1-balanced=871.6). MAP-Elites(8x8, morphologies=3): occupied=47, pending=192, in flight=38
Speed: 19.099988 creatures/sec. Server status: 19:23:50: 6887x RT, 114.8 creatures/sec. Fitness: best=3067.6, avg=1623.6, new=(qd-mutate=1113.9, qd-large-mutate=1078.7, curl-right=702.1, curl-left=865.5, template-m1-balanced=871.6). MAP-Elites(8x8, morphologies=3): occupied=47, pending=192, in flight=38
Speed: 18.900000 creatures/sec. Server status: 19:23:50: 6887x RT, 114.8 creatures/sec. Fitness: best=3067.6, avg=1623.6, new=(qd-mutate=1113.9, qd-large-mutate=1078.7, curl-right=702.1, curl-left=865.5, template-m1-balanced=871.6). MAP-Elites(8x8, morphologies=3): occupied=47, pending=192, in flight=38
Speed: 18.799983 creatures/sec. Server status: 19:23:50: 6887x RT, 114.8 creatures/sec. Fitness: best=3067.6, avg=1623.6, new=(qd-mutate=1113.9, qd-large-mutate=1078.7, curl-right=702.1, curl-left=865.5, template-m1-balanced=871.6). MAP-Elites(8x8, morphologies=3): occupied=47, pending=192, in flight=38
Speed: 17.399901 creatures/sec. Server status: 19:24:00: 6533x RT, 108.9 creatures/sec. Fitness: best=3067.6, avg=1623.6, new=(qd-mutate=1090.8, qd-large-mutate=1046.8, curl-left=1132.7, template-m1-balanced=976.7, curl-right=893.5). MAP-Elites(8x8, morphologies=3): occupied=47, pending=192, in flight=38
Speed: 17.699995 creatures/sec. Server status: 19:24:00: 6533x RT, 108.9 creatures/sec. Fitness: best=3067.6, avg=1623.6, new=(qd-mutate=1090.8, qd-large-mutate=1046.8, curl-left=1132.7, template-m1-balanced=976.7, curl-right=893.5). MAP-Elites(8x8, morphologies=3): occupied=47, pending=192, in flight=38
Speed: 17.899738 creatures/sec. Server status: 19:24:00: 6533x RT, 108.9 creatures/sec. Fitness: best=3067.6, avg=1623.6, new=(qd-mutate=1090.8, qd-large-mutate=1046.8, curl-left=1132.7, template-m1-balanced=976.7, curl-right=893.5). MAP-Elites(8x8, morphologies=3): occupied=47, pending=192, in flight=38
Speed: 17.699979 creatures/sec. Server status: 19:24:00: 6533x RT, 108.9 creatures/sec. Fitness: best=3067.6, avg=1623.6, new=(qd-mutate=1090.8, qd-large-mutate=1046.8, curl-left=1132.7, template-m1-balanced=976.7, curl-right=893.5). MAP-Elites(8x8, morphologies=3): occupied=47, pending=192, in flight=38
Speed: 17.799861 creatures/sec. Server status: 19:24:00: 6533x RT, 108.9 creatures/sec. Fitness: best=3067.6, avg=1623.6, new=(qd-mutate=1090.8, qd-large-mutate=1046.8, curl-left=1132.7, template-m1-balanced=976.7, curl-right=893.5). MAP-Elites(8x8, morphologies=3): occupied=47, pending=192, in flight=38
Speed: 17.699984 creatures/sec. Server status: 19:24:00: 6533x RT, 108.9 creatures/sec. Fitness: best=3067.6, avg=1623.6, new=(qd-mutate=1090.8, qd-large-mutate=1046.8, curl-left=1132.7, template-m1-balanced=976.7, curl-right=893.5). MAP-Elites(8x8, morphologies=3): occupied=47, pending=192, in flight=38
Speed: 17.899982 creatures/sec. Server status: 19:24:10: 6842x RT, 114.0 creatures/sec. Fitness: best=3067.6, avg=1623.6, new=(qd-large-mutate=1153.8, qd-mutate=1143.6, template-m1-balanced=988.3, curl-right=895.3, curl-left=882.9). MAP-Elites(8x8, morphologies=3): occupied=47, pending=192, in flight=38
Speed: 18.199991 creatures/sec. Server status: 19:24:10: 6842x RT, 114.0 creatures/sec. Fitness: best=3067.6, avg=1623.6, new=(qd-large-mutate=1153.8, qd-mutate=1143.6, template-m1-balanced=988.3, curl-right=895.3, curl-left=882.9). MAP-Elites(8x8, morphologies=3): occupied=47, pending=192, in flight=38
Speed: 18.099980 creatures/sec. Server status: 19:24:10: 6842x RT, 114.0 creatures/sec. Fitness: best=3067.6, avg=1623.6, new=(qd-large-mutate=1153.8, qd-mutate=1143.6, template-m1-balanced=988.3, curl-right=895.3, curl-left=882.9). MAP-Elites(8x8, morphologies=3): occupied=47, pending=192, in flight=38
Speed: 17.899995 creatures/sec. Server status: 19:24:10: 6842x RT, 114.0 creatures/sec. Fitness: best=3067.6, avg=1623.6, new=(qd-large-mutate=1153.8, qd-mutate=1143.6, template-m1-balanced=988.3, curl-right=895.3, curl-left=882.9). MAP-Elites(8x8, morphologies=3): occupied=47, pending=192, in flight=38
Speed: 17.999987 creatures/sec. Server status: 19:24:10: 6842x RT, 114.0 creatures/sec. Fitness: best=3067.6, avg=1623.6, new=(qd-large-mutate=1153.8, qd-mutate=1143.6, template-m1-balanced=988.3, curl-right=895.3, curl-left=882.9). MAP-Elites(8x8, morphologies=3): occupied=47, pending=192, in flight=38
Speed: 17.799986 creatures/sec. Server status: 19:24:10: 6842x RT, 114.0 creatures/sec. Fitness: best=3067.6, avg=1623.6, new=(qd-large-mutate=1153.8, qd-mutate=1143.6, template-m1-balanced=988.3, curl-right=895.3, curl-left=882.9). MAP-Elites(8x8, morphologies=3): occupied=47, pending=192, in flight=38
Speed: 18.299983 creatures/sec. Server status: 19:24:20: 6759x RT, 112.6 creatures/sec. Fitness: best=3067.6, avg=1623.6, new=(qd-mutate=1094.3, qd-large-mutate=1142.1, template-m1-balanced=1039.4, curl-left=1096.9, curl-right=576.3). MAP-Elites(8x8, morphologies=3): occupied=47, pending=192, in flight=38
Speed: 18.599994 creatures/sec. Server status: 19:24:20: 6759x RT, 112.6 creatures/sec. Fitness: best=3067.6, avg=1623.6, new=(qd-mutate=1094.3, qd-large-mutate=1142.1, template-m1-balanced=1039.4, curl-left=1096.9, curl-right=576.3). MAP-Elites(8x8, morphologies=3): occupied=47, pending=192, in flight=38
Speed: 18.299998 creatures/sec. Server status: 19:24:20: 6759x RT, 112.6 creatures/sec. Fitness: best=3067.6, avg=1623.6, new=(qd-mutate=1094.3, qd-large-mutate=1142.1, template-m1-balanced=1039.4, curl-left=1096.9, curl-right=576.3). MAP-Elites(8x8, morphologies=3): occupied=47, pending=192, in flight=38
Speed: 18.299967 creatures/sec. Server status: 19:24:20: 6759x RT, 112.6 creatures/sec. Fitness: best=3067.6, avg=1623.6, new=(qd-mutate=1094.3, qd-large-mutate=1142.1, template-m1-balanced=1039.4, curl-left=1096.9, curl-right=576.3). MAP-Elites(8x8, morphologies=3): occupied=47, pending=192, in flight=38
Speed: 18.499985 creatures/sec. Server status: 19:24:20: 6759x RT, 112.6 creatures/sec. Fitness: best=3067.6, avg=1623.6, new=(qd-mutate=1094.3, qd-large-mutate=1142.1, template-m1-balanced=1039.4, curl-left=1096.9, curl-right=576.3). MAP-Elites(8x8, morphologies=3): occupied=47, pending=192, in flight=38
Speed: 18.199989 creatures/sec. Server status: 19:24:20: 6759x RT, 112.6 creatures/sec. Fitness: best=3067.6, avg=1623.6, new=(qd-mutate=1094.3, qd-large-mutate=1142.1, template-m1-balanced=1039.4, curl-left=1096.9, curl-right=576.3). MAP-Elites(8x8, morphologies=3): occupied=47, pending=192, in flight=38
Speed: 18.499995 creatures/sec. Server status: 19:24:29: 6720x RT, 112.0 creatures/sec. Fitness: best=3067.6, avg=1623.6, new=(qd-large-mutate=1234.3, qd-mutate=1105.2, template-m1-balanced=700.5, curl-right=889.9, curl-left=628.7). MAP-Elites(8x8, morphologies=3): occupied=47, pending=192, in flight=38
Speed: 18.599991 creatures/sec. Server status: 19:24:29: 6720x RT, 112.0 creatures/sec. Fitness: best=3067.6, avg=1623.6, new=(qd-large-mutate=1234.3, qd-mutate=1105.2, template-m1-balanced=700.5, curl-right=889.9, curl-left=628.7). MAP-Elites(8x8, morphologies=3): occupied=47, pending=192, in flight=38
Speed: 18.599991 creatures/sec. Server status: 19:24:29: 6720x RT, 112.0 creatures/sec. Fitness: best=3067.6, avg=1623.6, new=(qd-large-mutate=1234.3, qd-mutate=1105.2, template-m1-balanced=700.5, curl-right=889.9, curl-left=628.7). MAP-Elites(8x8, morphologies=3): occupied=47, pending=192, in flight=38
Speed: 18.599983 creatures/sec. Server status: 19:24:29: 6720x RT, 112.0 creatures/sec. Fitness: best=3067.6, avg=1623.6, new=(qd-large-mutate=1234.3, qd-mutate=1105.2, template-m1-balanced=700.5, curl-right=889.9, curl-left=628.7). MAP-Elites(8x8, morphologies=3): occupied=47, pending=192, in flight=38
Speed: 18.299991 creatures/sec. Server status: 19:24:29: 6720x RT, 112.0 creatures/sec. Fitness: best=3067.6, avg=1623.6, new=(qd-large-mutate=1234.3, qd-mutate=1105.2, template-m1-balanced=700.5, curl-right=889.9, curl-left=628.7). MAP-Elites(8x8, morphologies=3): occupied=47, pending=192, in flight=38
Speed: 18.399993 creatures/sec. Server status: 19:24:29: 6720x RT, 112.0 creatures/sec. Fitness: best=3067.6, avg=1623.6, new=(qd-large-mutate=1234.3, qd-mutate=1105.2, template-m1-balanced=700.5, curl-right=889.9, curl-left=628.7). MAP-Elites(8x8, morphologies=3): occupied=47, pending=192, in flight=38
Speed: 18.499991 creatures/sec. Server status: 19:24:39: 6627x RT, 110.5 creatures/sec. Fitness: best=3067.6, avg=1623.6, new=(qd-mutate=1080.7, qd-large-mutate=1146.9, template-m1-balanced=1023.1, curl-left=613.2, curl-right=885.9). MAP-Elites(8x8, morphologies=3): occupied=47, pending=192, in flight=38
Speed: 18.499995 creatures/sec. Server status: 19:24:39: 6627x RT, 110.5 creatures/sec. Fitness: best=3067.6, avg=1623.6, new=(qd-mutate=1080.7, qd-large-mutate=1146.9, template-m1-balanced=1023.1, curl-left=613.2, curl-right=885.9). MAP-Elites(8x8, morphologies=3): occupied=47, pending=192, in flight=38
Speed: 18.599994 creatures/sec. Server status: 19:24:39: 6627x RT, 110.5 creatures/sec. Fitness: best=3067.6, avg=1623.6, new=(qd-mutate=1080.7, qd-large-mutate=1146.9, template-m1-balanced=1023.1, curl-left=613.2, curl-right=885.9). MAP-Elites(8x8, morphologies=3): occupied=47, pending=192, in flight=38
Speed: 18.399954 creatures/sec. Server status: 19:24:39: 6627x RT, 110.5 creatures/sec. Fitness: best=3067.6, avg=1623.6, new=(qd-mutate=1080.7, qd-large-mutate=1146.9, template-m1-balanced=1023.1, curl-left=613.2, curl-right=885.9). MAP-Elites(8x8, morphologies=3): occupied=47, pending=192, in flight=38
Speed: 18.799985 creatures/sec. Server status: 19:24:39: 6627x RT, 110.5 creatures/sec. Fitness: best=3067.6, avg=1623.6, new=(qd-mutate=1080.7, qd-large-mutate=1146.9, template-m1-balanced=1023.1, curl-left=613.2, curl-right=885.9). MAP-Elites(8x8, morphologies=3): occupied=47, pending=192, in flight=38
Speed: 18.299991 creatures/sec. Server status: 19:24:39: 6627x RT, 110.5 creatures/sec. Fitness: best=3067.6, avg=1623.6, new=(qd-mutate=1080.7, qd-large-mutate=1146.9, template-m1-balanced=1023.1, curl-left=613.2, curl-right=885.9). MAP-Elites(8x8, morphologies=3): occupied=47, pending=192, in flight=38
Speed: 18.599985 creatures/sec. Server status: 19:24:49: 6838x RT, 114.0 creatures/sec. Fitness: best=3067.6, avg=1630.5, new=(qd-mutate=1130.7, qd-large-mutate=1094.4, curl-left=807.0, curl-right=923.0, template-m1-balanced=862.4). MAP-Elites(8x8, morphologies=3): occupied=47, pending=192, in flight=38
Speed: 18.699998 creatures/sec. Server status: 19:24:49: 6838x RT, 114.0 creatures/sec. Fitness: best=3067.6, avg=1630.5, new=(qd-mutate=1130.7, qd-large-mutate=1094.4, curl-left=807.0, curl-right=923.0, template-m1-balanced=862.4). MAP-Elites(8x8, morphologies=3): occupied=47, pending=192, in flight=38
Speed: 18.699995 creatures/sec. Server status: 19:24:49: 6838x RT, 114.0 creatures/sec. Fitness: best=3067.6, avg=1630.5, new=(qd-mutate=1130.7, qd-large-mutate=1094.4, curl-left=807.0, curl-right=923.0, template-m1-balanced=862.4). MAP-Elites(8x8, morphologies=3): occupied=47, pending=192, in flight=38
Speed: 18.599993 creatures/sec. Server status: 19:24:49: 6838x RT, 114.0 creatures/sec. Fitness: best=3067.6, avg=1630.5, new=(qd-mutate=1130.7, qd-large-mutate=1094.4, curl-left=807.0, curl-right=923.0, template-m1-balanced=862.4). MAP-Elites(8x8, morphologies=3): occupied=47, pending=192, in flight=38
Speed: 18.799979 creatures/sec. Server status: 19:24:49: 6838x RT, 114.0 creatures/sec. Fitness: best=3067.6, avg=1630.5, new=(qd-mutate=1130.7, qd-large-mutate=1094.4, curl-left=807.0, curl-right=923.0, template-m1-balanced=862.4). MAP-Elites(8x8, morphologies=3): occupied=47, pending=192, in flight=38
Speed: 18.599957 creatures/sec. Server status: 19:24:49: 6838x RT, 114.0 creatures/sec. Fitness: best=3067.6, avg=1630.5, new=(qd-mutate=1130.7, qd-large-mutate=1094.4, curl-left=807.0, curl-right=923.0, template-m1-balanced=862.4). MAP-Elites(8x8, morphologies=3): occupied=47, pending=192, in flight=38
Speed: 18.699983 creatures/sec. Server status: 19:25:00: 6720x RT, 112.0 creatures/sec. Fitness: best=3067.6, avg=1630.5, new=(qd-mutate=1118.5, template-m1-balanced=966.0, qd-large-mutate=1139.3, curl-right=905.3, curl-left=825.2). MAP-Elites(8x8, morphologies=3): occupied=47, pending=192, in flight=38
Speed: 18.699982 creatures/sec. Server status: 19:25:00: 6720x RT, 112.0 creatures/sec. Fitness: best=3067.6, avg=1630.5, new=(qd-mutate=1118.5, template-m1-balanced=966.0, qd-large-mutate=1139.3, curl-right=905.3, curl-left=825.2). MAP-Elites(8x8, morphologies=3): occupied=47, pending=192, in flight=38
Speed: 18.699991 creatures/sec. Server status: 19:25:00: 6720x RT, 112.0 creatures/sec. Fitness: best=3067.6, avg=1630.5, new=(qd-mutate=1118.5, template-m1-balanced=966.0, qd-large-mutate=1139.3, curl-right=905.3, curl-left=825.2). MAP-Elites(8x8, morphologies=3): occupied=47, pending=192, in flight=38
Speed: 18.599998 creatures/sec. Server status: 19:25:00: 6720x RT, 112.0 creatures/sec. Fitness: best=3067.6, avg=1630.5, new=(qd-mutate=1118.5, template-m1-balanced=966.0, qd-large-mutate=1139.3, curl-right=905.3, curl-left=825.2). MAP-Elites(8x8, morphologies=3): occupied=47, pending=192, in flight=38
Speed: 18.799985 creatures/sec. Server status: 19:25:00: 6720x RT, 112.0 creatures/sec. Fitness: best=3067.6, avg=1630.5, new=(qd-mutate=1118.5, template-m1-balanced=966.0, qd-large-mutate=1139.3, curl-right=905.3, curl-left=825.2). MAP-Elites(8x8, morphologies=3): occupied=47, pending=192, in flight=38
Speed: 18.599972 creatures/sec. Server status: 19:25:00: 6720x RT, 112.0 creatures/sec. Fitness: best=3067.6, avg=1630.5, new=(qd-mutate=1118.5, template-m1-balanced=966.0, qd-large-mutate=1139.3, curl-right=905.3, curl-left=825.2). MAP-Elites(8x8, morphologies=3): occupied=47, pending=192, in flight=38
Speed: 18.799985 creatures/sec. Server status: 19:25:10: 6736x RT, 112.3 creatures/sec. Fitness: best=3067.6, avg=1630.5, new=(qd-mutate=1103.1, qd-large-mutate=1102.4, curl-right=1062.5, template-m1-balanced=1103.0). MAP-Elites(8x8, morphologies=3): occupied=47, pending=192, in flight=38
Speed: 18.799991 creatures/sec. Server status: 19:25:10: 6736x RT, 112.3 creatures/sec. Fitness: best=3067.6, avg=1630.5, new=(qd-mutate=1103.1, qd-large-mutate=1102.4, curl-right=1062.5, template-m1-balanced=1103.0). MAP-Elites(8x8, morphologies=3): occupied=47, pending=192, in flight=38
Speed: 18.799947 creatures/sec. Server status: 19:25:10: 6736x RT, 112.3 creatures/sec. Fitness: best=3067.6, avg=1630.5, new=(qd-mutate=1103.1, qd-large-mutate=1102.4, curl-right=1062.5, template-m1-balanced=1103.0). MAP-Elites(8x8, morphologies=3): occupied=47, pending=192, in flight=38
Speed: 18.799991 creatures/sec. Server status: 19:25:10: 6736x RT, 112.3 creatures/sec. Fitness: best=3067.6, avg=1630.5, new=(qd-mutate=1103.1, qd-large-mutate=1102.4, curl-right=1062.5, template-m1-balanced=1103.0). MAP-Elites(8x8, morphologies=3): occupied=47, pending=192, in flight=38
Speed: 18.699978 creatures/sec. Server status: 19:25:10: 6736x RT, 112.3 creatures/sec. Fitness: best=3067.6, avg=1630.5, new=(qd-mutate=1103.1, qd-large-mutate=1102.4, curl-right=1062.5, template-m1-balanced=1103.0). MAP-Elites(8x8, morphologies=3): occupied=47, pending=192, in flight=38
Speed: 18.899983 creatures/sec. Server status: 19:25:10: 6736x RT, 112.3 creatures/sec. Fitness: best=3067.6, avg=1630.5, new=(qd-mutate=1103.1, qd-large-mutate=1102.4, curl-right=1062.5, template-m1-balanced=1103.0). MAP-Elites(8x8, morphologies=3): occupied=47, pending=192, in flight=38
Speed: 18.699988 creatures/sec. Server status: 19:25:20: 6724x RT, 112.1 creatures/sec. Fitness: best=3067.6, avg=1630.5, new=(qd-mutate=1047.1, template-m1-balanced=1009.7, qd-large-mutate=981.7, curl-left=816.0, curl-right=741.6). MAP-Elites(8x8, morphologies=3): occupied=47, pending=192, in flight=38
Speed: 18.599983 creatures/sec. Server status: 19:25:20: 6724x RT, 112.1 creatures/sec. Fitness: best=3067.6, avg=1630.5, new=(qd-mutate=1047.1, template-m1-balanced=1009.7, qd-large-mutate=981.7, curl-left=816.0, curl-right=741.6). MAP-Elites(8x8, morphologies=3): occupied=47, pending=192, in flight=38
Speed: 18.599993 creatures/sec. Server status: 19:25:20: 6724x RT, 112.1 creatures/sec. Fitness: best=3067.6, avg=1630.5, new=(qd-mutate=1047.1, template-m1-balanced=1009.7, qd-large-mutate=981.7, curl-left=816.0, curl-right=741.6). MAP-Elites(8x8, morphologies=3): occupied=47, pending=192, in flight=38
Speed: 18.599982 creatures/sec. Server status: 19:25:20: 6724x RT, 112.1 creatures/sec. Fitness: best=3067.6, avg=1630.5, new=(qd-mutate=1047.1, template-m1-balanced=1009.7, qd-large-mutate=981.7, curl-left=816.0, curl-right=741.6). MAP-Elites(8x8, morphologies=3): occupied=47, pending=192, in flight=38
Speed: 18.599974 creatures/sec. Server status: 19:25:20: 6724x RT, 112.1 creatures/sec. Fitness: best=3067.6, avg=1630.5, new=(qd-mutate=1047.1, template-m1-balanced=1009.7, qd-large-mutate=981.7, curl-left=816.0, curl-right=741.6). MAP-Elites(8x8, morphologies=3): occupied=47, pending=192, in flight=38
Speed: 18.599953 creatures/sec. Server status: 19:25:20: 6724x RT, 112.1 creatures/sec. Fitness: best=3067.6, avg=1630.5, new=(qd-mutate=1047.1, template-m1-balanced=1009.7, qd-large-mutate=981.7, curl-left=816.0, curl-right=741.6). MAP-Elites(8x8, morphologies=3): occupied=47, pending=192, in flight=38
Speed: 17.699998 creatures/sec. Server status: 19:25:31: 6127x RT, 102.1 creatures/sec. Fitness: best=3067.6, avg=1630.5, new=(qd-mutate=1033.4, qd-large-mutate=1189.9, template-m1-balanced=1020.7, curl-left=650.6, curl-right=965.2). MAP-Elites(8x8, morphologies=3): occupied=47, pending=192, in flight=38
Speed: 17.699952 creatures/sec. Server status: 19:25:31: 6127x RT, 102.1 creatures/sec. Fitness: best=3067.6, avg=1630.5, new=(qd-mutate=1033.4, qd-large-mutate=1189.9, template-m1-balanced=1020.7, curl-left=650.6, curl-right=965.2). MAP-Elites(8x8, morphologies=3): occupied=47, pending=192, in flight=38
Speed: 17.699996 creatures/sec. Server status: 19:25:31: 6127x RT, 102.1 creatures/sec. Fitness: best=3067.6, avg=1630.5, new=(qd-mutate=1033.4, qd-large-mutate=1189.9, template-m1-balanced=1020.7, curl-left=650.6, curl-right=965.2). MAP-Elites(8x8, morphologies=3): occupied=47, pending=192, in flight=38
Speed: 17.799994 creatures/sec. Server status: 19:25:31: 6127x RT, 102.1 creatures/sec. Fitness: best=3067.6, avg=1630.5, new=(qd-mutate=1033.4, qd-large-mutate=1189.9, template-m1-balanced=1020.7, curl-left=650.6, curl-right=965.2). MAP-Elites(8x8, morphologies=3): occupied=47, pending=192, in flight=38
Speed: 17.699982 creatures/sec. Server status: 19:25:31: 6127x RT, 102.1 creatures/sec. Fitness: best=3067.6, avg=1630.5, new=(qd-mutate=1033.4, qd-large-mutate=1189.9, template-m1-balanced=1020.7, curl-left=650.6, curl-right=965.2). MAP-Elites(8x8, morphologies=3): occupied=47, pending=192, in flight=38
Speed: 17.599988 creatures/sec. Server status: 19:25:31: 6127x RT, 102.1 creatures/sec. Fitness: best=3067.6, avg=1630.5, new=(qd-mutate=1033.4, qd-large-mutate=1189.9, template-m1-balanced=1020.7, curl-left=650.6, curl-right=965.2). MAP-Elites(8x8, morphologies=3): occupied=47, pending=192, in flight=38
Speed: 18.799974 creatures/sec. Server status: 19:25:39: 6604x RT, 110.1 creatures/sec. Fitness: best=3067.6, avg=1630.5, new=(qd-mutate=1123.9, curl-left=834.3, curl-right=1210.2, qd-large-mutate=1051.3, template-m1-balanced=780.1). MAP-Elites(8x8, morphologies=3): occupied=47, pending=192, in flight=38
Speed: 18.699985 creatures/sec. Server status: 19:25:39: 6604x RT, 110.1 creatures/sec. Fitness: best=3067.6, avg=1630.5, new=(qd-mutate=1123.9, curl-left=834.3, curl-right=1210.2, qd-large-mutate=1051.3, template-m1-balanced=780.1). MAP-Elites(8x8, morphologies=3): occupied=47, pending=192, in flight=38
Speed: 18.699987 creatures/sec. Server status: 19:25:39: 6604x RT, 110.1 creatures/sec. Fitness: best=3067.6, avg=1630.5, new=(qd-mutate=1123.9, curl-left=834.3, curl-right=1210.2, qd-large-mutate=1051.3, template-m1-balanced=780.1). MAP-Elites(8x8, morphologies=3): occupied=47, pending=192, in flight=38
Speed: 18.699948 creatures/sec. Server status: 19:25:39: 6604x RT, 110.1 creatures/sec. Fitness: best=3067.6, avg=1630.5, new=(qd-mutate=1123.9, curl-left=834.3, curl-right=1210.2, qd-large-mutate=1051.3, template-m1-balanced=780.1). MAP-Elites(8x8, morphologies=3): occupied=47, pending=192, in flight=38
Speed: 18.599984 creatures/sec. Server status: 19:25:39: 6604x RT, 110.1 creatures/sec. Fitness: best=3067.6, avg=1630.5, new=(qd-mutate=1123.9, curl-left=834.3, curl-right=1210.2, qd-large-mutate=1051.3, template-m1-balanced=780.1). MAP-Elites(8x8, morphologies=3): occupied=47, pending=192, in flight=38
Speed: 18.500000 creatures/sec. Server status: 19:25:39: 6604x RT, 110.1 creatures/sec. Fitness: best=3067.6, avg=1630.5, new=(qd-mutate=1123.9, curl-left=834.3, curl-right=1210.2, qd-large-mutate=1051.3, template-m1-balanced=780.1). MAP-Elites(8x8, morphologies=3): occupied=47, pending=192, in flight=38
Speed: 17.899962 creatures/sec. Server status: 19:25:49: 6650x RT, 110.8 creatures/sec. Fitness: best=3067.6, avg=1630.5, new=(qd-mutate=1060.6, qd-large-mutate=1050.2, curl-right=634.4, curl-left=769.7). MAP-Elites(8x8, morphologies=3): occupied=47, pending=192, in flight=38
Speed: 17.799993 creatures/sec. Server status: 19:25:49: 6650x RT, 110.8 creatures/sec. Fitness: best=3067.6, avg=1630.5, new=(qd-mutate=1060.6, qd-large-mutate=1050.2, curl-right=634.4, curl-left=769.7). MAP-Elites(8x8, morphologies=3): occupied=47, pending=192, in flight=38
Speed: 17.999964 creatures/sec. Server status: 19:25:49: 6650x RT, 110.8 creatures/sec. Fitness: best=3067.6, avg=1630.5, new=(qd-mutate=1060.6, qd-large-mutate=1050.2, curl-right=634.4, curl-left=769.7). MAP-Elites(8x8, morphologies=3): occupied=47, pending=192, in flight=38
Speed: 17.799996 creatures/sec. Server status: 19:25:49: 6650x RT, 110.8 creatures/sec. Fitness: best=3067.6, avg=1630.5, new=(qd-mutate=1060.6, qd-large-mutate=1050.2, curl-right=634.4, curl-left=769.7). MAP-Elites(8x8, morphologies=3): occupied=47, pending=192, in flight=38
Speed: 18.100000 creatures/sec. Server status: 19:25:49: 6650x RT, 110.8 creatures/sec. Fitness: best=3067.6, avg=1630.5, new=(qd-mutate=1060.6, qd-large-mutate=1050.2, curl-right=634.4, curl-left=769.7). MAP-Elites(8x8, morphologies=3): occupied=47, pending=192, in flight=38
Speed: 18.299989 creatures/sec. Server status: 19:25:49: 6650x RT, 110.8 creatures/sec. Fitness: best=3067.6, avg=1630.5, new=(qd-mutate=1060.6, qd-large-mutate=1050.2, curl-right=634.4, curl-left=769.7). MAP-Elites(8x8, morphologies=3): occupied=47, pending=192, in flight=38
Speed: 17.999982 creatures/sec. Server status: 19:25:59: 6580x RT, 109.7 creatures/sec. Fitness: best=3067.6, avg=1630.5, new=(qd-mutate=1133.2, qd-large-mutate=1309.7, curl-right=518.0, curl-left=909.6, template-m1-balanced=735.8). MAP-Elites(8x8, morphologies=3): occupied=47, pending=192, in flight=38
Speed: 17.899982 creatures/sec. Server status: 19:25:59: 6580x RT, 109.7 creatures/sec. Fitness: best=3067.6, avg=1630.5, new=(qd-mutate=1133.2, qd-large-mutate=1309.7, curl-right=518.0, curl-left=909.6, template-m1-balanced=735.8). MAP-Elites(8x8, morphologies=3): occupied=47, pending=192, in flight=38
Speed: 17.799994 creatures/sec. Server status: 19:25:59: 6580x RT, 109.7 creatures/sec. Fitness: best=3067.6, avg=1630.5, new=(qd-mutate=1133.2, qd-large-mutate=1309.7, curl-right=518.0, curl-left=909.6, template-m1-balanced=735.8). MAP-Elites(8x8, morphologies=3): occupied=47, pending=192, in flight=38
Speed: 17.799988 creatures/sec. Server status: 19:25:59: 6580x RT, 109.7 creatures/sec. Fitness: best=3067.6, avg=1630.5, new=(qd-mutate=1133.2, qd-large-mutate=1309.7, curl-right=518.0, curl-left=909.6, template-m1-balanced=735.8). MAP-Elites(8x8, morphologies=3): occupied=47, pending=192, in flight=38
Speed: 17.799986 creatures/sec. Server status: 19:25:59: 6580x RT, 109.7 creatures/sec. Fitness: best=3067.6, avg=1630.5, new=(qd-mutate=1133.2, qd-large-mutate=1309.7, curl-right=518.0, curl-left=909.6, template-m1-balanced=735.8). MAP-Elites(8x8, morphologies=3): occupied=47, pending=192, in flight=38
Speed: 17.999976 creatures/sec. Server status: 19:25:59: 6580x RT, 109.7 creatures/sec. Fitness: best=3067.6, avg=1630.5, new=(qd-mutate=1133.2, qd-large-mutate=1309.7, curl-right=518.0, curl-left=909.6, template-m1-balanced=735.8). MAP-Elites(8x8, morphologies=3): occupied=47, pending=192, in flight=38
Speed: 18.199989 creatures/sec. Server status: 19:26:10: 6475x RT, 107.9 creatures/sec. Fitness: best=3067.6, avg=1630.5, new=(qd-large-mutate=1345.4, qd-mutate=1051.0, curl-right=923.6, curl-left=920.1, template-m1-balanced=871.2). MAP-Elites(8x8, morphologies=3): occupied=47, pending=192, in flight=38
Speed: 18.299991 creatures/sec. Server status: 19:26:10: 6475x RT, 107.9 creatures/sec. Fitness: best=3067.6, avg=1630.5, new=(qd-large-mutate=1345.4, qd-mutate=1051.0, curl-right=923.6, curl-left=920.1, template-m1-balanced=871.2). MAP-Elites(8x8, morphologies=3): occupied=47, pending=192, in flight=38
Speed: 18.399984 creatures/sec. Server status: 19:26:10: 6475x RT, 107.9 creatures/sec. Fitness: best=3067.6, avg=1630.5, new=(qd-large-mutate=1345.4, qd-mutate=1051.0, curl-right=923.6, curl-left=920.1, template-m1-balanced=871.2). MAP-Elites(8x8, morphologies=3): occupied=47, pending=192, in flight=38
Speed: 18.199958 creatures/sec. Server status: 19:26:10: 6475x RT, 107.9 creatures/sec. Fitness: best=3067.6, avg=1630.5, new=(qd-large-mutate=1345.4, qd-mutate=1051.0, curl-right=923.6, curl-left=920.1, template-m1-balanced=871.2). MAP-Elites(8x8, morphologies=3): occupied=47, pending=192, in flight=38
Speed: 18.399987 creatures/sec. Server status: 19:26:10: 6475x RT, 107.9 creatures/sec. Fitness: best=3067.6, avg=1630.5, new=(qd-large-mutate=1345.4, qd-mutate=1051.0, curl-right=923.6, curl-left=920.1, template-m1-balanced=871.2). MAP-Elites(8x8, morphologies=3): occupied=47, pending=192, in flight=38
Speed: 17.999995 creatures/sec. Server status: 19:26:10: 6475x RT, 107.9 creatures/sec. Fitness: best=3067.6, avg=1630.5, new=(qd-large-mutate=1345.4, qd-mutate=1051.0, curl-right=923.6, curl-left=920.1, template-m1-balanced=871.2). MAP-Elites(8x8, morphologies=3): occupied=47, pending=192, in flight=38
Speed: 18.399996 creatures/sec. Server status: 19:26:20: 6730x RT, 112.2 creatures/sec. Fitness: best=3067.6, avg=1630.5, new=(qd-mutate=1112.8, qd-large-mutate=1184.7, template-m1-balanced=997.3, curl-right=1748.8, curl-left=813.2). MAP-Elites(8x8, morphologies=3): occupied=47, pending=192, in flight=38
Speed: 18.799976 creatures/sec. Server status: 19:26:20: 6730x RT, 112.2 creatures/sec. Fitness: best=3067.6, avg=1630.5, new=(qd-mutate=1112.8, qd-large-mutate=1184.7, template-m1-balanced=997.3, curl-right=1748.8, curl-left=813.2). MAP-Elites(8x8, morphologies=3): occupied=47, pending=192, in flight=38
Speed: 18.499996 creatures/sec. Server status: 19:26:20: 6730x RT, 112.2 creatures/sec. Fitness: best=3067.6, avg=1630.5, new=(qd-mutate=1112.8, qd-large-mutate=1184.7, template-m1-balanced=997.3, curl-right=1748.8, curl-left=813.2). MAP-Elites(8x8, morphologies=3): occupied=47, pending=192, in flight=38
Speed: 18.299991 creatures/sec. Server status: 19:26:20: 6730x RT, 112.2 creatures/sec. Fitness: best=3067.6, avg=1630.5, new=(qd-mutate=1112.8, qd-large-mutate=1184.7, template-m1-balanced=997.3, curl-right=1748.8, curl-left=813.2). MAP-Elites(8x8, morphologies=3): occupied=47, pending=192, in flight=38
Speed: 18.399987 creatures/sec. Server status: 19:26:20: 6730x RT, 112.2 creatures/sec. Fitness: best=3067.6, avg=1630.5, new=(qd-mutate=1112.8, qd-large-mutate=1184.7, template-m1-balanced=997.3, curl-right=1748.8, curl-left=813.2). MAP-Elites(8x8, morphologies=3): occupied=47, pending=192, in flight=38
Speed: 18.499950 creatures/sec. Server status: 19:26:20: 6730x RT, 112.2 creatures/sec. Fitness: best=3067.6, avg=1630.5, new=(qd-mutate=1112.8, qd-large-mutate=1184.7, template-m1-balanced=997.3, curl-right=1748.8, curl-left=813.2). MAP-Elites(8x8, morphologies=3): occupied=47, pending=192, in flight=38
Speed: 18.199997 creatures/sec. Server status: 19:26:29: 6697x RT, 111.6 creatures/sec. Fitness: best=3067.6, avg=1630.5, new=(curl-right=933.0, qd-mutate=1081.4, qd-large-mutate=1140.5, curl-left=908.6, template-m1-balanced=1099.1). MAP-Elites(8x8, morphologies=3): occupied=47, pending=192, in flight=38
Speed: 18.299971 creatures/sec. Server status: 19:26:29: 6697x RT, 111.6 creatures/sec. Fitness: best=3067.6, avg=1630.5, new=(curl-right=933.0, qd-mutate=1081.4, qd-large-mutate=1140.5, curl-left=908.6, template-m1-balanced=1099.1). MAP-Elites(8x8, morphologies=3): occupied=47, pending=192, in flight=38
Speed: 18.199969 creatures/sec. Server status: 19:26:29: 6697x RT, 111.6 creatures/sec. Fitness: best=3067.6, avg=1630.5, new=(curl-right=933.0, qd-mutate=1081.4, qd-large-mutate=1140.5, curl-left=908.6, template-m1-balanced=1099.1). MAP-Elites(8x8, morphologies=3): occupied=47, pending=192, in flight=38
Speed: 17.999986 creatures/sec. Server status: 19:26:29: 6697x RT, 111.6 creatures/sec. Fitness: best=3067.6, avg=1630.5, new=(curl-right=933.0, qd-mutate=1081.4, qd-large-mutate=1140.5, curl-left=908.6, template-m1-balanced=1099.1). MAP-Elites(8x8, morphologies=3): occupied=47, pending=192, in flight=38
Speed: 18.099986 creatures/sec. Server status: 19:26:29: 6697x RT, 111.6 creatures/sec. Fitness: best=3067.6, avg=1630.5, new=(curl-right=933.0, qd-mutate=1081.4, qd-large-mutate=1140.5, curl-left=908.6, template-m1-balanced=1099.1). MAP-Elites(8x8, morphologies=3): occupied=47, pending=192, in flight=38
Speed: 18.199978 creatures/sec. Server status: 19:26:29: 6697x RT, 111.6 creatures/sec. Fitness: best=3067.6, avg=1630.5, new=(curl-right=933.0, qd-mutate=1081.4, qd-large-mutate=1140.5, curl-left=908.6, template-m1-balanced=1099.1). MAP-Elites(8x8, morphologies=3): occupied=47, pending=192, in flight=38
Speed: 18.499957 creatures/sec. Server status: 19:26:39: 6693x RT, 111.6 creatures/sec. Fitness: best=3067.6, avg=1630.5, new=(qd-mutate=1077.1, template-m1-balanced=853.0, qd-large-mutate=1208.5, curl-left=920.8, curl-right=911.1). MAP-Elites(8x8, morphologies=3): occupied=47, pending=192, in flight=38
Speed: 18.499985 creatures/sec. Server status: 19:26:39: 6693x RT, 111.6 creatures/sec. Fitness: best=3067.6, avg=1630.5, new=(qd-mutate=1077.1, template-m1-balanced=853.0, qd-large-mutate=1208.5, curl-left=920.8, curl-right=911.1). MAP-Elites(8x8, morphologies=3): occupied=47, pending=192, in flight=38
Speed: 18.599994 creatures/sec. Server status: 19:26:39: 6693x RT, 111.6 creatures/sec. Fitness: best=3067.6, avg=1630.5, new=(qd-mutate=1077.1, template-m1-balanced=853.0, qd-large-mutate=1208.5, curl-left=920.8, curl-right=911.1). MAP-Elites(8x8, morphologies=3): occupied=47, pending=192, in flight=38
Speed: 18.499980 creatures/sec. Server status: 19:26:39: 6693x RT, 111.6 creatures/sec. Fitness: best=3067.6, avg=1630.5, new=(qd-mutate=1077.1, template-m1-balanced=853.0, qd-large-mutate=1208.5, curl-left=920.8, curl-right=911.1). MAP-Elites(8x8, morphologies=3): occupied=47, pending=192, in flight=38
Speed: 18.599992 creatures/sec. Server status: 19:26:39: 6693x RT, 111.6 creatures/sec. Fitness: best=3067.6, avg=1630.5, new=(qd-mutate=1077.1, template-m1-balanced=853.0, qd-large-mutate=1208.5, curl-left=920.8, curl-right=911.1). MAP-Elites(8x8, morphologies=3): occupied=47, pending=192, in flight=38
Speed: 18.300000 creatures/sec. Server status: 19:26:39: 6693x RT, 111.6 creatures/sec. Fitness: best=3067.6, avg=1630.5, new=(qd-mutate=1077.1, template-m1-balanced=853.0, qd-large-mutate=1208.5, curl-left=920.8, curl-right=911.1). MAP-Elites(8x8, morphologies=3): occupied=47, pending=192, in flight=38
Speed: 18.499981 creatures/sec. Server status: 19:26:49: 6699x RT, 111.6 creatures/sec. Fitness: best=3067.6, avg=1630.5, new=(qd-mutate=1099.0, qd-large-mutate=1193.7, template-m1-balanced=1000.0, curl-right=747.3, curl-left=989.6). MAP-Elites(8x8, morphologies=3): occupied=47, pending=192, in flight=38
Speed: 18.599992 creatures/sec. Server status: 19:26:49: 6699x RT, 111.6 creatures/sec. Fitness: best=3067.6, avg=1630.5, new=(qd-mutate=1099.0, qd-large-mutate=1193.7, template-m1-balanced=1000.0, curl-right=747.3, curl-left=989.6). MAP-Elites(8x8, morphologies=3): occupied=47, pending=192, in flight=38
Speed: 18.899995 creatures/sec. Server status: 19:26:49: 6699x RT, 111.6 creatures/sec. Fitness: best=3067.6, avg=1630.5, new=(qd-mutate=1099.0, qd-large-mutate=1193.7, template-m1-balanced=1000.0, curl-right=747.3, curl-left=989.6). MAP-Elites(8x8, morphologies=3): occupied=47, pending=192, in flight=38
Speed: 18.699991 creatures/sec. Server status: 19:26:49: 6699x RT, 111.6 creatures/sec. Fitness: best=3067.6, avg=1630.5, new=(qd-mutate=1099.0, qd-large-mutate=1193.7, template-m1-balanced=1000.0, curl-right=747.3, curl-left=989.6). MAP-Elites(8x8, morphologies=3): occupied=47, pending=192, in flight=38
Speed: 18.600000 creatures/sec. Server status: 19:26:49: 6699x RT, 111.6 creatures/sec. Fitness: best=3067.6, avg=1630.5, new=(qd-mutate=1099.0, qd-large-mutate=1193.7, template-m1-balanced=1000.0, curl-right=747.3, curl-left=989.6). MAP-Elites(8x8, morphologies=3): occupied=47, pending=192, in flight=38
Speed: 18.599987 creatures/sec. Server status: 19:26:49: 6699x RT, 111.6 creatures/sec. Fitness: best=3067.6, avg=1630.5, new=(qd-mutate=1099.0, qd-large-mutate=1193.7, template-m1-balanced=1000.0, curl-right=747.3, curl-left=989.6). MAP-Elites(8x8, morphologies=3): occupied=47, pending=192, in flight=38
Speed: 18.399995 creatures/sec. Server status: 19:26:59: 6075x RT, 101.2 creatures/sec. Fitness: best=3067.6, avg=1630.5, new=(qd-mutate=1072.3, qd-large-mutate=974.1, template-m1-balanced=1045.0, curl-right=730.3, curl-left=639.0). MAP-Elites(8x8, morphologies=3): occupied=47, pending=192, in flight=38
Speed: 18.299956 creatures/sec. Server status: 19:26:59: 6075x RT, 101.2 creatures/sec. Fitness: best=3067.6, avg=1630.5, new=(qd-mutate=1072.3, qd-large-mutate=974.1, template-m1-balanced=1045.0, curl-right=730.3, curl-left=639.0). MAP-Elites(8x8, morphologies=3): occupied=47, pending=192, in flight=38
Speed: 18.499983 creatures/sec. Server status: 19:26:59: 6075x RT, 101.2 creatures/sec. Fitness: best=3067.6, avg=1630.5, new=(qd-mutate=1072.3, qd-large-mutate=974.1, template-m1-balanced=1045.0, curl-right=730.3, curl-left=639.0). MAP-Elites(8x8, morphologies=3): occupied=47, pending=192, in flight=38
Speed: 18.199994 creatures/sec. Server status: 19:26:59: 6075x RT, 101.2 creatures/sec. Fitness: best=3067.6, avg=1630.5, new=(qd-mutate=1072.3, qd-large-mutate=974.1, template-m1-balanced=1045.0, curl-right=730.3, curl-left=639.0). MAP-Elites(8x8, morphologies=3): occupied=47, pending=192, in flight=38
Speed: 18.199986 creatures/sec. Server status: 19:26:59: 6075x RT, 101.2 creatures/sec. Fitness: best=3067.6, avg=1630.5, new=(qd-mutate=1072.3, qd-large-mutate=974.1, template-m1-balanced=1045.0, curl-right=730.3, curl-left=639.0). MAP-Elites(8x8, morphologies=3): occupied=47, pending=192, in flight=38
Speed: 18.299994 creatures/sec. Server status: 19:26:59: 6075x RT, 101.2 creatures/sec. Fitness: best=3067.6, avg=1630.5, new=(qd-mutate=1072.3, qd-large-mutate=974.1, template-m1-balanced=1045.0, curl-right=730.3, curl-left=639.0). MAP-Elites(8x8, morphologies=3): occupied=47, pending=192, in flight=38
Speed: 11.399970 creatures/sec. Server status: 19:27:10: 2171x RT, 36.2 creatures/sec. Fitness: best=3067.6, avg=1630.5, new=(qd-mutate=1020.2, curl-right=741.6, qd-large-mutate=1383.0, template-m1-balanced=712.4). MAP-Elites(8x8, morphologies=3): occupied=47, pending=192, in flight=38
Speed: 11.399985 creatures/sec. Server status: 19:27:10: 2171x RT, 36.2 creatures/sec. Fitness: best=3067.6, avg=1630.5, new=(qd-mutate=1020.2, curl-right=741.6, qd-large-mutate=1383.0, template-m1-balanced=712.4). MAP-Elites(8x8, morphologies=3): occupied=47, pending=192, in flight=38
Speed: 11.499873 creatures/sec. Server status: 19:27:10: 2171x RT, 36.2 creatures/sec. Fitness: best=3067.6, avg=1630.5, new=(qd-mutate=1020.2, curl-right=741.6, qd-large-mutate=1383.0, template-m1-balanced=712.4). MAP-Elites(8x8, morphologies=3): occupied=47, pending=192, in flight=38
Speed: 11.198108 creatures/sec. Server status: 19:27:10: 2171x RT, 36.2 creatures/sec. Fitness: best=3067.6, avg=1630.5, new=(qd-mutate=1020.2, curl-right=741.6, qd-large-mutate=1383.0, template-m1-balanced=712.4). MAP-Elites(8x8, morphologies=3): occupied=47, pending=192, in flight=38
Speed: 11.497819 creatures/sec. Server status: 19:27:10: 2171x RT, 36.2 creatures/sec. Fitness: best=3067.6, avg=1630.5, new=(qd-mutate=1020.2, curl-right=741.6, qd-large-mutate=1383.0, template-m1-balanced=712.4). MAP-Elites(8x8, morphologies=3): occupied=47, pending=192, in flight=38
Speed: 11.393023 creatures/sec. Server status: 19:27:10: 2171x RT, 36.2 creatures/sec. Fitness: best=3067.6, avg=1630.5, new=(qd-mutate=1020.2, curl-right=741.6, qd-large-mutate=1383.0, template-m1-balanced=712.4). MAP-Elites(8x8, morphologies=3): occupied=47, pending=192, in flight=38
Speed: 8.700000 creatures/sec. Server status: 19:27:20: 4051x RT, 67.5 creatures/sec. Fitness: best=3067.6, avg=1630.5, new=(qd-mutate=1141.5, curl-left=801.3, qd-large-mutate=1149.6, template-m1-balanced=1149.7). MAP-Elites(8x8, morphologies=3): occupied=47, pending=192, in flight=38
Speed: 8.499967 creatures/sec. Server status: 19:27:20: 4051x RT, 67.5 creatures/sec. Fitness: best=3067.6, avg=1630.5, new=(qd-mutate=1141.5, curl-left=801.3, qd-large-mutate=1149.6, template-m1-balanced=1149.7). MAP-Elites(8x8, morphologies=3): occupied=47, pending=192, in flight=38
Speed: 8.699995 creatures/sec. Server status: 19:27:20: 4051x RT, 67.5 creatures/sec. Fitness: best=3067.6, avg=1630.5, new=(qd-mutate=1141.5, curl-left=801.3, qd-large-mutate=1149.6, template-m1-balanced=1149.7). MAP-Elites(8x8, morphologies=3): occupied=47, pending=192, in flight=38
Speed: 8.699998 creatures/sec. Server status: 19:27:20: 4051x RT, 67.5 creatures/sec. Fitness: best=3067.6, avg=1630.5, new=(qd-mutate=1141.5, curl-left=801.3, qd-large-mutate=1149.6, template-m1-balanced=1149.7). MAP-Elites(8x8, morphologies=3): occupied=47, pending=192, in flight=38
Speed: 8.699990 creatures/sec. Server status: 19:27:20: 4051x RT, 67.5 creatures/sec. Fitness: best=3067.6, avg=1630.5, new=(qd-mutate=1141.5, curl-left=801.3, qd-large-mutate=1149.6, template-m1-balanced=1149.7). MAP-Elites(8x8, morphologies=3): occupied=47, pending=192, in flight=38
Speed: 8.699999 creatures/sec. Server status: 19:27:20: 4051x RT, 67.5 creatures/sec. Fitness: best=3067.6, avg=1630.5, new=(qd-mutate=1141.5, curl-left=801.3, qd-large-mutate=1149.6, template-m1-balanced=1149.7). MAP-Elites(8x8, morphologies=3): occupied=47, pending=192, in flight=38
Speed: 17.899987 creatures/sec. Server status: 19:27:30: 6562x RT, 109.4 creatures/sec. Fitness: best=3067.6, avg=1630.7, new=(qd-mutate=1112.2, curl-left=1162.1, curl-right=846.0, qd-large-mutate=1133.0, template-m1-balanced=993.1). MAP-Elites(8x8, morphologies=3): occupied=47, pending=192, in flight=38
Speed: 17.499987 creatures/sec. Server status: 19:27:30: 6562x RT, 109.4 creatures/sec. Fitness: best=3067.6, avg=1630.7, new=(qd-mutate=1112.2, curl-left=1162.1, curl-right=846.0, qd-large-mutate=1133.0, template-m1-balanced=993.1). MAP-Elites(8x8, morphologies=3): occupied=47, pending=192, in flight=38
Speed: 17.799998 creatures/sec. Server status: 19:27:30: 6562x RT, 109.4 creatures/sec. Fitness: best=3067.6, avg=1630.7, new=(qd-mutate=1112.2, curl-left=1162.1, curl-right=846.0, qd-large-mutate=1133.0, template-m1-balanced=993.1). MAP-Elites(8x8, morphologies=3): occupied=47, pending=192, in flight=38
Speed: 17.799993 creatures/sec. Server status: 19:27:30: 6562x RT, 109.4 creatures/sec. Fitness: best=3067.6, avg=1630.7, new=(qd-mutate=1112.2, curl-left=1162.1, curl-right=846.0, qd-large-mutate=1133.0, template-m1-balanced=993.1). MAP-Elites(8x8, morphologies=3): occupied=47, pending=192, in flight=38
Speed: 17.999957 creatures/sec. Server status: 19:27:30: 6562x RT, 109.4 creatures/sec. Fitness: best=3067.6, avg=1630.7, new=(qd-mutate=1112.2, curl-left=1162.1, curl-right=846.0, qd-large-mutate=1133.0, template-m1-balanced=993.1). MAP-Elites(8x8, morphologies=3): occupied=47, pending=192, in flight=38
Speed: 17.599984 creatures/sec. Server status: 19:27:30: 6562x RT, 109.4 creatures/sec. Fitness: best=3067.6, avg=1630.7, new=(qd-mutate=1112.2, curl-left=1162.1, curl-right=846.0, qd-large-mutate=1133.0, template-m1-balanced=993.1). MAP-Elites(8x8, morphologies=3): occupied=47, pending=192, in flight=38
Speed: 18.499998 creatures/sec. Server status: 19:27:40: 6636x RT, 110.6 creatures/sec. Fitness: best=3067.6, avg=1630.7, new=(qd-large-mutate=1123.6, qd-mutate=992.5, template-m1-balanced=867.0, curl-left=620.3, curl-right=1127.7). MAP-Elites(8x8, morphologies=3): occupied=47, pending=192, in flight=38
Speed: 18.099993 creatures/sec. Server status: 19:27:40: 6636x RT, 110.6 creatures/sec. Fitness: best=3067.6, avg=1630.7, new=(qd-large-mutate=1123.6, qd-mutate=992.5, template-m1-balanced=867.0, curl-left=620.3, curl-right=1127.7). MAP-Elites(8x8, morphologies=3): occupied=47, pending=192, in flight=38
Speed: 18.399989 creatures/sec. Server status: 19:27:40: 6636x RT, 110.6 creatures/sec. Fitness: best=3067.6, avg=1630.7, new=(qd-large-mutate=1123.6, qd-mutate=992.5, template-m1-balanced=867.0, curl-left=620.3, curl-right=1127.7). MAP-Elites(8x8, morphologies=3): occupied=47, pending=192, in flight=38
Speed: 18.499983 creatures/sec. Server status: 19:27:40: 6636x RT, 110.6 creatures/sec. Fitness: best=3067.6, avg=1630.7, new=(qd-large-mutate=1123.6, qd-mutate=992.5, template-m1-balanced=867.0, curl-left=620.3, curl-right=1127.7). MAP-Elites(8x8, morphologies=3): occupied=47, pending=192, in flight=38
Speed: 18.399989 creatures/sec. Server status: 19:27:40: 6636x RT, 110.6 creatures/sec. Fitness: best=3067.6, avg=1630.7, new=(qd-large-mutate=1123.6, qd-mutate=992.5, template-m1-balanced=867.0, curl-left=620.3, curl-right=1127.7). MAP-Elites(8x8, morphologies=3): occupied=47, pending=192, in flight=38
Speed: 18.500000 creatures/sec. Server status: 19:27:40: 6636x RT, 110.6 creatures/sec. Fitness: best=3067.6, avg=1630.7, new=(qd-large-mutate=1123.6, qd-mutate=992.5, template-m1-balanced=867.0, curl-left=620.3, curl-right=1127.7). MAP-Elites(8x8, morphologies=3): occupied=47, pending=192, in flight=38
Speed: 18.699996 creatures/sec. Server status: 19:27:49: 6749x RT, 112.5 creatures/sec. Fitness: best=3067.6, avg=1630.7, new=(qd-mutate=1144.1, template-m1-balanced=1121.4, curl-right=789.2, qd-large-mutate=1185.2, curl-left=881.9). MAP-Elites(8x8, morphologies=3): occupied=47, pending=192, in flight=38
Speed: 18.200000 creatures/sec. Server status: 19:27:49: 6749x RT, 112.5 creatures/sec. Fitness: best=3067.6, avg=1630.7, new=(qd-mutate=1144.1, template-m1-balanced=1121.4, curl-right=789.2, qd-large-mutate=1185.2, curl-left=881.9). MAP-Elites(8x8, morphologies=3): occupied=47, pending=192, in flight=38
Speed: 18.799972 creatures/sec. Server status: 19:27:49: 6749x RT, 112.5 creatures/sec. Fitness: best=3067.6, avg=1630.7, new=(qd-mutate=1144.1, template-m1-balanced=1121.4, curl-right=789.2, qd-large-mutate=1185.2, curl-left=881.9). MAP-Elites(8x8, morphologies=3): occupied=47, pending=192, in flight=38
Speed: 18.699992 creatures/sec. Server status: 19:27:49: 6749x RT, 112.5 creatures/sec. Fitness: best=3067.6, avg=1630.7, new=(qd-mutate=1144.1, template-m1-balanced=1121.4, curl-right=789.2, qd-large-mutate=1185.2, curl-left=881.9). MAP-Elites(8x8, morphologies=3): occupied=47, pending=192, in flight=38
Speed: 18.599959 creatures/sec. Server status: 19:27:49: 6749x RT, 112.5 creatures/sec. Fitness: best=3067.6, avg=1630.7, new=(qd-mutate=1144.1, template-m1-balanced=1121.4, curl-right=789.2, qd-large-mutate=1185.2, curl-left=881.9). MAP-Elites(8x8, morphologies=3): occupied=47, pending=192, in flight=38
Speed: 18.599984 creatures/sec. Server status: 19:27:49: 6749x RT, 112.5 creatures/sec. Fitness: best=3067.6, avg=1630.7, new=(qd-mutate=1144.1, template-m1-balanced=1121.4, curl-right=789.2, qd-large-mutate=1185.2, curl-left=881.9). MAP-Elites(8x8, morphologies=3): occupied=47, pending=192, in flight=38
Speed: 8.799996 creatures/sec. Server status: 19:27:59: 2171x RT, 36.2 creatures/sec. Fitness: best=3067.6, avg=1630.7, new=(template-m1-balanced=820.8, curl-right=1062.2, qd-large-mutate=1187.6, qd-mutate=1088.8). MAP-Elites(8x8, morphologies=3): occupied=47, pending=192, in flight=38
Speed: 8.699926 creatures/sec. Server status: 19:27:59: 2171x RT, 36.2 creatures/sec. Fitness: best=3067.6, avg=1630.7, new=(template-m1-balanced=820.8, curl-right=1062.2, qd-large-mutate=1187.6, qd-mutate=1088.8). MAP-Elites(8x8, morphologies=3): occupied=47, pending=192, in flight=38
Speed: 8.799984 creatures/sec. Server status: 19:27:59: 2171x RT, 36.2 creatures/sec. Fitness: best=3067.6, avg=1630.7, new=(template-m1-balanced=820.8, curl-right=1062.2, qd-large-mutate=1187.6, qd-mutate=1088.8). MAP-Elites(8x8, morphologies=3): occupied=47, pending=192, in flight=38
Speed: 8.497265 creatures/sec. Server status: 19:27:59: 2171x RT, 36.2 creatures/sec. Fitness: best=3067.6, avg=1630.7, new=(template-m1-balanced=820.8, curl-right=1062.2, qd-large-mutate=1187.6, qd-mutate=1088.8). MAP-Elites(8x8, morphologies=3): occupied=47, pending=192, in flight=38
Speed: 8.485334 creatures/sec. Server status: 19:27:59: 2171x RT, 36.2 creatures/sec. Fitness: best=3067.6, avg=1630.7, new=(template-m1-balanced=820.8, curl-right=1062.2, qd-large-mutate=1187.6, qd-mutate=1088.8). MAP-Elites(8x8, morphologies=3): occupied=47, pending=192, in flight=38
Speed: 8.699506 creatures/sec. Server status: 19:27:59: 2171x RT, 36.2 creatures/sec. Fitness: best=3067.6, avg=1630.7, new=(template-m1-balanced=820.8, curl-right=1062.2, qd-large-mutate=1187.6, qd-mutate=1088.8). MAP-Elites(8x8, morphologies=3): occupied=47, pending=192, in flight=38
Speed: 7.999998 creatures/sec. Server status: 19:28:09: 3834x RT, 63.9 creatures/sec. Fitness: best=3067.6, avg=1630.7, new=(qd-large-mutate=1045.4, qd-mutate=1107.7, template-m1-balanced=921.7). MAP-Elites(8x8, morphologies=3): occupied=47, pending=192, in flight=38
Speed: 8.199965 creatures/sec. Server status: 19:28:09: 3834x RT, 63.9 creatures/sec. Fitness: best=3067.6, avg=1630.7, new=(qd-large-mutate=1045.4, qd-mutate=1107.7, template-m1-balanced=921.7). MAP-Elites(8x8, morphologies=3): occupied=47, pending=192, in flight=38
Speed: 7.699998 creatures/sec. Server status: 19:28:09: 3834x RT, 63.9 creatures/sec. Fitness: best=3067.6, avg=1630.7, new=(qd-large-mutate=1045.4, qd-mutate=1107.7, template-m1-balanced=921.7). MAP-Elites(8x8, morphologies=3): occupied=47, pending=192, in flight=38
Speed: 8.099998 creatures/sec. Server status: 19:28:09: 3834x RT, 63.9 creatures/sec. Fitness: best=3067.6, avg=1630.7, new=(qd-large-mutate=1045.4, qd-mutate=1107.7, template-m1-balanced=921.7). MAP-Elites(8x8, morphologies=3): occupied=47, pending=192, in flight=38
Speed: 8.399976 creatures/sec. Server status: 19:28:09: 3834x RT, 63.9 creatures/sec. Fitness: best=3067.6, avg=1630.7, new=(qd-large-mutate=1045.4, qd-mutate=1107.7, template-m1-balanced=921.7). MAP-Elites(8x8, morphologies=3): occupied=47, pending=192, in flight=38
Speed: 8.099992 creatures/sec. Server status: 19:28:09: 3834x RT, 63.9 creatures/sec. Fitness: best=3067.6, avg=1630.7, new=(qd-large-mutate=1045.4, qd-mutate=1107.7, template-m1-balanced=921.7). MAP-Elites(8x8, morphologies=3): occupied=47, pending=192, in flight=38
Speed: 17.399990 creatures/sec. Server status: 19:28:19: 6611x RT, 110.2 creatures/sec. Fitness: best=3067.6, avg=1630.7, new=(qd-large-mutate=1027.5, qd-mutate=1092.3, template-m1-balanced=864.9, curl-left=892.1). MAP-Elites(8x8, morphologies=3): occupied=47, pending=192, in flight=38
Speed: 17.299991 creatures/sec. Server status: 19:28:19: 6611x RT, 110.2 creatures/sec. Fitness: best=3067.6, avg=1630.7, new=(qd-large-mutate=1027.5, qd-mutate=1092.3, template-m1-balanced=864.9, curl-left=892.1). MAP-Elites(8x8, morphologies=3): occupied=47, pending=192, in flight=38
Speed: 17.599661 creatures/sec. Server status: 19:28:19: 6611x RT, 110.2 creatures/sec. Fitness: best=3067.6, avg=1630.7, new=(qd-large-mutate=1027.5, qd-mutate=1092.3, template-m1-balanced=864.9, curl-left=892.1). MAP-Elites(8x8, morphologies=3): occupied=47, pending=192, in flight=38
Speed: 17.499979 creatures/sec. Server status: 19:28:19: 6611x RT, 110.2 creatures/sec. Fitness: best=3067.6, avg=1630.7, new=(qd-large-mutate=1027.5, qd-mutate=1092.3, template-m1-balanced=864.9, curl-left=892.1). MAP-Elites(8x8, morphologies=3): occupied=47, pending=192, in flight=38
Speed: 17.499997 creatures/sec. Server status: 19:28:19: 6611x RT, 110.2 creatures/sec. Fitness: best=3067.6, avg=1630.7, new=(qd-large-mutate=1027.5, qd-mutate=1092.3, template-m1-balanced=864.9, curl-left=892.1). MAP-Elites(8x8, morphologies=3): occupied=47, pending=192, in flight=38
Speed: 17.499981 creatures/sec. Server status: 19:28:19: 6611x RT, 110.2 creatures/sec. Fitness: best=3067.6, avg=1630.7, new=(qd-large-mutate=1027.5, qd-mutate=1092.3, template-m1-balanced=864.9, curl-left=892.1). MAP-Elites(8x8, morphologies=3): occupied=47, pending=192, in flight=38
Speed: 14.399909 creatures/sec. Server status: 19:28:30: 2308x RT, 38.5 creatures/sec. Fitness: best=3067.6, avg=1630.7, new=(qd-mutate=1030.4, qd-large-mutate=1097.9, template-m1-balanced=1080.9). MAP-Elites(8x8, morphologies=3): occupied=47, pending=192, in flight=38
Speed: 14.099721 creatures/sec. Server status: 19:28:30: 2308x RT, 38.5 creatures/sec. Fitness: best=3067.6, avg=1630.7, new=(qd-mutate=1030.4, qd-large-mutate=1097.9, template-m1-balanced=1080.9). MAP-Elites(8x8, morphologies=3): occupied=47, pending=192, in flight=38
Speed: 13.999989 creatures/sec. Server status: 19:28:30: 2308x RT, 38.5 creatures/sec. Fitness: best=3067.6, avg=1630.7, new=(qd-mutate=1030.4, qd-large-mutate=1097.9, template-m1-balanced=1080.9). MAP-Elites(8x8, morphologies=3): occupied=47, pending=192, in flight=38
Speed: 14.199984 creatures/sec. Server status: 19:28:30: 2308x RT, 38.5 creatures/sec. Fitness: best=3067.6, avg=1630.7, new=(qd-mutate=1030.4, qd-large-mutate=1097.9, template-m1-balanced=1080.9). MAP-Elites(8x8, morphologies=3): occupied=47, pending=192, in flight=38
Speed: 13.886954 creatures/sec. Server status: 19:28:30: 2308x RT, 38.5 creatures/sec. Fitness: best=3067.6, avg=1630.7, new=(qd-mutate=1030.4, qd-large-mutate=1097.9, template-m1-balanced=1080.9). MAP-Elites(8x8, morphologies=3): occupied=47, pending=192, in flight=38
Speed: 13.966836 creatures/sec. Server status: 19:28:30: 2308x RT, 38.5 creatures/sec. Fitness: best=3067.6, avg=1630.7, new=(qd-mutate=1030.4, qd-large-mutate=1097.9, template-m1-balanced=1080.9). MAP-Elites(8x8, morphologies=3): occupied=47, pending=192, in flight=38
Speed: 6.599997 creatures/sec. Server status: 19:28:40: 2561x RT, 42.7 creatures/sec. Fitness: best=3067.6, avg=1630.7, new=(qd-mutate=1142.6, curl-left=963.3, qd-large-mutate=1146.6, curl-right=894.5, template-m1-balanced=852.6). MAP-Elites(8x8, morphologies=3): occupied=47, pending=192, in flight=38
Speed: 6.498737 creatures/sec. Server status: 19:28:40: 2561x RT, 42.7 creatures/sec. Fitness: best=3067.6, avg=1630.7, new=(qd-mutate=1142.6, curl-left=963.3, qd-large-mutate=1146.6, curl-right=894.5, template-m1-balanced=852.6). MAP-Elites(8x8, morphologies=3): occupied=47, pending=192, in flight=38
Speed: 6.599999 creatures/sec. Server status: 19:28:40: 2561x RT, 42.7 creatures/sec. Fitness: best=3067.6, avg=1630.7, new=(qd-mutate=1142.6, curl-left=963.3, qd-large-mutate=1146.6, curl-right=894.5, template-m1-balanced=852.6). MAP-Elites(8x8, morphologies=3): occupied=47, pending=192, in flight=38
Speed: 6.496582 creatures/sec. Server status: 19:28:40: 2561x RT, 42.7 creatures/sec. Fitness: best=3067.6, avg=1630.7, new=(qd-mutate=1142.6, curl-left=963.3, qd-large-mutate=1146.6, curl-right=894.5, template-m1-balanced=852.6). MAP-Elites(8x8, morphologies=3): occupied=47, pending=192, in flight=38
Speed: 6.599946 creatures/sec. Server status: 19:28:40: 2561x RT, 42.7 creatures/sec. Fitness: best=3067.6, avg=1630.7, new=(qd-mutate=1142.6, curl-left=963.3, qd-large-mutate=1146.6, curl-right=894.5, template-m1-balanced=852.6). MAP-Elites(8x8, morphologies=3): occupied=47, pending=192, in flight=38
Speed: 6.698490 creatures/sec. Server status: 19:28:40: 2561x RT, 42.7 creatures/sec. Fitness: best=3067.6, avg=1630.7, new=(qd-mutate=1142.6, curl-left=963.3, qd-large-mutate=1146.6, curl-right=894.5, template-m1-balanced=852.6). MAP-Elites(8x8, morphologies=3): occupied=47, pending=192, in flight=38
Speed: 13.399996 creatures/sec. Server status: 19:28:50: 5911x RT, 98.5 creatures/sec. Fitness: best=3067.6, avg=1630.7, new=(qd-large-mutate=1104.7, qd-mutate=1112.9, template-m1-balanced=782.5, curl-right=985.9, curl-left=689.5). MAP-Elites(8x8, morphologies=3): occupied=47, pending=192, in flight=38
Speed: 13.499997 creatures/sec. Server status: 19:28:50: 5911x RT, 98.5 creatures/sec. Fitness: best=3067.6, avg=1630.7, new=(qd-large-mutate=1104.7, qd-mutate=1112.9, template-m1-balanced=782.5, curl-right=985.9, curl-left=689.5). MAP-Elites(8x8, morphologies=3): occupied=47, pending=192, in flight=38
Speed: 13.199991 creatures/sec. Server status: 19:28:50: 5911x RT, 98.5 creatures/sec. Fitness: best=3067.6, avg=1630.7, new=(qd-large-mutate=1104.7, qd-mutate=1112.9, template-m1-balanced=782.5, curl-right=985.9, curl-left=689.5). MAP-Elites(8x8, morphologies=3): occupied=47, pending=192, in flight=38
Speed: 13.299991 creatures/sec. Server status: 19:28:50: 5911x RT, 98.5 creatures/sec. Fitness: best=3067.6, avg=1630.7, new=(qd-large-mutate=1104.7, qd-mutate=1112.9, template-m1-balanced=782.5, curl-right=985.9, curl-left=689.5). MAP-Elites(8x8, morphologies=3): occupied=47, pending=192, in flight=38
Speed: 13.299985 creatures/sec. Server status: 19:28:50: 5911x RT, 98.5 creatures/sec. Fitness: best=3067.6, avg=1630.7, new=(qd-large-mutate=1104.7, qd-mutate=1112.9, template-m1-balanced=782.5, curl-right=985.9, curl-left=689.5). MAP-Elites(8x8, morphologies=3): occupied=47, pending=192, in flight=38
Speed: 13.199993 creatures/sec. Server status: 19:28:50: 5911x RT, 98.5 creatures/sec. Fitness: best=3067.6, avg=1630.7, new=(qd-large-mutate=1104.7, qd-mutate=1112.9, template-m1-balanced=782.5, curl-right=985.9, curl-left=689.5). MAP-Elites(8x8, morphologies=3): occupied=47, pending=192, in flight=38
Speed: 16.199982 creatures/sec. Server status: 19:29:00: 4916x RT, 81.9 creatures/sec. Fitness: best=3067.6, avg=1630.7, new=(qd-mutate=1128.1, qd-large-mutate=1049.6, curl-left=792.3, template-m1-balanced=1036.1). MAP-Elites(8x8, morphologies=3): occupied=47, pending=192, in flight=38
Speed: 16.399995 creatures/sec. Server status: 19:29:00: 4916x RT, 81.9 creatures/sec. Fitness: best=3067.6, avg=1630.7, new=(qd-mutate=1128.1, qd-large-mutate=1049.6, curl-left=792.3, template-m1-balanced=1036.1). MAP-Elites(8x8, morphologies=3): occupied=47, pending=192, in flight=38
Speed: 16.299980 creatures/sec. Server status: 19:29:00: 4916x RT, 81.9 creatures/sec. Fitness: best=3067.6, avg=1630.7, new=(qd-mutate=1128.1, qd-large-mutate=1049.6, curl-left=792.3, template-m1-balanced=1036.1). MAP-Elites(8x8, morphologies=3): occupied=47, pending=192, in flight=38
Speed: 16.099997 creatures/sec. Server status: 19:29:00: 4916x RT, 81.9 creatures/sec. Fitness: best=3067.6, avg=1630.7, new=(qd-mutate=1128.1, qd-large-mutate=1049.6, curl-left=792.3, template-m1-balanced=1036.1). MAP-Elites(8x8, morphologies=3): occupied=47, pending=192, in flight=38
Speed: 16.099986 creatures/sec. Server status: 19:29:00: 4916x RT, 81.9 creatures/sec. Fitness: best=3067.6, avg=1630.7, new=(qd-mutate=1128.1, qd-large-mutate=1049.6, curl-left=792.3, template-m1-balanced=1036.1). MAP-Elites(8x8, morphologies=3): occupied=47, pending=192, in flight=38
Speed: 16.299964 creatures/sec. Server status: 19:29:00: 4916x RT, 81.9 creatures/sec. Fitness: best=3067.6, avg=1630.7, new=(qd-mutate=1128.1, qd-large-mutate=1049.6, curl-left=792.3, template-m1-balanced=1036.1). MAP-Elites(8x8, morphologies=3): occupied=47, pending=192, in flight=38
Speed: 8.699989 creatures/sec. Server status: 19:29:09: 3713x RT, 61.9 creatures/sec. Fitness: best=3067.6, avg=1630.7, new=(qd-mutate=1149.3, qd-large-mutate=1206.2, template-m1-balanced=823.7, curl-right=1291.2). MAP-Elites(8x8, morphologies=3): occupied=47, pending=192, in flight=38
Speed: 8.799933 creatures/sec. Server status: 19:29:09: 3713x RT, 61.9 creatures/sec. Fitness: best=3067.6, avg=1630.7, new=(qd-mutate=1149.3, qd-large-mutate=1206.2, template-m1-balanced=823.7, curl-right=1291.2). MAP-Elites(8x8, morphologies=3): occupied=47, pending=192, in flight=38
Speed: 8.894888 creatures/sec. Server status: 19:29:09: 3713x RT, 61.9 creatures/sec. Fitness: best=3067.6, avg=1630.7, new=(qd-mutate=1149.3, qd-large-mutate=1206.2, template-m1-balanced=823.7, curl-right=1291.2). MAP-Elites(8x8, morphologies=3): occupied=47, pending=192, in flight=38
Speed: 8.699997 creatures/sec. Server status: 19:29:09: 3713x RT, 61.9 creatures/sec. Fitness: best=3067.6, avg=1630.7, new=(qd-mutate=1149.3, qd-large-mutate=1206.2, template-m1-balanced=823.7, curl-right=1291.2). MAP-Elites(8x8, morphologies=3): occupied=47, pending=192, in flight=38
Speed: 8.799217 creatures/sec. Server status: 19:29:09: 3713x RT, 61.9 creatures/sec. Fitness: best=3067.6, avg=1630.7, new=(qd-mutate=1149.3, qd-large-mutate=1206.2, template-m1-balanced=823.7, curl-right=1291.2). MAP-Elites(8x8, morphologies=3): occupied=47, pending=192, in flight=38
Speed: 8.699997 creatures/sec. Server status: 19:29:09: 3713x RT, 61.9 creatures/sec. Fitness: best=3067.6, avg=1630.7, new=(qd-mutate=1149.3, qd-large-mutate=1206.2, template-m1-balanced=823.7, curl-right=1291.2). MAP-Elites(8x8, morphologies=3): occupied=47, pending=192, in flight=38
Speed: 9.199986 creatures/sec. Server status: 19:29:19: 3535x RT, 58.9 creatures/sec. Fitness: best=3067.6, avg=1630.7, new=(template-m1-balanced=881.6, qd-large-mutate=1071.2, qd-mutate=1090.0, curl-left=861.8, curl-right=698.3). MAP-Elites(8x8, morphologies=3): occupied=47, pending=192, in flight=38
Speed: 9.399949 creatures/sec. Server status: 19:29:19: 3535x RT, 58.9 creatures/sec. Fitness: best=3067.6, avg=1630.7, new=(template-m1-balanced=881.6, qd-large-mutate=1071.2, qd-mutate=1090.0, curl-left=861.8, curl-right=698.3). MAP-Elites(8x8, morphologies=3): occupied=47, pending=192, in flight=38
Speed: 9.299988 creatures/sec. Server status: 19:29:19: 3535x RT, 58.9 creatures/sec. Fitness: best=3067.6, avg=1630.7, new=(template-m1-balanced=881.6, qd-large-mutate=1071.2, qd-mutate=1090.0, curl-left=861.8, curl-right=698.3). MAP-Elites(8x8, morphologies=3): occupied=47, pending=192, in flight=38
Speed: 9.199996 creatures/sec. Server status: 19:29:19: 3535x RT, 58.9 creatures/sec. Fitness: best=3067.6, avg=1630.7, new=(template-m1-balanced=881.6, qd-large-mutate=1071.2, qd-mutate=1090.0, curl-left=861.8, curl-right=698.3). MAP-Elites(8x8, morphologies=3): occupied=47, pending=192, in flight=38
Speed: 9.299983 creatures/sec. Server status: 19:29:19: 3535x RT, 58.9 creatures/sec. Fitness: best=3067.6, avg=1630.7, new=(template-m1-balanced=881.6, qd-large-mutate=1071.2, qd-mutate=1090.0, curl-left=861.8, curl-right=698.3). MAP-Elites(8x8, morphologies=3): occupied=47, pending=192, in flight=38
Speed: 9.199991 creatures/sec. Server status: 19:29:19: 3535x RT, 58.9 creatures/sec. Fitness: best=3067.6, avg=1630.7, new=(template-m1-balanced=881.6, qd-large-mutate=1071.2, qd-mutate=1090.0, curl-left=861.8, curl-right=698.3). MAP-Elites(8x8, morphologies=3): occupied=47, pending=192, in flight=38
Speed: 6.899950 creatures/sec. Server status: 19:29:29: 2054x RT, 34.2 creatures/sec. Fitness: best=3067.6, avg=1630.7, new=(qd-large-mutate=708.1, curl-right=832.9, qd-mutate=1010.4, template-m1-balanced=1193.0, curl-left=768.9). MAP-Elites(8x8, morphologies=3): occupied=47, pending=192, in flight=38
Speed: 7.099995 creatures/sec. Server status: 19:29:29: 2054x RT, 34.2 creatures/sec. Fitness: best=3067.6, avg=1630.7, new=(qd-large-mutate=708.1, curl-right=832.9, qd-mutate=1010.4, template-m1-balanced=1193.0, curl-left=768.9). MAP-Elites(8x8, morphologies=3): occupied=47, pending=192, in flight=38
Speed: 6.892555 creatures/sec. Server status: 19:29:29: 2054x RT, 34.2 creatures/sec. Fitness: best=3067.6, avg=1630.7, new=(qd-large-mutate=708.1, curl-right=832.9, qd-mutate=1010.4, template-m1-balanced=1193.0, curl-left=768.9). MAP-Elites(8x8, morphologies=3): occupied=47, pending=192, in flight=38
Speed: 6.799991 creatures/sec. Server status: 19:29:29: 2054x RT, 34.2 creatures/sec. Fitness: best=3067.6, avg=1630.7, new=(qd-large-mutate=708.1, curl-right=832.9, qd-mutate=1010.4, template-m1-balanced=1193.0, curl-left=768.9). MAP-Elites(8x8, morphologies=3): occupied=47, pending=192, in flight=38
Speed: 6.799885 creatures/sec. Server status: 19:29:29: 2054x RT, 34.2 creatures/sec. Fitness: best=3067.6, avg=1630.7, new=(qd-large-mutate=708.1, curl-right=832.9, qd-mutate=1010.4, template-m1-balanced=1193.0, curl-left=768.9). MAP-Elites(8x8, morphologies=3): occupied=47, pending=192, in flight=38
Speed: 6.998422 creatures/sec. Server status: 19:29:29: 2054x RT, 34.2 creatures/sec. Fitness: best=3067.6, avg=1630.7, new=(qd-large-mutate=708.1, curl-right=832.9, qd-mutate=1010.4, template-m1-balanced=1193.0, curl-left=768.9). MAP-Elites(8x8, morphologies=3): occupied=47, pending=192, in flight=38
Speed: 10.599969 creatures/sec. Server status: 19:29:39: 3800x RT, 63.3 creatures/sec. Fitness: best=3067.6, avg=1630.7, new=(template-m1-balanced=1381.6, qd-mutate=956.6, curl-right=709.5, curl-left=802.9, qd-large-mutate=1136.0). MAP-Elites(8x8, morphologies=3): occupied=47, pending=192, in flight=38
Speed: 10.599995 creatures/sec. Server status: 19:29:39: 3800x RT, 63.3 creatures/sec. Fitness: best=3067.6, avg=1630.7, new=(template-m1-balanced=1381.6, qd-mutate=956.6, curl-right=709.5, curl-left=802.9, qd-large-mutate=1136.0). MAP-Elites(8x8, morphologies=3): occupied=47, pending=192, in flight=38
Speed: 10.699992 creatures/sec. Server status: 19:29:39: 3800x RT, 63.3 creatures/sec. Fitness: best=3067.6, avg=1630.7, new=(template-m1-balanced=1381.6, qd-mutate=956.6, curl-right=709.5, curl-left=802.9, qd-large-mutate=1136.0). MAP-Elites(8x8, morphologies=3): occupied=47, pending=192, in flight=38
Speed: 10.299992 creatures/sec. Server status: 19:29:39: 3800x RT, 63.3 creatures/sec. Fitness: best=3067.6, avg=1630.7, new=(template-m1-balanced=1381.6, qd-mutate=956.6, curl-right=709.5, curl-left=802.9, qd-large-mutate=1136.0). MAP-Elites(8x8, morphologies=3): occupied=47, pending=192, in flight=38
Speed: 10.299999 creatures/sec. Server status: 19:29:39: 3800x RT, 63.3 creatures/sec. Fitness: best=3067.6, avg=1630.7, new=(template-m1-balanced=1381.6, qd-mutate=956.6, curl-right=709.5, curl-left=802.9, qd-large-mutate=1136.0). MAP-Elites(8x8, morphologies=3): occupied=47, pending=192, in flight=38
Speed: 10.399908 creatures/sec. Server status: 19:29:39: 3800x RT, 63.3 creatures/sec. Fitness: best=3067.6, avg=1630.7, new=(template-m1-balanced=1381.6, qd-mutate=956.6, curl-right=709.5, curl-left=802.9, qd-large-mutate=1136.0). MAP-Elites(8x8, morphologies=3): occupied=47, pending=192, in flight=38
Speed: 18.299960 creatures/sec. Server status: 19:29:50: 6636x RT, 110.6 creatures/sec. Fitness: best=3067.6, avg=1630.7, new=(qd-mutate=1092.7, qd-large-mutate=1181.1, template-m1-balanced=763.9, curl-left=944.0, curl-right=819.2). MAP-Elites(8x8, morphologies=3): occupied=47, pending=192, in flight=38
Speed: 18.299971 creatures/sec. Server status: 19:29:50: 6636x RT, 110.6 creatures/sec. Fitness: best=3067.6, avg=1630.7, new=(qd-mutate=1092.7, qd-large-mutate=1181.1, template-m1-balanced=763.9, curl-left=944.0, curl-right=819.2). MAP-Elites(8x8, morphologies=3): occupied=47, pending=192, in flight=38
Speed: 17.899988 creatures/sec. Server status: 19:29:50: 6636x RT, 110.6 creatures/sec. Fitness: best=3067.6, avg=1630.7, new=(qd-mutate=1092.7, qd-large-mutate=1181.1, template-m1-balanced=763.9, curl-left=944.0, curl-right=819.2). MAP-Elites(8x8, morphologies=3): occupied=47, pending=192, in flight=38
Speed: 18.299974 creatures/sec. Server status: 19:29:50: 6636x RT, 110.6 creatures/sec. Fitness: best=3067.6, avg=1630.7, new=(qd-mutate=1092.7, qd-large-mutate=1181.1, template-m1-balanced=763.9, curl-left=944.0, curl-right=819.2). MAP-Elites(8x8, morphologies=3): occupied=47, pending=192, in flight=38
Speed: 18.199982 creatures/sec. Server status: 19:29:50: 6636x RT, 110.6 creatures/sec. Fitness: best=3067.6, avg=1630.7, new=(qd-mutate=1092.7, qd-large-mutate=1181.1, template-m1-balanced=763.9, curl-left=944.0, curl-right=819.2). MAP-Elites(8x8, morphologies=3): occupied=47, pending=192, in flight=38
Speed: 17.799998 creatures/sec. Server status: 19:29:50: 6636x RT, 110.6 creatures/sec. Fitness: best=3067.6, avg=1630.7, new=(qd-mutate=1092.7, qd-large-mutate=1181.1, template-m1-balanced=763.9, curl-left=944.0, curl-right=819.2). MAP-Elites(8x8, morphologies=3): occupied=47, pending=192, in flight=38
Speed: 18.399985 creatures/sec. Server status: 19:30:00: 6644x RT, 110.7 creatures/sec. Fitness: best=3067.6, avg=1630.7, new=(qd-mutate=1071.8, qd-large-mutate=1218.0, template-m1-balanced=900.2, curl-right=574.0, curl-left=537.0). MAP-Elites(8x8, morphologies=3): occupied=47, pending=192, in flight=38
Speed: 18.199980 creatures/sec. Server status: 19:30:00: 6644x RT, 110.7 creatures/sec. Fitness: best=3067.6, avg=1630.7, new=(qd-mutate=1071.8, qd-large-mutate=1218.0, template-m1-balanced=900.2, curl-right=574.0, curl-left=537.0). MAP-Elites(8x8, morphologies=3): occupied=47, pending=192, in flight=38
Speed: 18.299769 creatures/sec. Server status: 19:30:00: 6644x RT, 110.7 creatures/sec. Fitness: best=3067.6, avg=1630.7, new=(qd-mutate=1071.8, qd-large-mutate=1218.0, template-m1-balanced=900.2, curl-right=574.0, curl-left=537.0). MAP-Elites(8x8, morphologies=3): occupied=47, pending=192, in flight=38
Speed: 18.299995 creatures/sec. Server status: 19:30:00: 6644x RT, 110.7 creatures/sec. Fitness: best=3067.6, avg=1630.7, new=(qd-mutate=1071.8, qd-large-mutate=1218.0, template-m1-balanced=900.2, curl-right=574.0, curl-left=537.0). MAP-Elites(8x8, morphologies=3): occupied=47, pending=192, in flight=38
Speed: 18.099991 creatures/sec. Server status: 19:30:00: 6644x RT, 110.7 creatures/sec. Fitness: best=3067.6, avg=1630.7, new=(qd-mutate=1071.8, qd-large-mutate=1218.0, template-m1-balanced=900.2, curl-right=574.0, curl-left=537.0). MAP-Elites(8x8, morphologies=3): occupied=47, pending=192, in flight=38
Speed: 18.399998 creatures/sec. Server status: 19:30:00: 6644x RT, 110.7 creatures/sec. Fitness: best=3067.6, avg=1630.7, new=(qd-mutate=1071.8, qd-large-mutate=1218.0, template-m1-balanced=900.2, curl-right=574.0, curl-left=537.0). MAP-Elites(8x8, morphologies=3): occupied=47, pending=192, in flight=38
Speed: 18.100000 creatures/sec. Server status: 19:30:09: 6265x RT, 104.4 creatures/sec. Fitness: best=3067.6, avg=1630.7, new=(qd-mutate=1134.8, qd-large-mutate=1140.1, curl-left=554.0, template-m1-balanced=798.7, curl-right=664.3). MAP-Elites(8x8, morphologies=3): occupied=47, pending=192, in flight=38
Speed: 18.099982 creatures/sec. Server status: 19:30:09: 6265x RT, 104.4 creatures/sec. Fitness: best=3067.6, avg=1630.7, new=(qd-mutate=1134.8, qd-large-mutate=1140.1, curl-left=554.0, template-m1-balanced=798.7, curl-right=664.3). MAP-Elites(8x8, morphologies=3): occupied=47, pending=192, in flight=38
Speed: 17.799968 creatures/sec. Server status: 19:30:09: 6265x RT, 104.4 creatures/sec. Fitness: best=3067.6, avg=1630.7, new=(qd-mutate=1134.8, qd-large-mutate=1140.1, curl-left=554.0, template-m1-balanced=798.7, curl-right=664.3). MAP-Elites(8x8, morphologies=3): occupied=47, pending=192, in flight=38
Speed: 17.899998 creatures/sec. Server status: 19:30:09: 6265x RT, 104.4 creatures/sec. Fitness: best=3067.6, avg=1630.7, new=(qd-mutate=1134.8, qd-large-mutate=1140.1, curl-left=554.0, template-m1-balanced=798.7, curl-right=664.3). MAP-Elites(8x8, morphologies=3): occupied=47, pending=192, in flight=38
Speed: 17.999933 creatures/sec. Server status: 19:30:11: 6553x RT, 109.2 creatures/sec. Fitness: best=3067.6, avg=1630.7, new=(qd-mutate=1097.5, template-m1-balanced=1485.7, qd-large-mutate=1138.7, curl-left=548.3, curl-right=499.5). MAP-Elites(8x8, morphologies=3): occupied=47, pending=192, in flight=38
Speed: 17.799996 creatures/sec. Server status: 19:30:11: 6553x RT, 109.2 creatures/sec. Fitness: best=3067.6, avg=1630.7, new=(qd-mutate=1097.5, template-m1-balanced=1485.7, qd-large-mutate=1138.7, curl-left=548.3, curl-right=499.5). MAP-Elites(8x8, morphologies=3): occupied=47, pending=192, in flight=38
Speed: 17.299991 creatures/sec. Server status: 19:30:19: 6415x RT, 106.9 creatures/sec. Fitness: best=3067.6, avg=1630.7, new=(qd-large-mutate=1112.5, qd-mutate=1126.9, template-m1-balanced=863.2, curl-left=858.0, curl-right=834.2). MAP-Elites(8x8, morphologies=3): occupied=47, pending=192, in flight=38
Speed: 17.798093 creatures/sec. Server status: 19:30:19: 6415x RT, 106.9 creatures/sec. Fitness: best=3067.6, avg=1630.7, new=(qd-large-mutate=1112.5, qd-mutate=1126.9, template-m1-balanced=863.2, curl-left=858.0, curl-right=834.2). MAP-Elites(8x8, morphologies=3): occupied=47, pending=192, in flight=38
Speed: 17.099991 creatures/sec. Server status: 19:30:19: 6415x RT, 106.9 creatures/sec. Fitness: best=3067.6, avg=1630.7, new=(qd-large-mutate=1112.5, qd-mutate=1126.9, template-m1-balanced=863.2, curl-left=858.0, curl-right=834.2). MAP-Elites(8x8, morphologies=3): occupied=47, pending=192, in flight=38
Speed: 17.299984 creatures/sec. Server status: 19:30:19: 6415x RT, 106.9 creatures/sec. Fitness: best=3067.6, avg=1630.7, new=(qd-large-mutate=1112.5, qd-mutate=1126.9, template-m1-balanced=863.2, curl-left=858.0, curl-right=834.2). MAP-Elites(8x8, morphologies=3): occupied=47, pending=192, in flight=38
Speed: 17.299865 creatures/sec. Server status: 19:30:19: 6415x RT, 106.9 creatures/sec. Fitness: best=3067.6, avg=1630.7, new=(qd-large-mutate=1112.5, qd-mutate=1126.9, template-m1-balanced=863.2, curl-left=858.0, curl-right=834.2). MAP-Elites(8x8, morphologies=3): occupied=47, pending=192, in flight=38
Speed: 17.199962 creatures/sec. Server status: 19:30:19: 6415x RT, 106.9 creatures/sec. Fitness: best=3067.6, avg=1630.7, new=(qd-large-mutate=1112.5, qd-mutate=1126.9, template-m1-balanced=863.2, curl-left=858.0, curl-right=834.2). MAP-Elites(8x8, morphologies=3): occupied=47, pending=192, in flight=38
Speed: 9.499317 creatures/sec. Server status: 19:30:29: 3450x RT, 57.5 creatures/sec. Fitness: best=3067.6, avg=1630.7, new=(qd-mutate=1138.7, template-m1-balanced=983.8, qd-large-mutate=1123.1, curl-right=583.8). MAP-Elites(8x8, morphologies=3): occupied=47, pending=192, in flight=38
Speed: 9.299991 creatures/sec. Server status: 19:30:29: 3450x RT, 57.5 creatures/sec. Fitness: best=3067.6, avg=1630.7, new=(qd-mutate=1138.7, template-m1-balanced=983.8, qd-large-mutate=1123.1, curl-right=583.8). MAP-Elites(8x8, morphologies=3): occupied=47, pending=192, in flight=38
Speed: 9.399995 creatures/sec. Server status: 19:30:29: 3450x RT, 57.5 creatures/sec. Fitness: best=3067.6, avg=1630.7, new=(qd-mutate=1138.7, template-m1-balanced=983.8, qd-large-mutate=1123.1, curl-right=583.8). MAP-Elites(8x8, morphologies=3): occupied=47, pending=192, in flight=38
Speed: 9.499990 creatures/sec. Server status: 19:30:29: 3450x RT, 57.5 creatures/sec. Fitness: best=3067.6, avg=1630.7, new=(qd-mutate=1138.7, template-m1-balanced=983.8, qd-large-mutate=1123.1, curl-right=583.8). MAP-Elites(8x8, morphologies=3): occupied=47, pending=192, in flight=38
Speed: 9.599983 creatures/sec. Server status: 19:30:29: 3450x RT, 57.5 creatures/sec. Fitness: best=3067.6, avg=1630.7, new=(qd-mutate=1138.7, template-m1-balanced=983.8, qd-large-mutate=1123.1, curl-right=583.8). MAP-Elites(8x8, morphologies=3): occupied=47, pending=192, in flight=38
Speed: 9.499991 creatures/sec. Server status: 19:30:29: 3450x RT, 57.5 creatures/sec. Fitness: best=3067.6, avg=1630.7, new=(qd-mutate=1138.7, template-m1-balanced=983.8, qd-large-mutate=1123.1, curl-right=583.8). MAP-Elites(8x8, morphologies=3): occupied=47, pending=192, in flight=38
Speed: 9.299984 creatures/sec. Server status: 19:30:39: 3288x RT, 54.8 creatures/sec. Fitness: best=3067.6, avg=1630.7, new=(qd-mutate=1093.1, curl-right=827.2, qd-large-mutate=1227.4, template-m1-balanced=790.1). MAP-Elites(8x8, morphologies=3): occupied=47, pending=192, in flight=38
Speed: 9.500000 creatures/sec. Server status: 19:30:39: 3288x RT, 54.8 creatures/sec. Fitness: best=3067.6, avg=1630.7, new=(qd-mutate=1093.1, curl-right=827.2, qd-large-mutate=1227.4, template-m1-balanced=790.1). MAP-Elites(8x8, morphologies=3): occupied=47, pending=192, in flight=38
Speed: 9.499995 creatures/sec. Server status: 19:30:39: 3288x RT, 54.8 creatures/sec. Fitness: best=3067.6, avg=1630.7, new=(qd-mutate=1093.1, curl-right=827.2, qd-large-mutate=1227.4, template-m1-balanced=790.1). MAP-Elites(8x8, morphologies=3): occupied=47, pending=192, in flight=38
Speed: 9.499924 creatures/sec. Server status: 19:30:39: 3288x RT, 54.8 creatures/sec. Fitness: best=3067.6, avg=1630.7, new=(qd-mutate=1093.1, curl-right=827.2, qd-large-mutate=1227.4, template-m1-balanced=790.1). MAP-Elites(8x8, morphologies=3): occupied=47, pending=192, in flight=38
Speed: 9.199990 creatures/sec. Server status: 19:30:39: 3288x RT, 54.8 creatures/sec. Fitness: best=3067.6, avg=1630.7, new=(qd-mutate=1093.1, curl-right=827.2, qd-large-mutate=1227.4, template-m1-balanced=790.1). MAP-Elites(8x8, morphologies=3): occupied=47, pending=192, in flight=38
Speed: 9.399810 creatures/sec. Server status: 19:30:39: 3288x RT, 54.8 creatures/sec. Fitness: best=3067.6, avg=1630.7, new=(qd-mutate=1093.1, curl-right=827.2, qd-large-mutate=1227.4, template-m1-balanced=790.1). MAP-Elites(8x8, morphologies=3): occupied=47, pending=192, in flight=38
Speed: 9.199942 creatures/sec. Server status: 19:30:49: 3222x RT, 53.7 creatures/sec. Fitness: best=3067.6, avg=1630.7, new=(qd-mutate=973.1, qd-large-mutate=1122.9, template-m1-balanced=964.4, curl-right=787.7, curl-left=601.5). MAP-Elites(8x8, morphologies=3): occupied=47, pending=192, in flight=38
Speed: 9.099983 creatures/sec. Server status: 19:30:49: 3222x RT, 53.7 creatures/sec. Fitness: best=3067.6, avg=1630.7, new=(qd-mutate=973.1, qd-large-mutate=1122.9, template-m1-balanced=964.4, curl-right=787.7, curl-left=601.5). MAP-Elites(8x8, morphologies=3): occupied=47, pending=192, in flight=38
Speed: 9.399813 creatures/sec. Server status: 19:30:49: 3222x RT, 53.7 creatures/sec. Fitness: best=3067.6, avg=1630.7, new=(qd-mutate=973.1, qd-large-mutate=1122.9, template-m1-balanced=964.4, curl-right=787.7, curl-left=601.5). MAP-Elites(8x8, morphologies=3): occupied=47, pending=192, in flight=38
Speed: 9.099980 creatures/sec. Server status: 19:30:49: 3222x RT, 53.7 creatures/sec. Fitness: best=3067.6, avg=1630.7, new=(qd-mutate=973.1, qd-large-mutate=1122.9, template-m1-balanced=964.4, curl-right=787.7, curl-left=601.5). MAP-Elites(8x8, morphologies=3): occupied=47, pending=192, in flight=38
Speed: 9.199982 creatures/sec. Server status: 19:30:49: 3222x RT, 53.7 creatures/sec. Fitness: best=3067.6, avg=1630.7, new=(qd-mutate=973.1, qd-large-mutate=1122.9, template-m1-balanced=964.4, curl-right=787.7, curl-left=601.5). MAP-Elites(8x8, morphologies=3): occupied=47, pending=192, in flight=38
Speed: 9.199992 creatures/sec. Server status: 19:30:49: 3222x RT, 53.7 creatures/sec. Fitness: best=3067.6, avg=1630.7, new=(qd-mutate=973.1, qd-large-mutate=1122.9, template-m1-balanced=964.4, curl-right=787.7, curl-left=601.5). MAP-Elites(8x8, morphologies=3): occupied=47, pending=192, in flight=38
Speed: 7.899995 creatures/sec. Server status: 19:31:00: 2612x RT, 43.5 creatures/sec. Fitness: best=3067.6, avg=1630.7, new=(qd-large-mutate=945.8, qd-mutate=1199.9, curl-left=800.9, curl-right=637.7, template-m1-balanced=692.8). MAP-Elites(8x8, morphologies=3): occupied=47, pending=192, in flight=38
Speed: 7.799686 creatures/sec. Server status: 19:31:00: 2612x RT, 43.5 creatures/sec. Fitness: best=3067.6, avg=1630.7, new=(qd-large-mutate=945.8, qd-mutate=1199.9, curl-left=800.9, curl-right=637.7, template-m1-balanced=692.8). MAP-Elites(8x8, morphologies=3): occupied=47, pending=192, in flight=38
Speed: 7.899998 creatures/sec. Server status: 19:31:00: 2612x RT, 43.5 creatures/sec. Fitness: best=3067.6, avg=1630.7, new=(qd-large-mutate=945.8, qd-mutate=1199.9, curl-left=800.9, curl-right=637.7, template-m1-balanced=692.8). MAP-Elites(8x8, morphologies=3): occupied=47, pending=192, in flight=38
Speed: 7.899979 creatures/sec. Server status: 19:31:00: 2612x RT, 43.5 creatures/sec. Fitness: best=3067.6, avg=1630.7, new=(qd-large-mutate=945.8, qd-mutate=1199.9, curl-left=800.9, curl-right=637.7, template-m1-balanced=692.8). MAP-Elites(8x8, morphologies=3): occupied=47, pending=192, in flight=38
Speed: 7.999978 creatures/sec. Server status: 19:31:00: 2612x RT, 43.5 creatures/sec. Fitness: best=3067.6, avg=1630.7, new=(qd-large-mutate=945.8, qd-mutate=1199.9, curl-left=800.9, curl-right=637.7, template-m1-balanced=692.8). MAP-Elites(8x8, morphologies=3): occupied=47, pending=192, in flight=38
Speed: 7.999982 creatures/sec. Server status: 19:31:00: 2612x RT, 43.5 creatures/sec. Fitness: best=3067.6, avg=1630.7, new=(qd-large-mutate=945.8, qd-mutate=1199.9, curl-left=800.9, curl-right=637.7, template-m1-balanced=692.8). MAP-Elites(8x8, morphologies=3): occupied=47, pending=192, in flight=38
Speed: 12.799991 creatures/sec. Server status: 19:31:10: 4615x RT, 76.9 creatures/sec. Fitness: best=3067.6, avg=1630.7, new=(qd-mutate=989.8, qd-large-mutate=1100.1, curl-right=751.3, template-m1-balanced=398.2, curl-left=586.7). MAP-Elites(8x8, morphologies=3): occupied=47, pending=192, in flight=38
Speed: 13.499986 creatures/sec. Server status: 19:31:10: 4615x RT, 76.9 creatures/sec. Fitness: best=3067.6, avg=1630.7, new=(qd-mutate=989.8, qd-large-mutate=1100.1, curl-right=751.3, template-m1-balanced=398.2, curl-left=586.7). MAP-Elites(8x8, morphologies=3): occupied=47, pending=192, in flight=38
Speed: 13.200000 creatures/sec. Server status: 19:31:10: 4615x RT, 76.9 creatures/sec. Fitness: best=3067.6, avg=1630.7, new=(qd-mutate=989.8, qd-large-mutate=1100.1, curl-right=751.3, template-m1-balanced=398.2, curl-left=586.7). MAP-Elites(8x8, morphologies=3): occupied=47, pending=192, in flight=38
Speed: 13.199986 creatures/sec. Server status: 19:31:10: 4615x RT, 76.9 creatures/sec. Fitness: best=3067.6, avg=1630.7, new=(qd-mutate=989.8, qd-large-mutate=1100.1, curl-right=751.3, template-m1-balanced=398.2, curl-left=586.7). MAP-Elites(8x8, morphologies=3): occupied=47, pending=192, in flight=38
Speed: 13.000000 creatures/sec. Server status: 19:31:10: 4615x RT, 76.9 creatures/sec. Fitness: best=3067.6, avg=1630.7, new=(qd-mutate=989.8, qd-large-mutate=1100.1, curl-right=751.3, template-m1-balanced=398.2, curl-left=586.7). MAP-Elites(8x8, morphologies=3): occupied=47, pending=192, in flight=38
Speed: 13.099991 creatures/sec. Server status: 19:31:10: 4615x RT, 76.9 creatures/sec. Fitness: best=3067.6, avg=1630.7, new=(qd-mutate=989.8, qd-large-mutate=1100.1, curl-right=751.3, template-m1-balanced=398.2, curl-left=586.7). MAP-Elites(8x8, morphologies=3): occupied=47, pending=192, in flight=38
Speed: 16.599982 creatures/sec. Server status: 19:31:20: 6565x RT, 109.4 creatures/sec. Fitness: best=3067.6, avg=1630.7, new=(qd-mutate=985.6, template-m1-balanced=826.6, qd-large-mutate=1032.1, curl-right=849.1, curl-left=797.6). MAP-Elites(8x8, morphologies=3): occupied=47, pending=192, in flight=38
Speed: 16.599990 creatures/sec. Server status: 19:31:20: 6565x RT, 109.4 creatures/sec. Fitness: best=3067.6, avg=1630.7, new=(qd-mutate=985.6, template-m1-balanced=826.6, qd-large-mutate=1032.1, curl-right=849.1, curl-left=797.6). MAP-Elites(8x8, morphologies=3): occupied=47, pending=192, in flight=38
Speed: 16.399995 creatures/sec. Server status: 19:31:20: 6565x RT, 109.4 creatures/sec. Fitness: best=3067.6, avg=1630.7, new=(qd-mutate=985.6, template-m1-balanced=826.6, qd-large-mutate=1032.1, curl-right=849.1, curl-left=797.6). MAP-Elites(8x8, morphologies=3): occupied=47, pending=192, in flight=38
Speed: 16.599952 creatures/sec. Server status: 19:31:20: 6565x RT, 109.4 creatures/sec. Fitness: best=3067.6, avg=1630.7, new=(qd-mutate=985.6, template-m1-balanced=826.6, qd-large-mutate=1032.1, curl-right=849.1, curl-left=797.6). MAP-Elites(8x8, morphologies=3): occupied=47, pending=192, in flight=38
Speed: 16.799973 creatures/sec. Server status: 19:31:20: 6565x RT, 109.4 creatures/sec. Fitness: best=3067.6, avg=1630.7, new=(qd-mutate=985.6, template-m1-balanced=826.6, qd-large-mutate=1032.1, curl-right=849.1, curl-left=797.6). MAP-Elites(8x8, morphologies=3): occupied=47, pending=192, in flight=38
Speed: 16.699986 creatures/sec. Server status: 19:31:20: 6565x RT, 109.4 creatures/sec. Fitness: best=3067.6, avg=1630.7, new=(qd-mutate=985.6, template-m1-balanced=826.6, qd-large-mutate=1032.1, curl-right=849.1, curl-left=797.6). MAP-Elites(8x8, morphologies=3): occupied=47, pending=192, in flight=38
Speed: 18.399496 creatures/sec. Server status: 19:31:29: 6808x RT, 113.5 creatures/sec. Fitness: best=3067.6, avg=1633.8, new=(qd-mutate=1078.7, qd-large-mutate=1268.3, template-m1-balanced=982.6, curl-right=836.4, curl-left=725.9). MAP-Elites(8x8, morphologies=3): occupied=47, pending=192, in flight=38
Speed: 18.299989 creatures/sec. Server status: 19:31:29: 6808x RT, 113.5 creatures/sec. Fitness: best=3067.6, avg=1633.8, new=(qd-mutate=1078.7, qd-large-mutate=1268.3, template-m1-balanced=982.6, curl-right=836.4, curl-left=725.9). MAP-Elites(8x8, morphologies=3): occupied=47, pending=192, in flight=38
Speed: 18.099987 creatures/sec. Server status: 19:31:29: 6808x RT, 113.5 creatures/sec. Fitness: best=3067.6, avg=1633.8, new=(qd-mutate=1078.7, qd-large-mutate=1268.3, template-m1-balanced=982.6, curl-right=836.4, curl-left=725.9). MAP-Elites(8x8, morphologies=3): occupied=47, pending=192, in flight=38
Speed: 18.299982 creatures/sec. Server status: 19:31:29: 6808x RT, 113.5 creatures/sec. Fitness: best=3067.6, avg=1633.8, new=(qd-mutate=1078.7, qd-large-mutate=1268.3, template-m1-balanced=982.6, curl-right=836.4, curl-left=725.9). MAP-Elites(8x8, morphologies=3): occupied=47, pending=192, in flight=38
Speed: 18.199997 creatures/sec. Server status: 19:31:29: 6808x RT, 113.5 creatures/sec. Fitness: best=3067.6, avg=1633.8, new=(qd-mutate=1078.7, qd-large-mutate=1268.3, template-m1-balanced=982.6, curl-right=836.4, curl-left=725.9). MAP-Elites(8x8, morphologies=3): occupied=47, pending=192, in flight=38
Speed: 18.299989 creatures/sec. Server status: 19:31:29: 6808x RT, 113.5 creatures/sec. Fitness: best=3067.6, avg=1633.8, new=(qd-mutate=1078.7, qd-large-mutate=1268.3, template-m1-balanced=982.6, curl-right=836.4, curl-left=725.9). MAP-Elites(8x8, morphologies=3): occupied=47, pending=192, in flight=38
Speed: 12.799985 creatures/sec. Server status: 19:31:39: 2149x RT, 35.8 creatures/sec. Fitness: best=3067.6, avg=1633.8, new=(qd-mutate=1069.9, qd-large-mutate=1180.9, curl-left=1018.9, template-m1-balanced=1045.6, curl-right=1195.6). MAP-Elites(8x8, morphologies=3): occupied=47, pending=192, in flight=38
Speed: 12.799973 creatures/sec. Server status: 19:31:39: 2149x RT, 35.8 creatures/sec. Fitness: best=3067.6, avg=1633.8, new=(qd-mutate=1069.9, qd-large-mutate=1180.9, curl-left=1018.9, template-m1-balanced=1045.6, curl-right=1195.6). MAP-Elites(8x8, morphologies=3): occupied=47, pending=192, in flight=38
Speed: 12.499999 creatures/sec. Server status: 19:31:39: 2149x RT, 35.8 creatures/sec. Fitness: best=3067.6, avg=1633.8, new=(qd-mutate=1069.9, qd-large-mutate=1180.9, curl-left=1018.9, template-m1-balanced=1045.6, curl-right=1195.6). MAP-Elites(8x8, morphologies=3): occupied=47, pending=192, in flight=38
Speed: 12.599985 creatures/sec. Server status: 19:31:39: 2149x RT, 35.8 creatures/sec. Fitness: best=3067.6, avg=1633.8, new=(qd-mutate=1069.9, qd-large-mutate=1180.9, curl-left=1018.9, template-m1-balanced=1045.6, curl-right=1195.6). MAP-Elites(8x8, morphologies=3): occupied=47, pending=192, in flight=38
Speed: 12.599990 creatures/sec. Server status: 19:31:39: 2149x RT, 35.8 creatures/sec. Fitness: best=3067.6, avg=1633.8, new=(qd-mutate=1069.9, qd-large-mutate=1180.9, curl-left=1018.9, template-m1-balanced=1045.6, curl-right=1195.6). MAP-Elites(8x8, morphologies=3): occupied=47, pending=192, in flight=38
Speed: 12.399989 creatures/sec. Server status: 19:31:39: 2149x RT, 35.8 creatures/sec. Fitness: best=3067.6, avg=1633.8, new=(qd-mutate=1069.9, qd-large-mutate=1180.9, curl-left=1018.9, template-m1-balanced=1045.6, curl-right=1195.6). MAP-Elites(8x8, morphologies=3): occupied=47, pending=192, in flight=38
Speed: 10.799997 creatures/sec. Server status: 19:31:49: 3560x RT, 59.3 creatures/sec. Fitness: best=3067.6, avg=1633.8, new=(qd-large-mutate=1139.3, qd-mutate=1163.5, curl-left=601.0, template-m1-balanced=960.6, curl-right=1498.8). MAP-Elites(8x8, morphologies=3): occupied=47, pending=192, in flight=38
Speed: 11.099994 creatures/sec. Server status: 19:31:49: 3560x RT, 59.3 creatures/sec. Fitness: best=3067.6, avg=1633.8, new=(qd-large-mutate=1139.3, qd-mutate=1163.5, curl-left=601.0, template-m1-balanced=960.6, curl-right=1498.8). MAP-Elites(8x8, morphologies=3): occupied=47, pending=192, in flight=38
Speed: 10.899976 creatures/sec. Server status: 19:31:49: 3560x RT, 59.3 creatures/sec. Fitness: best=3067.6, avg=1633.8, new=(qd-large-mutate=1139.3, qd-mutate=1163.5, curl-left=601.0, template-m1-balanced=960.6, curl-right=1498.8). MAP-Elites(8x8, morphologies=3): occupied=47, pending=192, in flight=38
Speed: 10.799990 creatures/sec. Server status: 19:31:49: 3560x RT, 59.3 creatures/sec. Fitness: best=3067.6, avg=1633.8, new=(qd-large-mutate=1139.3, qd-mutate=1163.5, curl-left=601.0, template-m1-balanced=960.6, curl-right=1498.8). MAP-Elites(8x8, morphologies=3): occupied=47, pending=192, in flight=38
Speed: 10.799978 creatures/sec. Server status: 19:31:49: 3560x RT, 59.3 creatures/sec. Fitness: best=3067.6, avg=1633.8, new=(qd-large-mutate=1139.3, qd-mutate=1163.5, curl-left=601.0, template-m1-balanced=960.6, curl-right=1498.8). MAP-Elites(8x8, morphologies=3): occupied=47, pending=192, in flight=38
Speed: 10.799989 creatures/sec. Server status: 19:31:49: 3560x RT, 59.3 creatures/sec. Fitness: best=3067.6, avg=1633.8, new=(qd-large-mutate=1139.3, qd-mutate=1163.5, curl-left=601.0, template-m1-balanced=960.6, curl-right=1498.8). MAP-Elites(8x8, morphologies=3): occupied=47, pending=192, in flight=38
Speed: 9.799994 creatures/sec. Server status: 19:32:00: 3604x RT, 60.1 creatures/sec. Fitness: best=3067.6, avg=1633.8, new=(curl-left=639.8, qd-mutate=1111.4, qd-large-mutate=1019.7, template-m1-balanced=821.0, curl-right=909.9). MAP-Elites(8x8, morphologies=3): occupied=47, pending=192, in flight=38
Speed: 9.599989 creatures/sec. Server status: 19:32:00: 3604x RT, 60.1 creatures/sec. Fitness: best=3067.6, avg=1633.8, new=(curl-left=639.8, qd-mutate=1111.4, qd-large-mutate=1019.7, template-m1-balanced=821.0, curl-right=909.9). MAP-Elites(8x8, morphologies=3): occupied=47, pending=192, in flight=38
Speed: 9.698016 creatures/sec. Server status: 19:32:00: 3604x RT, 60.1 creatures/sec. Fitness: best=3067.6, avg=1633.8, new=(curl-left=639.8, qd-mutate=1111.4, qd-large-mutate=1019.7, template-m1-balanced=821.0, curl-right=909.9). MAP-Elites(8x8, morphologies=3): occupied=47, pending=192, in flight=38
Speed: 9.499932 creatures/sec. Server status: 19:32:00: 3604x RT, 60.1 creatures/sec. Fitness: best=3067.6, avg=1633.8, new=(curl-left=639.8, qd-mutate=1111.4, qd-large-mutate=1019.7, template-m1-balanced=821.0, curl-right=909.9). MAP-Elites(8x8, morphologies=3): occupied=47, pending=192, in flight=38
Speed: 9.799993 creatures/sec. Server status: 19:32:00: 3604x RT, 60.1 creatures/sec. Fitness: best=3067.6, avg=1633.8, new=(curl-left=639.8, qd-mutate=1111.4, qd-large-mutate=1019.7, template-m1-balanced=821.0, curl-right=909.9). MAP-Elites(8x8, morphologies=3): occupied=47, pending=192, in flight=38
Speed: 9.699999 creatures/sec. Server status: 19:32:00: 3604x RT, 60.1 creatures/sec. Fitness: best=3067.6, avg=1633.8, new=(curl-left=639.8, qd-mutate=1111.4, qd-large-mutate=1019.7, template-m1-balanced=821.0, curl-right=909.9). MAP-Elites(8x8, morphologies=3): occupied=47, pending=192, in flight=38
Speed: 8.599996 creatures/sec. Server status: 19:32:10: 3197x RT, 53.3 creatures/sec. Fitness: best=3067.6, avg=1633.8, new=(qd-mutate=1083.6, curl-left=945.0, template-m1-balanced=684.1, qd-large-mutate=1104.5, curl-right=861.0). MAP-Elites(8x8, morphologies=3): occupied=47, pending=192, in flight=38
Speed: 8.399914 creatures/sec. Server status: 19:32:10: 3197x RT, 53.3 creatures/sec. Fitness: best=3067.6, avg=1633.8, new=(qd-mutate=1083.6, curl-left=945.0, template-m1-balanced=684.1, qd-large-mutate=1104.5, curl-right=861.0). MAP-Elites(8x8, morphologies=3): occupied=47, pending=192, in flight=38
Speed: 8.800000 creatures/sec. Server status: 19:32:10: 3197x RT, 53.3 creatures/sec. Fitness: best=3067.6, avg=1633.8, new=(qd-mutate=1083.6, curl-left=945.0, template-m1-balanced=684.1, qd-large-mutate=1104.5, curl-right=861.0). MAP-Elites(8x8, morphologies=3): occupied=47, pending=192, in flight=38
Speed: 8.599996 creatures/sec. Server status: 19:32:10: 3197x RT, 53.3 creatures/sec. Fitness: best=3067.6, avg=1633.8, new=(qd-mutate=1083.6, curl-left=945.0, template-m1-balanced=684.1, qd-large-mutate=1104.5, curl-right=861.0). MAP-Elites(8x8, morphologies=3): occupied=47, pending=192, in flight=38
Speed: 8.599992 creatures/sec. Server status: 19:32:10: 3197x RT, 53.3 creatures/sec. Fitness: best=3067.6, avg=1633.8, new=(qd-mutate=1083.6, curl-left=945.0, template-m1-balanced=684.1, qd-large-mutate=1104.5, curl-right=861.0). MAP-Elites(8x8, morphologies=3): occupied=47, pending=192, in flight=38
Speed: 8.497857 creatures/sec. Server status: 19:32:10: 3197x RT, 53.3 creatures/sec. Fitness: best=3067.6, avg=1633.8, new=(qd-mutate=1083.6, curl-left=945.0, template-m1-balanced=684.1, qd-large-mutate=1104.5, curl-right=861.0). MAP-Elites(8x8, morphologies=3): occupied=47, pending=192, in flight=38
Speed: 12.499978 creatures/sec. Server status: 19:32:20: 4491x RT, 74.8 creatures/sec. Fitness: best=3067.6, avg=1633.8, new=(qd-mutate=985.7, qd-large-mutate=1040.9, curl-right=838.7, template-m1-balanced=790.8). MAP-Elites(8x8, morphologies=3): occupied=47, pending=192, in flight=38
Speed: 12.399986 creatures/sec. Server status: 19:32:20: 4491x RT, 74.8 creatures/sec. Fitness: best=3067.6, avg=1633.8, new=(qd-mutate=985.7, qd-large-mutate=1040.9, curl-right=838.7, template-m1-balanced=790.8). MAP-Elites(8x8, morphologies=3): occupied=47, pending=192, in flight=38
Speed: 12.099989 creatures/sec. Server status: 19:32:20: 4491x RT, 74.8 creatures/sec. Fitness: best=3067.6, avg=1633.8, new=(qd-mutate=985.7, qd-large-mutate=1040.9, curl-right=838.7, template-m1-balanced=790.8). MAP-Elites(8x8, morphologies=3): occupied=47, pending=192, in flight=38
Speed: 12.199992 creatures/sec. Server status: 19:32:20: 4491x RT, 74.8 creatures/sec. Fitness: best=3067.6, avg=1633.8, new=(qd-mutate=985.7, qd-large-mutate=1040.9, curl-right=838.7, template-m1-balanced=790.8). MAP-Elites(8x8, morphologies=3): occupied=47, pending=192, in flight=38
Speed: 11.999990 creatures/sec. Server status: 19:32:20: 4491x RT, 74.8 creatures/sec. Fitness: best=3067.6, avg=1633.8, new=(qd-mutate=985.7, qd-large-mutate=1040.9, curl-right=838.7, template-m1-balanced=790.8). MAP-Elites(8x8, morphologies=3): occupied=47, pending=192, in flight=38
Speed: 12.000000 creatures/sec. Server status: 19:32:20: 4491x RT, 74.8 creatures/sec. Fitness: best=3067.6, avg=1633.8, new=(qd-mutate=985.7, qd-large-mutate=1040.9, curl-right=838.7, template-m1-balanced=790.8). MAP-Elites(8x8, morphologies=3): occupied=47, pending=192, in flight=38
Speed: 11.899993 creatures/sec. Server status: 19:32:29: 2871x RT, 47.9 creatures/sec. Fitness: best=3067.6, avg=1633.8, new=(qd-large-mutate=1201.4, qd-mutate=1185.6, curl-left=1253.7, curl-right=724.7). MAP-Elites(8x8, morphologies=3): occupied=47, pending=192, in flight=38
Speed: 11.599509 creatures/sec. Server status: 19:32:29: 2871x RT, 47.9 creatures/sec. Fitness: best=3067.6, avg=1633.8, new=(qd-large-mutate=1201.4, qd-mutate=1185.6, curl-left=1253.7, curl-right=724.7). MAP-Elites(8x8, morphologies=3): occupied=47, pending=192, in flight=38
Speed: 11.499985 creatures/sec. Server status: 19:32:29: 2871x RT, 47.9 creatures/sec. Fitness: best=3067.6, avg=1633.8, new=(qd-large-mutate=1201.4, qd-mutate=1185.6, curl-left=1253.7, curl-right=724.7). MAP-Elites(8x8, morphologies=3): occupied=47, pending=192, in flight=38
Speed: 11.599668 creatures/sec. Server status: 19:32:31: 3414x RT, 56.9 creatures/sec. Fitness: best=3067.6, avg=1633.8, new=(qd-mutate=1126.4, template-m1-balanced=783.7, qd-large-mutate=1162.5, curl-left=485.8, curl-right=1013.3). MAP-Elites(8x8, morphologies=3): occupied=47, pending=192, in flight=38
Speed: 11.599979 creatures/sec. Server status: 19:32:31: 3414x RT, 56.9 creatures/sec. Fitness: best=3067.6, avg=1633.8, new=(qd-mutate=1126.4, template-m1-balanced=783.7, qd-large-mutate=1162.5, curl-left=485.8, curl-right=1013.3). MAP-Elites(8x8, morphologies=3): occupied=47, pending=192, in flight=38
Speed: 11.499563 creatures/sec. Server status: 19:32:31: 3414x RT, 56.9 creatures/sec. Fitness: best=3067.6, avg=1633.8, new=(qd-mutate=1126.4, template-m1-balanced=783.7, qd-large-mutate=1162.5, curl-left=485.8, curl-right=1013.3). MAP-Elites(8x8, morphologies=3): occupied=47, pending=192, in flight=38
Speed: 10.499999 creatures/sec. Server status: 19:32:39: 3851x RT, 64.2 creatures/sec. Fitness: best=3067.6, avg=1635.3, new=(qd-mutate=1105.8, qd-large-mutate=1282.2, curl-left=583.3, curl-right=1021.6). MAP-Elites(8x8, morphologies=3): occupied=47, pending=192, in flight=38
Speed: 10.799991 creatures/sec. Server status: 19:32:39: 3851x RT, 64.2 creatures/sec. Fitness: best=3067.6, avg=1635.3, new=(qd-mutate=1105.8, qd-large-mutate=1282.2, curl-left=583.3, curl-right=1021.6). MAP-Elites(8x8, morphologies=3): occupied=47, pending=192, in flight=38
Speed: 10.499974 creatures/sec. Server status: 19:32:39: 3851x RT, 64.2 creatures/sec. Fitness: best=3067.6, avg=1635.3, new=(qd-mutate=1105.8, qd-large-mutate=1282.2, curl-left=583.3, curl-right=1021.6). MAP-Elites(8x8, morphologies=3): occupied=47, pending=192, in flight=38
Speed: 10.597065 creatures/sec. Server status: 19:32:39: 3851x RT, 64.2 creatures/sec. Fitness: best=3067.6, avg=1635.3, new=(qd-mutate=1105.8, qd-large-mutate=1282.2, curl-left=583.3, curl-right=1021.6). MAP-Elites(8x8, morphologies=3): occupied=47, pending=192, in flight=38
Speed: 10.499713 creatures/sec. Server status: 19:32:39: 3851x RT, 64.2 creatures/sec. Fitness: best=3067.6, avg=1635.3, new=(qd-mutate=1105.8, qd-large-mutate=1282.2, curl-left=583.3, curl-right=1021.6). MAP-Elites(8x8, morphologies=3): occupied=47, pending=192, in flight=38
Speed: 10.399993 creatures/sec. Server status: 19:32:39: 3851x RT, 64.2 creatures/sec. Fitness: best=3067.6, avg=1635.3, new=(qd-mutate=1105.8, qd-large-mutate=1282.2, curl-left=583.3, curl-right=1021.6). MAP-Elites(8x8, morphologies=3): occupied=47, pending=192, in flight=38
Speed: 8.799994 creatures/sec. Server status: 19:32:49: 2408x RT, 40.1 creatures/sec. Fitness: best=3067.6, avg=1635.3, new=(qd-mutate=1192.1, qd-large-mutate=1105.4, curl-left=1199.8, template-m1-balanced=927.5, curl-right=711.8). MAP-Elites(8x8, morphologies=3): occupied=47, pending=192, in flight=38
Speed: 8.699838 creatures/sec. Server status: 19:32:49: 2408x RT, 40.1 creatures/sec. Fitness: best=3067.6, avg=1635.3, new=(qd-mutate=1192.1, qd-large-mutate=1105.4, curl-left=1199.8, template-m1-balanced=927.5, curl-right=711.8). MAP-Elites(8x8, morphologies=3): occupied=47, pending=192, in flight=38
Speed: 8.299983 creatures/sec. Server status: 19:32:49: 2408x RT, 40.1 creatures/sec. Fitness: best=3067.6, avg=1635.3, new=(qd-mutate=1192.1, qd-large-mutate=1105.4, curl-left=1199.8, template-m1-balanced=927.5, curl-right=711.8). MAP-Elites(8x8, morphologies=3): occupied=47, pending=192, in flight=38
Speed: 8.499980 creatures/sec. Server status: 19:32:49: 2408x RT, 40.1 creatures/sec. Fitness: best=3067.6, avg=1635.3, new=(qd-mutate=1192.1, qd-large-mutate=1105.4, curl-left=1199.8, template-m1-balanced=927.5, curl-right=711.8). MAP-Elites(8x8, morphologies=3): occupied=47, pending=192, in flight=38
Speed: 8.599347 creatures/sec. Server status: 19:32:49: 2408x RT, 40.1 creatures/sec. Fitness: best=3067.6, avg=1635.3, new=(qd-mutate=1192.1, qd-large-mutate=1105.4, curl-left=1199.8, template-m1-balanced=927.5, curl-right=711.8). MAP-Elites(8x8, morphologies=3): occupied=47, pending=192, in flight=38
Speed: 8.499995 creatures/sec. Server status: 19:32:49: 2408x RT, 40.1 creatures/sec. Fitness: best=3067.6, avg=1635.3, new=(qd-mutate=1192.1, qd-large-mutate=1105.4, curl-left=1199.8, template-m1-balanced=927.5, curl-right=711.8). MAP-Elites(8x8, morphologies=3): occupied=47, pending=192, in flight=38
Speed: 7.499992 creatures/sec. Server status: 19:32:59: 2698x RT, 45.0 creatures/sec. Fitness: best=3067.6, avg=1635.3, new=(qd-mutate=1084.6, template-m1-balanced=1056.2, qd-large-mutate=1134.3, curl-right=898.0, curl-left=846.2). MAP-Elites(8x8, morphologies=3): occupied=47, pending=192, in flight=38
Speed: 7.698713 creatures/sec. Server status: 19:32:59: 2698x RT, 45.0 creatures/sec. Fitness: best=3067.6, avg=1635.3, new=(qd-mutate=1084.6, template-m1-balanced=1056.2, qd-large-mutate=1134.3, curl-right=898.0, curl-left=846.2). MAP-Elites(8x8, morphologies=3): occupied=47, pending=192, in flight=38
Speed: 7.699993 creatures/sec. Server status: 19:32:59: 2698x RT, 45.0 creatures/sec. Fitness: best=3067.6, avg=1635.3, new=(qd-mutate=1084.6, template-m1-balanced=1056.2, qd-large-mutate=1134.3, curl-right=898.0, curl-left=846.2). MAP-Elites(8x8, morphologies=3): occupied=47, pending=192, in flight=38
Speed: 7.399986 creatures/sec. Server status: 19:32:59: 2698x RT, 45.0 creatures/sec. Fitness: best=3067.6, avg=1635.3, new=(qd-mutate=1084.6, template-m1-balanced=1056.2, qd-large-mutate=1134.3, curl-right=898.0, curl-left=846.2). MAP-Elites(8x8, morphologies=3): occupied=47, pending=192, in flight=38
Speed: 7.399979 creatures/sec. Server status: 19:32:59: 2698x RT, 45.0 creatures/sec. Fitness: best=3067.6, avg=1635.3, new=(qd-mutate=1084.6, template-m1-balanced=1056.2, qd-large-mutate=1134.3, curl-right=898.0, curl-left=846.2). MAP-Elites(8x8, morphologies=3): occupied=47, pending=192, in flight=38
Speed: 7.799997 creatures/sec. Server status: 19:32:59: 2698x RT, 45.0 creatures/sec. Fitness: best=3067.6, avg=1635.3, new=(qd-mutate=1084.6, template-m1-balanced=1056.2, qd-large-mutate=1134.3, curl-right=898.0, curl-left=846.2). MAP-Elites(8x8, morphologies=3): occupied=47, pending=192, in flight=38
Speed: 11.599984 creatures/sec. Server status: 19:33:10: 3632x RT, 60.5 creatures/sec. Fitness: best=3067.6, avg=1635.3, new=(qd-mutate=1139.1, qd-large-mutate=1201.1, curl-right=809.4, curl-left=768.0). MAP-Elites(8x8, morphologies=3): occupied=47, pending=192, in flight=38
Speed: 11.399983 creatures/sec. Server status: 19:33:10: 3632x RT, 60.5 creatures/sec. Fitness: best=3067.6, avg=1635.3, new=(qd-mutate=1139.1, qd-large-mutate=1201.1, curl-right=809.4, curl-left=768.0). MAP-Elites(8x8, morphologies=3): occupied=47, pending=192, in flight=38
Speed: 11.399994 creatures/sec. Server status: 19:33:10: 3632x RT, 60.5 creatures/sec. Fitness: best=3067.6, avg=1635.3, new=(qd-mutate=1139.1, qd-large-mutate=1201.1, curl-right=809.4, curl-left=768.0). MAP-Elites(8x8, morphologies=3): occupied=47, pending=192, in flight=38
Speed: 11.299987 creatures/sec. Server status: 19:33:10: 3632x RT, 60.5 creatures/sec. Fitness: best=3067.6, avg=1635.3, new=(qd-mutate=1139.1, qd-large-mutate=1201.1, curl-right=809.4, curl-left=768.0). MAP-Elites(8x8, morphologies=3): occupied=47, pending=192, in flight=38
Speed: 11.499990 creatures/sec. Server status: 19:33:10: 3632x RT, 60.5 creatures/sec. Fitness: best=3067.6, avg=1635.3, new=(qd-mutate=1139.1, qd-large-mutate=1201.1, curl-right=809.4, curl-left=768.0). MAP-Elites(8x8, morphologies=3): occupied=47, pending=192, in flight=38
Speed: 11.299995 creatures/sec. Server status: 19:33:10: 3632x RT, 60.5 creatures/sec. Fitness: best=3067.6, avg=1635.3, new=(qd-mutate=1139.1, qd-large-mutate=1201.1, curl-right=809.4, curl-left=768.0). MAP-Elites(8x8, morphologies=3): occupied=47, pending=192, in flight=38
Speed: 12.099984 creatures/sec. Server status: 19:33:20: 3837x RT, 63.9 creatures/sec. Fitness: best=3067.6, avg=1637.5, new=(qd-mutate=1009.5, qd-large-mutate=1025.2, template-m1-balanced=861.1, curl-right=899.3, curl-left=890.5). MAP-Elites(8x8, morphologies=3): occupied=47, pending=192, in flight=38
Speed: 11.899986 creatures/sec. Server status: 19:33:20: 3837x RT, 63.9 creatures/sec. Fitness: best=3067.6, avg=1637.5, new=(qd-mutate=1009.5, qd-large-mutate=1025.2, template-m1-balanced=861.1, curl-right=899.3, curl-left=890.5). MAP-Elites(8x8, morphologies=3): occupied=47, pending=192, in flight=38
Speed: 11.798822 creatures/sec. Server status: 19:33:20: 3837x RT, 63.9 creatures/sec. Fitness: best=3067.6, avg=1637.5, new=(qd-mutate=1009.5, qd-large-mutate=1025.2, template-m1-balanced=861.1, curl-right=899.3, curl-left=890.5). MAP-Elites(8x8, morphologies=3): occupied=47, pending=192, in flight=38
Speed: 11.799983 creatures/sec. Server status: 19:33:20: 3837x RT, 63.9 creatures/sec. Fitness: best=3067.6, avg=1637.5, new=(qd-mutate=1009.5, qd-large-mutate=1025.2, template-m1-balanced=861.1, curl-right=899.3, curl-left=890.5). MAP-Elites(8x8, morphologies=3): occupied=47, pending=192, in flight=38
Speed: 11.699981 creatures/sec. Server status: 19:33:20: 3837x RT, 63.9 creatures/sec. Fitness: best=3067.6, avg=1637.5, new=(qd-mutate=1009.5, qd-large-mutate=1025.2, template-m1-balanced=861.1, curl-right=899.3, curl-left=890.5). MAP-Elites(8x8, morphologies=3): occupied=47, pending=192, in flight=38
Speed: 11.699984 creatures/sec. Server status: 19:33:20: 3837x RT, 63.9 creatures/sec. Fitness: best=3067.6, avg=1637.5, new=(qd-mutate=1009.5, qd-large-mutate=1025.2, template-m1-balanced=861.1, curl-right=899.3, curl-left=890.5). MAP-Elites(8x8, morphologies=3): occupied=47, pending=192, in flight=38
Speed: 10.699991 creatures/sec. Server status: 19:33:30: 3510x RT, 58.5 creatures/sec. Fitness: best=3067.6, avg=1637.5, new=(qd-mutate=1087.5, qd-large-mutate=1118.9, template-m1-balanced=972.5, curl-left=944.8, curl-right=629.5). MAP-Elites(8x8, morphologies=3): occupied=47, pending=192, in flight=38
Speed: 10.400000 creatures/sec. Server status: 19:33:30: 3510x RT, 58.5 creatures/sec. Fitness: best=3067.6, avg=1637.5, new=(qd-mutate=1087.5, qd-large-mutate=1118.9, template-m1-balanced=972.5, curl-left=944.8, curl-right=629.5). MAP-Elites(8x8, morphologies=3): occupied=47, pending=192, in flight=38
Speed: 10.599998 creatures/sec. Server status: 19:33:30: 3510x RT, 58.5 creatures/sec. Fitness: best=3067.6, avg=1637.5, new=(qd-mutate=1087.5, qd-large-mutate=1118.9, template-m1-balanced=972.5, curl-left=944.8, curl-right=629.5). MAP-Elites(8x8, morphologies=3): occupied=47, pending=192, in flight=38
Speed: 10.599989 creatures/sec. Server status: 19:33:30: 3510x RT, 58.5 creatures/sec. Fitness: best=3067.6, avg=1637.5, new=(qd-mutate=1087.5, qd-large-mutate=1118.9, template-m1-balanced=972.5, curl-left=944.8, curl-right=629.5). MAP-Elites(8x8, morphologies=3): occupied=47, pending=192, in flight=38
Speed: 10.399988 creatures/sec. Server status: 19:33:30: 3510x RT, 58.5 creatures/sec. Fitness: best=3067.6, avg=1637.5, new=(qd-mutate=1087.5, qd-large-mutate=1118.9, template-m1-balanced=972.5, curl-left=944.8, curl-right=629.5). MAP-Elites(8x8, morphologies=3): occupied=47, pending=192, in flight=38
Speed: 10.599994 creatures/sec. Server status: 19:33:30: 3510x RT, 58.5 creatures/sec. Fitness: best=3067.6, avg=1637.5, new=(qd-mutate=1087.5, qd-large-mutate=1118.9, template-m1-balanced=972.5, curl-left=944.8, curl-right=629.5). MAP-Elites(8x8, morphologies=3): occupied=47, pending=192, in flight=38
Speed: 9.799441 creatures/sec. Server status: 19:33:39: 3445x RT, 57.4 creatures/sec. Fitness: best=3067.6, avg=1637.5, new=(qd-mutate=1144.2, qd-large-mutate=948.3, template-m1-balanced=851.0, curl-right=455.9). MAP-Elites(8x8, morphologies=3): occupied=47, pending=192, in flight=38
Speed: 9.799993 creatures/sec. Server status: 19:33:39: 3445x RT, 57.4 creatures/sec. Fitness: best=3067.6, avg=1637.5, new=(qd-mutate=1144.2, qd-large-mutate=948.3, template-m1-balanced=851.0, curl-right=455.9). MAP-Elites(8x8, morphologies=3): occupied=47, pending=192, in flight=38
Speed: 9.699980 creatures/sec. Server status: 19:33:39: 3445x RT, 57.4 creatures/sec. Fitness: best=3067.6, avg=1637.5, new=(qd-mutate=1144.2, qd-large-mutate=948.3, template-m1-balanced=851.0, curl-right=455.9). MAP-Elites(8x8, morphologies=3): occupied=47, pending=192, in flight=38
Speed: 9.699974 creatures/sec. Server status: 19:33:39: 3445x RT, 57.4 creatures/sec. Fitness: best=3067.6, avg=1637.5, new=(qd-mutate=1144.2, qd-large-mutate=948.3, template-m1-balanced=851.0, curl-right=455.9). MAP-Elites(8x8, morphologies=3): occupied=47, pending=192, in flight=38
Speed: 9.899996 creatures/sec. Server status: 19:33:39: 3445x RT, 57.4 creatures/sec. Fitness: best=3067.6, avg=1637.5, new=(qd-mutate=1144.2, qd-large-mutate=948.3, template-m1-balanced=851.0, curl-right=455.9). MAP-Elites(8x8, morphologies=3): occupied=47, pending=192, in flight=38
Speed: 9.799989 creatures/sec. Server status: 19:33:39: 3445x RT, 57.4 creatures/sec. Fitness: best=3067.6, avg=1637.5, new=(qd-mutate=1144.2, qd-large-mutate=948.3, template-m1-balanced=851.0, curl-right=455.9). MAP-Elites(8x8, morphologies=3): occupied=47, pending=192, in flight=38
Speed: 9.599996 creatures/sec. Server status: 19:33:49: 2903x RT, 48.4 creatures/sec. Fitness: best=3067.6, avg=1637.5, new=(qd-large-mutate=1096.9, qd-mutate=1142.4, template-m1-balanced=1146.5, curl-left=1053.0, curl-right=685.7). MAP-Elites(8x8, morphologies=3): occupied=47, pending=192, in flight=38
Speed: 9.499976 creatures/sec. Server status: 19:33:49: 2903x RT, 48.4 creatures/sec. Fitness: best=3067.6, avg=1637.5, new=(qd-large-mutate=1096.9, qd-mutate=1142.4, template-m1-balanced=1146.5, curl-left=1053.0, curl-right=685.7). MAP-Elites(8x8, morphologies=3): occupied=47, pending=192, in flight=38
Speed: 9.699991 creatures/sec. Server status: 19:33:49: 2903x RT, 48.4 creatures/sec. Fitness: best=3067.6, avg=1637.5, new=(qd-large-mutate=1096.9, qd-mutate=1142.4, template-m1-balanced=1146.5, curl-left=1053.0, curl-right=685.7). MAP-Elites(8x8, morphologies=3): occupied=47, pending=192, in flight=38
Speed: 9.599997 creatures/sec. Server status: 19:33:49: 2903x RT, 48.4 creatures/sec. Fitness: best=3067.6, avg=1637.5, new=(qd-large-mutate=1096.9, qd-mutate=1142.4, template-m1-balanced=1146.5, curl-left=1053.0, curl-right=685.7). MAP-Elites(8x8, morphologies=3): occupied=47, pending=192, in flight=38
Speed: 9.299992 creatures/sec. Server status: 19:33:49: 2903x RT, 48.4 creatures/sec. Fitness: best=3067.6, avg=1637.5, new=(qd-large-mutate=1096.9, qd-mutate=1142.4, template-m1-balanced=1146.5, curl-left=1053.0, curl-right=685.7). MAP-Elites(8x8, morphologies=3): occupied=47, pending=192, in flight=38
Speed: 9.399978 creatures/sec. Server status: 19:33:49: 2903x RT, 48.4 creatures/sec. Fitness: best=3067.6, avg=1637.5, new=(qd-large-mutate=1096.9, qd-mutate=1142.4, template-m1-balanced=1146.5, curl-left=1053.0, curl-right=685.7). MAP-Elites(8x8, morphologies=3): occupied=47, pending=192, in flight=38
Speed: 13.999996 creatures/sec. Server status: 19:33:59: 4858x RT, 81.0 creatures/sec. Fitness: best=3067.6, avg=1637.5, new=(qd-large-mutate=1225.6, qd-mutate=1051.5, template-m1-balanced=1155.9, curl-left=805.6, curl-right=833.0). MAP-Elites(8x8, morphologies=3): occupied=47, pending=192, in flight=38
Speed: 13.899996 creatures/sec. Server status: 19:33:59: 4858x RT, 81.0 creatures/sec. Fitness: best=3067.6, avg=1637.5, new=(qd-large-mutate=1225.6, qd-mutate=1051.5, template-m1-balanced=1155.9, curl-left=805.6, curl-right=833.0). MAP-Elites(8x8, morphologies=3): occupied=47, pending=192, in flight=38
Speed: 13.400000 creatures/sec. Server status: 19:33:59: 4858x RT, 81.0 creatures/sec. Fitness: best=3067.6, avg=1637.5, new=(qd-large-mutate=1225.6, qd-mutate=1051.5, template-m1-balanced=1155.9, curl-left=805.6, curl-right=833.0). MAP-Elites(8x8, morphologies=3): occupied=47, pending=192, in flight=38
Speed: 13.599981 creatures/sec. Server status: 19:33:59: 4858x RT, 81.0 creatures/sec. Fitness: best=3067.6, avg=1637.5, new=(qd-large-mutate=1225.6, qd-mutate=1051.5, template-m1-balanced=1155.9, curl-left=805.6, curl-right=833.0). MAP-Elites(8x8, morphologies=3): occupied=47, pending=192, in flight=38
Speed: 13.499985 creatures/sec. Server status: 19:33:59: 4858x RT, 81.0 creatures/sec. Fitness: best=3067.6, avg=1637.5, new=(qd-large-mutate=1225.6, qd-mutate=1051.5, template-m1-balanced=1155.9, curl-left=805.6, curl-right=833.0). MAP-Elites(8x8, morphologies=3): occupied=47, pending=192, in flight=38
Speed: 13.899963 creatures/sec. Server status: 19:33:59: 4858x RT, 81.0 creatures/sec. Fitness: best=3067.6, avg=1637.5, new=(qd-large-mutate=1225.6, qd-mutate=1051.5, template-m1-balanced=1155.9, curl-left=805.6, curl-right=833.0). MAP-Elites(8x8, morphologies=3): occupied=47, pending=192, in flight=38
Speed: 17.299986 creatures/sec. Server status: 19:34:09: 6948x RT, 115.8 creatures/sec. Fitness: best=3067.6, avg=1637.5, new=(curl-left=859.3, qd-mutate=1076.6, qd-large-mutate=1177.1, template-m1-balanced=840.7, curl-right=980.6). MAP-Elites(8x8, morphologies=3): occupied=47, pending=192, in flight=38
Speed: 17.299986 creatures/sec. Server status: 19:34:09: 6948x RT, 115.8 creatures/sec. Fitness: best=3067.6, avg=1637.5, new=(curl-left=859.3, qd-mutate=1076.6, qd-large-mutate=1177.1, template-m1-balanced=840.7, curl-right=980.6). MAP-Elites(8x8, morphologies=3): occupied=47, pending=192, in flight=38
Speed: 17.099989 creatures/sec. Server status: 19:34:09: 6948x RT, 115.8 creatures/sec. Fitness: best=3067.6, avg=1637.5, new=(curl-left=859.3, qd-mutate=1076.6, qd-large-mutate=1177.1, template-m1-balanced=840.7, curl-right=980.6). MAP-Elites(8x8, morphologies=3): occupied=47, pending=192, in flight=38
Speed: 17.399979 creatures/sec. Server status: 19:34:09: 6948x RT, 115.8 creatures/sec. Fitness: best=3067.6, avg=1637.5, new=(curl-left=859.3, qd-mutate=1076.6, qd-large-mutate=1177.1, template-m1-balanced=840.7, curl-right=980.6). MAP-Elites(8x8, morphologies=3): occupied=47, pending=192, in flight=38
Speed: 17.099993 creatures/sec. Server status: 19:34:09: 6948x RT, 115.8 creatures/sec. Fitness: best=3067.6, avg=1637.5, new=(curl-left=859.3, qd-mutate=1076.6, qd-large-mutate=1177.1, template-m1-balanced=840.7, curl-right=980.6). MAP-Elites(8x8, morphologies=3): occupied=47, pending=192, in flight=38
Speed: 16.999993 creatures/sec. Server status: 19:34:09: 6948x RT, 115.8 creatures/sec. Fitness: best=3067.6, avg=1637.5, new=(curl-left=859.3, qd-mutate=1076.6, qd-large-mutate=1177.1, template-m1-balanced=840.7, curl-right=980.6). MAP-Elites(8x8, morphologies=3): occupied=47, pending=192, in flight=38
Speed: 19.000000 creatures/sec. Server status: 19:34:20: 6903x RT, 115.1 creatures/sec. Fitness: best=3067.6, avg=1637.5, new=(qd-mutate=1050.3, curl-right=814.2, qd-large-mutate=1046.4, template-m1-balanced=881.0, curl-left=717.2). MAP-Elites(8x8, morphologies=3): occupied=47, pending=192, in flight=38
Speed: 19.099950 creatures/sec. Server status: 19:34:20: 6903x RT, 115.1 creatures/sec. Fitness: best=3067.6, avg=1637.5, new=(qd-mutate=1050.3, curl-right=814.2, qd-large-mutate=1046.4, template-m1-balanced=881.0, curl-left=717.2). MAP-Elites(8x8, morphologies=3): occupied=47, pending=192, in flight=38
Speed: 18.599991 creatures/sec. Server status: 19:34:20: 6903x RT, 115.1 creatures/sec. Fitness: best=3067.6, avg=1637.5, new=(qd-mutate=1050.3, curl-right=814.2, qd-large-mutate=1046.4, template-m1-balanced=881.0, curl-left=717.2). MAP-Elites(8x8, morphologies=3): occupied=47, pending=192, in flight=38
Speed: 18.799994 creatures/sec. Server status: 19:34:20: 6903x RT, 115.1 creatures/sec. Fitness: best=3067.6, avg=1637.5, new=(qd-mutate=1050.3, curl-right=814.2, qd-large-mutate=1046.4, template-m1-balanced=881.0, curl-left=717.2). MAP-Elites(8x8, morphologies=3): occupied=47, pending=192, in flight=38
Speed: 19.099996 creatures/sec. Server status: 19:34:20: 6903x RT, 115.1 creatures/sec. Fitness: best=3067.6, avg=1637.5, new=(qd-mutate=1050.3, curl-right=814.2, qd-large-mutate=1046.4, template-m1-balanced=881.0, curl-left=717.2). MAP-Elites(8x8, morphologies=3): occupied=47, pending=192, in flight=38
Speed: 18.799982 creatures/sec. Server status: 19:34:20: 6903x RT, 115.1 creatures/sec. Fitness: best=3067.6, avg=1637.5, new=(qd-mutate=1050.3, curl-right=814.2, qd-large-mutate=1046.4, template-m1-balanced=881.0, curl-left=717.2). MAP-Elites(8x8, morphologies=3): occupied=47, pending=192, in flight=38
Speed: 19.199989 creatures/sec. Server status: 19:34:30: 6991x RT, 116.5 creatures/sec. Fitness: best=3067.6, avg=1637.5, new=(qd-mutate=1087.3, qd-large-mutate=1122.2, curl-right=1088.8, template-m1-balanced=960.1, curl-left=763.2). MAP-Elites(8x8, morphologies=3): occupied=47, pending=192, in flight=38
Speed: 19.300000 creatures/sec. Server status: 19:34:30: 6991x RT, 116.5 creatures/sec. Fitness: best=3067.6, avg=1637.5, new=(qd-mutate=1087.3, qd-large-mutate=1122.2, curl-right=1088.8, template-m1-balanced=960.1, curl-left=763.2). MAP-Elites(8x8, morphologies=3): occupied=47, pending=192, in flight=38
Speed: 18.999996 creatures/sec. Server status: 19:34:30: 6991x RT, 116.5 creatures/sec. Fitness: best=3067.6, avg=1637.5, new=(qd-mutate=1087.3, qd-large-mutate=1122.2, curl-right=1088.8, template-m1-balanced=960.1, curl-left=763.2). MAP-Elites(8x8, morphologies=3): occupied=47, pending=192, in flight=38
Speed: 19.099983 creatures/sec. Server status: 19:34:30: 6991x RT, 116.5 creatures/sec. Fitness: best=3067.6, avg=1637.5, new=(qd-mutate=1087.3, qd-large-mutate=1122.2, curl-right=1088.8, template-m1-balanced=960.1, curl-left=763.2). MAP-Elites(8x8, morphologies=3): occupied=47, pending=192, in flight=38
Speed: 18.999998 creatures/sec. Server status: 19:34:30: 6991x RT, 116.5 creatures/sec. Fitness: best=3067.6, avg=1637.5, new=(qd-mutate=1087.3, qd-large-mutate=1122.2, curl-right=1088.8, template-m1-balanced=960.1, curl-left=763.2). MAP-Elites(8x8, morphologies=3): occupied=47, pending=192, in flight=38
Speed: 19.099943 creatures/sec. Server status: 19:34:30: 6991x RT, 116.5 creatures/sec. Fitness: best=3067.6, avg=1637.5, new=(qd-mutate=1087.3, qd-large-mutate=1122.2, curl-right=1088.8, template-m1-balanced=960.1, curl-left=763.2). MAP-Elites(8x8, morphologies=3): occupied=47, pending=192, in flight=38
Speed: 17.899953 creatures/sec. Server status: 19:34:40: 6268x RT, 104.5 creatures/sec. Fitness: best=3067.6, avg=1637.5, new=(qd-large-mutate=1152.0, qd-mutate=1160.3, curl-right=581.2, curl-left=997.1, template-m1-balanced=830.5). MAP-Elites(8x8, morphologies=3): occupied=47, pending=192, in flight=38
Speed: 17.599996 creatures/sec. Server status: 19:34:40: 6268x RT, 104.5 creatures/sec. Fitness: best=3067.6, avg=1637.5, new=(qd-large-mutate=1152.0, qd-mutate=1160.3, curl-right=581.2, curl-left=997.1, template-m1-balanced=830.5). MAP-Elites(8x8, morphologies=3): occupied=47, pending=192, in flight=38
Speed: 17.499982 creatures/sec. Server status: 19:34:40: 6268x RT, 104.5 creatures/sec. Fitness: best=3067.6, avg=1637.5, new=(qd-large-mutate=1152.0, qd-mutate=1160.3, curl-right=581.2, curl-left=997.1, template-m1-balanced=830.5). MAP-Elites(8x8, morphologies=3): occupied=47, pending=192, in flight=38
Speed: 17.699981 creatures/sec. Server status: 19:34:40: 6268x RT, 104.5 creatures/sec. Fitness: best=3067.6, avg=1637.5, new=(qd-large-mutate=1152.0, qd-mutate=1160.3, curl-right=581.2, curl-left=997.1, template-m1-balanced=830.5). MAP-Elites(8x8, morphologies=3): occupied=47, pending=192, in flight=38
Speed: 17.599987 creatures/sec. Server status: 19:34:40: 6268x RT, 104.5 creatures/sec. Fitness: best=3067.6, avg=1637.5, new=(qd-large-mutate=1152.0, qd-mutate=1160.3, curl-right=581.2, curl-left=997.1, template-m1-balanced=830.5). MAP-Elites(8x8, morphologies=3): occupied=47, pending=192, in flight=38
Speed: 17.499991 creatures/sec. Server status: 19:34:40: 6268x RT, 104.5 creatures/sec. Fitness: best=3067.6, avg=1637.5, new=(qd-large-mutate=1152.0, qd-mutate=1160.3, curl-right=581.2, curl-left=997.1, template-m1-balanced=830.5). MAP-Elites(8x8, morphologies=3): occupied=47, pending=192, in flight=38
Speed: 17.599986 creatures/sec. Server status: 19:34:49: 6271x RT, 104.5 creatures/sec. Fitness: best=3067.6, avg=1637.5, new=(qd-mutate=1113.3, qd-large-mutate=1057.2, curl-right=727.7, template-m1-balanced=917.5, curl-left=621.2). MAP-Elites(8x8, morphologies=3): occupied=47, pending=192, in flight=38
Speed: 17.699970 creatures/sec. Server status: 19:34:49: 6271x RT, 104.5 creatures/sec. Fitness: best=3067.6, avg=1637.5, new=(qd-mutate=1113.3, qd-large-mutate=1057.2, curl-right=727.7, template-m1-balanced=917.5, curl-left=621.2). MAP-Elites(8x8, morphologies=3): occupied=47, pending=192, in flight=38
Speed: 16.999991 creatures/sec. Server status: 19:34:49: 6271x RT, 104.5 creatures/sec. Fitness: best=3067.6, avg=1637.5, new=(qd-mutate=1113.3, qd-large-mutate=1057.2, curl-right=727.7, template-m1-balanced=917.5, curl-left=621.2). MAP-Elites(8x8, morphologies=3): occupied=47, pending=192, in flight=38
Speed: 17.299983 creatures/sec. Server status: 19:34:49: 6271x RT, 104.5 creatures/sec. Fitness: best=3067.6, avg=1637.5, new=(qd-mutate=1113.3, qd-large-mutate=1057.2, curl-right=727.7, template-m1-balanced=917.5, curl-left=621.2). MAP-Elites(8x8, morphologies=3): occupied=47, pending=192, in flight=38
Speed: 17.299955 creatures/sec. Server status: 19:34:49: 6271x RT, 104.5 creatures/sec. Fitness: best=3067.6, avg=1637.5, new=(qd-mutate=1113.3, qd-large-mutate=1057.2, curl-right=727.7, template-m1-balanced=917.5, curl-left=621.2). MAP-Elites(8x8, morphologies=3): occupied=47, pending=192, in flight=38
Speed: 17.299983 creatures/sec. Server status: 19:34:49: 6271x RT, 104.5 creatures/sec. Fitness: best=3067.6, avg=1637.5, new=(qd-mutate=1113.3, qd-large-mutate=1057.2, curl-right=727.7, template-m1-balanced=917.5, curl-left=621.2). MAP-Elites(8x8, morphologies=3): occupied=47, pending=192, in flight=38
Speed: 17.599945 creatures/sec. Server status: 19:34:59: 6124x RT, 102.1 creatures/sec. Fitness: best=3067.6, avg=1637.5, new=(qd-mutate=1049.5, qd-large-mutate=985.8, curl-left=873.2, template-m1-balanced=1030.3, curl-right=993.4). MAP-Elites(8x8, morphologies=3): occupied=47, pending=192, in flight=38
Speed: 17.499975 creatures/sec. Server status: 19:34:59: 6124x RT, 102.1 creatures/sec. Fitness: best=3067.6, avg=1637.5, new=(qd-mutate=1049.5, qd-large-mutate=985.8, curl-left=873.2, template-m1-balanced=1030.3, curl-right=993.4). MAP-Elites(8x8, morphologies=3): occupied=47, pending=192, in flight=38
Speed: 17.593981 creatures/sec. Server status: 19:34:59: 6124x RT, 102.1 creatures/sec. Fitness: best=3067.6, avg=1637.5, new=(qd-mutate=1049.5, qd-large-mutate=985.8, curl-left=873.2, template-m1-balanced=1030.3, curl-right=993.4). MAP-Elites(8x8, morphologies=3): occupied=47, pending=192, in flight=38
Speed: 17.499997 creatures/sec. Server status: 19:34:59: 6124x RT, 102.1 creatures/sec. Fitness: best=3067.6, avg=1637.5, new=(qd-mutate=1049.5, qd-large-mutate=985.8, curl-left=873.2, template-m1-balanced=1030.3, curl-right=993.4). MAP-Elites(8x8, morphologies=3): occupied=47, pending=192, in flight=38
Speed: 17.299997 creatures/sec. Server status: 19:34:59: 6124x RT, 102.1 creatures/sec. Fitness: best=3067.6, avg=1637.5, new=(qd-mutate=1049.5, qd-large-mutate=985.8, curl-left=873.2, template-m1-balanced=1030.3, curl-right=993.4). MAP-Elites(8x8, morphologies=3): occupied=47, pending=192, in flight=38
Speed: 17.599977 creatures/sec. Server status: 19:34:59: 6124x RT, 102.1 creatures/sec. Fitness: best=3067.6, avg=1637.5, new=(qd-mutate=1049.5, qd-large-mutate=985.8, curl-left=873.2, template-m1-balanced=1030.3, curl-right=993.4). MAP-Elites(8x8, morphologies=3): occupied=47, pending=192, in flight=38
Speed: 18.699996 creatures/sec. Server status: 19:35:10: 6808x RT, 113.5 creatures/sec. Fitness: best=3067.6, avg=1637.5, new=(qd-mutate=1098.8, qd-large-mutate=1079.5, template-m1-balanced=985.0, curl-left=846.2, curl-right=745.1). MAP-Elites(8x8, morphologies=3): occupied=47, pending=192, in flight=38
Speed: 18.399986 creatures/sec. Server status: 19:35:10: 6808x RT, 113.5 creatures/sec. Fitness: best=3067.6, avg=1637.5, new=(qd-mutate=1098.8, qd-large-mutate=1079.5, template-m1-balanced=985.0, curl-left=846.2, curl-right=745.1). MAP-Elites(8x8, morphologies=3): occupied=47, pending=192, in flight=38
Speed: 18.400000 creatures/sec. Server status: 19:35:10: 6808x RT, 113.5 creatures/sec. Fitness: best=3067.6, avg=1637.5, new=(qd-mutate=1098.8, qd-large-mutate=1079.5, template-m1-balanced=985.0, curl-left=846.2, curl-right=745.1). MAP-Elites(8x8, morphologies=3): occupied=47, pending=192, in flight=38
Speed: 18.599987 creatures/sec. Server status: 19:35:10: 6808x RT, 113.5 creatures/sec. Fitness: best=3067.6, avg=1637.5, new=(qd-mutate=1098.8, qd-large-mutate=1079.5, template-m1-balanced=985.0, curl-left=846.2, curl-right=745.1). MAP-Elites(8x8, morphologies=3): occupied=47, pending=192, in flight=38
Speed: 18.399983 creatures/sec. Server status: 19:35:10: 6808x RT, 113.5 creatures/sec. Fitness: best=3067.6, avg=1637.5, new=(qd-mutate=1098.8, qd-large-mutate=1079.5, template-m1-balanced=985.0, curl-left=846.2, curl-right=745.1). MAP-Elites(8x8, morphologies=3): occupied=47, pending=192, in flight=38
Speed: 18.499985 creatures/sec. Server status: 19:35:10: 6808x RT, 113.5 creatures/sec. Fitness: best=3067.6, avg=1637.5, new=(qd-mutate=1098.8, qd-large-mutate=1079.5, template-m1-balanced=985.0, curl-left=846.2, curl-right=745.1). MAP-Elites(8x8, morphologies=3): occupied=47, pending=192, in flight=38
Speed: 19.099987 creatures/sec. Server status: 19:35:20: 6820x RT, 113.7 creatures/sec. Fitness: best=3067.6, avg=1637.5, new=(qd-large-mutate=1208.9, qd-mutate=1020.0, template-m1-balanced=995.4, curl-right=1032.7). MAP-Elites(8x8, morphologies=3): occupied=47, pending=192, in flight=38
Speed: 19.099996 creatures/sec. Server status: 19:35:20: 6820x RT, 113.7 creatures/sec. Fitness: best=3067.6, avg=1637.5, new=(qd-large-mutate=1208.9, qd-mutate=1020.0, template-m1-balanced=995.4, curl-right=1032.7). MAP-Elites(8x8, morphologies=3): occupied=47, pending=192, in flight=38
Speed: 19.099981 creatures/sec. Server status: 19:35:20: 6820x RT, 113.7 creatures/sec. Fitness: best=3067.6, avg=1637.5, new=(qd-large-mutate=1208.9, qd-mutate=1020.0, template-m1-balanced=995.4, curl-right=1032.7). MAP-Elites(8x8, morphologies=3): occupied=47, pending=192, in flight=38
Speed: 19.299998 creatures/sec. Server status: 19:35:20: 6820x RT, 113.7 creatures/sec. Fitness: best=3067.6, avg=1637.5, new=(qd-large-mutate=1208.9, qd-mutate=1020.0, template-m1-balanced=995.4, curl-right=1032.7). MAP-Elites(8x8, morphologies=3): occupied=47, pending=192, in flight=38
Speed: 19.100000 creatures/sec. Server status: 19:35:20: 6820x RT, 113.7 creatures/sec. Fitness: best=3067.6, avg=1637.5, new=(qd-large-mutate=1208.9, qd-mutate=1020.0, template-m1-balanced=995.4, curl-right=1032.7). MAP-Elites(8x8, morphologies=3): occupied=47, pending=192, in flight=38
Speed: 18.999994 creatures/sec. Server status: 19:35:20: 6820x RT, 113.7 creatures/sec. Fitness: best=3067.6, avg=1637.5, new=(qd-large-mutate=1208.9, qd-mutate=1020.0, template-m1-balanced=995.4, curl-right=1032.7). MAP-Elites(8x8, morphologies=3): occupied=47, pending=192, in flight=38
Speed: 18.599998 creatures/sec. Server status: 19:35:30: 6390x RT, 106.5 creatures/sec. Fitness: best=3067.6, avg=1637.5, new=(qd-mutate=1054.5, qd-large-mutate=1019.2, template-m1-balanced=878.4, curl-left=803.0, curl-right=926.4). MAP-Elites(8x8, morphologies=3): occupied=47, pending=192, in flight=38
Speed: 18.599956 creatures/sec. Server status: 19:35:30: 6390x RT, 106.5 creatures/sec. Fitness: best=3067.6, avg=1637.5, new=(qd-mutate=1054.5, qd-large-mutate=1019.2, template-m1-balanced=878.4, curl-left=803.0, curl-right=926.4). MAP-Elites(8x8, morphologies=3): occupied=47, pending=192, in flight=38
Speed: 18.599993 creatures/sec. Server status: 19:35:30: 6390x RT, 106.5 creatures/sec. Fitness: best=3067.6, avg=1637.5, new=(qd-mutate=1054.5, qd-large-mutate=1019.2, template-m1-balanced=878.4, curl-left=803.0, curl-right=926.4). MAP-Elites(8x8, morphologies=3): occupied=47, pending=192, in flight=38
Speed: 18.399987 creatures/sec. Server status: 19:35:30: 6390x RT, 106.5 creatures/sec. Fitness: best=3067.6, avg=1637.5, new=(qd-mutate=1054.5, qd-large-mutate=1019.2, template-m1-balanced=878.4, curl-left=803.0, curl-right=926.4). MAP-Elites(8x8, morphologies=3): occupied=47, pending=192, in flight=38
Speed: 18.599981 creatures/sec. Server status: 19:35:30: 6390x RT, 106.5 creatures/sec. Fitness: best=3067.6, avg=1637.5, new=(qd-mutate=1054.5, qd-large-mutate=1019.2, template-m1-balanced=878.4, curl-left=803.0, curl-right=926.4). MAP-Elites(8x8, morphologies=3): occupied=47, pending=192, in flight=38
Speed: 18.699983 creatures/sec. Server status: 19:35:30: 6390x RT, 106.5 creatures/sec. Fitness: best=3067.6, avg=1637.5, new=(qd-mutate=1054.5, qd-large-mutate=1019.2, template-m1-balanced=878.4, curl-left=803.0, curl-right=926.4). MAP-Elites(8x8, morphologies=3): occupied=47, pending=192, in flight=38
Speed: 17.299989 creatures/sec. Server status: 19:35:41: 4699x RT, 78.3 creatures/sec. Fitness: best=3067.6, avg=1637.5, new=(qd-large-mutate=1163.1, qd-mutate=1148.5, curl-left=986.4, template-m1-balanced=1029.2). MAP-Elites(8x8, morphologies=3): occupied=47, pending=192, in flight=38
Speed: 17.199952 creatures/sec. Server status: 19:35:41: 4699x RT, 78.3 creatures/sec. Fitness: best=3067.6, avg=1637.5, new=(qd-large-mutate=1163.1, qd-mutate=1148.5, curl-left=986.4, template-m1-balanced=1029.2). MAP-Elites(8x8, morphologies=3): occupied=47, pending=192, in flight=38
Speed: 17.299990 creatures/sec. Server status: 19:35:41: 4699x RT, 78.3 creatures/sec. Fitness: best=3067.6, avg=1637.5, new=(qd-large-mutate=1163.1, qd-mutate=1148.5, curl-left=986.4, template-m1-balanced=1029.2). MAP-Elites(8x8, morphologies=3): occupied=47, pending=192, in flight=38
Speed: 17.399988 creatures/sec. Server status: 19:35:41: 4699x RT, 78.3 creatures/sec. Fitness: best=3067.6, avg=1637.5, new=(qd-large-mutate=1163.1, qd-mutate=1148.5, curl-left=986.4, template-m1-balanced=1029.2). MAP-Elites(8x8, morphologies=3): occupied=47, pending=192, in flight=38
Speed: 17.200000 creatures/sec. Server status: 19:35:41: 4699x RT, 78.3 creatures/sec. Fitness: best=3067.6, avg=1637.5, new=(qd-large-mutate=1163.1, qd-mutate=1148.5, curl-left=986.4, template-m1-balanced=1029.2). MAP-Elites(8x8, morphologies=3): occupied=47, pending=192, in flight=38
Speed: 17.099990 creatures/sec. Server status: 19:35:41: 4699x RT, 78.3 creatures/sec. Fitness: best=3067.6, avg=1637.5, new=(qd-large-mutate=1163.1, qd-mutate=1148.5, curl-left=986.4, template-m1-balanced=1029.2). MAP-Elites(8x8, morphologies=3): occupied=47, pending=192, in flight=38
Speed: 15.899953 creatures/sec. Server status: 19:35:49: 5834x RT, 97.2 creatures/sec. Fitness: best=3067.6, avg=1637.5, new=(qd-mutate=1206.0, qd-large-mutate=1241.2, curl-left=924.7, template-m1-balanced=930.3, curl-right=625.5). MAP-Elites(8x8, morphologies=3): occupied=47, pending=192, in flight=38
Speed: 15.899987 creatures/sec. Server status: 19:35:49: 5834x RT, 97.2 creatures/sec. Fitness: best=3067.6, avg=1637.5, new=(qd-mutate=1206.0, qd-large-mutate=1241.2, curl-left=924.7, template-m1-balanced=930.3, curl-right=625.5). MAP-Elites(8x8, morphologies=3): occupied=47, pending=192, in flight=38
Speed: 15.499980 creatures/sec. Server status: 19:35:49: 5834x RT, 97.2 creatures/sec. Fitness: best=3067.6, avg=1637.5, new=(qd-mutate=1206.0, qd-large-mutate=1241.2, curl-left=924.7, template-m1-balanced=930.3, curl-right=625.5). MAP-Elites(8x8, morphologies=3): occupied=47, pending=192, in flight=38
Speed: 15.899952 creatures/sec. Server status: 19:35:49: 5834x RT, 97.2 creatures/sec. Fitness: best=3067.6, avg=1637.5, new=(qd-mutate=1206.0, qd-large-mutate=1241.2, curl-left=924.7, template-m1-balanced=930.3, curl-right=625.5). MAP-Elites(8x8, morphologies=3): occupied=47, pending=192, in flight=38
Speed: 15.599996 creatures/sec. Server status: 19:35:49: 5834x RT, 97.2 creatures/sec. Fitness: best=3067.6, avg=1637.5, new=(qd-mutate=1206.0, qd-large-mutate=1241.2, curl-left=924.7, template-m1-balanced=930.3, curl-right=625.5). MAP-Elites(8x8, morphologies=3): occupied=47, pending=192, in flight=38
Speed: 15.699986 creatures/sec. Server status: 19:35:49: 5834x RT, 97.2 creatures/sec. Fitness: best=3067.6, avg=1637.5, new=(qd-mutate=1206.0, qd-large-mutate=1241.2, curl-left=924.7, template-m1-balanced=930.3, curl-right=625.5). MAP-Elites(8x8, morphologies=3): occupied=47, pending=192, in flight=38
Speed: 15.199977 creatures/sec. Server status: 19:35:59: 4495x RT, 74.9 creatures/sec. Fitness: best=3067.6, avg=1637.5, new=(qd-mutate=1020.7, template-m1-balanced=1225.7, qd-large-mutate=1085.3, curl-right=508.0). MAP-Elites(8x8, morphologies=3): occupied=47, pending=192, in flight=38
Speed: 15.600000 creatures/sec. Server status: 19:35:59: 4495x RT, 74.9 creatures/sec. Fitness: best=3067.6, avg=1637.5, new=(qd-mutate=1020.7, template-m1-balanced=1225.7, qd-large-mutate=1085.3, curl-right=508.0). MAP-Elites(8x8, morphologies=3): occupied=47, pending=192, in flight=38
Speed: 15.099980 creatures/sec. Server status: 19:35:59: 4495x RT, 74.9 creatures/sec. Fitness: best=3067.6, avg=1637.5, new=(qd-mutate=1020.7, template-m1-balanced=1225.7, qd-large-mutate=1085.3, curl-right=508.0). MAP-Elites(8x8, morphologies=3): occupied=47, pending=192, in flight=38
Speed: 15.199995 creatures/sec. Server status: 19:35:59: 4495x RT, 74.9 creatures/sec. Fitness: best=3067.6, avg=1637.5, new=(qd-mutate=1020.7, template-m1-balanced=1225.7, qd-large-mutate=1085.3, curl-right=508.0). MAP-Elites(8x8, morphologies=3): occupied=47, pending=192, in flight=38
Speed: 15.299994 creatures/sec. Server status: 19:35:59: 4495x RT, 74.9 creatures/sec. Fitness: best=3067.6, avg=1637.5, new=(qd-mutate=1020.7, template-m1-balanced=1225.7, qd-large-mutate=1085.3, curl-right=508.0). MAP-Elites(8x8, morphologies=3): occupied=47, pending=192, in flight=38
Speed: 15.199999 creatures/sec. Server status: 19:35:59: 4495x RT, 74.9 creatures/sec. Fitness: best=3067.6, avg=1637.5, new=(qd-mutate=1020.7, template-m1-balanced=1225.7, qd-large-mutate=1085.3, curl-right=508.0). MAP-Elites(8x8, morphologies=3): occupied=47, pending=192, in flight=38
Speed: 14.099993 creatures/sec. Server status: 19:36:09: 4945x RT, 82.4 creatures/sec. Fitness: best=3067.6, avg=1637.5, new=(qd-mutate=1038.5, qd-large-mutate=1147.3, curl-right=397.6, curl-left=879.3, template-m1-balanced=689.7). MAP-Elites(8x8, morphologies=3): occupied=47, pending=192, in flight=38
Speed: 14.200000 creatures/sec. Server status: 19:36:09: 4945x RT, 82.4 creatures/sec. Fitness: best=3067.6, avg=1637.5, new=(qd-mutate=1038.5, qd-large-mutate=1147.3, curl-right=397.6, curl-left=879.3, template-m1-balanced=689.7). MAP-Elites(8x8, morphologies=3): occupied=47, pending=192, in flight=38
Speed: 14.099973 creatures/sec. Server status: 19:36:09: 4945x RT, 82.4 creatures/sec. Fitness: best=3067.6, avg=1637.5, new=(qd-mutate=1038.5, qd-large-mutate=1147.3, curl-right=397.6, curl-left=879.3, template-m1-balanced=689.7). MAP-Elites(8x8, morphologies=3): occupied=47, pending=192, in flight=38
Speed: 13.999989 creatures/sec. Server status: 19:36:09: 4945x RT, 82.4 creatures/sec. Fitness: best=3067.6, avg=1637.5, new=(qd-mutate=1038.5, qd-large-mutate=1147.3, curl-right=397.6, curl-left=879.3, template-m1-balanced=689.7). MAP-Elites(8x8, morphologies=3): occupied=47, pending=192, in flight=38
Speed: 13.799985 creatures/sec. Server status: 19:36:09: 4945x RT, 82.4 creatures/sec. Fitness: best=3067.6, avg=1637.5, new=(qd-mutate=1038.5, qd-large-mutate=1147.3, curl-right=397.6, curl-left=879.3, template-m1-balanced=689.7). MAP-Elites(8x8, morphologies=3): occupied=47, pending=192, in flight=38
Speed: 14.199964 creatures/sec. Server status: 19:36:09: 4945x RT, 82.4 creatures/sec. Fitness: best=3067.6, avg=1637.5, new=(qd-mutate=1038.5, qd-large-mutate=1147.3, curl-right=397.6, curl-left=879.3, template-m1-balanced=689.7). MAP-Elites(8x8, morphologies=3): occupied=47, pending=192, in flight=38
Speed: 16.699953 creatures/sec. Server status: 19:36:20: 6632x RT, 110.5 creatures/sec. Fitness: best=3067.6, avg=1637.5, new=(qd-mutate=1145.7, template-m1-balanced=1087.9, qd-large-mutate=1054.6, curl-left=938.6, curl-right=1121.9). MAP-Elites(8x8, morphologies=3): occupied=47, pending=192, in flight=38
Speed: 16.499993 creatures/sec. Server status: 19:36:20: 6632x RT, 110.5 creatures/sec. Fitness: best=3067.6, avg=1637.5, new=(qd-mutate=1145.7, template-m1-balanced=1087.9, qd-large-mutate=1054.6, curl-left=938.6, curl-right=1121.9). MAP-Elites(8x8, morphologies=3): occupied=47, pending=192, in flight=38
Speed: 16.299997 creatures/sec. Server status: 19:36:20: 6632x RT, 110.5 creatures/sec. Fitness: best=3067.6, avg=1637.5, new=(qd-mutate=1145.7, template-m1-balanced=1087.9, qd-large-mutate=1054.6, curl-left=938.6, curl-right=1121.9). MAP-Elites(8x8, morphologies=3): occupied=47, pending=192, in flight=38
Speed: 16.699993 creatures/sec. Server status: 19:36:20: 6632x RT, 110.5 creatures/sec. Fitness: best=3067.6, avg=1637.5, new=(qd-mutate=1145.7, template-m1-balanced=1087.9, qd-large-mutate=1054.6, curl-left=938.6, curl-right=1121.9). MAP-Elites(8x8, morphologies=3): occupied=47, pending=192, in flight=38
Speed: 16.399993 creatures/sec. Server status: 19:36:20: 6632x RT, 110.5 creatures/sec. Fitness: best=3067.6, avg=1637.5, new=(qd-mutate=1145.7, template-m1-balanced=1087.9, qd-large-mutate=1054.6, curl-left=938.6, curl-right=1121.9). MAP-Elites(8x8, morphologies=3): occupied=47, pending=192, in flight=38
Speed: 16.399998 creatures/sec. Server status: 19:36:20: 6632x RT, 110.5 creatures/sec. Fitness: best=3067.6, avg=1637.5, new=(qd-mutate=1145.7, template-m1-balanced=1087.9, qd-large-mutate=1054.6, curl-left=938.6, curl-right=1121.9). MAP-Elites(8x8, morphologies=3): occupied=47, pending=192, in flight=38
Speed: 14.099975 creatures/sec. Server status: 19:36:30: 5038x RT, 84.0 creatures/sec. Fitness: best=3067.6, avg=1637.5, new=(qd-large-mutate=1217.8, template-m1-balanced=903.6, qd-mutate=1000.7, curl-left=720.5, curl-right=697.4). MAP-Elites(8x8, morphologies=3): occupied=47, pending=192, in flight=38
Speed: 13.999990 creatures/sec. Server status: 19:36:30: 5038x RT, 84.0 creatures/sec. Fitness: best=3067.6, avg=1637.5, new=(qd-large-mutate=1217.8, template-m1-balanced=903.6, qd-mutate=1000.7, curl-left=720.5, curl-right=697.4). MAP-Elites(8x8, morphologies=3): occupied=47, pending=192, in flight=38
Speed: 13.999941 creatures/sec. Server status: 19:36:30: 5038x RT, 84.0 creatures/sec. Fitness: best=3067.6, avg=1637.5, new=(qd-large-mutate=1217.8, template-m1-balanced=903.6, qd-mutate=1000.7, curl-left=720.5, curl-right=697.4). MAP-Elites(8x8, morphologies=3): occupied=47, pending=192, in flight=38
Speed: 14.099966 creatures/sec. Server status: 19:36:30: 5038x RT, 84.0 creatures/sec. Fitness: best=3067.6, avg=1637.5, new=(qd-large-mutate=1217.8, template-m1-balanced=903.6, qd-mutate=1000.7, curl-left=720.5, curl-right=697.4). MAP-Elites(8x8, morphologies=3): occupied=47, pending=192, in flight=38
Speed: 13.799990 creatures/sec. Server status: 19:36:30: 5038x RT, 84.0 creatures/sec. Fitness: best=3067.6, avg=1637.5, new=(qd-large-mutate=1217.8, template-m1-balanced=903.6, qd-mutate=1000.7, curl-left=720.5, curl-right=697.4). MAP-Elites(8x8, morphologies=3): occupied=47, pending=192, in flight=38
Speed: 13.899992 creatures/sec. Server status: 19:36:30: 5038x RT, 84.0 creatures/sec. Fitness: best=3067.6, avg=1637.5, new=(qd-large-mutate=1217.8, template-m1-balanced=903.6, qd-mutate=1000.7, curl-left=720.5, curl-right=697.4). MAP-Elites(8x8, morphologies=3): occupied=47, pending=192, in flight=38
Speed: 16.499990 creatures/sec. Server status: 19:36:40: 6676x RT, 111.3 creatures/sec. Fitness: best=3067.6, avg=1637.5, new=(curl-right=691.6, qd-mutate=1030.9, template-m1-balanced=811.3, qd-large-mutate=1039.9, curl-left=1007.4). MAP-Elites(8x8, morphologies=3): occupied=47, pending=192, in flight=38
Speed: 16.499992 creatures/sec. Server status: 19:36:40: 6676x RT, 111.3 creatures/sec. Fitness: best=3067.6, avg=1637.5, new=(curl-right=691.6, qd-mutate=1030.9, template-m1-balanced=811.3, qd-large-mutate=1039.9, curl-left=1007.4). MAP-Elites(8x8, morphologies=3): occupied=47, pending=192, in flight=38
Speed: 16.199979 creatures/sec. Server status: 19:36:40: 6676x RT, 111.3 creatures/sec. Fitness: best=3067.6, avg=1637.5, new=(curl-right=691.6, qd-mutate=1030.9, template-m1-balanced=811.3, qd-large-mutate=1039.9, curl-left=1007.4). MAP-Elites(8x8, morphologies=3): occupied=47, pending=192, in flight=38
Speed: 16.399987 creatures/sec. Server status: 19:36:40: 6676x RT, 111.3 creatures/sec. Fitness: best=3067.6, avg=1637.5, new=(curl-right=691.6, qd-mutate=1030.9, template-m1-balanced=811.3, qd-large-mutate=1039.9, curl-left=1007.4). MAP-Elites(8x8, morphologies=3): occupied=47, pending=192, in flight=38
Speed: 16.299980 creatures/sec. Server status: 19:36:40: 6676x RT, 111.3 creatures/sec. Fitness: best=3067.6, avg=1637.5, new=(curl-right=691.6, qd-mutate=1030.9, template-m1-balanced=811.3, qd-large-mutate=1039.9, curl-left=1007.4). MAP-Elites(8x8, morphologies=3): occupied=47, pending=192, in flight=38
Speed: 16.199985 creatures/sec. Server status: 19:36:40: 6676x RT, 111.3 creatures/sec. Fitness: best=3067.6, avg=1637.5, new=(curl-right=691.6, qd-mutate=1030.9, template-m1-balanced=811.3, qd-large-mutate=1039.9, curl-left=1007.4). MAP-Elites(8x8, morphologies=3): occupied=47, pending=192, in flight=38
Speed: 19.099979 creatures/sec. Server status: 19:36:49: 6894x RT, 114.9 creatures/sec. Fitness: best=3067.6, avg=1637.5, new=(qd-mutate=1021.0, curl-right=844.0, template-m1-balanced=970.2, qd-large-mutate=1258.0, curl-left=605.8). MAP-Elites(8x8, morphologies=3): occupied=47, pending=192, in flight=38
Speed: 19.099979 creatures/sec. Server status: 19:36:49: 6894x RT, 114.9 creatures/sec. Fitness: best=3067.6, avg=1637.5, new=(qd-mutate=1021.0, curl-right=844.0, template-m1-balanced=970.2, qd-large-mutate=1258.0, curl-left=605.8). MAP-Elites(8x8, morphologies=3): occupied=47, pending=192, in flight=38
Speed: 18.899972 creatures/sec. Server status: 19:36:49: 6894x RT, 114.9 creatures/sec. Fitness: best=3067.6, avg=1637.5, new=(qd-mutate=1021.0, curl-right=844.0, template-m1-balanced=970.2, qd-large-mutate=1258.0, curl-left=605.8). MAP-Elites(8x8, morphologies=3): occupied=47, pending=192, in flight=38
Speed: 18.899983 creatures/sec. Server status: 19:36:49: 6894x RT, 114.9 creatures/sec. Fitness: best=3067.6, avg=1637.5, new=(qd-mutate=1021.0, curl-right=844.0, template-m1-balanced=970.2, qd-large-mutate=1258.0, curl-left=605.8). MAP-Elites(8x8, morphologies=3): occupied=47, pending=192, in flight=38
Speed: 18.799989 creatures/sec. Server status: 19:36:49: 6894x RT, 114.9 creatures/sec. Fitness: best=3067.6, avg=1637.5, new=(qd-mutate=1021.0, curl-right=844.0, template-m1-balanced=970.2, qd-large-mutate=1258.0, curl-left=605.8). MAP-Elites(8x8, morphologies=3): occupied=47, pending=192, in flight=38
Speed: 18.899991 creatures/sec. Server status: 19:36:49: 6894x RT, 114.9 creatures/sec. Fitness: best=3067.6, avg=1637.5, new=(qd-mutate=1021.0, curl-right=844.0, template-m1-balanced=970.2, qd-large-mutate=1258.0, curl-left=605.8). MAP-Elites(8x8, morphologies=3): occupied=47, pending=192, in flight=38
Speed: 18.699985 creatures/sec. Server status: 19:36:59: 6865x RT, 114.4 creatures/sec. Fitness: best=3067.6, avg=1637.5, new=(qd-mutate=985.5, qd-large-mutate=1163.5, template-m1-balanced=907.6, curl-right=796.6, curl-left=463.3). MAP-Elites(8x8, morphologies=3): occupied=47, pending=192, in flight=38
Speed: 18.699948 creatures/sec. Server status: 19:36:59: 6865x RT, 114.4 creatures/sec. Fitness: best=3067.6, avg=1637.5, new=(qd-mutate=985.5, qd-large-mutate=1163.5, template-m1-balanced=907.6, curl-right=796.6, curl-left=463.3). MAP-Elites(8x8, morphologies=3): occupied=47, pending=192, in flight=38
Speed: 18.600000 creatures/sec. Server status: 19:36:59: 6865x RT, 114.4 creatures/sec. Fitness: best=3067.6, avg=1637.5, new=(qd-mutate=985.5, qd-large-mutate=1163.5, template-m1-balanced=907.6, curl-right=796.6, curl-left=463.3). MAP-Elites(8x8, morphologies=3): occupied=47, pending=192, in flight=38
Speed: 18.799981 creatures/sec. Server status: 19:36:59: 6865x RT, 114.4 creatures/sec. Fitness: best=3067.6, avg=1637.5, new=(qd-mutate=985.5, qd-large-mutate=1163.5, template-m1-balanced=907.6, curl-right=796.6, curl-left=463.3). MAP-Elites(8x8, morphologies=3): occupied=47, pending=192, in flight=38
Speed: 18.899981 creatures/sec. Server status: 19:36:59: 6865x RT, 114.4 creatures/sec. Fitness: best=3067.6, avg=1637.5, new=(qd-mutate=985.5, qd-large-mutate=1163.5, template-m1-balanced=907.6, curl-right=796.6, curl-left=463.3). MAP-Elites(8x8, morphologies=3): occupied=47, pending=192, in flight=38
Speed: 18.799966 creatures/sec. Server status: 19:36:59: 6865x RT, 114.4 creatures/sec. Fitness: best=3067.6, avg=1637.5, new=(qd-mutate=985.5, qd-large-mutate=1163.5, template-m1-balanced=907.6, curl-right=796.6, curl-left=463.3). MAP-Elites(8x8, morphologies=3): occupied=47, pending=192, in flight=38
Speed: 18.599976 creatures/sec. Server status: 19:37:09: 6912x RT, 115.2 creatures/sec. Fitness: best=3067.6, avg=1637.5, new=(qd-mutate=1056.6, qd-large-mutate=1059.6, template-m1-balanced=1086.7, curl-left=777.4). MAP-Elites(8x8, morphologies=3): occupied=47, pending=192, in flight=38
Speed: 18.699983 creatures/sec. Server status: 19:37:09: 6912x RT, 115.2 creatures/sec. Fitness: best=3067.6, avg=1637.5, new=(qd-mutate=1056.6, qd-large-mutate=1059.6, template-m1-balanced=1086.7, curl-left=777.4). MAP-Elites(8x8, morphologies=3): occupied=47, pending=192, in flight=38
Speed: 18.299991 creatures/sec. Server status: 19:37:09: 6912x RT, 115.2 creatures/sec. Fitness: best=3067.6, avg=1637.5, new=(qd-mutate=1056.6, qd-large-mutate=1059.6, template-m1-balanced=1086.7, curl-left=777.4). MAP-Elites(8x8, morphologies=3): occupied=47, pending=192, in flight=38
Speed: 18.699987 creatures/sec. Server status: 19:37:09: 6912x RT, 115.2 creatures/sec. Fitness: best=3067.6, avg=1637.5, new=(qd-mutate=1056.6, qd-large-mutate=1059.6, template-m1-balanced=1086.7, curl-left=777.4). MAP-Elites(8x8, morphologies=3): occupied=47, pending=192, in flight=38
Speed: 18.700000 creatures/sec. Server status: 19:37:09: 6912x RT, 115.2 creatures/sec. Fitness: best=3067.6, avg=1637.5, new=(qd-mutate=1056.6, qd-large-mutate=1059.6, template-m1-balanced=1086.7, curl-left=777.4). MAP-Elites(8x8, morphologies=3): occupied=47, pending=192, in flight=38
Speed: 18.299998 creatures/sec. Server status: 19:37:09: 6912x RT, 115.2 creatures/sec. Fitness: best=3067.6, avg=1637.5, new=(qd-mutate=1056.6, qd-large-mutate=1059.6, template-m1-balanced=1086.7, curl-left=777.4). MAP-Elites(8x8, morphologies=3): occupied=47, pending=192, in flight=38
Speed: 18.999995 creatures/sec. Server status: 19:37:20: 6814x RT, 113.6 creatures/sec. Fitness: best=3067.6, avg=1637.5, new=(qd-mutate=1093.2, curl-left=832.0, qd-large-mutate=1180.3, curl-right=700.1, template-m1-balanced=870.5). MAP-Elites(8x8, morphologies=3): occupied=47, pending=192, in flight=38
Speed: 19.099974 creatures/sec. Server status: 19:37:20: 6814x RT, 113.6 creatures/sec. Fitness: best=3067.6, avg=1637.5, new=(qd-mutate=1093.2, curl-left=832.0, qd-large-mutate=1180.3, curl-right=700.1, template-m1-balanced=870.5). MAP-Elites(8x8, morphologies=3): occupied=47, pending=192, in flight=38
Speed: 19.100000 creatures/sec. Server status: 19:37:20: 6814x RT, 113.6 creatures/sec. Fitness: best=3067.6, avg=1637.5, new=(qd-mutate=1093.2, curl-left=832.0, qd-large-mutate=1180.3, curl-right=700.1, template-m1-balanced=870.5). MAP-Elites(8x8, morphologies=3): occupied=47, pending=192, in flight=38
Speed: 18.699975 creatures/sec. Server status: 19:37:20: 6814x RT, 113.6 creatures/sec. Fitness: best=3067.6, avg=1637.5, new=(qd-mutate=1093.2, curl-left=832.0, qd-large-mutate=1180.3, curl-right=700.1, template-m1-balanced=870.5). MAP-Elites(8x8, morphologies=3): occupied=47, pending=192, in flight=38
Speed: 18.799995 creatures/sec. Server status: 19:37:20: 6814x RT, 113.6 creatures/sec. Fitness: best=3067.6, avg=1637.5, new=(qd-mutate=1093.2, curl-left=832.0, qd-large-mutate=1180.3, curl-right=700.1, template-m1-balanced=870.5). MAP-Elites(8x8, morphologies=3): occupied=47, pending=192, in flight=38
Speed: 18.899986 creatures/sec. Server status: 19:37:20: 6814x RT, 113.6 creatures/sec. Fitness: best=3067.6, avg=1637.5, new=(qd-mutate=1093.2, curl-left=832.0, qd-large-mutate=1180.3, curl-right=700.1, template-m1-balanced=870.5). MAP-Elites(8x8, morphologies=3): occupied=47, pending=192, in flight=38
Speed: 18.599991 creatures/sec. Server status: 19:37:30: 6598x RT, 110.0 creatures/sec. Fitness: best=3067.6, avg=1637.5, new=(qd-mutate=1162.1, qd-large-mutate=1300.4, curl-left=824.9, template-m1-balanced=1436.8, curl-right=1002.4). MAP-Elites(8x8, morphologies=3): occupied=47, pending=192, in flight=38
Speed: 18.899953 creatures/sec. Server status: 19:37:30: 6598x RT, 110.0 creatures/sec. Fitness: best=3067.6, avg=1637.5, new=(qd-mutate=1162.1, qd-large-mutate=1300.4, curl-left=824.9, template-m1-balanced=1436.8, curl-right=1002.4). MAP-Elites(8x8, morphologies=3): occupied=47, pending=192, in flight=38
Speed: 18.699987 creatures/sec. Server status: 19:37:30: 6598x RT, 110.0 creatures/sec. Fitness: best=3067.6, avg=1637.5, new=(qd-mutate=1162.1, qd-large-mutate=1300.4, curl-left=824.9, template-m1-balanced=1436.8, curl-right=1002.4). MAP-Elites(8x8, morphologies=3): occupied=47, pending=192, in flight=38
Speed: 18.599980 creatures/sec. Server status: 19:37:30: 6598x RT, 110.0 creatures/sec. Fitness: best=3067.6, avg=1637.5, new=(qd-mutate=1162.1, qd-large-mutate=1300.4, curl-left=824.9, template-m1-balanced=1436.8, curl-right=1002.4). MAP-Elites(8x8, morphologies=3): occupied=47, pending=192, in flight=38
Speed: 18.799979 creatures/sec. Server status: 19:37:30: 6598x RT, 110.0 creatures/sec. Fitness: best=3067.6, avg=1637.5, new=(qd-mutate=1162.1, qd-large-mutate=1300.4, curl-left=824.9, template-m1-balanced=1436.8, curl-right=1002.4). MAP-Elites(8x8, morphologies=3): occupied=47, pending=192, in flight=38
Speed: 18.599959 creatures/sec. Server status: 19:37:30: 6598x RT, 110.0 creatures/sec. Fitness: best=3067.6, avg=1637.5, new=(qd-mutate=1162.1, qd-large-mutate=1300.4, curl-left=824.9, template-m1-balanced=1436.8, curl-right=1002.4). MAP-Elites(8x8, morphologies=3): occupied=47, pending=192, in flight=38
Speed: 19.199994 creatures/sec. Server status: 19:37:40: 6905x RT, 115.1 creatures/sec. Fitness: best=3067.6, avg=1637.5, new=(qd-mutate=1188.4, qd-large-mutate=1184.3, curl-left=999.8, template-m1-balanced=983.9, curl-right=1086.5). MAP-Elites(8x8, morphologies=3): occupied=47, pending=192, in flight=38
Speed: 19.199992 creatures/sec. Server status: 19:37:40: 6905x RT, 115.1 creatures/sec. Fitness: best=3067.6, avg=1637.5, new=(qd-mutate=1188.4, qd-large-mutate=1184.3, curl-left=999.8, template-m1-balanced=983.9, curl-right=1086.5). MAP-Elites(8x8, morphologies=3): occupied=47, pending=192, in flight=38
Speed: 18.999993 creatures/sec. Server status: 19:37:40: 6905x RT, 115.1 creatures/sec. Fitness: best=3067.6, avg=1637.5, new=(qd-mutate=1188.4, qd-large-mutate=1184.3, curl-left=999.8, template-m1-balanced=983.9, curl-right=1086.5). MAP-Elites(8x8, morphologies=3): occupied=47, pending=192, in flight=38
Speed: 19.100000 creatures/sec. Server status: 19:37:40: 6905x RT, 115.1 creatures/sec. Fitness: best=3067.6, avg=1637.5, new=(qd-mutate=1188.4, qd-large-mutate=1184.3, curl-left=999.8, template-m1-balanced=983.9, curl-right=1086.5). MAP-Elites(8x8, morphologies=3): occupied=47, pending=192, in flight=38
Speed: 18.999964 creatures/sec. Server status: 19:37:40: 6905x RT, 115.1 creatures/sec. Fitness: best=3067.6, avg=1637.5, new=(qd-mutate=1188.4, qd-large-mutate=1184.3, curl-left=999.8, template-m1-balanced=983.9, curl-right=1086.5). MAP-Elites(8x8, morphologies=3): occupied=47, pending=192, in flight=38
Speed: 18.799994 creatures/sec. Server status: 19:37:40: 6905x RT, 115.1 creatures/sec. Fitness: best=3067.6, avg=1637.5, new=(qd-mutate=1188.4, qd-large-mutate=1184.3, curl-left=999.8, template-m1-balanced=983.9, curl-right=1086.5). MAP-Elites(8x8, morphologies=3): occupied=47, pending=192, in flight=38
Speed: 18.999979 creatures/sec. Server status: 19:37:51: 6803x RT, 113.4 creatures/sec. Fitness: best=3067.6, avg=1637.5, new=(qd-mutate=1029.3, qd-large-mutate=1000.4, template-m1-balanced=939.2, curl-left=861.4). MAP-Elites(8x8, morphologies=3): occupied=47, pending=192, in flight=38
Speed: 18.999998 creatures/sec. Server status: 19:37:51: 6803x RT, 113.4 creatures/sec. Fitness: best=3067.6, avg=1637.5, new=(qd-mutate=1029.3, qd-large-mutate=1000.4, template-m1-balanced=939.2, curl-left=861.4). MAP-Elites(8x8, morphologies=3): occupied=47, pending=192, in flight=38
Speed: 18.700000 creatures/sec. Server status: 19:37:51: 6803x RT, 113.4 creatures/sec. Fitness: best=3067.6, avg=1637.5, new=(qd-mutate=1029.3, qd-large-mutate=1000.4, template-m1-balanced=939.2, curl-left=861.4). MAP-Elites(8x8, morphologies=3): occupied=47, pending=192, in flight=38
Speed: 18.999985 creatures/sec. Server status: 19:37:51: 6803x RT, 113.4 creatures/sec. Fitness: best=3067.6, avg=1637.5, new=(qd-mutate=1029.3, qd-large-mutate=1000.4, template-m1-balanced=939.2, curl-left=861.4). MAP-Elites(8x8, morphologies=3): occupied=47, pending=192, in flight=38
Speed: 18.899979 creatures/sec. Server status: 19:37:51: 6803x RT, 113.4 creatures/sec. Fitness: best=3067.6, avg=1637.5, new=(qd-mutate=1029.3, qd-large-mutate=1000.4, template-m1-balanced=939.2, curl-left=861.4). MAP-Elites(8x8, morphologies=3): occupied=47, pending=192, in flight=38
Speed: 18.699993 creatures/sec. Server status: 19:37:51: 6803x RT, 113.4 creatures/sec. Fitness: best=3067.6, avg=1637.5, new=(qd-mutate=1029.3, qd-large-mutate=1000.4, template-m1-balanced=939.2, curl-left=861.4). MAP-Elites(8x8, morphologies=3): occupied=47, pending=192, in flight=38
Speed: 18.799978 creatures/sec. Server status: 19:37:59: 6904x RT, 115.1 creatures/sec. Fitness: best=3067.6, avg=1637.5, new=(qd-mutate=1092.5, curl-left=785.0, qd-large-mutate=1157.5, template-m1-balanced=468.6, curl-right=815.0). MAP-Elites(8x8, morphologies=3): occupied=47, pending=192, in flight=38
Speed: 18.800000 creatures/sec. Server status: 19:37:59: 6904x RT, 115.1 creatures/sec. Fitness: best=3067.6, avg=1637.5, new=(qd-mutate=1092.5, curl-left=785.0, qd-large-mutate=1157.5, template-m1-balanced=468.6, curl-right=815.0). MAP-Elites(8x8, morphologies=3): occupied=47, pending=192, in flight=38
Speed: 18.699966 creatures/sec. Server status: 19:37:59: 6904x RT, 115.1 creatures/sec. Fitness: best=3067.6, avg=1637.5, new=(qd-mutate=1092.5, curl-left=785.0, qd-large-mutate=1157.5, template-m1-balanced=468.6, curl-right=815.0). MAP-Elites(8x8, morphologies=3): occupied=47, pending=192, in flight=38
Speed: 18.699998 creatures/sec. Server status: 19:37:59: 6904x RT, 115.1 creatures/sec. Fitness: best=3067.6, avg=1637.5, new=(qd-mutate=1092.5, curl-left=785.0, qd-large-mutate=1157.5, template-m1-balanced=468.6, curl-right=815.0). MAP-Elites(8x8, morphologies=3): occupied=47, pending=192, in flight=38
Speed: 18.599998 creatures/sec. Server status: 19:37:59: 6904x RT, 115.1 creatures/sec. Fitness: best=3067.6, avg=1637.5, new=(qd-mutate=1092.5, curl-left=785.0, qd-large-mutate=1157.5, template-m1-balanced=468.6, curl-right=815.0). MAP-Elites(8x8, morphologies=3): occupied=47, pending=192, in flight=38
Speed: 18.599983 creatures/sec. Server status: 19:37:59: 6904x RT, 115.1 creatures/sec. Fitness: best=3067.6, avg=1637.5, new=(qd-mutate=1092.5, curl-left=785.0, qd-large-mutate=1157.5, template-m1-balanced=468.6, curl-right=815.0). MAP-Elites(8x8, morphologies=3): occupied=47, pending=192, in flight=38
Speed: 18.799964 creatures/sec. Server status: 19:38:09: 6959x RT, 116.0 creatures/sec. Fitness: best=3067.6, avg=1637.5, new=(curl-left=742.0, qd-mutate=1111.1, qd-large-mutate=1021.3, template-m1-balanced=949.6). MAP-Elites(8x8, morphologies=3): occupied=47, pending=192, in flight=38
Speed: 18.899956 creatures/sec. Server status: 19:38:09: 6959x RT, 116.0 creatures/sec. Fitness: best=3067.6, avg=1637.5, new=(curl-left=742.0, qd-mutate=1111.1, qd-large-mutate=1021.3, template-m1-balanced=949.6). MAP-Elites(8x8, morphologies=3): occupied=47, pending=192, in flight=38
Speed: 18.699985 creatures/sec. Server status: 19:38:09: 6959x RT, 116.0 creatures/sec. Fitness: best=3067.6, avg=1637.5, new=(curl-left=742.0, qd-mutate=1111.1, qd-large-mutate=1021.3, template-m1-balanced=949.6). MAP-Elites(8x8, morphologies=3): occupied=47, pending=192, in flight=38
Speed: 18.499985 creatures/sec. Server status: 19:38:09: 6959x RT, 116.0 creatures/sec. Fitness: best=3067.6, avg=1637.5, new=(curl-left=742.0, qd-mutate=1111.1, qd-large-mutate=1021.3, template-m1-balanced=949.6). MAP-Elites(8x8, morphologies=3): occupied=47, pending=192, in flight=38
Speed: 18.599980 creatures/sec. Server status: 19:38:09: 6959x RT, 116.0 creatures/sec. Fitness: best=3067.6, avg=1637.5, new=(curl-left=742.0, qd-mutate=1111.1, qd-large-mutate=1021.3, template-m1-balanced=949.6). MAP-Elites(8x8, morphologies=3): occupied=47, pending=192, in flight=38
Speed: 18.899996 creatures/sec. Server status: 19:38:09: 6959x RT, 116.0 creatures/sec. Fitness: best=3067.6, avg=1637.5, new=(curl-left=742.0, qd-mutate=1111.1, qd-large-mutate=1021.3, template-m1-balanced=949.6). MAP-Elites(8x8, morphologies=3): occupied=47, pending=192, in flight=38
Speed: 18.899981 creatures/sec. Server status: 19:38:19: 6769x RT, 112.8 creatures/sec. Fitness: best=3067.6, avg=1637.5, new=(qd-mutate=1040.1, template-m1-balanced=995.4, qd-large-mutate=1051.8, curl-left=770.2, curl-right=1168.8). MAP-Elites(8x8, morphologies=3): occupied=47, pending=192, in flight=38
Speed: 18.800000 creatures/sec. Server status: 19:38:19: 6769x RT, 112.8 creatures/sec. Fitness: best=3067.6, avg=1637.5, new=(qd-mutate=1040.1, template-m1-balanced=995.4, qd-large-mutate=1051.8, curl-left=770.2, curl-right=1168.8). MAP-Elites(8x8, morphologies=3): occupied=47, pending=192, in flight=38
Speed: 18.699994 creatures/sec. Server status: 19:38:19: 6769x RT, 112.8 creatures/sec. Fitness: best=3067.6, avg=1637.5, new=(qd-mutate=1040.1, template-m1-balanced=995.4, qd-large-mutate=1051.8, curl-left=770.2, curl-right=1168.8). MAP-Elites(8x8, morphologies=3): occupied=47, pending=192, in flight=38
Speed: 19.099985 creatures/sec. Server status: 19:38:19: 6769x RT, 112.8 creatures/sec. Fitness: best=3067.6, avg=1637.5, new=(qd-mutate=1040.1, template-m1-balanced=995.4, qd-large-mutate=1051.8, curl-left=770.2, curl-right=1168.8). MAP-Elites(8x8, morphologies=3): occupied=47, pending=192, in flight=38
Speed: 18.699985 creatures/sec. Server status: 19:38:19: 6769x RT, 112.8 creatures/sec. Fitness: best=3067.6, avg=1637.5, new=(qd-mutate=1040.1, template-m1-balanced=995.4, qd-large-mutate=1051.8, curl-left=770.2, curl-right=1168.8). MAP-Elites(8x8, morphologies=3): occupied=47, pending=192, in flight=38
Speed: 18.699991 creatures/sec. Server status: 19:38:19: 6769x RT, 112.8 creatures/sec. Fitness: best=3067.6, avg=1637.5, new=(qd-mutate=1040.1, template-m1-balanced=995.4, qd-large-mutate=1051.8, curl-left=770.2, curl-right=1168.8). MAP-Elites(8x8, morphologies=3): occupied=47, pending=192, in flight=38
Speed: 19.099996 creatures/sec. Server status: 19:38:30: 6934x RT, 115.6 creatures/sec. Fitness: best=3067.6, avg=1641.0, new=(qd-large-mutate=1150.0, qd-mutate=1012.1, template-m1-balanced=939.8, curl-right=873.6, curl-left=631.3). MAP-Elites(8x8, morphologies=3): occupied=47, pending=192, in flight=38
Speed: 18.900000 creatures/sec. Server status: 19:38:30: 6934x RT, 115.6 creatures/sec. Fitness: best=3067.6, avg=1641.0, new=(qd-large-mutate=1150.0, qd-mutate=1012.1, template-m1-balanced=939.8, curl-right=873.6, curl-left=631.3). MAP-Elites(8x8, morphologies=3): occupied=47, pending=192, in flight=38
Speed: 18.899987 creatures/sec. Server status: 19:38:30: 6934x RT, 115.6 creatures/sec. Fitness: best=3067.6, avg=1641.0, new=(qd-large-mutate=1150.0, qd-mutate=1012.1, template-m1-balanced=939.8, curl-right=873.6, curl-left=631.3). MAP-Elites(8x8, morphologies=3): occupied=47, pending=192, in flight=38
Speed: 19.199973 creatures/sec. Server status: 19:38:30: 6934x RT, 115.6 creatures/sec. Fitness: best=3067.6, avg=1641.0, new=(qd-large-mutate=1150.0, qd-mutate=1012.1, template-m1-balanced=939.8, curl-right=873.6, curl-left=631.3). MAP-Elites(8x8, morphologies=3): occupied=47, pending=192, in flight=38
Speed: 18.999998 creatures/sec. Server status: 19:38:30: 6934x RT, 115.6 creatures/sec. Fitness: best=3067.6, avg=1641.0, new=(qd-large-mutate=1150.0, qd-mutate=1012.1, template-m1-balanced=939.8, curl-right=873.6, curl-left=631.3). MAP-Elites(8x8, morphologies=3): occupied=47, pending=192, in flight=38
Speed: 18.999975 creatures/sec. Server status: 19:38:30: 6934x RT, 115.6 creatures/sec. Fitness: best=3067.6, avg=1641.0, new=(qd-large-mutate=1150.0, qd-mutate=1012.1, template-m1-balanced=939.8, curl-right=873.6, curl-left=631.3). MAP-Elites(8x8, morphologies=3): occupied=47, pending=192, in flight=38
Speed: 18.899985 creatures/sec. Server status: 19:38:40: 6936x RT, 115.6 creatures/sec. Fitness: best=3067.6, avg=1642.8, new=(qd-large-mutate=1093.1, qd-mutate=1037.2, curl-right=852.0, curl-left=1137.8, template-m1-balanced=832.3). MAP-Elites(8x8, morphologies=3): occupied=47, pending=192, in flight=38
Speed: 19.199983 creatures/sec. Server status: 19:38:40: 6936x RT, 115.6 creatures/sec. Fitness: best=3067.6, avg=1642.8, new=(qd-large-mutate=1093.1, qd-mutate=1037.2, curl-right=852.0, curl-left=1137.8, template-m1-balanced=832.3). MAP-Elites(8x8, morphologies=3): occupied=47, pending=192, in flight=38
Speed: 18.899994 creatures/sec. Server status: 19:38:40: 6936x RT, 115.6 creatures/sec. Fitness: best=3067.6, avg=1642.8, new=(qd-large-mutate=1093.1, qd-mutate=1037.2, curl-right=852.0, curl-left=1137.8, template-m1-balanced=832.3). MAP-Elites(8x8, morphologies=3): occupied=47, pending=192, in flight=38
Speed: 18.999976 creatures/sec. Server status: 19:38:40: 6936x RT, 115.6 creatures/sec. Fitness: best=3067.6, avg=1642.8, new=(qd-large-mutate=1093.1, qd-mutate=1037.2, curl-right=852.0, curl-left=1137.8, template-m1-balanced=832.3). MAP-Elites(8x8, morphologies=3): occupied=47, pending=192, in flight=38
Speed: 18.899991 creatures/sec. Server status: 19:38:40: 6936x RT, 115.6 creatures/sec. Fitness: best=3067.6, avg=1642.8, new=(qd-large-mutate=1093.1, qd-mutate=1037.2, curl-right=852.0, curl-left=1137.8, template-m1-balanced=832.3). MAP-Elites(8x8, morphologies=3): occupied=47, pending=192, in flight=38
Speed: 18.699953 creatures/sec. Server status: 19:38:40: 6936x RT, 115.6 creatures/sec. Fitness: best=3067.6, avg=1642.8, new=(qd-large-mutate=1093.1, qd-mutate=1037.2, curl-right=852.0, curl-left=1137.8, template-m1-balanced=832.3). MAP-Elites(8x8, morphologies=3): occupied=47, pending=192, in flight=38
Speed: 19.199989 creatures/sec. Server status: 19:38:51: 6833x RT, 113.9 creatures/sec. Fitness: best=3067.6, avg=1642.8, new=(qd-large-mutate=1100.9, qd-mutate=1078.1, curl-right=871.5, template-m1-balanced=988.8). MAP-Elites(8x8, morphologies=3): occupied=47, pending=192, in flight=38
Speed: 19.099989 creatures/sec. Server status: 19:38:51: 6833x RT, 113.9 creatures/sec. Fitness: best=3067.6, avg=1642.8, new=(qd-large-mutate=1100.9, qd-mutate=1078.1, curl-right=871.5, template-m1-balanced=988.8). MAP-Elites(8x8, morphologies=3): occupied=47, pending=192, in flight=38
Speed: 18.899992 creatures/sec. Server status: 19:38:51: 6833x RT, 113.9 creatures/sec. Fitness: best=3067.6, avg=1642.8, new=(qd-large-mutate=1100.9, qd-mutate=1078.1, curl-right=871.5, template-m1-balanced=988.8). MAP-Elites(8x8, morphologies=3): occupied=47, pending=192, in flight=38
Speed: 18.999970 creatures/sec. Server status: 19:38:51: 6833x RT, 113.9 creatures/sec. Fitness: best=3067.6, avg=1642.8, new=(qd-large-mutate=1100.9, qd-mutate=1078.1, curl-right=871.5, template-m1-balanced=988.8). MAP-Elites(8x8, morphologies=3): occupied=47, pending=192, in flight=38
Speed: 18.999981 creatures/sec. Server status: 19:38:51: 6833x RT, 113.9 creatures/sec. Fitness: best=3067.6, avg=1642.8, new=(qd-large-mutate=1100.9, qd-mutate=1078.1, curl-right=871.5, template-m1-balanced=988.8). MAP-Elites(8x8, morphologies=3): occupied=47, pending=192, in flight=38
Speed: 18.999985 creatures/sec. Server status: 19:38:51: 6833x RT, 113.9 creatures/sec. Fitness: best=3067.6, avg=1642.8, new=(qd-large-mutate=1100.9, qd-mutate=1078.1, curl-right=871.5, template-m1-balanced=988.8). MAP-Elites(8x8, morphologies=3): occupied=47, pending=192, in flight=38
Speed: 19.099981 creatures/sec. Server status: 19:38:59: 6713x RT, 111.9 creatures/sec. Fitness: best=3067.6, avg=1642.8, new=(qd-large-mutate=1037.4, template-m1-balanced=924.0, qd-mutate=1078.3, curl-right=746.1, curl-left=686.6). MAP-Elites(8x8, morphologies=3): occupied=47, pending=192, in flight=38
Speed: 19.299987 creatures/sec. Server status: 19:38:59: 6713x RT, 111.9 creatures/sec. Fitness: best=3067.6, avg=1642.8, new=(qd-large-mutate=1037.4, template-m1-balanced=924.0, qd-mutate=1078.3, curl-right=746.1, curl-left=686.6). MAP-Elites(8x8, morphologies=3): occupied=47, pending=192, in flight=38
Speed: 18.900000 creatures/sec. Server status: 19:38:59: 6713x RT, 111.9 creatures/sec. Fitness: best=3067.6, avg=1642.8, new=(qd-large-mutate=1037.4, template-m1-balanced=924.0, qd-mutate=1078.3, curl-right=746.1, curl-left=686.6). MAP-Elites(8x8, morphologies=3): occupied=47, pending=192, in flight=38
Speed: 19.299994 creatures/sec. Server status: 19:38:59: 6713x RT, 111.9 creatures/sec. Fitness: best=3067.6, avg=1642.8, new=(qd-large-mutate=1037.4, template-m1-balanced=924.0, qd-mutate=1078.3, curl-right=746.1, curl-left=686.6). MAP-Elites(8x8, morphologies=3): occupied=47, pending=192, in flight=38
Speed: 18.899992 creatures/sec. Server status: 19:38:59: 6713x RT, 111.9 creatures/sec. Fitness: best=3067.6, avg=1642.8, new=(qd-large-mutate=1037.4, template-m1-balanced=924.0, qd-mutate=1078.3, curl-right=746.1, curl-left=686.6). MAP-Elites(8x8, morphologies=3): occupied=47, pending=192, in flight=38
Speed: 19.099996 creatures/sec. Server status: 19:38:59: 6713x RT, 111.9 creatures/sec. Fitness: best=3067.6, avg=1642.8, new=(qd-large-mutate=1037.4, template-m1-balanced=924.0, qd-mutate=1078.3, curl-right=746.1, curl-left=686.6). MAP-Elites(8x8, morphologies=3): occupied=47, pending=192, in flight=38
Speed: 19.099989 creatures/sec. Server status: 19:39:09: 6842x RT, 114.0 creatures/sec. Fitness: best=3067.6, avg=1642.8, new=(qd-mutate=1100.4, qd-large-mutate=1157.4, curl-right=766.0, template-m1-balanced=1077.9, curl-left=652.3). MAP-Elites(8x8, morphologies=3): occupied=47, pending=192, in flight=38
Speed: 19.099987 creatures/sec. Server status: 19:39:09: 6842x RT, 114.0 creatures/sec. Fitness: best=3067.6, avg=1642.8, new=(qd-mutate=1100.4, qd-large-mutate=1157.4, curl-right=766.0, template-m1-balanced=1077.9, curl-left=652.3). MAP-Elites(8x8, morphologies=3): occupied=47, pending=192, in flight=38
Speed: 18.699996 creatures/sec. Server status: 19:39:09: 6842x RT, 114.0 creatures/sec. Fitness: best=3067.6, avg=1642.8, new=(qd-mutate=1100.4, qd-large-mutate=1157.4, curl-right=766.0, template-m1-balanced=1077.9, curl-left=652.3). MAP-Elites(8x8, morphologies=3): occupied=47, pending=192, in flight=38
Speed: 19.099996 creatures/sec. Server status: 19:39:09: 6842x RT, 114.0 creatures/sec. Fitness: best=3067.6, avg=1642.8, new=(qd-mutate=1100.4, qd-large-mutate=1157.4, curl-right=766.0, template-m1-balanced=1077.9, curl-left=652.3). MAP-Elites(8x8, morphologies=3): occupied=47, pending=192, in flight=38
Speed: 18.999985 creatures/sec. Server status: 19:39:09: 6842x RT, 114.0 creatures/sec. Fitness: best=3067.6, avg=1642.8, new=(qd-mutate=1100.4, qd-large-mutate=1157.4, curl-right=766.0, template-m1-balanced=1077.9, curl-left=652.3). MAP-Elites(8x8, morphologies=3): occupied=47, pending=192, in flight=38
Speed: 18.699987 creatures/sec. Server status: 19:39:09: 6842x RT, 114.0 creatures/sec. Fitness: best=3067.6, avg=1642.8, new=(qd-mutate=1100.4, qd-large-mutate=1157.4, curl-right=766.0, template-m1-balanced=1077.9, curl-left=652.3). MAP-Elites(8x8, morphologies=3): occupied=47, pending=192, in flight=38
Speed: 19.099987 creatures/sec. Server status: 19:39:20: 6863x RT, 114.4 creatures/sec. Fitness: best=3067.6, avg=1642.8, new=(qd-mutate=1071.6, qd-large-mutate=1203.0, template-m1-balanced=979.5, curl-left=593.1). MAP-Elites(8x8, morphologies=3): occupied=47, pending=192, in flight=38
Speed: 18.999988 creatures/sec. Server status: 19:39:20: 6863x RT, 114.4 creatures/sec. Fitness: best=3067.6, avg=1642.8, new=(qd-mutate=1071.6, qd-large-mutate=1203.0, template-m1-balanced=979.5, curl-left=593.1). MAP-Elites(8x8, morphologies=3): occupied=47, pending=192, in flight=38
Speed: 18.899962 creatures/sec. Server status: 19:39:20: 6863x RT, 114.4 creatures/sec. Fitness: best=3067.6, avg=1642.8, new=(qd-mutate=1071.6, qd-large-mutate=1203.0, template-m1-balanced=979.5, curl-left=593.1). MAP-Elites(8x8, morphologies=3): occupied=47, pending=192, in flight=38
Speed: 18.999992 creatures/sec. Server status: 19:39:20: 6863x RT, 114.4 creatures/sec. Fitness: best=3067.6, avg=1642.8, new=(qd-mutate=1071.6, qd-large-mutate=1203.0, template-m1-balanced=979.5, curl-left=593.1). MAP-Elites(8x8, morphologies=3): occupied=47, pending=192, in flight=38
Speed: 19.099989 creatures/sec. Server status: 19:39:20: 6863x RT, 114.4 creatures/sec. Fitness: best=3067.6, avg=1642.8, new=(qd-mutate=1071.6, qd-large-mutate=1203.0, template-m1-balanced=979.5, curl-left=593.1). MAP-Elites(8x8, morphologies=3): occupied=47, pending=192, in flight=38
Speed: 18.899979 creatures/sec. Server status: 19:39:20: 6863x RT, 114.4 creatures/sec. Fitness: best=3067.6, avg=1642.8, new=(qd-mutate=1071.6, qd-large-mutate=1203.0, template-m1-balanced=979.5, curl-left=593.1). MAP-Elites(8x8, morphologies=3): occupied=47, pending=192, in flight=38
Speed: 18.899979 creatures/sec. Server status: 19:39:30: 6726x RT, 112.1 creatures/sec. Fitness: best=3067.6, avg=1642.8, new=(qd-large-mutate=1192.1, qd-mutate=1148.7, template-m1-balanced=994.6, curl-left=675.9, curl-right=840.5). MAP-Elites(8x8, morphologies=3): occupied=47, pending=192, in flight=38
Speed: 18.899966 creatures/sec. Server status: 19:39:30: 6726x RT, 112.1 creatures/sec. Fitness: best=3067.6, avg=1642.8, new=(qd-large-mutate=1192.1, qd-mutate=1148.7, template-m1-balanced=994.6, curl-left=675.9, curl-right=840.5). MAP-Elites(8x8, morphologies=3): occupied=47, pending=192, in flight=38
Speed: 18.899998 creatures/sec. Server status: 19:39:30: 6726x RT, 112.1 creatures/sec. Fitness: best=3067.6, avg=1642.8, new=(qd-large-mutate=1192.1, qd-mutate=1148.7, template-m1-balanced=994.6, curl-left=675.9, curl-right=840.5). MAP-Elites(8x8, morphologies=3): occupied=47, pending=192, in flight=38
Speed: 18.899985 creatures/sec. Server status: 19:39:30: 6726x RT, 112.1 creatures/sec. Fitness: best=3067.6, avg=1642.8, new=(qd-large-mutate=1192.1, qd-mutate=1148.7, template-m1-balanced=994.6, curl-left=675.9, curl-right=840.5). MAP-Elites(8x8, morphologies=3): occupied=47, pending=192, in flight=38
Speed: 18.699976 creatures/sec. Server status: 19:39:30: 6726x RT, 112.1 creatures/sec. Fitness: best=3067.6, avg=1642.8, new=(qd-large-mutate=1192.1, qd-mutate=1148.7, template-m1-balanced=994.6, curl-left=675.9, curl-right=840.5). MAP-Elites(8x8, morphologies=3): occupied=47, pending=192, in flight=38
Speed: 18.899981 creatures/sec. Server status: 19:39:30: 6726x RT, 112.1 creatures/sec. Fitness: best=3067.6, avg=1642.8, new=(qd-large-mutate=1192.1, qd-mutate=1148.7, template-m1-balanced=994.6, curl-left=675.9, curl-right=840.5). MAP-Elites(8x8, morphologies=3): occupied=47, pending=192, in flight=38
Speed: 18.999996 creatures/sec. Server status: 19:39:40: 6861x RT, 114.4 creatures/sec. Fitness: best=3067.6, avg=1642.8, new=(qd-large-mutate=1167.2, qd-mutate=1155.4, template-m1-balanced=977.0, curl-left=808.3, curl-right=1450.3). MAP-Elites(8x8, morphologies=3): occupied=47, pending=192, in flight=38
Speed: 18.899987 creatures/sec. Server status: 19:39:40: 6861x RT, 114.4 creatures/sec. Fitness: best=3067.6, avg=1642.8, new=(qd-large-mutate=1167.2, qd-mutate=1155.4, template-m1-balanced=977.0, curl-left=808.3, curl-right=1450.3). MAP-Elites(8x8, morphologies=3): occupied=47, pending=192, in flight=38
Speed: 18.999968 creatures/sec. Server status: 19:39:40: 6861x RT, 114.4 creatures/sec. Fitness: best=3067.6, avg=1642.8, new=(qd-large-mutate=1167.2, qd-mutate=1155.4, template-m1-balanced=977.0, curl-left=808.3, curl-right=1450.3). MAP-Elites(8x8, morphologies=3): occupied=47, pending=192, in flight=38
Speed: 18.799991 creatures/sec. Server status: 19:39:40: 6861x RT, 114.4 creatures/sec. Fitness: best=3067.6, avg=1642.8, new=(qd-large-mutate=1167.2, qd-mutate=1155.4, template-m1-balanced=977.0, curl-left=808.3, curl-right=1450.3). MAP-Elites(8x8, morphologies=3): occupied=47, pending=192, in flight=38
Speed: 18.899939 creatures/sec. Server status: 19:39:40: 6861x RT, 114.4 creatures/sec. Fitness: best=3067.6, avg=1642.8, new=(qd-large-mutate=1167.2, qd-mutate=1155.4, template-m1-balanced=977.0, curl-left=808.3, curl-right=1450.3). MAP-Elites(8x8, morphologies=3): occupied=47, pending=192, in flight=38
Speed: 19.099998 creatures/sec. Server status: 19:39:40: 6861x RT, 114.4 creatures/sec. Fitness: best=3067.6, avg=1642.8, new=(qd-large-mutate=1167.2, qd-mutate=1155.4, template-m1-balanced=977.0, curl-left=808.3, curl-right=1450.3). MAP-Elites(8x8, morphologies=3): occupied=47, pending=192, in flight=38
Speed: 18.999981 creatures/sec. Server status: 19:39:49: 6919x RT, 115.3 creatures/sec. Fitness: best=3067.6, avg=1642.8, new=(curl-left=748.3, qd-large-mutate=1114.2, qd-mutate=1015.5, template-m1-balanced=969.4, curl-right=762.4). MAP-Elites(8x8, morphologies=3): occupied=47, pending=192, in flight=38
Speed: 18.799991 creatures/sec. Server status: 19:39:49: 6919x RT, 115.3 creatures/sec. Fitness: best=3067.6, avg=1642.8, new=(curl-left=748.3, qd-large-mutate=1114.2, qd-mutate=1015.5, template-m1-balanced=969.4, curl-right=762.4). MAP-Elites(8x8, morphologies=3): occupied=47, pending=192, in flight=38
Speed: 18.799998 creatures/sec. Server status: 19:39:49: 6919x RT, 115.3 creatures/sec. Fitness: best=3067.6, avg=1642.8, new=(curl-left=748.3, qd-large-mutate=1114.2, qd-mutate=1015.5, template-m1-balanced=969.4, curl-right=762.4). MAP-Elites(8x8, morphologies=3): occupied=47, pending=192, in flight=38
Speed: 19.099991 creatures/sec. Server status: 19:39:49: 6919x RT, 115.3 creatures/sec. Fitness: best=3067.6, avg=1642.8, new=(curl-left=748.3, qd-large-mutate=1114.2, qd-mutate=1015.5, template-m1-balanced=969.4, curl-right=762.4). MAP-Elites(8x8, morphologies=3): occupied=47, pending=192, in flight=38
Speed: 18.899979 creatures/sec. Server status: 19:39:49: 6919x RT, 115.3 creatures/sec. Fitness: best=3067.6, avg=1642.8, new=(curl-left=748.3, qd-large-mutate=1114.2, qd-mutate=1015.5, template-m1-balanced=969.4, curl-right=762.4). MAP-Elites(8x8, morphologies=3): occupied=47, pending=192, in flight=38
Speed: 18.999948 creatures/sec. Server status: 19:39:49: 6919x RT, 115.3 creatures/sec. Fitness: best=3067.6, avg=1642.8, new=(curl-left=748.3, qd-large-mutate=1114.2, qd-mutate=1015.5, template-m1-balanced=969.4, curl-right=762.4). MAP-Elites(8x8, morphologies=3): occupied=47, pending=192, in flight=38
Speed: 16.499985 creatures/sec. Server status: 19:39:59: 6317x RT, 105.3 creatures/sec. Fitness: best=3067.6, avg=1642.8, new=(qd-large-mutate=1177.1, qd-mutate=1155.6, curl-left=1043.6, template-m1-balanced=917.9, curl-right=777.6). MAP-Elites(8x8, morphologies=3): occupied=47, pending=192, in flight=38
Speed: 16.599895 creatures/sec. Server status: 19:39:59: 6317x RT, 105.3 creatures/sec. Fitness: best=3067.6, avg=1642.8, new=(qd-large-mutate=1177.1, qd-mutate=1155.6, curl-left=1043.6, template-m1-balanced=917.9, curl-right=777.6). MAP-Elites(8x8, morphologies=3): occupied=47, pending=192, in flight=38
Speed: 16.400000 creatures/sec. Server status: 19:39:59: 6317x RT, 105.3 creatures/sec. Fitness: best=3067.6, avg=1642.8, new=(qd-large-mutate=1177.1, qd-mutate=1155.6, curl-left=1043.6, template-m1-balanced=917.9, curl-right=777.6). MAP-Elites(8x8, morphologies=3): occupied=47, pending=192, in flight=38
Speed: 16.499990 creatures/sec. Server status: 19:39:59: 6317x RT, 105.3 creatures/sec. Fitness: best=3067.6, avg=1642.8, new=(qd-large-mutate=1177.1, qd-mutate=1155.6, curl-left=1043.6, template-m1-balanced=917.9, curl-right=777.6). MAP-Elites(8x8, morphologies=3): occupied=47, pending=192, in flight=38
Speed: 16.399995 creatures/sec. Server status: 19:39:59: 6317x RT, 105.3 creatures/sec. Fitness: best=3067.6, avg=1642.8, new=(qd-large-mutate=1177.1, qd-mutate=1155.6, curl-left=1043.6, template-m1-balanced=917.9, curl-right=777.6). MAP-Elites(8x8, morphologies=3): occupied=47, pending=192, in flight=38
Speed: 16.299990 creatures/sec. Server status: 19:39:59: 6317x RT, 105.3 creatures/sec. Fitness: best=3067.6, avg=1642.8, new=(qd-large-mutate=1177.1, qd-mutate=1155.6, curl-left=1043.6, template-m1-balanced=917.9, curl-right=777.6). MAP-Elites(8x8, morphologies=3): occupied=47, pending=192, in flight=38
Speed: 16.999978 creatures/sec. Server status: 19:40:09: 6305x RT, 105.1 creatures/sec. Fitness: best=3067.6, avg=1642.8, new=(qd-large-mutate=1165.6, template-m1-balanced=1092.5, qd-mutate=1044.5). MAP-Elites(8x8, morphologies=3): occupied=47, pending=192, in flight=38
Speed: 16.999998 creatures/sec. Server status: 19:40:09: 6305x RT, 105.1 creatures/sec. Fitness: best=3067.6, avg=1642.8, new=(qd-large-mutate=1165.6, template-m1-balanced=1092.5, qd-mutate=1044.5). MAP-Elites(8x8, morphologies=3): occupied=47, pending=192, in flight=38
Speed: 16.799982 creatures/sec. Server status: 19:40:09: 6305x RT, 105.1 creatures/sec. Fitness: best=3067.6, avg=1642.8, new=(qd-large-mutate=1165.6, template-m1-balanced=1092.5, qd-mutate=1044.5). MAP-Elites(8x8, morphologies=3): occupied=47, pending=192, in flight=38
Speed: 16.799998 creatures/sec. Server status: 19:40:09: 6305x RT, 105.1 creatures/sec. Fitness: best=3067.6, avg=1642.8, new=(qd-large-mutate=1165.6, template-m1-balanced=1092.5, qd-mutate=1044.5). MAP-Elites(8x8, morphologies=3): occupied=47, pending=192, in flight=38
Speed: 16.699960 creatures/sec. Server status: 19:40:09: 6305x RT, 105.1 creatures/sec. Fitness: best=3067.6, avg=1642.8, new=(qd-large-mutate=1165.6, template-m1-balanced=1092.5, qd-mutate=1044.5). MAP-Elites(8x8, morphologies=3): occupied=47, pending=192, in flight=38
Speed: 16.700000 creatures/sec. Server status: 19:40:09: 6305x RT, 105.1 creatures/sec. Fitness: best=3067.6, avg=1642.8, new=(qd-large-mutate=1165.6, template-m1-balanced=1092.5, qd-mutate=1044.5). MAP-Elites(8x8, morphologies=3): occupied=47, pending=192, in flight=38
Speed: 17.199993 creatures/sec. Server status: 19:40:20: 6569x RT, 109.5 creatures/sec. Fitness: best=3067.6, avg=1642.8, new=(qd-mutate=1032.2, qd-large-mutate=1128.0, template-m1-balanced=1187.5, curl-left=910.8, curl-right=877.2). MAP-Elites(8x8, morphologies=3): occupied=47, pending=192, in flight=38
Speed: 17.100000 creatures/sec. Server status: 19:40:20: 6569x RT, 109.5 creatures/sec. Fitness: best=3067.6, avg=1642.8, new=(qd-mutate=1032.2, qd-large-mutate=1128.0, template-m1-balanced=1187.5, curl-left=910.8, curl-right=877.2). MAP-Elites(8x8, morphologies=3): occupied=47, pending=192, in flight=38
Speed: 17.099993 creatures/sec. Server status: 19:40:20: 6569x RT, 109.5 creatures/sec. Fitness: best=3067.6, avg=1642.8, new=(qd-mutate=1032.2, qd-large-mutate=1128.0, template-m1-balanced=1187.5, curl-left=910.8, curl-right=877.2). MAP-Elites(8x8, morphologies=3): occupied=47, pending=192, in flight=38
Speed: 17.099995 creatures/sec. Server status: 19:40:20: 6569x RT, 109.5 creatures/sec. Fitness: best=3067.6, avg=1642.8, new=(qd-mutate=1032.2, qd-large-mutate=1128.0, template-m1-balanced=1187.5, curl-left=910.8, curl-right=877.2). MAP-Elites(8x8, morphologies=3): occupied=47, pending=192, in flight=38
Speed: 17.199979 creatures/sec. Server status: 19:40:20: 6569x RT, 109.5 creatures/sec. Fitness: best=3067.6, avg=1642.8, new=(qd-mutate=1032.2, qd-large-mutate=1128.0, template-m1-balanced=1187.5, curl-left=910.8, curl-right=877.2). MAP-Elites(8x8, morphologies=3): occupied=47, pending=192, in flight=38
Speed: 16.999995 creatures/sec. Server status: 19:40:20: 6569x RT, 109.5 creatures/sec. Fitness: best=3067.6, avg=1642.8, new=(qd-mutate=1032.2, qd-large-mutate=1128.0, template-m1-balanced=1187.5, curl-left=910.8, curl-right=877.2). MAP-Elites(8x8, morphologies=3): occupied=47, pending=192, in flight=38
Speed: 17.299991 creatures/sec. Server status: 19:40:30: 5677x RT, 94.6 creatures/sec. Fitness: best=3067.6, avg=1642.8, new=(qd-mutate=1140.5, qd-large-mutate=1107.3, template-m1-balanced=1217.2, curl-right=880.1, curl-left=791.5). MAP-Elites(8x8, morphologies=3): occupied=47, pending=192, in flight=38
Speed: 17.399995 creatures/sec. Server status: 19:40:30: 5677x RT, 94.6 creatures/sec. Fitness: best=3067.6, avg=1642.8, new=(qd-mutate=1140.5, qd-large-mutate=1107.3, template-m1-balanced=1217.2, curl-right=880.1, curl-left=791.5). MAP-Elites(8x8, morphologies=3): occupied=47, pending=192, in flight=38
Speed: 17.299990 creatures/sec. Server status: 19:40:30: 5677x RT, 94.6 creatures/sec. Fitness: best=3067.6, avg=1642.8, new=(qd-mutate=1140.5, qd-large-mutate=1107.3, template-m1-balanced=1217.2, curl-right=880.1, curl-left=791.5). MAP-Elites(8x8, morphologies=3): occupied=47, pending=192, in flight=38
Speed: 17.399986 creatures/sec. Server status: 19:40:30: 5677x RT, 94.6 creatures/sec. Fitness: best=3067.6, avg=1642.8, new=(qd-mutate=1140.5, qd-large-mutate=1107.3, template-m1-balanced=1217.2, curl-right=880.1, curl-left=791.5). MAP-Elites(8x8, morphologies=3): occupied=47, pending=192, in flight=38
Speed: 17.199993 creatures/sec. Server status: 19:40:30: 5677x RT, 94.6 creatures/sec. Fitness: best=3067.6, avg=1642.8, new=(qd-mutate=1140.5, qd-large-mutate=1107.3, template-m1-balanced=1217.2, curl-right=880.1, curl-left=791.5). MAP-Elites(8x8, morphologies=3): occupied=47, pending=192, in flight=38
Speed: 17.199948 creatures/sec. Server status: 19:40:30: 5677x RT, 94.6 creatures/sec. Fitness: best=3067.6, avg=1642.8, new=(qd-mutate=1140.5, qd-large-mutate=1107.3, template-m1-balanced=1217.2, curl-right=880.1, curl-left=791.5). MAP-Elites(8x8, morphologies=3): occupied=47, pending=192, in flight=38
Speed: 18.499967 creatures/sec. Server status: 19:40:40: 6340x RT, 105.7 creatures/sec. Fitness: best=3067.6, avg=1642.8, new=(qd-mutate=1098.4, qd-large-mutate=1171.6, curl-left=606.3, template-m1-balanced=1061.6, curl-right=480.9). MAP-Elites(8x8, morphologies=3): occupied=47, pending=192, in flight=38
Speed: 18.099953 creatures/sec. Server status: 19:40:40: 6340x RT, 105.7 creatures/sec. Fitness: best=3067.6, avg=1642.8, new=(qd-mutate=1098.4, qd-large-mutate=1171.6, curl-left=606.3, template-m1-balanced=1061.6, curl-right=480.9). MAP-Elites(8x8, morphologies=3): occupied=47, pending=192, in flight=38
Speed: 18.199998 creatures/sec. Server status: 19:40:40: 6340x RT, 105.7 creatures/sec. Fitness: best=3067.6, avg=1642.8, new=(qd-mutate=1098.4, qd-large-mutate=1171.6, curl-left=606.3, template-m1-balanced=1061.6, curl-right=480.9). MAP-Elites(8x8, morphologies=3): occupied=47, pending=192, in flight=38
Speed: 18.299993 creatures/sec. Server status: 19:40:40: 6340x RT, 105.7 creatures/sec. Fitness: best=3067.6, avg=1642.8, new=(qd-mutate=1098.4, qd-large-mutate=1171.6, curl-left=606.3, template-m1-balanced=1061.6, curl-right=480.9). MAP-Elites(8x8, morphologies=3): occupied=47, pending=192, in flight=38
Speed: 18.099978 creatures/sec. Server status: 19:40:40: 6340x RT, 105.7 creatures/sec. Fitness: best=3067.6, avg=1642.8, new=(qd-mutate=1098.4, qd-large-mutate=1171.6, curl-left=606.3, template-m1-balanced=1061.6, curl-right=480.9). MAP-Elites(8x8, morphologies=3): occupied=47, pending=192, in flight=38
Speed: 18.299989 creatures/sec. Server status: 19:40:40: 6340x RT, 105.7 creatures/sec. Fitness: best=3067.6, avg=1642.8, new=(qd-mutate=1098.4, qd-large-mutate=1171.6, curl-left=606.3, template-m1-balanced=1061.6, curl-right=480.9). MAP-Elites(8x8, morphologies=3): occupied=47, pending=192, in flight=38
Speed: 18.099967 creatures/sec. Server status: 19:40:51: 6270x RT, 104.5 creatures/sec. Fitness: best=3067.6, avg=1642.8, new=(qd-large-mutate=1105.0, qd-mutate=1162.3, template-m1-balanced=1369.9, curl-right=938.7, curl-left=602.3). MAP-Elites(8x8, morphologies=3): occupied=47, pending=192, in flight=38
Speed: 18.199989 creatures/sec. Server status: 19:40:51: 6270x RT, 104.5 creatures/sec. Fitness: best=3067.6, avg=1642.8, new=(qd-large-mutate=1105.0, qd-mutate=1162.3, template-m1-balanced=1369.9, curl-right=938.7, curl-left=602.3). MAP-Elites(8x8, morphologies=3): occupied=47, pending=192, in flight=38
Speed: 18.099986 creatures/sec. Server status: 19:40:51: 6270x RT, 104.5 creatures/sec. Fitness: best=3067.6, avg=1642.8, new=(qd-large-mutate=1105.0, qd-mutate=1162.3, template-m1-balanced=1369.9, curl-right=938.7, curl-left=602.3). MAP-Elites(8x8, morphologies=3): occupied=47, pending=192, in flight=38
Speed: 17.999980 creatures/sec. Server status: 19:40:51: 6270x RT, 104.5 creatures/sec. Fitness: best=3067.6, avg=1642.8, new=(qd-large-mutate=1105.0, qd-mutate=1162.3, template-m1-balanced=1369.9, curl-right=938.7, curl-left=602.3). MAP-Elites(8x8, morphologies=3): occupied=47, pending=192, in flight=38
Speed: 18.199954 creatures/sec. Server status: 19:40:51: 6270x RT, 104.5 creatures/sec. Fitness: best=3067.6, avg=1642.8, new=(qd-large-mutate=1105.0, qd-mutate=1162.3, template-m1-balanced=1369.9, curl-right=938.7, curl-left=602.3). MAP-Elites(8x8, morphologies=3): occupied=47, pending=192, in flight=38
Speed: 18.099980 creatures/sec. Server status: 19:40:51: 6270x RT, 104.5 creatures/sec. Fitness: best=3067.6, avg=1642.8, new=(qd-large-mutate=1105.0, qd-mutate=1162.3, template-m1-balanced=1369.9, curl-right=938.7, curl-left=602.3). MAP-Elites(8x8, morphologies=3): occupied=47, pending=192, in flight=38
Speed: 18.299982 creatures/sec. Server status: 19:40:59: 6811x RT, 113.5 creatures/sec. Fitness: best=3067.6, avg=1642.8, new=(qd-large-mutate=1045.7, qd-mutate=1126.9, template-m1-balanced=1079.2, curl-right=1195.5, curl-left=635.1). MAP-Elites(8x8, morphologies=3): occupied=47, pending=192, in flight=38
Speed: 18.499967 creatures/sec. Server status: 19:40:59: 6811x RT, 113.5 creatures/sec. Fitness: best=3067.6, avg=1642.8, new=(qd-large-mutate=1045.7, qd-mutate=1126.9, template-m1-balanced=1079.2, curl-right=1195.5, curl-left=635.1). MAP-Elites(8x8, morphologies=3): occupied=47, pending=192, in flight=38
Speed: 18.099953 creatures/sec. Server status: 19:40:59: 6811x RT, 113.5 creatures/sec. Fitness: best=3067.6, avg=1642.8, new=(qd-large-mutate=1045.7, qd-mutate=1126.9, template-m1-balanced=1079.2, curl-right=1195.5, curl-left=635.1). MAP-Elites(8x8, morphologies=3): occupied=47, pending=192, in flight=38
Speed: 18.499985 creatures/sec. Server status: 19:40:59: 6811x RT, 113.5 creatures/sec. Fitness: best=3067.6, avg=1642.8, new=(qd-large-mutate=1045.7, qd-mutate=1126.9, template-m1-balanced=1079.2, curl-right=1195.5, curl-left=635.1). MAP-Elites(8x8, morphologies=3): occupied=47, pending=192, in flight=38
Speed: 18.399983 creatures/sec. Server status: 19:40:59: 6811x RT, 113.5 creatures/sec. Fitness: best=3067.6, avg=1642.8, new=(qd-large-mutate=1045.7, qd-mutate=1126.9, template-m1-balanced=1079.2, curl-right=1195.5, curl-left=635.1). MAP-Elites(8x8, morphologies=3): occupied=47, pending=192, in flight=38
Speed: 18.099968 creatures/sec. Server status: 19:40:59: 6811x RT, 113.5 creatures/sec. Fitness: best=3067.6, avg=1642.8, new=(qd-large-mutate=1045.7, qd-mutate=1126.9, template-m1-balanced=1079.2, curl-right=1195.5, curl-left=635.1). MAP-Elites(8x8, morphologies=3): occupied=47, pending=192, in flight=38
Speed: 17.099998 creatures/sec. Server status: 19:41:09: 6519x RT, 108.7 creatures/sec. Fitness: best=3067.6, avg=1642.8, new=(qd-mutate=1102.7, qd-large-mutate=1246.7, curl-right=1230.4, template-m1-balanced=1109.7, curl-left=782.1). MAP-Elites(8x8, morphologies=3): occupied=47, pending=192, in flight=38
Speed: 16.899990 creatures/sec. Server status: 19:41:09: 6519x RT, 108.7 creatures/sec. Fitness: best=3067.6, avg=1642.8, new=(qd-mutate=1102.7, qd-large-mutate=1246.7, curl-right=1230.4, template-m1-balanced=1109.7, curl-left=782.1). MAP-Elites(8x8, morphologies=3): occupied=47, pending=192, in flight=38
Speed: 16.799984 creatures/sec. Server status: 19:41:09: 6519x RT, 108.7 creatures/sec. Fitness: best=3067.6, avg=1642.8, new=(qd-mutate=1102.7, qd-large-mutate=1246.7, curl-right=1230.4, template-m1-balanced=1109.7, curl-left=782.1). MAP-Elites(8x8, morphologies=3): occupied=47, pending=192, in flight=38
Speed: 16.999951 creatures/sec. Server status: 19:41:09: 6519x RT, 108.7 creatures/sec. Fitness: best=3067.6, avg=1642.8, new=(qd-mutate=1102.7, qd-large-mutate=1246.7, curl-right=1230.4, template-m1-balanced=1109.7, curl-left=782.1). MAP-Elites(8x8, morphologies=3): occupied=47, pending=192, in flight=38
Speed: 16.899985 creatures/sec. Server status: 19:41:09: 6519x RT, 108.7 creatures/sec. Fitness: best=3067.6, avg=1642.8, new=(qd-mutate=1102.7, qd-large-mutate=1246.7, curl-right=1230.4, template-m1-balanced=1109.7, curl-left=782.1). MAP-Elites(8x8, morphologies=3): occupied=47, pending=192, in flight=38
Speed: 16.899988 creatures/sec. Server status: 19:41:09: 6519x RT, 108.7 creatures/sec. Fitness: best=3067.6, avg=1642.8, new=(qd-mutate=1102.7, qd-large-mutate=1246.7, curl-right=1230.4, template-m1-balanced=1109.7, curl-left=782.1). MAP-Elites(8x8, morphologies=3): occupied=47, pending=192, in flight=38
Speed: 18.399983 creatures/sec. Server status: 19:41:19: 6525x RT, 108.7 creatures/sec. Fitness: best=3067.6, avg=1642.8, new=(qd-mutate=1072.1, curl-left=918.2, qd-large-mutate=1204.7, curl-right=1005.7). MAP-Elites(8x8, morphologies=3): occupied=47, pending=192, in flight=38
Speed: 18.699989 creatures/sec. Server status: 19:41:19: 6525x RT, 108.7 creatures/sec. Fitness: best=3067.6, avg=1642.8, new=(qd-mutate=1072.1, curl-left=918.2, qd-large-mutate=1204.7, curl-right=1005.7). MAP-Elites(8x8, morphologies=3): occupied=47, pending=192, in flight=38
Speed: 18.200000 creatures/sec. Server status: 19:41:19: 6525x RT, 108.7 creatures/sec. Fitness: best=3067.6, avg=1642.8, new=(qd-mutate=1072.1, curl-left=918.2, qd-large-mutate=1204.7, curl-right=1005.7). MAP-Elites(8x8, morphologies=3): occupied=47, pending=192, in flight=38
Speed: 18.099980 creatures/sec. Server status: 19:41:19: 6525x RT, 108.7 creatures/sec. Fitness: best=3067.6, avg=1642.8, new=(qd-mutate=1072.1, curl-left=918.2, qd-large-mutate=1204.7, curl-right=1005.7). MAP-Elites(8x8, morphologies=3): occupied=47, pending=192, in flight=38
Speed: 18.399982 creatures/sec. Server status: 19:41:19: 6525x RT, 108.7 creatures/sec. Fitness: best=3067.6, avg=1642.8, new=(qd-mutate=1072.1, curl-left=918.2, qd-large-mutate=1204.7, curl-right=1005.7). MAP-Elites(8x8, morphologies=3): occupied=47, pending=192, in flight=38
Speed: 18.399976 creatures/sec. Server status: 19:41:19: 6525x RT, 108.7 creatures/sec. Fitness: best=3067.6, avg=1642.8, new=(qd-mutate=1072.1, curl-left=918.2, qd-large-mutate=1204.7, curl-right=1005.7). MAP-Elites(8x8, morphologies=3): occupied=47, pending=192, in flight=38
Speed: 18.399972 creatures/sec. Server status: 19:41:30: 6853x RT, 114.2 creatures/sec. Fitness: best=3067.6, avg=1642.8, new=(qd-mutate=1073.8, qd-large-mutate=1235.9, curl-right=973.3, curl-left=1125.0, template-m1-balanced=928.4). MAP-Elites(8x8, morphologies=3): occupied=47, pending=192, in flight=38
Speed: 18.599981 creatures/sec. Server status: 19:41:30: 6853x RT, 114.2 creatures/sec. Fitness: best=3067.6, avg=1642.8, new=(qd-mutate=1073.8, qd-large-mutate=1235.9, curl-right=973.3, curl-left=1125.0, template-m1-balanced=928.4). MAP-Elites(8x8, morphologies=3): occupied=47, pending=192, in flight=38
Speed: 18.499985 creatures/sec. Server status: 19:41:30: 6853x RT, 114.2 creatures/sec. Fitness: best=3067.6, avg=1642.8, new=(qd-mutate=1073.8, qd-large-mutate=1235.9, curl-right=973.3, curl-left=1125.0, template-m1-balanced=928.4). MAP-Elites(8x8, morphologies=3): occupied=47, pending=192, in flight=38
Speed: 18.499991 creatures/sec. Server status: 19:41:30: 6853x RT, 114.2 creatures/sec. Fitness: best=3067.6, avg=1642.8, new=(qd-mutate=1073.8, qd-large-mutate=1235.9, curl-right=973.3, curl-left=1125.0, template-m1-balanced=928.4). MAP-Elites(8x8, morphologies=3): occupied=47, pending=192, in flight=38
Speed: 18.499998 creatures/sec. Server status: 19:41:30: 6853x RT, 114.2 creatures/sec. Fitness: best=3067.6, avg=1642.8, new=(qd-mutate=1073.8, qd-large-mutate=1235.9, curl-right=973.3, curl-left=1125.0, template-m1-balanced=928.4). MAP-Elites(8x8, morphologies=3): occupied=47, pending=192, in flight=38
Speed: 18.500000 creatures/sec. Server status: 19:41:30: 6853x RT, 114.2 creatures/sec. Fitness: best=3067.6, avg=1642.8, new=(qd-mutate=1073.8, qd-large-mutate=1235.9, curl-right=973.3, curl-left=1125.0, template-m1-balanced=928.4). MAP-Elites(8x8, morphologies=3): occupied=47, pending=192, in flight=38
Speed: 18.500000 creatures/sec. Server status: 19:41:40: 6523x RT, 108.7 creatures/sec. Fitness: best=3067.6, avg=1642.8, new=(qd-large-mutate=1174.9, qd-mutate=1017.1, curl-left=885.4, template-m1-balanced=906.7, curl-right=1099.9). MAP-Elites(8x8, morphologies=3): occupied=47, pending=192, in flight=38
Speed: 18.399979 creatures/sec. Server status: 19:41:40: 6523x RT, 108.7 creatures/sec. Fitness: best=3067.6, avg=1642.8, new=(qd-large-mutate=1174.9, qd-mutate=1017.1, curl-left=885.4, template-m1-balanced=906.7, curl-right=1099.9). MAP-Elites(8x8, morphologies=3): occupied=47, pending=192, in flight=38
Speed: 18.399983 creatures/sec. Server status: 19:41:40: 6523x RT, 108.7 creatures/sec. Fitness: best=3067.6, avg=1642.8, new=(qd-large-mutate=1174.9, qd-mutate=1017.1, curl-left=885.4, template-m1-balanced=906.7, curl-right=1099.9). MAP-Elites(8x8, morphologies=3): occupied=47, pending=192, in flight=38
Speed: 18.599994 creatures/sec. Server status: 19:41:40: 6523x RT, 108.7 creatures/sec. Fitness: best=3067.6, avg=1642.8, new=(qd-large-mutate=1174.9, qd-mutate=1017.1, curl-left=885.4, template-m1-balanced=906.7, curl-right=1099.9). MAP-Elites(8x8, morphologies=3): occupied=47, pending=192, in flight=38
Speed: 18.399991 creatures/sec. Server status: 19:41:40: 6523x RT, 108.7 creatures/sec. Fitness: best=3067.6, avg=1642.8, new=(qd-large-mutate=1174.9, qd-mutate=1017.1, curl-left=885.4, template-m1-balanced=906.7, curl-right=1099.9). MAP-Elites(8x8, morphologies=3): occupied=47, pending=192, in flight=38
Speed: 18.399994 creatures/sec. Server status: 19:41:40: 6523x RT, 108.7 creatures/sec. Fitness: best=3067.6, avg=1642.8, new=(qd-large-mutate=1174.9, qd-mutate=1017.1, curl-left=885.4, template-m1-balanced=906.7, curl-right=1099.9). MAP-Elites(8x8, morphologies=3): occupied=47, pending=192, in flight=38
Speed: 18.399998 creatures/sec. Server status: 19:41:50: 6467x RT, 107.8 creatures/sec. Fitness: best=3067.6, avg=1642.8, new=(qd-mutate=1030.2, qd-large-mutate=1057.1, curl-right=847.2, curl-left=692.8, template-m1-balanced=873.8). MAP-Elites(8x8, morphologies=3): occupied=47, pending=192, in flight=38
Speed: 18.199986 creatures/sec. Server status: 19:41:50: 6467x RT, 107.8 creatures/sec. Fitness: best=3067.6, avg=1642.8, new=(qd-mutate=1030.2, qd-large-mutate=1057.1, curl-right=847.2, curl-left=692.8, template-m1-balanced=873.8). MAP-Elites(8x8, morphologies=3): occupied=47, pending=192, in flight=38
Speed: 18.299973 creatures/sec. Server status: 19:41:50: 6467x RT, 107.8 creatures/sec. Fitness: best=3067.6, avg=1642.8, new=(qd-mutate=1030.2, qd-large-mutate=1057.1, curl-right=847.2, curl-left=692.8, template-m1-balanced=873.8). MAP-Elites(8x8, morphologies=3): occupied=47, pending=192, in flight=38
Speed: 18.499952 creatures/sec. Server status: 19:41:50: 6467x RT, 107.8 creatures/sec. Fitness: best=3067.6, avg=1642.8, new=(qd-mutate=1030.2, qd-large-mutate=1057.1, curl-right=847.2, curl-left=692.8, template-m1-balanced=873.8). MAP-Elites(8x8, morphologies=3): occupied=47, pending=192, in flight=38
Speed: 18.199980 creatures/sec. Server status: 19:41:50: 6467x RT, 107.8 creatures/sec. Fitness: best=3067.6, avg=1642.8, new=(qd-mutate=1030.2, qd-large-mutate=1057.1, curl-right=847.2, curl-left=692.8, template-m1-balanced=873.8). MAP-Elites(8x8, morphologies=3): occupied=47, pending=192, in flight=38
Speed: 18.199986 creatures/sec. Server status: 19:41:50: 6467x RT, 107.8 creatures/sec. Fitness: best=3067.6, avg=1642.8, new=(qd-mutate=1030.2, qd-large-mutate=1057.1, curl-right=847.2, curl-left=692.8, template-m1-balanced=873.8). MAP-Elites(8x8, morphologies=3): occupied=47, pending=192, in flight=38
Speed: 18.500000 creatures/sec. Server status: 19:42:01: 6668x RT, 111.1 creatures/sec. Fitness: best=3067.6, avg=1642.8, new=(qd-large-mutate=1135.3, qd-mutate=1078.5, template-m1-balanced=1121.6, curl-right=709.0, curl-left=821.3). MAP-Elites(8x8, morphologies=3): occupied=47, pending=192, in flight=38
Speed: 18.699992 creatures/sec. Server status: 19:42:01: 6668x RT, 111.1 creatures/sec. Fitness: best=3067.6, avg=1642.8, new=(qd-large-mutate=1135.3, qd-mutate=1078.5, template-m1-balanced=1121.6, curl-right=709.0, curl-left=821.3). MAP-Elites(8x8, morphologies=3): occupied=47, pending=192, in flight=38
Speed: 18.499987 creatures/sec. Server status: 19:42:01: 6668x RT, 111.1 creatures/sec. Fitness: best=3067.6, avg=1642.8, new=(qd-large-mutate=1135.3, qd-mutate=1078.5, template-m1-balanced=1121.6, curl-right=709.0, curl-left=821.3). MAP-Elites(8x8, morphologies=3): occupied=47, pending=192, in flight=38
Speed: 18.599957 creatures/sec. Server status: 19:42:01: 6668x RT, 111.1 creatures/sec. Fitness: best=3067.6, avg=1642.8, new=(qd-large-mutate=1135.3, qd-mutate=1078.5, template-m1-balanced=1121.6, curl-right=709.0, curl-left=821.3). MAP-Elites(8x8, morphologies=3): occupied=47, pending=192, in flight=38
Speed: 18.299985 creatures/sec. Server status: 19:42:01: 6668x RT, 111.1 creatures/sec. Fitness: best=3067.6, avg=1642.8, new=(qd-large-mutate=1135.3, qd-mutate=1078.5, template-m1-balanced=1121.6, curl-right=709.0, curl-left=821.3). MAP-Elites(8x8, morphologies=3): occupied=47, pending=192, in flight=38
Speed: 18.399991 creatures/sec. Server status: 19:42:01: 6668x RT, 111.1 creatures/sec. Fitness: best=3067.6, avg=1642.8, new=(qd-large-mutate=1135.3, qd-mutate=1078.5, template-m1-balanced=1121.6, curl-right=709.0, curl-left=821.3). MAP-Elites(8x8, morphologies=3): occupied=47, pending=192, in flight=38
Speed: 17.999998 creatures/sec. Server status: 19:42:09: 6765x RT, 112.8 creatures/sec. Fitness: best=3067.6, avg=1642.8, new=(qd-mutate=1017.5, template-m1-balanced=1034.4, qd-large-mutate=1007.7, curl-right=802.6, curl-left=630.0). MAP-Elites(8x8, morphologies=3): occupied=47, pending=192, in flight=38
Speed: 18.099998 creatures/sec. Server status: 19:42:09: 6765x RT, 112.8 creatures/sec. Fitness: best=3067.6, avg=1642.8, new=(qd-mutate=1017.5, template-m1-balanced=1034.4, qd-large-mutate=1007.7, curl-right=802.6, curl-left=630.0). MAP-Elites(8x8, morphologies=3): occupied=47, pending=192, in flight=38
Speed: 17.999991 creatures/sec. Server status: 19:42:09: 6765x RT, 112.8 creatures/sec. Fitness: best=3067.6, avg=1642.8, new=(qd-mutate=1017.5, template-m1-balanced=1034.4, qd-large-mutate=1007.7, curl-right=802.6, curl-left=630.0). MAP-Elites(8x8, morphologies=3): occupied=47, pending=192, in flight=38
Speed: 18.099978 creatures/sec. Server status: 19:42:09: 6765x RT, 112.8 creatures/sec. Fitness: best=3067.6, avg=1642.8, new=(qd-mutate=1017.5, template-m1-balanced=1034.4, qd-large-mutate=1007.7, curl-right=802.6, curl-left=630.0). MAP-Elites(8x8, morphologies=3): occupied=47, pending=192, in flight=38
Speed: 17.999998 creatures/sec. Server status: 19:42:09: 6765x RT, 112.8 creatures/sec. Fitness: best=3067.6, avg=1642.8, new=(qd-mutate=1017.5, template-m1-balanced=1034.4, qd-large-mutate=1007.7, curl-right=802.6, curl-left=630.0). MAP-Elites(8x8, morphologies=3): occupied=47, pending=192, in flight=38
Speed: 17.899950 creatures/sec. Server status: 19:42:09: 6765x RT, 112.8 creatures/sec. Fitness: best=3067.6, avg=1642.8, new=(qd-mutate=1017.5, template-m1-balanced=1034.4, qd-large-mutate=1007.7, curl-right=802.6, curl-left=630.0). MAP-Elites(8x8, morphologies=3): occupied=47, pending=192, in flight=38
Speed: 17.299997 creatures/sec. Server status: 19:42:19: 6178x RT, 103.0 creatures/sec. Fitness: best=3067.6, avg=1642.8, new=(qd-mutate=1078.1, qd-large-mutate=964.0, curl-right=1021.4). MAP-Elites(8x8, morphologies=3): occupied=47, pending=192, in flight=38
Speed: 17.299977 creatures/sec. Server status: 19:42:19: 6178x RT, 103.0 creatures/sec. Fitness: best=3067.6, avg=1642.8, new=(qd-mutate=1078.1, qd-large-mutate=964.0, curl-right=1021.4). MAP-Elites(8x8, morphologies=3): occupied=47, pending=192, in flight=38
Speed: 16.899998 creatures/sec. Server status: 19:42:19: 6178x RT, 103.0 creatures/sec. Fitness: best=3067.6, avg=1642.8, new=(qd-mutate=1078.1, qd-large-mutate=964.0, curl-right=1021.4). MAP-Elites(8x8, morphologies=3): occupied=47, pending=192, in flight=38
Speed: 17.099990 creatures/sec. Server status: 19:42:19: 6178x RT, 103.0 creatures/sec. Fitness: best=3067.6, avg=1642.8, new=(qd-mutate=1078.1, qd-large-mutate=964.0, curl-right=1021.4). MAP-Elites(8x8, morphologies=3): occupied=47, pending=192, in flight=38
Speed: 17.299986 creatures/sec. Server status: 19:42:19: 6178x RT, 103.0 creatures/sec. Fitness: best=3067.6, avg=1642.8, new=(qd-mutate=1078.1, qd-large-mutate=964.0, curl-right=1021.4). MAP-Elites(8x8, morphologies=3): occupied=47, pending=192, in flight=38
Speed: 16.999994 creatures/sec. Server status: 19:42:19: 6178x RT, 103.0 creatures/sec. Fitness: best=3067.6, avg=1642.8, new=(qd-mutate=1078.1, qd-large-mutate=964.0, curl-right=1021.4). MAP-Elites(8x8, morphologies=3): occupied=47, pending=192, in flight=38
Speed: 16.499996 creatures/sec. Server status: 19:42:30: 5472x RT, 91.2 creatures/sec. Fitness: best=3067.6, avg=1642.8, new=(qd-mutate=988.0, qd-large-mutate=1192.8, curl-left=821.2, template-m1-balanced=1220.1, curl-right=1145.0). MAP-Elites(8x8, morphologies=3): occupied=47, pending=192, in flight=38
Speed: 16.499956 creatures/sec. Server status: 19:42:30: 5472x RT, 91.2 creatures/sec. Fitness: best=3067.6, avg=1642.8, new=(qd-mutate=988.0, qd-large-mutate=1192.8, curl-left=821.2, template-m1-balanced=1220.1, curl-right=1145.0). MAP-Elites(8x8, morphologies=3): occupied=47, pending=192, in flight=38
Speed: 16.399952 creatures/sec. Server status: 19:42:30: 5472x RT, 91.2 creatures/sec. Fitness: best=3067.6, avg=1642.8, new=(qd-mutate=988.0, qd-large-mutate=1192.8, curl-left=821.2, template-m1-balanced=1220.1, curl-right=1145.0). MAP-Elites(8x8, morphologies=3): occupied=47, pending=192, in flight=38
Speed: 16.399995 creatures/sec. Server status: 19:42:30: 5472x RT, 91.2 creatures/sec. Fitness: best=3067.6, avg=1642.8, new=(qd-mutate=988.0, qd-large-mutate=1192.8, curl-left=821.2, template-m1-balanced=1220.1, curl-right=1145.0). MAP-Elites(8x8, morphologies=3): occupied=47, pending=192, in flight=38
Speed: 16.499992 creatures/sec. Server status: 19:42:30: 5472x RT, 91.2 creatures/sec. Fitness: best=3067.6, avg=1642.8, new=(qd-mutate=988.0, qd-large-mutate=1192.8, curl-left=821.2, template-m1-balanced=1220.1, curl-right=1145.0). MAP-Elites(8x8, morphologies=3): occupied=47, pending=192, in flight=38
Speed: 16.399990 creatures/sec. Server status: 19:42:30: 5472x RT, 91.2 creatures/sec. Fitness: best=3067.6, avg=1642.8, new=(qd-mutate=988.0, qd-large-mutate=1192.8, curl-left=821.2, template-m1-balanced=1220.1, curl-right=1145.0). MAP-Elites(8x8, morphologies=3): occupied=47, pending=192, in flight=38
Speed: 18.499952 creatures/sec. Server status: 19:42:40: 6454x RT, 107.6 creatures/sec. Fitness: best=3067.6, avg=1642.8, new=(qd-mutate=1081.0, curl-left=928.1, qd-large-mutate=1054.3, curl-right=875.6, template-m1-balanced=939.3). MAP-Elites(8x8, morphologies=3): occupied=47, pending=192, in flight=38
Speed: 18.499983 creatures/sec. Server status: 19:42:40: 6454x RT, 107.6 creatures/sec. Fitness: best=3067.6, avg=1642.8, new=(qd-mutate=1081.0, curl-left=928.1, qd-large-mutate=1054.3, curl-right=875.6, template-m1-balanced=939.3). MAP-Elites(8x8, morphologies=3): occupied=47, pending=192, in flight=38
Speed: 18.399995 creatures/sec. Server status: 19:42:40: 6454x RT, 107.6 creatures/sec. Fitness: best=3067.6, avg=1642.8, new=(qd-mutate=1081.0, curl-left=928.1, qd-large-mutate=1054.3, curl-right=875.6, template-m1-balanced=939.3). MAP-Elites(8x8, morphologies=3): occupied=47, pending=192, in flight=38
Speed: 18.599961 creatures/sec. Server status: 19:42:40: 6454x RT, 107.6 creatures/sec. Fitness: best=3067.6, avg=1642.8, new=(qd-mutate=1081.0, curl-left=928.1, qd-large-mutate=1054.3, curl-right=875.6, template-m1-balanced=939.3). MAP-Elites(8x8, morphologies=3): occupied=47, pending=192, in flight=38
Speed: 18.200000 creatures/sec. Server status: 19:42:40: 6454x RT, 107.6 creatures/sec. Fitness: best=3067.6, avg=1642.8, new=(qd-mutate=1081.0, curl-left=928.1, qd-large-mutate=1054.3, curl-right=875.6, template-m1-balanced=939.3). MAP-Elites(8x8, morphologies=3): occupied=47, pending=192, in flight=38
Speed: 18.199994 creatures/sec. Server status: 19:42:40: 6454x RT, 107.6 creatures/sec. Fitness: best=3067.6, avg=1642.8, new=(qd-mutate=1081.0, curl-left=928.1, qd-large-mutate=1054.3, curl-right=875.6, template-m1-balanced=939.3). MAP-Elites(8x8, morphologies=3): occupied=47, pending=192, in flight=38
Speed: 18.599991 creatures/sec. Server status: 19:42:50: 6839x RT, 114.0 creatures/sec. Fitness: best=3067.6, avg=1642.8, new=(template-m1-balanced=944.1, qd-large-mutate=1113.0, curl-right=1116.8, qd-mutate=1096.1, curl-left=874.0). MAP-Elites(8x8, morphologies=3): occupied=47, pending=192, in flight=38
Speed: 18.499969 creatures/sec. Server status: 19:42:50: 6839x RT, 114.0 creatures/sec. Fitness: best=3067.6, avg=1642.8, new=(template-m1-balanced=944.1, qd-large-mutate=1113.0, curl-right=1116.8, qd-mutate=1096.1, curl-left=874.0). MAP-Elites(8x8, morphologies=3): occupied=47, pending=192, in flight=38
Speed: 18.699955 creatures/sec. Server status: 19:42:50: 6839x RT, 114.0 creatures/sec. Fitness: best=3067.6, avg=1642.8, new=(template-m1-balanced=944.1, qd-large-mutate=1113.0, curl-right=1116.8, qd-mutate=1096.1, curl-left=874.0). MAP-Elites(8x8, morphologies=3): occupied=47, pending=192, in flight=38
Speed: 18.699991 creatures/sec. Server status: 19:42:50: 6839x RT, 114.0 creatures/sec. Fitness: best=3067.6, avg=1642.8, new=(template-m1-balanced=944.1, qd-large-mutate=1113.0, curl-right=1116.8, qd-mutate=1096.1, curl-left=874.0). MAP-Elites(8x8, morphologies=3): occupied=47, pending=192, in flight=38
Speed: 18.799987 creatures/sec. Server status: 19:42:50: 6839x RT, 114.0 creatures/sec. Fitness: best=3067.6, avg=1642.8, new=(template-m1-balanced=944.1, qd-large-mutate=1113.0, curl-right=1116.8, qd-mutate=1096.1, curl-left=874.0). MAP-Elites(8x8, morphologies=3): occupied=47, pending=192, in flight=38
Speed: 18.699985 creatures/sec. Server status: 19:42:50: 6839x RT, 114.0 creatures/sec. Fitness: best=3067.6, avg=1642.8, new=(template-m1-balanced=944.1, qd-large-mutate=1113.0, curl-right=1116.8, qd-mutate=1096.1, curl-left=874.0). MAP-Elites(8x8, morphologies=3): occupied=47, pending=192, in flight=38
Speed: 18.599998 creatures/sec. Server status: 19:43:00: 6774x RT, 112.9 creatures/sec. Fitness: best=3067.6, avg=1642.8, new=(qd-mutate=1075.3, template-m1-balanced=792.3, qd-large-mutate=1125.9, curl-right=790.4, curl-left=714.4). MAP-Elites(8x8, morphologies=3): occupied=47, pending=192, in flight=38
Speed: 18.599998 creatures/sec. Server status: 19:43:00: 6774x RT, 112.9 creatures/sec. Fitness: best=3067.6, avg=1642.8, new=(qd-mutate=1075.3, template-m1-balanced=792.3, qd-large-mutate=1125.9, curl-right=790.4, curl-left=714.4). MAP-Elites(8x8, morphologies=3): occupied=47, pending=192, in flight=38
Speed: 18.399946 creatures/sec. Server status: 19:43:00: 6774x RT, 112.9 creatures/sec. Fitness: best=3067.6, avg=1642.8, new=(qd-mutate=1075.3, template-m1-balanced=792.3, qd-large-mutate=1125.9, curl-right=790.4, curl-left=714.4). MAP-Elites(8x8, morphologies=3): occupied=47, pending=192, in flight=38
Speed: 18.600000 creatures/sec. Server status: 19:43:00: 6774x RT, 112.9 creatures/sec. Fitness: best=3067.6, avg=1642.8, new=(qd-mutate=1075.3, template-m1-balanced=792.3, qd-large-mutate=1125.9, curl-right=790.4, curl-left=714.4). MAP-Elites(8x8, morphologies=3): occupied=47, pending=192, in flight=38
Speed: 18.699995 creatures/sec. Server status: 19:43:00: 6774x RT, 112.9 creatures/sec. Fitness: best=3067.6, avg=1642.8, new=(qd-mutate=1075.3, template-m1-balanced=792.3, qd-large-mutate=1125.9, curl-right=790.4, curl-left=714.4). MAP-Elites(8x8, morphologies=3): occupied=47, pending=192, in flight=38
Speed: 18.399998 creatures/sec. Server status: 19:43:00: 6774x RT, 112.9 creatures/sec. Fitness: best=3067.6, avg=1642.8, new=(qd-mutate=1075.3, template-m1-balanced=792.3, qd-large-mutate=1125.9, curl-right=790.4, curl-left=714.4). MAP-Elites(8x8, morphologies=3): occupied=47, pending=192, in flight=38
Speed: 18.499989 creatures/sec. Server status: 19:43:09: 6558x RT, 109.3 creatures/sec. Fitness: best=3067.6, avg=1642.8, new=(qd-mutate=1090.2, qd-large-mutate=1147.7, template-m1-balanced=804.4, curl-right=692.9, curl-left=1077.5). MAP-Elites(8x8, morphologies=3): occupied=47, pending=192, in flight=38
Speed: 18.599992 creatures/sec. Server status: 19:43:09: 6558x RT, 109.3 creatures/sec. Fitness: best=3067.6, avg=1642.8, new=(qd-mutate=1090.2, qd-large-mutate=1147.7, template-m1-balanced=804.4, curl-right=692.9, curl-left=1077.5). MAP-Elites(8x8, morphologies=3): occupied=47, pending=192, in flight=38
Speed: 18.499987 creatures/sec. Server status: 19:43:09: 6558x RT, 109.3 creatures/sec. Fitness: best=3067.6, avg=1642.8, new=(qd-mutate=1090.2, qd-large-mutate=1147.7, template-m1-balanced=804.4, curl-right=692.9, curl-left=1077.5). MAP-Elites(8x8, morphologies=3): occupied=47, pending=192, in flight=38
Speed: 18.499983 creatures/sec. Server status: 19:43:09: 6558x RT, 109.3 creatures/sec. Fitness: best=3067.6, avg=1642.8, new=(qd-mutate=1090.2, qd-large-mutate=1147.7, template-m1-balanced=804.4, curl-right=692.9, curl-left=1077.5). MAP-Elites(8x8, morphologies=3): occupied=47, pending=192, in flight=38
Speed: 18.399994 creatures/sec. Server status: 19:43:09: 6558x RT, 109.3 creatures/sec. Fitness: best=3067.6, avg=1642.8, new=(qd-mutate=1090.2, qd-large-mutate=1147.7, template-m1-balanced=804.4, curl-right=692.9, curl-left=1077.5). MAP-Elites(8x8, morphologies=3): occupied=47, pending=192, in flight=38
Speed: 18.299973 creatures/sec. Server status: 19:43:09: 6558x RT, 109.3 creatures/sec. Fitness: best=3067.6, avg=1642.8, new=(qd-mutate=1090.2, qd-large-mutate=1147.7, template-m1-balanced=804.4, curl-right=692.9, curl-left=1077.5). MAP-Elites(8x8, morphologies=3): occupied=47, pending=192, in flight=38
Speed: 18.499985 creatures/sec. Server status: 19:43:19: 6626x RT, 110.4 creatures/sec. Fitness: best=3067.6, avg=1642.8, new=(qd-mutate=1071.4, qd-large-mutate=1134.8, curl-left=1133.0, template-m1-balanced=843.0, curl-right=1005.4). MAP-Elites(8x8, morphologies=3): occupied=47, pending=192, in flight=38
Speed: 18.499998 creatures/sec. Server status: 19:43:19: 6626x RT, 110.4 creatures/sec. Fitness: best=3067.6, avg=1642.8, new=(qd-mutate=1071.4, qd-large-mutate=1134.8, curl-left=1133.0, template-m1-balanced=843.0, curl-right=1005.4). MAP-Elites(8x8, morphologies=3): occupied=47, pending=192, in flight=38
Speed: 18.499983 creatures/sec. Server status: 19:43:19: 6626x RT, 110.4 creatures/sec. Fitness: best=3067.6, avg=1642.8, new=(qd-mutate=1071.4, qd-large-mutate=1134.8, curl-left=1133.0, template-m1-balanced=843.0, curl-right=1005.4). MAP-Elites(8x8, morphologies=3): occupied=47, pending=192, in flight=38
Speed: 18.599987 creatures/sec. Server status: 19:43:19: 6626x RT, 110.4 creatures/sec. Fitness: best=3067.6, avg=1642.8, new=(qd-mutate=1071.4, qd-large-mutate=1134.8, curl-left=1133.0, template-m1-balanced=843.0, curl-right=1005.4). MAP-Elites(8x8, morphologies=3): occupied=47, pending=192, in flight=38
Speed: 18.499995 creatures/sec. Server status: 19:43:19: 6626x RT, 110.4 creatures/sec. Fitness: best=3067.6, avg=1642.8, new=(qd-mutate=1071.4, qd-large-mutate=1134.8, curl-left=1133.0, template-m1-balanced=843.0, curl-right=1005.4). MAP-Elites(8x8, morphologies=3): occupied=47, pending=192, in flight=38
Speed: 18.399998 creatures/sec. Server status: 19:43:19: 6626x RT, 110.4 creatures/sec. Fitness: best=3067.6, avg=1642.8, new=(qd-mutate=1071.4, qd-large-mutate=1134.8, curl-left=1133.0, template-m1-balanced=843.0, curl-right=1005.4). MAP-Elites(8x8, morphologies=3): occupied=47, pending=192, in flight=38
Speed: 16.899997 creatures/sec. Server status: 19:43:29: 5727x RT, 95.4 creatures/sec. Fitness: best=3067.6, avg=1642.8, new=(qd-mutate=1149.0, qd-large-mutate=1094.7, template-m1-balanced=1068.8, curl-left=922.7, curl-right=1313.6). MAP-Elites(8x8, morphologies=3): occupied=47, pending=192, in flight=38
Speed: 17.199998 creatures/sec. Server status: 19:43:29: 5727x RT, 95.4 creatures/sec. Fitness: best=3067.6, avg=1642.8, new=(qd-mutate=1149.0, qd-large-mutate=1094.7, template-m1-balanced=1068.8, curl-left=922.7, curl-right=1313.6). MAP-Elites(8x8, morphologies=3): occupied=47, pending=192, in flight=38
Speed: 16.999997 creatures/sec. Server status: 19:43:29: 5727x RT, 95.4 creatures/sec. Fitness: best=3067.6, avg=1642.8, new=(qd-mutate=1149.0, qd-large-mutate=1094.7, template-m1-balanced=1068.8, curl-left=922.7, curl-right=1313.6). MAP-Elites(8x8, morphologies=3): occupied=47, pending=192, in flight=38
Speed: 17.099976 creatures/sec. Server status: 19:43:29: 5727x RT, 95.4 creatures/sec. Fitness: best=3067.6, avg=1642.8, new=(qd-mutate=1149.0, qd-large-mutate=1094.7, template-m1-balanced=1068.8, curl-left=922.7, curl-right=1313.6). MAP-Elites(8x8, morphologies=3): occupied=47, pending=192, in flight=38
Speed: 16.699995 creatures/sec. Server status: 19:43:29: 5727x RT, 95.4 creatures/sec. Fitness: best=3067.6, avg=1642.8, new=(qd-mutate=1149.0, qd-large-mutate=1094.7, template-m1-balanced=1068.8, curl-left=922.7, curl-right=1313.6). MAP-Elites(8x8, morphologies=3): occupied=47, pending=192, in flight=38
Speed: 17.099993 creatures/sec. Server status: 19:43:29: 5727x RT, 95.4 creatures/sec. Fitness: best=3067.6, avg=1642.8, new=(qd-mutate=1149.0, qd-large-mutate=1094.7, template-m1-balanced=1068.8, curl-left=922.7, curl-right=1313.6). MAP-Elites(8x8, morphologies=3): occupied=47, pending=192, in flight=38
Speed: 18.099994 creatures/sec. Server status: 19:43:39: 6587x RT, 109.8 creatures/sec. Fitness: best=3067.6, avg=1642.8, new=(qd-mutate=1148.2, qd-large-mutate=1057.2, template-m1-balanced=753.0, curl-right=1514.3, curl-left=1543.8). MAP-Elites(8x8, morphologies=3): occupied=47, pending=192, in flight=38
Speed: 18.199980 creatures/sec. Server status: 19:43:39: 6587x RT, 109.8 creatures/sec. Fitness: best=3067.6, avg=1642.8, new=(qd-mutate=1148.2, qd-large-mutate=1057.2, template-m1-balanced=753.0, curl-right=1514.3, curl-left=1543.8). MAP-Elites(8x8, morphologies=3): occupied=47, pending=192, in flight=38
Speed: 18.099962 creatures/sec. Server status: 19:43:39: 6587x RT, 109.8 creatures/sec. Fitness: best=3067.6, avg=1642.8, new=(qd-mutate=1148.2, qd-large-mutate=1057.2, template-m1-balanced=753.0, curl-right=1514.3, curl-left=1543.8). MAP-Elites(8x8, morphologies=3): occupied=47, pending=192, in flight=38
Speed: 17.999993 creatures/sec. Server status: 19:43:39: 6587x RT, 109.8 creatures/sec. Fitness: best=3067.6, avg=1642.8, new=(qd-mutate=1148.2, qd-large-mutate=1057.2, template-m1-balanced=753.0, curl-right=1514.3, curl-left=1543.8). MAP-Elites(8x8, morphologies=3): occupied=47, pending=192, in flight=38
Speed: 18.099947 creatures/sec. Server status: 19:43:39: 6587x RT, 109.8 creatures/sec. Fitness: best=3067.6, avg=1642.8, new=(qd-mutate=1148.2, qd-large-mutate=1057.2, template-m1-balanced=753.0, curl-right=1514.3, curl-left=1543.8). MAP-Elites(8x8, morphologies=3): occupied=47, pending=192, in flight=38
Speed: 17.999986 creatures/sec. Server status: 19:43:39: 6587x RT, 109.8 creatures/sec. Fitness: best=3067.6, avg=1642.8, new=(qd-mutate=1148.2, qd-large-mutate=1057.2, template-m1-balanced=753.0, curl-right=1514.3, curl-left=1543.8). MAP-Elites(8x8, morphologies=3): occupied=47, pending=192, in flight=38
Speed: 17.999986 creatures/sec. Server status: 19:43:50: 6545x RT, 109.1 creatures/sec. Fitness: best=3067.6, avg=1642.8, new=(qd-mutate=1268.2, qd-large-mutate=1066.0, template-m1-balanced=845.2, curl-left=772.6). MAP-Elites(8x8, morphologies=3): occupied=47, pending=192, in flight=38
Speed: 17.999993 creatures/sec. Server status: 19:43:50: 6545x RT, 109.1 creatures/sec. Fitness: best=3067.6, avg=1642.8, new=(qd-mutate=1268.2, qd-large-mutate=1066.0, template-m1-balanced=845.2, curl-left=772.6). MAP-Elites(8x8, morphologies=3): occupied=47, pending=192, in flight=38
Speed: 17.999987 creatures/sec. Server status: 19:43:50: 6545x RT, 109.1 creatures/sec. Fitness: best=3067.6, avg=1642.8, new=(qd-mutate=1268.2, qd-large-mutate=1066.0, template-m1-balanced=845.2, curl-left=772.6). MAP-Elites(8x8, morphologies=3): occupied=47, pending=192, in flight=38
Speed: 17.899971 creatures/sec. Server status: 19:43:50: 6545x RT, 109.1 creatures/sec. Fitness: best=3067.6, avg=1642.8, new=(qd-mutate=1268.2, qd-large-mutate=1066.0, template-m1-balanced=845.2, curl-left=772.6). MAP-Elites(8x8, morphologies=3): occupied=47, pending=192, in flight=38
Speed: 17.799988 creatures/sec. Server status: 19:43:50: 6545x RT, 109.1 creatures/sec. Fitness: best=3067.6, avg=1642.8, new=(qd-mutate=1268.2, qd-large-mutate=1066.0, template-m1-balanced=845.2, curl-left=772.6). MAP-Elites(8x8, morphologies=3): occupied=47, pending=192, in flight=38
Speed: 18.000000 creatures/sec. Server status: 19:43:50: 6545x RT, 109.1 creatures/sec. Fitness: best=3067.6, avg=1642.8, new=(qd-mutate=1268.2, qd-large-mutate=1066.0, template-m1-balanced=845.2, curl-left=772.6). MAP-Elites(8x8, morphologies=3): occupied=47, pending=192, in flight=38
Speed: 18.099978 creatures/sec. Server status: 19:44:00: 6558x RT, 109.3 creatures/sec. Fitness: best=3067.6, avg=1642.8, new=(curl-right=905.1, qd-mutate=1060.5, template-m1-balanced=998.0, qd-large-mutate=999.6, curl-left=977.6). MAP-Elites(8x8, morphologies=3): occupied=47, pending=192, in flight=38
Speed: 18.299971 creatures/sec. Server status: 19:44:00: 6558x RT, 109.3 creatures/sec. Fitness: best=3067.6, avg=1642.8, new=(curl-right=905.1, qd-mutate=1060.5, template-m1-balanced=998.0, qd-large-mutate=999.6, curl-left=977.6). MAP-Elites(8x8, morphologies=3): occupied=47, pending=192, in flight=38
Speed: 18.199995 creatures/sec. Server status: 19:44:00: 6558x RT, 109.3 creatures/sec. Fitness: best=3067.6, avg=1642.8, new=(curl-right=905.1, qd-mutate=1060.5, template-m1-balanced=998.0, qd-large-mutate=999.6, curl-left=977.6). MAP-Elites(8x8, morphologies=3): occupied=47, pending=192, in flight=38
Speed: 18.200000 creatures/sec. Server status: 19:44:00: 6558x RT, 109.3 creatures/sec. Fitness: best=3067.6, avg=1642.8, new=(curl-right=905.1, qd-mutate=1060.5, template-m1-balanced=998.0, qd-large-mutate=999.6, curl-left=977.6). MAP-Elites(8x8, morphologies=3): occupied=47, pending=192, in flight=38
Speed: 18.299965 creatures/sec. Server status: 19:44:00: 6558x RT, 109.3 creatures/sec. Fitness: best=3067.6, avg=1642.8, new=(curl-right=905.1, qd-mutate=1060.5, template-m1-balanced=998.0, qd-large-mutate=999.6, curl-left=977.6). MAP-Elites(8x8, morphologies=3): occupied=47, pending=192, in flight=38
Speed: 18.099984 creatures/sec. Server status: 19:44:00: 6558x RT, 109.3 creatures/sec. Fitness: best=3067.6, avg=1642.8, new=(curl-right=905.1, qd-mutate=1060.5, template-m1-balanced=998.0, qd-large-mutate=999.6, curl-left=977.6). MAP-Elites(8x8, morphologies=3): occupied=47, pending=192, in flight=38
Speed: 18.099982 creatures/sec. Server status: 19:44:10: 6447x RT, 107.4 creatures/sec. Fitness: best=3067.6, avg=1642.8, new=(qd-mutate=1058.2, template-m1-balanced=950.9, qd-large-mutate=1176.3, curl-left=1008.9, curl-right=962.6). MAP-Elites(8x8, morphologies=3): occupied=47, pending=192, in flight=38
Speed: 18.199994 creatures/sec. Server status: 19:44:10: 6447x RT, 107.4 creatures/sec. Fitness: best=3067.6, avg=1642.8, new=(qd-mutate=1058.2, template-m1-balanced=950.9, qd-large-mutate=1176.3, curl-left=1008.9, curl-right=962.6). MAP-Elites(8x8, morphologies=3): occupied=47, pending=192, in flight=38
Speed: 18.099956 creatures/sec. Server status: 19:44:10: 6447x RT, 107.4 creatures/sec. Fitness: best=3067.6, avg=1642.8, new=(qd-mutate=1058.2, template-m1-balanced=950.9, qd-large-mutate=1176.3, curl-left=1008.9, curl-right=962.6). MAP-Elites(8x8, morphologies=3): occupied=47, pending=192, in flight=38
Speed: 18.099951 creatures/sec. Server status: 19:44:10: 6447x RT, 107.4 creatures/sec. Fitness: best=3067.6, avg=1642.8, new=(qd-mutate=1058.2, template-m1-balanced=950.9, qd-large-mutate=1176.3, curl-left=1008.9, curl-right=962.6). MAP-Elites(8x8, morphologies=3): occupied=47, pending=192, in flight=38
Speed: 18.099960 creatures/sec. Server status: 19:44:10: 6447x RT, 107.4 creatures/sec. Fitness: best=3067.6, avg=1642.8, new=(qd-mutate=1058.2, template-m1-balanced=950.9, qd-large-mutate=1176.3, curl-left=1008.9, curl-right=962.6). MAP-Elites(8x8, morphologies=3): occupied=47, pending=192, in flight=38
Speed: 17.899993 creatures/sec. Server status: 19:44:10: 6447x RT, 107.4 creatures/sec. Fitness: best=3067.6, avg=1642.8, new=(qd-mutate=1058.2, template-m1-balanced=950.9, qd-large-mutate=1176.3, curl-left=1008.9, curl-right=962.6). MAP-Elites(8x8, morphologies=3): occupied=47, pending=192, in flight=38
Speed: 18.199991 creatures/sec. Server status: 19:44:19: 6508x RT, 108.5 creatures/sec. Fitness: best=3067.6, avg=1618.7, new=(qd-mutate=1047.7, qd-large-mutate=999.9, template-m1-balanced=991.3, curl-right=711.8, template-m2-wheel-biased=467.7). MAP-Elites(8x8, morphologies=3): occupied=48, pending=192, in flight=38
Speed: 18.199993 creatures/sec. Server status: 19:44:19: 6508x RT, 108.5 creatures/sec. Fitness: best=3067.6, avg=1618.7, new=(qd-mutate=1047.7, qd-large-mutate=999.9, template-m1-balanced=991.3, curl-right=711.8, template-m2-wheel-biased=467.7). MAP-Elites(8x8, morphologies=3): occupied=48, pending=192, in flight=38
Speed: 17.999986 creatures/sec. Server status: 19:44:19: 6508x RT, 108.5 creatures/sec. Fitness: best=3067.6, avg=1618.7, new=(qd-mutate=1047.7, qd-large-mutate=999.9, template-m1-balanced=991.3, curl-right=711.8, template-m2-wheel-biased=467.7). MAP-Elites(8x8, morphologies=3): occupied=48, pending=192, in flight=38
Speed: 18.100000 creatures/sec. Server status: 19:44:19: 6508x RT, 108.5 creatures/sec. Fitness: best=3067.6, avg=1618.7, new=(qd-mutate=1047.7, qd-large-mutate=999.9, template-m1-balanced=991.3, curl-right=711.8, template-m2-wheel-biased=467.7). MAP-Elites(8x8, morphologies=3): occupied=48, pending=192, in flight=38
Speed: 18.200000 creatures/sec. Server status: 19:44:19: 6508x RT, 108.5 creatures/sec. Fitness: best=3067.6, avg=1618.7, new=(qd-mutate=1047.7, qd-large-mutate=999.9, template-m1-balanced=991.3, curl-right=711.8, template-m2-wheel-biased=467.7). MAP-Elites(8x8, morphologies=3): occupied=48, pending=192, in flight=38
Speed: 18.099977 creatures/sec. Server status: 19:44:19: 6508x RT, 108.5 creatures/sec. Fitness: best=3067.6, avg=1618.7, new=(qd-mutate=1047.7, qd-large-mutate=999.9, template-m1-balanced=991.3, curl-right=711.8, template-m2-wheel-biased=467.7). MAP-Elites(8x8, morphologies=3): occupied=48, pending=192, in flight=38
Speed: 18.199997 creatures/sec. Server status: 19:44:29: 6514x RT, 108.6 creatures/sec. Fitness: best=3067.6, avg=1618.7, new=(qd-mutate=1076.1, qd-large-mutate=1004.2, template-m2-wheel-biased=1000.5, curl-right=701.0, curl-left=721.4). MAP-Elites(8x8, morphologies=3): occupied=48, pending=192, in flight=38
Speed: 18.199964 creatures/sec. Server status: 19:44:29: 6514x RT, 108.6 creatures/sec. Fitness: best=3067.6, avg=1618.7, new=(qd-mutate=1076.1, qd-large-mutate=1004.2, template-m2-wheel-biased=1000.5, curl-right=701.0, curl-left=721.4). MAP-Elites(8x8, morphologies=3): occupied=48, pending=192, in flight=38
Speed: 18.299991 creatures/sec. Server status: 19:44:29: 6514x RT, 108.6 creatures/sec. Fitness: best=3067.6, avg=1618.7, new=(qd-mutate=1076.1, qd-large-mutate=1004.2, template-m2-wheel-biased=1000.5, curl-right=701.0, curl-left=721.4). MAP-Elites(8x8, morphologies=3): occupied=48, pending=192, in flight=38
Speed: 18.099982 creatures/sec. Server status: 19:44:29: 6514x RT, 108.6 creatures/sec. Fitness: best=3067.6, avg=1618.7, new=(qd-mutate=1076.1, qd-large-mutate=1004.2, template-m2-wheel-biased=1000.5, curl-right=701.0, curl-left=721.4). MAP-Elites(8x8, morphologies=3): occupied=48, pending=192, in flight=38
Speed: 18.099982 creatures/sec. Server status: 19:44:29: 6514x RT, 108.6 creatures/sec. Fitness: best=3067.6, avg=1618.7, new=(qd-mutate=1076.1, qd-large-mutate=1004.2, template-m2-wheel-biased=1000.5, curl-right=701.0, curl-left=721.4). MAP-Elites(8x8, morphologies=3): occupied=48, pending=192, in flight=38
Speed: 18.199984 creatures/sec. Server status: 19:44:29: 6514x RT, 108.6 creatures/sec. Fitness: best=3067.6, avg=1618.7, new=(qd-mutate=1076.1, qd-large-mutate=1004.2, template-m2-wheel-biased=1000.5, curl-right=701.0, curl-left=721.4). MAP-Elites(8x8, morphologies=3): occupied=48, pending=192, in flight=38
Speed: 18.199986 creatures/sec. Server status: 19:44:39: 6510x RT, 108.5 creatures/sec. Fitness: best=3067.6, avg=1618.7, new=(qd-mutate=1116.6, curl-right=760.1, qd-large-mutate=1193.6, curl-left=720.7, template-m2-wheel-biased=982.7). MAP-Elites(8x8, morphologies=3): occupied=48, pending=192, in flight=38
Speed: 18.099997 creatures/sec. Server status: 19:44:39: 6510x RT, 108.5 creatures/sec. Fitness: best=3067.6, avg=1618.7, new=(qd-mutate=1116.6, curl-right=760.1, qd-large-mutate=1193.6, curl-left=720.7, template-m2-wheel-biased=982.7). MAP-Elites(8x8, morphologies=3): occupied=48, pending=192, in flight=38
Speed: 18.099896 creatures/sec. Server status: 19:44:39: 6510x RT, 108.5 creatures/sec. Fitness: best=3067.6, avg=1618.7, new=(qd-mutate=1116.6, curl-right=760.1, qd-large-mutate=1193.6, curl-left=720.7, template-m2-wheel-biased=982.7). MAP-Elites(8x8, morphologies=3): occupied=48, pending=192, in flight=38
Speed: 18.199954 creatures/sec. Server status: 19:44:39: 6510x RT, 108.5 creatures/sec. Fitness: best=3067.6, avg=1618.7, new=(qd-mutate=1116.6, curl-right=760.1, qd-large-mutate=1193.6, curl-left=720.7, template-m2-wheel-biased=982.7). MAP-Elites(8x8, morphologies=3): occupied=48, pending=192, in flight=38
Speed: 17.999975 creatures/sec. Server status: 19:44:39: 6510x RT, 108.5 creatures/sec. Fitness: best=3067.6, avg=1618.7, new=(qd-mutate=1116.6, curl-right=760.1, qd-large-mutate=1193.6, curl-left=720.7, template-m2-wheel-biased=982.7). MAP-Elites(8x8, morphologies=3): occupied=48, pending=192, in flight=38
Speed: 18.199994 creatures/sec. Server status: 19:44:39: 6510x RT, 108.5 creatures/sec. Fitness: best=3067.6, avg=1618.7, new=(qd-mutate=1116.6, curl-right=760.1, qd-large-mutate=1193.6, curl-left=720.7, template-m2-wheel-biased=982.7). MAP-Elites(8x8, morphologies=3): occupied=48, pending=192, in flight=38
Speed: 17.999994 creatures/sec. Server status: 19:44:50: 6557x RT, 109.3 creatures/sec. Fitness: best=3067.6, avg=1618.7, new=(qd-mutate=1067.4, curl-left=757.0, qd-large-mutate=1245.7, curl-right=547.7, template-m2-wheel-biased=1030.6). MAP-Elites(8x8, morphologies=3): occupied=48, pending=192, in flight=38
Speed: 17.799993 creatures/sec. Server status: 19:44:50: 6557x RT, 109.3 creatures/sec. Fitness: best=3067.6, avg=1618.7, new=(qd-mutate=1067.4, curl-left=757.0, qd-large-mutate=1245.7, curl-right=547.7, template-m2-wheel-biased=1030.6). MAP-Elites(8x8, morphologies=3): occupied=48, pending=192, in flight=38
Speed: 17.599981 creatures/sec. Server status: 19:44:50: 6557x RT, 109.3 creatures/sec. Fitness: best=3067.6, avg=1618.7, new=(qd-mutate=1067.4, curl-left=757.0, qd-large-mutate=1245.7, curl-right=547.7, template-m2-wheel-biased=1030.6). MAP-Elites(8x8, morphologies=3): occupied=48, pending=192, in flight=38
Speed: 17.799980 creatures/sec. Server status: 19:44:50: 6557x RT, 109.3 creatures/sec. Fitness: best=3067.6, avg=1618.7, new=(qd-mutate=1067.4, curl-left=757.0, qd-large-mutate=1245.7, curl-right=547.7, template-m2-wheel-biased=1030.6). MAP-Elites(8x8, morphologies=3): occupied=48, pending=192, in flight=38
Speed: 17.699991 creatures/sec. Server status: 19:44:50: 6557x RT, 109.3 creatures/sec. Fitness: best=3067.6, avg=1618.7, new=(qd-mutate=1067.4, curl-left=757.0, qd-large-mutate=1245.7, curl-right=547.7, template-m2-wheel-biased=1030.6). MAP-Elites(8x8, morphologies=3): occupied=48, pending=192, in flight=38
Speed: 17.699995 creatures/sec. Server status: 19:44:50: 6557x RT, 109.3 creatures/sec. Fitness: best=3067.6, avg=1618.7, new=(qd-mutate=1067.4, curl-left=757.0, qd-large-mutate=1245.7, curl-right=547.7, template-m2-wheel-biased=1030.6). MAP-Elites(8x8, morphologies=3): occupied=48, pending=192, in flight=38
Speed: 18.299997 creatures/sec. Server status: 19:45:00: 6542x RT, 109.0 creatures/sec. Fitness: best=3067.6, avg=1618.7, new=(qd-mutate=1081.7, qd-large-mutate=1118.8, template-m2-wheel-biased=908.5, curl-right=607.6, curl-left=667.3). MAP-Elites(8x8, morphologies=3): occupied=48, pending=192, in flight=38
Speed: 18.399998 creatures/sec. Server status: 19:45:00: 6542x RT, 109.0 creatures/sec. Fitness: best=3067.6, avg=1618.7, new=(qd-mutate=1081.7, qd-large-mutate=1118.8, template-m2-wheel-biased=908.5, curl-right=607.6, curl-left=667.3). MAP-Elites(8x8, morphologies=3): occupied=48, pending=192, in flight=38
Speed: 17.999982 creatures/sec. Server status: 19:45:00: 6542x RT, 109.0 creatures/sec. Fitness: best=3067.6, avg=1618.7, new=(qd-mutate=1081.7, qd-large-mutate=1118.8, template-m2-wheel-biased=908.5, curl-right=607.6, curl-left=667.3). MAP-Elites(8x8, morphologies=3): occupied=48, pending=192, in flight=38
Speed: 18.199989 creatures/sec. Server status: 19:45:00: 6542x RT, 109.0 creatures/sec. Fitness: best=3067.6, avg=1618.7, new=(qd-mutate=1081.7, qd-large-mutate=1118.8, template-m2-wheel-biased=908.5, curl-right=607.6, curl-left=667.3). MAP-Elites(8x8, morphologies=3): occupied=48, pending=192, in flight=38
Speed: 18.199997 creatures/sec. Server status: 19:45:00: 6542x RT, 109.0 creatures/sec. Fitness: best=3067.6, avg=1618.7, new=(qd-mutate=1081.7, qd-large-mutate=1118.8, template-m2-wheel-biased=908.5, curl-right=607.6, curl-left=667.3). MAP-Elites(8x8, morphologies=3): occupied=48, pending=192, in flight=38
Speed: 18.099989 creatures/sec. Server status: 19:45:00: 6542x RT, 109.0 creatures/sec. Fitness: best=3067.6, avg=1618.7, new=(qd-mutate=1081.7, qd-large-mutate=1118.8, template-m2-wheel-biased=908.5, curl-right=607.6, curl-left=667.3). MAP-Elites(8x8, morphologies=3): occupied=48, pending=192, in flight=38
Speed: 18.299994 creatures/sec. Server status: 19:45:11: 6538x RT, 109.0 creatures/sec. Fitness: best=3067.6, avg=1618.7, new=(template-m2-wheel-biased=1132.8, qd-large-mutate=1172.4, qd-mutate=1043.7, curl-right=700.2, curl-left=912.6). MAP-Elites(8x8, morphologies=3): occupied=48, pending=192, in flight=38
Speed: 17.999995 creatures/sec. Server status: 19:45:11: 6538x RT, 109.0 creatures/sec. Fitness: best=3067.6, avg=1618.7, new=(template-m2-wheel-biased=1132.8, qd-large-mutate=1172.4, qd-mutate=1043.7, curl-right=700.2, curl-left=912.6). MAP-Elites(8x8, morphologies=3): occupied=48, pending=192, in flight=38
Speed: 17.999991 creatures/sec. Server status: 19:45:11: 6538x RT, 109.0 creatures/sec. Fitness: best=3067.6, avg=1618.7, new=(template-m2-wheel-biased=1132.8, qd-large-mutate=1172.4, qd-mutate=1043.7, curl-right=700.2, curl-left=912.6). MAP-Elites(8x8, morphologies=3): occupied=48, pending=192, in flight=38
Speed: 18.100000 creatures/sec. Server status: 19:45:11: 6538x RT, 109.0 creatures/sec. Fitness: best=3067.6, avg=1618.7, new=(template-m2-wheel-biased=1132.8, qd-large-mutate=1172.4, qd-mutate=1043.7, curl-right=700.2, curl-left=912.6). MAP-Elites(8x8, morphologies=3): occupied=48, pending=192, in flight=38
Speed: 17.999980 creatures/sec. Server status: 19:45:11: 6538x RT, 109.0 creatures/sec. Fitness: best=3067.6, avg=1618.7, new=(template-m2-wheel-biased=1132.8, qd-large-mutate=1172.4, qd-mutate=1043.7, curl-right=700.2, curl-left=912.6). MAP-Elites(8x8, morphologies=3): occupied=48, pending=192, in flight=38
Speed: 18.199993 creatures/sec. Server status: 19:45:11: 6538x RT, 109.0 creatures/sec. Fitness: best=3067.6, avg=1618.7, new=(template-m2-wheel-biased=1132.8, qd-large-mutate=1172.4, qd-mutate=1043.7, curl-right=700.2, curl-left=912.6). MAP-Elites(8x8, morphologies=3): occupied=48, pending=192, in flight=38
Speed: 18.099984 creatures/sec. Server status: 19:45:19: 6623x RT, 110.4 creatures/sec. Fitness: best=3067.6, avg=1618.7, new=(qd-mutate=1092.2, qd-large-mutate=1064.8, curl-left=837.8, template-m2-wheel-biased=1016.0, curl-right=616.7). MAP-Elites(8x8, morphologies=3): occupied=48, pending=192, in flight=38
Speed: 17.899982 creatures/sec. Server status: 19:45:19: 6623x RT, 110.4 creatures/sec. Fitness: best=3067.6, avg=1618.7, new=(qd-mutate=1092.2, qd-large-mutate=1064.8, curl-left=837.8, template-m2-wheel-biased=1016.0, curl-right=616.7). MAP-Elites(8x8, morphologies=3): occupied=48, pending=192, in flight=38
Speed: 18.099789 creatures/sec. Server status: 19:45:19: 6623x RT, 110.4 creatures/sec. Fitness: best=3067.6, avg=1618.7, new=(qd-mutate=1092.2, qd-large-mutate=1064.8, curl-left=837.8, template-m2-wheel-biased=1016.0, curl-right=616.7). MAP-Elites(8x8, morphologies=3): occupied=48, pending=192, in flight=38
Speed: 17.999942 creatures/sec. Server status: 19:45:19: 6623x RT, 110.4 creatures/sec. Fitness: best=3067.6, avg=1618.7, new=(qd-mutate=1092.2, qd-large-mutate=1064.8, curl-left=837.8, template-m2-wheel-biased=1016.0, curl-right=616.7). MAP-Elites(8x8, morphologies=3): occupied=48, pending=192, in flight=38
Speed: 17.599998 creatures/sec. Server status: 19:45:19: 6623x RT, 110.4 creatures/sec. Fitness: best=3067.6, avg=1618.7, new=(qd-mutate=1092.2, qd-large-mutate=1064.8, curl-left=837.8, template-m2-wheel-biased=1016.0, curl-right=616.7). MAP-Elites(8x8, morphologies=3): occupied=48, pending=192, in flight=38
Speed: 17.699956 creatures/sec. Server status: 19:45:19: 6623x RT, 110.4 creatures/sec. Fitness: best=3067.6, avg=1618.7, new=(qd-mutate=1092.2, qd-large-mutate=1064.8, curl-left=837.8, template-m2-wheel-biased=1016.0, curl-right=616.7). MAP-Elites(8x8, morphologies=3): occupied=48, pending=192, in flight=38
Speed: 18.099995 creatures/sec. Server status: 19:45:29: 6362x RT, 106.0 creatures/sec. Fitness: best=3067.6, avg=1618.7, new=(qd-mutate=1037.4, qd-large-mutate=1001.4, curl-right=750.7, curl-left=702.2, template-m2-wheel-biased=677.6). MAP-Elites(8x8, morphologies=3): occupied=48, pending=192, in flight=38
Speed: 18.099993 creatures/sec. Server status: 19:45:29: 6362x RT, 106.0 creatures/sec. Fitness: best=3067.6, avg=1618.7, new=(qd-mutate=1037.4, qd-large-mutate=1001.4, curl-right=750.7, curl-left=702.2, template-m2-wheel-biased=677.6). MAP-Elites(8x8, morphologies=3): occupied=48, pending=192, in flight=38
Speed: 17.799991 creatures/sec. Server status: 19:45:29: 6362x RT, 106.0 creatures/sec. Fitness: best=3067.6, avg=1618.7, new=(qd-mutate=1037.4, qd-large-mutate=1001.4, curl-right=750.7, curl-left=702.2, template-m2-wheel-biased=677.6). MAP-Elites(8x8, morphologies=3): occupied=48, pending=192, in flight=38
Speed: 17.999989 creatures/sec. Server status: 19:45:29: 6362x RT, 106.0 creatures/sec. Fitness: best=3067.6, avg=1618.7, new=(qd-mutate=1037.4, qd-large-mutate=1001.4, curl-right=750.7, curl-left=702.2, template-m2-wheel-biased=677.6). MAP-Elites(8x8, morphologies=3): occupied=48, pending=192, in flight=38
Speed: 17.999969 creatures/sec. Server status: 19:45:29: 6362x RT, 106.0 creatures/sec. Fitness: best=3067.6, avg=1618.7, new=(qd-mutate=1037.4, qd-large-mutate=1001.4, curl-right=750.7, curl-left=702.2, template-m2-wheel-biased=677.6). MAP-Elites(8x8, morphologies=3): occupied=48, pending=192, in flight=38
Speed: 17.899952 creatures/sec. Server status: 19:45:29: 6362x RT, 106.0 creatures/sec. Fitness: best=3067.6, avg=1618.7, new=(qd-mutate=1037.4, qd-large-mutate=1001.4, curl-right=750.7, curl-left=702.2, template-m2-wheel-biased=677.6). MAP-Elites(8x8, morphologies=3): occupied=48, pending=192, in flight=38
Speed: 18.499987 creatures/sec. Server status: 19:45:40: 6580x RT, 109.7 creatures/sec. Fitness: best=3067.6, avg=1618.7, new=(qd-mutate=1050.7, qd-large-mutate=1243.6, curl-right=965.9, template-m2-wheel-biased=735.0, curl-left=738.4). MAP-Elites(8x8, morphologies=3): occupied=48, pending=192, in flight=38
Speed: 18.399983 creatures/sec. Server status: 19:45:40: 6580x RT, 109.7 creatures/sec. Fitness: best=3067.6, avg=1618.7, new=(qd-mutate=1050.7, qd-large-mutate=1243.6, curl-right=965.9, template-m2-wheel-biased=735.0, curl-left=738.4). MAP-Elites(8x8, morphologies=3): occupied=48, pending=192, in flight=38
Speed: 18.099993 creatures/sec. Server status: 19:45:40: 6580x RT, 109.7 creatures/sec. Fitness: best=3067.6, avg=1618.7, new=(qd-mutate=1050.7, qd-large-mutate=1243.6, curl-right=965.9, template-m2-wheel-biased=735.0, curl-left=738.4). MAP-Elites(8x8, morphologies=3): occupied=48, pending=192, in flight=38
Speed: 18.299989 creatures/sec. Server status: 19:45:40: 6580x RT, 109.7 creatures/sec. Fitness: best=3067.6, avg=1618.7, new=(qd-mutate=1050.7, qd-large-mutate=1243.6, curl-right=965.9, template-m2-wheel-biased=735.0, curl-left=738.4). MAP-Elites(8x8, morphologies=3): occupied=48, pending=192, in flight=38
Speed: 18.299982 creatures/sec. Server status: 19:45:40: 6580x RT, 109.7 creatures/sec. Fitness: best=3067.6, avg=1618.7, new=(qd-mutate=1050.7, qd-large-mutate=1243.6, curl-right=965.9, template-m2-wheel-biased=735.0, curl-left=738.4). MAP-Elites(8x8, morphologies=3): occupied=48, pending=192, in flight=38
Speed: 18.199991 creatures/sec. Server status: 19:45:40: 6580x RT, 109.7 creatures/sec. Fitness: best=3067.6, avg=1618.7, new=(qd-mutate=1050.7, qd-large-mutate=1243.6, curl-right=965.9, template-m2-wheel-biased=735.0, curl-left=738.4). MAP-Elites(8x8, morphologies=3): occupied=48, pending=192, in flight=38
Speed: 18.299984 creatures/sec. Server status: 19:45:50: 6541x RT, 109.0 creatures/sec. Fitness: best=3067.6, avg=1618.7, new=(qd-mutate=1125.3, template-m2-wheel-biased=855.9, qd-large-mutate=1247.1, curl-right=812.2, curl-left=757.6). MAP-Elites(8x8, morphologies=3): occupied=48, pending=192, in flight=38
Speed: 18.299978 creatures/sec. Server status: 19:45:50: 6541x RT, 109.0 creatures/sec. Fitness: best=3067.6, avg=1618.7, new=(qd-mutate=1125.3, template-m2-wheel-biased=855.9, qd-large-mutate=1247.1, curl-right=812.2, curl-left=757.6). MAP-Elites(8x8, morphologies=3): occupied=48, pending=192, in flight=38
Speed: 18.199960 creatures/sec. Server status: 19:45:50: 6541x RT, 109.0 creatures/sec. Fitness: best=3067.6, avg=1618.7, new=(qd-mutate=1125.3, template-m2-wheel-biased=855.9, qd-large-mutate=1247.1, curl-right=812.2, curl-left=757.6). MAP-Elites(8x8, morphologies=3): occupied=48, pending=192, in flight=38
Speed: 18.299987 creatures/sec. Server status: 19:45:50: 6541x RT, 109.0 creatures/sec. Fitness: best=3067.6, avg=1618.7, new=(qd-mutate=1125.3, template-m2-wheel-biased=855.9, qd-large-mutate=1247.1, curl-right=812.2, curl-left=757.6). MAP-Elites(8x8, morphologies=3): occupied=48, pending=192, in flight=38
Speed: 18.199998 creatures/sec. Server status: 19:45:50: 6541x RT, 109.0 creatures/sec. Fitness: best=3067.6, avg=1618.7, new=(qd-mutate=1125.3, template-m2-wheel-biased=855.9, qd-large-mutate=1247.1, curl-right=812.2, curl-left=757.6). MAP-Elites(8x8, morphologies=3): occupied=48, pending=192, in flight=38
Speed: 18.199982 creatures/sec. Server status: 19:45:50: 6541x RT, 109.0 creatures/sec. Fitness: best=3067.6, avg=1618.7, new=(qd-mutate=1125.3, template-m2-wheel-biased=855.9, qd-large-mutate=1247.1, curl-right=812.2, curl-left=757.6). MAP-Elites(8x8, morphologies=3): occupied=48, pending=192, in flight=38
Speed: 18.299989 creatures/sec. Server status: 19:46:00: 6566x RT, 109.4 creatures/sec. Fitness: best=3067.6, avg=1618.7, new=(qd-mutate=1043.2, qd-large-mutate=1129.9, curl-right=675.9, curl-left=574.6, template-m2-wheel-biased=789.3). MAP-Elites(8x8, morphologies=3): occupied=48, pending=192, in flight=38
Speed: 18.299993 creatures/sec. Server status: 19:46:00: 6566x RT, 109.4 creatures/sec. Fitness: best=3067.6, avg=1618.7, new=(qd-mutate=1043.2, qd-large-mutate=1129.9, curl-right=675.9, curl-left=574.6, template-m2-wheel-biased=789.3). MAP-Elites(8x8, morphologies=3): occupied=48, pending=192, in flight=38
Speed: 18.199980 creatures/sec. Server status: 19:46:00: 6566x RT, 109.4 creatures/sec. Fitness: best=3067.6, avg=1618.7, new=(qd-mutate=1043.2, qd-large-mutate=1129.9, curl-right=675.9, curl-left=574.6, template-m2-wheel-biased=789.3). MAP-Elites(8x8, morphologies=3): occupied=48, pending=192, in flight=38
Speed: 18.199984 creatures/sec. Server status: 19:46:00: 6566x RT, 109.4 creatures/sec. Fitness: best=3067.6, avg=1618.7, new=(qd-mutate=1043.2, qd-large-mutate=1129.9, curl-right=675.9, curl-left=574.6, template-m2-wheel-biased=789.3). MAP-Elites(8x8, morphologies=3): occupied=48, pending=192, in flight=38
Speed: 18.199991 creatures/sec. Server status: 19:46:00: 6566x RT, 109.4 creatures/sec. Fitness: best=3067.6, avg=1618.7, new=(qd-mutate=1043.2, qd-large-mutate=1129.9, curl-right=675.9, curl-left=574.6, template-m2-wheel-biased=789.3). MAP-Elites(8x8, morphologies=3): occupied=48, pending=192, in flight=38
Speed: 18.199991 creatures/sec. Server status: 19:46:00: 6566x RT, 109.4 creatures/sec. Fitness: best=3067.6, avg=1618.7, new=(qd-mutate=1043.2, qd-large-mutate=1129.9, curl-right=675.9, curl-left=574.6, template-m2-wheel-biased=789.3). MAP-Elites(8x8, morphologies=3): occupied=48, pending=192, in flight=38
Speed: 18.399998 creatures/sec. Server status: 19:46:10: 6529x RT, 108.8 creatures/sec. Fitness: best=3067.6, avg=1618.7, new=(qd-large-mutate=1183.2, qd-mutate=1150.8, template-m2-wheel-biased=769.6, curl-right=897.8). MAP-Elites(8x8, morphologies=3): occupied=48, pending=192, in flight=38
Speed: 18.299949 creatures/sec. Server status: 19:46:10: 6529x RT, 108.8 creatures/sec. Fitness: best=3067.6, avg=1618.7, new=(qd-large-mutate=1183.2, qd-mutate=1150.8, template-m2-wheel-biased=769.6, curl-right=897.8). MAP-Elites(8x8, morphologies=3): occupied=48, pending=192, in flight=38
Speed: 17.999989 creatures/sec. Server status: 19:46:10: 6529x RT, 108.8 creatures/sec. Fitness: best=3067.6, avg=1618.7, new=(qd-large-mutate=1183.2, qd-mutate=1150.8, template-m2-wheel-biased=769.6, curl-right=897.8). MAP-Elites(8x8, morphologies=3): occupied=48, pending=192, in flight=38
Speed: 18.399993 creatures/sec. Server status: 19:46:10: 6529x RT, 108.8 creatures/sec. Fitness: best=3067.6, avg=1618.7, new=(qd-large-mutate=1183.2, qd-mutate=1150.8, template-m2-wheel-biased=769.6, curl-right=897.8). MAP-Elites(8x8, morphologies=3): occupied=48, pending=192, in flight=38
Speed: 18.099987 creatures/sec. Server status: 19:46:10: 6529x RT, 108.8 creatures/sec. Fitness: best=3067.6, avg=1618.7, new=(qd-large-mutate=1183.2, qd-mutate=1150.8, template-m2-wheel-biased=769.6, curl-right=897.8). MAP-Elites(8x8, morphologies=3): occupied=48, pending=192, in flight=38
Speed: 18.199989 creatures/sec. Server status: 19:46:10: 6529x RT, 108.8 creatures/sec. Fitness: best=3067.6, avg=1618.7, new=(qd-large-mutate=1183.2, qd-mutate=1150.8, template-m2-wheel-biased=769.6, curl-right=897.8). MAP-Elites(8x8, morphologies=3): occupied=48, pending=192, in flight=38
Speed: 18.200000 creatures/sec. Server status: 19:46:19: 6584x RT, 109.7 creatures/sec. Fitness: best=3067.6, avg=1618.7, new=(qd-mutate=1003.5, curl-left=731.1, qd-large-mutate=1210.2, curl-right=1560.4, template-m2-wheel-biased=825.2). MAP-Elites(8x8, morphologies=3): occupied=48, pending=192, in flight=38
Speed: 18.299996 creatures/sec. Server status: 19:46:19: 6584x RT, 109.7 creatures/sec. Fitness: best=3067.6, avg=1618.7, new=(qd-mutate=1003.5, curl-left=731.1, qd-large-mutate=1210.2, curl-right=1560.4, template-m2-wheel-biased=825.2). MAP-Elites(8x8, morphologies=3): occupied=48, pending=192, in flight=38
Speed: 17.999997 creatures/sec. Server status: 19:46:19: 6584x RT, 109.7 creatures/sec. Fitness: best=3067.6, avg=1618.7, new=(qd-mutate=1003.5, curl-left=731.1, qd-large-mutate=1210.2, curl-right=1560.4, template-m2-wheel-biased=825.2). MAP-Elites(8x8, morphologies=3): occupied=48, pending=192, in flight=38
Speed: 18.199989 creatures/sec. Server status: 19:46:19: 6584x RT, 109.7 creatures/sec. Fitness: best=3067.6, avg=1618.7, new=(qd-mutate=1003.5, curl-left=731.1, qd-large-mutate=1210.2, curl-right=1560.4, template-m2-wheel-biased=825.2). MAP-Elites(8x8, morphologies=3): occupied=48, pending=192, in flight=38
Speed: 18.199989 creatures/sec. Server status: 19:46:19: 6584x RT, 109.7 creatures/sec. Fitness: best=3067.6, avg=1618.7, new=(qd-mutate=1003.5, curl-left=731.1, qd-large-mutate=1210.2, curl-right=1560.4, template-m2-wheel-biased=825.2). MAP-Elites(8x8, morphologies=3): occupied=48, pending=192, in flight=38
Speed: 18.099965 creatures/sec. Server status: 19:46:19: 6584x RT, 109.7 creatures/sec. Fitness: best=3067.6, avg=1618.7, new=(qd-mutate=1003.5, curl-left=731.1, qd-large-mutate=1210.2, curl-right=1560.4, template-m2-wheel-biased=825.2). MAP-Elites(8x8, morphologies=3): occupied=48, pending=192, in flight=38
Speed: 18.199986 creatures/sec. Server status: 19:46:29: 6449x RT, 107.5 creatures/sec. Fitness: best=3067.6, avg=1618.7, new=(template-m2-wheel-biased=877.0, qd-large-mutate=1077.7, qd-mutate=1054.4, curl-left=845.7, curl-right=1391.4). MAP-Elites(8x8, morphologies=3): occupied=48, pending=192, in flight=38
Speed: 18.199973 creatures/sec. Server status: 19:46:29: 6449x RT, 107.5 creatures/sec. Fitness: best=3067.6, avg=1618.7, new=(template-m2-wheel-biased=877.0, qd-large-mutate=1077.7, qd-mutate=1054.4, curl-left=845.7, curl-right=1391.4). MAP-Elites(8x8, morphologies=3): occupied=48, pending=192, in flight=38
Speed: 17.899985 creatures/sec. Server status: 19:46:29: 6449x RT, 107.5 creatures/sec. Fitness: best=3067.6, avg=1618.7, new=(template-m2-wheel-biased=877.0, qd-large-mutate=1077.7, qd-mutate=1054.4, curl-left=845.7, curl-right=1391.4). MAP-Elites(8x8, morphologies=3): occupied=48, pending=192, in flight=38
Speed: 18.199974 creatures/sec. Server status: 19:46:29: 6449x RT, 107.5 creatures/sec. Fitness: best=3067.6, avg=1618.7, new=(template-m2-wheel-biased=877.0, qd-large-mutate=1077.7, qd-mutate=1054.4, curl-left=845.7, curl-right=1391.4). MAP-Elites(8x8, morphologies=3): occupied=48, pending=192, in flight=38
Speed: 17.899996 creatures/sec. Server status: 19:46:29: 6449x RT, 107.5 creatures/sec. Fitness: best=3067.6, avg=1618.7, new=(template-m2-wheel-biased=877.0, qd-large-mutate=1077.7, qd-mutate=1054.4, curl-left=845.7, curl-right=1391.4). MAP-Elites(8x8, morphologies=3): occupied=48, pending=192, in flight=38
Speed: 18.099984 creatures/sec. Server status: 19:46:29: 6449x RT, 107.5 creatures/sec. Fitness: best=3067.6, avg=1618.7, new=(template-m2-wheel-biased=877.0, qd-large-mutate=1077.7, qd-mutate=1054.4, curl-left=845.7, curl-right=1391.4). MAP-Elites(8x8, morphologies=3): occupied=48, pending=192, in flight=38
Speed: 15.599998 creatures/sec. Server status: 19:46:39: 4231x RT, 70.5 creatures/sec. Fitness: best=3067.6, avg=1620.1, new=(qd-mutate=1055.6, curl-left=873.6, qd-large-mutate=1066.8). MAP-Elites(8x8, morphologies=3): occupied=48, pending=192, in flight=38
Speed: 15.599980 creatures/sec. Server status: 19:46:39: 4231x RT, 70.5 creatures/sec. Fitness: best=3067.6, avg=1620.1, new=(qd-mutate=1055.6, curl-left=873.6, qd-large-mutate=1066.8). MAP-Elites(8x8, morphologies=3): occupied=48, pending=192, in flight=38
Speed: 15.499983 creatures/sec. Server status: 19:46:39: 4231x RT, 70.5 creatures/sec. Fitness: best=3067.6, avg=1620.1, new=(qd-mutate=1055.6, curl-left=873.6, qd-large-mutate=1066.8). MAP-Elites(8x8, morphologies=3): occupied=48, pending=192, in flight=38
Speed: 15.399982 creatures/sec. Server status: 19:46:39: 4231x RT, 70.5 creatures/sec. Fitness: best=3067.6, avg=1620.1, new=(qd-mutate=1055.6, curl-left=873.6, qd-large-mutate=1066.8). MAP-Elites(8x8, morphologies=3): occupied=48, pending=192, in flight=38
Speed: 15.399996 creatures/sec. Server status: 19:46:39: 4231x RT, 70.5 creatures/sec. Fitness: best=3067.6, avg=1620.1, new=(qd-mutate=1055.6, curl-left=873.6, qd-large-mutate=1066.8). MAP-Elites(8x8, morphologies=3): occupied=48, pending=192, in flight=38
Speed: 15.399977 creatures/sec. Server status: 19:46:39: 4231x RT, 70.5 creatures/sec. Fitness: best=3067.6, avg=1620.1, new=(qd-mutate=1055.6, curl-left=873.6, qd-large-mutate=1066.8). MAP-Elites(8x8, morphologies=3): occupied=48, pending=192, in flight=38
Speed: 12.599987 creatures/sec. Server status: 19:46:50: 3984x RT, 66.4 creatures/sec. Fitness: best=3067.6, avg=1620.1, new=(qd-large-mutate=1098.1, template-m2-wheel-biased=857.2, qd-mutate=1141.9, curl-left=782.5, curl-right=902.9). MAP-Elites(8x8, morphologies=3): occupied=48, pending=192, in flight=38
Speed: 12.699990 creatures/sec. Server status: 19:46:50: 3984x RT, 66.4 creatures/sec. Fitness: best=3067.6, avg=1620.1, new=(qd-large-mutate=1098.1, template-m2-wheel-biased=857.2, qd-mutate=1141.9, curl-left=782.5, curl-right=902.9). MAP-Elites(8x8, morphologies=3): occupied=48, pending=192, in flight=38
Speed: 12.299968 creatures/sec. Server status: 19:46:50: 3984x RT, 66.4 creatures/sec. Fitness: best=3067.6, avg=1620.1, new=(qd-large-mutate=1098.1, template-m2-wheel-biased=857.2, qd-mutate=1141.9, curl-left=782.5, curl-right=902.9). MAP-Elites(8x8, morphologies=3): occupied=48, pending=192, in flight=38
Speed: 12.499795 creatures/sec. Server status: 19:46:50: 3984x RT, 66.4 creatures/sec. Fitness: best=3067.6, avg=1620.1, new=(qd-large-mutate=1098.1, template-m2-wheel-biased=857.2, qd-mutate=1141.9, curl-left=782.5, curl-right=902.9). MAP-Elites(8x8, morphologies=3): occupied=48, pending=192, in flight=38
Speed: 12.499979 creatures/sec. Server status: 19:46:50: 3984x RT, 66.4 creatures/sec. Fitness: best=3067.6, avg=1620.1, new=(qd-large-mutate=1098.1, template-m2-wheel-biased=857.2, qd-mutate=1141.9, curl-left=782.5, curl-right=902.9). MAP-Elites(8x8, morphologies=3): occupied=48, pending=192, in flight=38
Speed: 12.499999 creatures/sec. Server status: 19:46:50: 3984x RT, 66.4 creatures/sec. Fitness: best=3067.6, avg=1620.1, new=(qd-large-mutate=1098.1, template-m2-wheel-biased=857.2, qd-mutate=1141.9, curl-left=782.5, curl-right=902.9). MAP-Elites(8x8, morphologies=3): occupied=48, pending=192, in flight=38
Speed: 13.199990 creatures/sec. Server status: 19:47:00: 4926x RT, 82.1 creatures/sec. Fitness: best=3067.6, avg=1620.1, new=(qd-mutate=985.6, curl-left=598.3, template-m2-wheel-biased=1080.6, qd-large-mutate=1095.7, curl-right=715.3). MAP-Elites(8x8, morphologies=3): occupied=48, pending=192, in flight=38
Speed: 13.299981 creatures/sec. Server status: 19:47:00: 4926x RT, 82.1 creatures/sec. Fitness: best=3067.6, avg=1620.1, new=(qd-mutate=985.6, curl-left=598.3, template-m2-wheel-biased=1080.6, qd-large-mutate=1095.7, curl-right=715.3). MAP-Elites(8x8, morphologies=3): occupied=48, pending=192, in flight=38
Speed: 13.099988 creatures/sec. Server status: 19:47:00: 4926x RT, 82.1 creatures/sec. Fitness: best=3067.6, avg=1620.1, new=(qd-mutate=985.6, curl-left=598.3, template-m2-wheel-biased=1080.6, qd-large-mutate=1095.7, curl-right=715.3). MAP-Elites(8x8, morphologies=3): occupied=48, pending=192, in flight=38
Speed: 13.099992 creatures/sec. Server status: 19:47:00: 4926x RT, 82.1 creatures/sec. Fitness: best=3067.6, avg=1620.1, new=(qd-mutate=985.6, curl-left=598.3, template-m2-wheel-biased=1080.6, qd-large-mutate=1095.7, curl-right=715.3). MAP-Elites(8x8, morphologies=3): occupied=48, pending=192, in flight=38
Speed: 13.099994 creatures/sec. Server status: 19:47:00: 4926x RT, 82.1 creatures/sec. Fitness: best=3067.6, avg=1620.1, new=(qd-mutate=985.6, curl-left=598.3, template-m2-wheel-biased=1080.6, qd-large-mutate=1095.7, curl-right=715.3). MAP-Elites(8x8, morphologies=3): occupied=48, pending=192, in flight=38
Speed: 13.199987 creatures/sec. Server status: 19:47:00: 4926x RT, 82.1 creatures/sec. Fitness: best=3067.6, avg=1620.1, new=(qd-mutate=985.6, curl-left=598.3, template-m2-wheel-biased=1080.6, qd-large-mutate=1095.7, curl-right=715.3). MAP-Elites(8x8, morphologies=3): occupied=48, pending=192, in flight=38
Speed: 12.999967 creatures/sec. Server status: 19:47:09: 4259x RT, 71.0 creatures/sec. Fitness: best=3067.6, avg=1620.1, new=(qd-large-mutate=1128.4, qd-mutate=1019.4, template-m2-wheel-biased=866.9, curl-right=743.7, curl-left=703.8). MAP-Elites(8x8, morphologies=3): occupied=48, pending=192, in flight=38
Speed: 12.999974 creatures/sec. Server status: 19:47:09: 4259x RT, 71.0 creatures/sec. Fitness: best=3067.6, avg=1620.1, new=(qd-large-mutate=1128.4, qd-mutate=1019.4, template-m2-wheel-biased=866.9, curl-right=743.7, curl-left=703.8). MAP-Elites(8x8, morphologies=3): occupied=48, pending=192, in flight=38
Speed: 12.899973 creatures/sec. Server status: 19:47:09: 4259x RT, 71.0 creatures/sec. Fitness: best=3067.6, avg=1620.1, new=(qd-large-mutate=1128.4, qd-mutate=1019.4, template-m2-wheel-biased=866.9, curl-right=743.7, curl-left=703.8). MAP-Elites(8x8, morphologies=3): occupied=48, pending=192, in flight=38
Speed: 12.899988 creatures/sec. Server status: 19:47:09: 4259x RT, 71.0 creatures/sec. Fitness: best=3067.6, avg=1620.1, new=(qd-large-mutate=1128.4, qd-mutate=1019.4, template-m2-wheel-biased=866.9, curl-right=743.7, curl-left=703.8). MAP-Elites(8x8, morphologies=3): occupied=48, pending=192, in flight=38
Speed: 12.899987 creatures/sec. Server status: 19:47:09: 4259x RT, 71.0 creatures/sec. Fitness: best=3067.6, avg=1620.1, new=(qd-large-mutate=1128.4, qd-mutate=1019.4, template-m2-wheel-biased=866.9, curl-right=743.7, curl-left=703.8). MAP-Elites(8x8, morphologies=3): occupied=48, pending=192, in flight=38
Speed: 12.899978 creatures/sec. Server status: 19:47:09: 4259x RT, 71.0 creatures/sec. Fitness: best=3067.6, avg=1620.1, new=(qd-large-mutate=1128.4, qd-mutate=1019.4, template-m2-wheel-biased=866.9, curl-right=743.7, curl-left=703.8). MAP-Elites(8x8, morphologies=3): occupied=48, pending=192, in flight=38
Speed: 13.099998 creatures/sec. Server status: 19:47:19: 4734x RT, 78.9 creatures/sec. Fitness: best=3067.6, avg=1621.3, new=(qd-mutate=1074.3, template-m2-wheel-biased=729.2, qd-large-mutate=1115.8, curl-right=820.6, curl-left=1040.8). MAP-Elites(8x8, morphologies=3): occupied=48, pending=192, in flight=38
Speed: 13.199989 creatures/sec. Server status: 19:47:19: 4734x RT, 78.9 creatures/sec. Fitness: best=3067.6, avg=1621.3, new=(qd-mutate=1074.3, template-m2-wheel-biased=729.2, qd-large-mutate=1115.8, curl-right=820.6, curl-left=1040.8). MAP-Elites(8x8, morphologies=3): occupied=48, pending=192, in flight=38
Speed: 12.999991 creatures/sec. Server status: 19:47:19: 4734x RT, 78.9 creatures/sec. Fitness: best=3067.6, avg=1621.3, new=(qd-mutate=1074.3, template-m2-wheel-biased=729.2, qd-large-mutate=1115.8, curl-right=820.6, curl-left=1040.8). MAP-Elites(8x8, morphologies=3): occupied=48, pending=192, in flight=38
Speed: 13.099958 creatures/sec. Server status: 19:47:19: 4734x RT, 78.9 creatures/sec. Fitness: best=3067.6, avg=1621.3, new=(qd-mutate=1074.3, template-m2-wheel-biased=729.2, qd-large-mutate=1115.8, curl-right=820.6, curl-left=1040.8). MAP-Elites(8x8, morphologies=3): occupied=48, pending=192, in flight=38
Speed: 12.899964 creatures/sec. Server status: 19:47:19: 4734x RT, 78.9 creatures/sec. Fitness: best=3067.6, avg=1621.3, new=(qd-mutate=1074.3, template-m2-wheel-biased=729.2, qd-large-mutate=1115.8, curl-right=820.6, curl-left=1040.8). MAP-Elites(8x8, morphologies=3): occupied=48, pending=192, in flight=38
Speed: 12.899977 creatures/sec. Server status: 19:47:19: 4734x RT, 78.9 creatures/sec. Fitness: best=3067.6, avg=1621.3, new=(qd-mutate=1074.3, template-m2-wheel-biased=729.2, qd-large-mutate=1115.8, curl-right=820.6, curl-left=1040.8). MAP-Elites(8x8, morphologies=3): occupied=48, pending=192, in flight=38
Speed: 9.499990 creatures/sec. Server status: 19:47:29: 2073x RT, 34.6 creatures/sec. Fitness: best=3067.6, avg=1621.3, new=(qd-mutate=964.9, qd-large-mutate=1267.7, template-m2-wheel-biased=755.1, curl-left=818.3). MAP-Elites(8x8, morphologies=3): occupied=48, pending=192, in flight=38
Speed: 9.599986 creatures/sec. Server status: 19:47:29: 2073x RT, 34.6 creatures/sec. Fitness: best=3067.6, avg=1621.3, new=(qd-mutate=964.9, qd-large-mutate=1267.7, template-m2-wheel-biased=755.1, curl-left=818.3). MAP-Elites(8x8, morphologies=3): occupied=48, pending=192, in flight=38
Speed: 9.499748 creatures/sec. Server status: 19:47:29: 2073x RT, 34.6 creatures/sec. Fitness: best=3067.6, avg=1621.3, new=(qd-mutate=964.9, qd-large-mutate=1267.7, template-m2-wheel-biased=755.1, curl-left=818.3). MAP-Elites(8x8, morphologies=3): occupied=48, pending=192, in flight=38
Speed: 9.599998 creatures/sec. Server status: 19:47:29: 2073x RT, 34.6 creatures/sec. Fitness: best=3067.6, avg=1621.3, new=(qd-mutate=964.9, qd-large-mutate=1267.7, template-m2-wheel-biased=755.1, curl-left=818.3). MAP-Elites(8x8, morphologies=3): occupied=48, pending=192, in flight=38
Speed: 9.499991 creatures/sec. Server status: 19:47:29: 2073x RT, 34.6 creatures/sec. Fitness: best=3067.6, avg=1621.3, new=(qd-mutate=964.9, qd-large-mutate=1267.7, template-m2-wheel-biased=755.1, curl-left=818.3). MAP-Elites(8x8, morphologies=3): occupied=48, pending=192, in flight=38
Speed: 9.599854 creatures/sec. Server status: 19:47:29: 2073x RT, 34.6 creatures/sec. Fitness: best=3067.6, avg=1621.3, new=(qd-mutate=964.9, qd-large-mutate=1267.7, template-m2-wheel-biased=755.1, curl-left=818.3). MAP-Elites(8x8, morphologies=3): occupied=48, pending=192, in flight=38
Speed: 7.999635 creatures/sec. Server status: 19:47:40: 2504x RT, 41.7 creatures/sec. Fitness: best=3067.6, avg=1621.3, new=(qd-mutate=1000.9, curl-left=685.9, qd-large-mutate=1058.5, template-m2-wheel-biased=499.2, curl-right=577.8). MAP-Elites(8x8, morphologies=3): occupied=48, pending=192, in flight=38
Speed: 7.999981 creatures/sec. Server status: 19:47:40: 2504x RT, 41.7 creatures/sec. Fitness: best=3067.6, avg=1621.3, new=(qd-mutate=1000.9, curl-left=685.9, qd-large-mutate=1058.5, template-m2-wheel-biased=499.2, curl-right=577.8). MAP-Elites(8x8, morphologies=3): occupied=48, pending=192, in flight=38
Speed: 7.999992 creatures/sec. Server status: 19:47:40: 2504x RT, 41.7 creatures/sec. Fitness: best=3067.6, avg=1621.3, new=(qd-mutate=1000.9, curl-left=685.9, qd-large-mutate=1058.5, template-m2-wheel-biased=499.2, curl-right=577.8). MAP-Elites(8x8, morphologies=3): occupied=48, pending=192, in flight=38
Speed: 7.999757 creatures/sec. Server status: 19:47:40: 2504x RT, 41.7 creatures/sec. Fitness: best=3067.6, avg=1621.3, new=(qd-mutate=1000.9, curl-left=685.9, qd-large-mutate=1058.5, template-m2-wheel-biased=499.2, curl-right=577.8). MAP-Elites(8x8, morphologies=3): occupied=48, pending=192, in flight=38
Speed: 8.099101 creatures/sec. Server status: 19:47:40: 2504x RT, 41.7 creatures/sec. Fitness: best=3067.6, avg=1621.3, new=(qd-mutate=1000.9, curl-left=685.9, qd-large-mutate=1058.5, template-m2-wheel-biased=499.2, curl-right=577.8). MAP-Elites(8x8, morphologies=3): occupied=48, pending=192, in flight=38
Speed: 7.699997 creatures/sec. Server status: 19:47:40: 2504x RT, 41.7 creatures/sec. Fitness: best=3067.6, avg=1621.3, new=(qd-mutate=1000.9, curl-left=685.9, qd-large-mutate=1058.5, template-m2-wheel-biased=499.2, curl-right=577.8). MAP-Elites(8x8, morphologies=3): occupied=48, pending=192, in flight=38
Speed: 8.899997 creatures/sec. Server status: 19:47:50: 3069x RT, 51.2 creatures/sec. Fitness: best=3067.6, avg=1621.3, new=(qd-mutate=1090.0, qd-large-mutate=1100.3, template-m2-wheel-biased=656.8, curl-right=589.7, curl-left=596.2). MAP-Elites(8x8, morphologies=3): occupied=48, pending=192, in flight=38
Speed: 8.799996 creatures/sec. Server status: 19:47:50: 3069x RT, 51.2 creatures/sec. Fitness: best=3067.6, avg=1621.3, new=(qd-mutate=1090.0, qd-large-mutate=1100.3, template-m2-wheel-biased=656.8, curl-right=589.7, curl-left=596.2). MAP-Elites(8x8, morphologies=3): occupied=48, pending=192, in flight=38
Speed: 8.799989 creatures/sec. Server status: 19:47:50: 3069x RT, 51.2 creatures/sec. Fitness: best=3067.6, avg=1621.3, new=(qd-mutate=1090.0, qd-large-mutate=1100.3, template-m2-wheel-biased=656.8, curl-right=589.7, curl-left=596.2). MAP-Elites(8x8, morphologies=3): occupied=48, pending=192, in flight=38
Speed: 8.799985 creatures/sec. Server status: 19:47:50: 3069x RT, 51.2 creatures/sec. Fitness: best=3067.6, avg=1621.3, new=(qd-mutate=1090.0, qd-large-mutate=1100.3, template-m2-wheel-biased=656.8, curl-right=589.7, curl-left=596.2). MAP-Elites(8x8, morphologies=3): occupied=48, pending=192, in flight=38
Speed: 8.599995 creatures/sec. Server status: 19:47:50: 3069x RT, 51.2 creatures/sec. Fitness: best=3067.6, avg=1621.3, new=(qd-mutate=1090.0, qd-large-mutate=1100.3, template-m2-wheel-biased=656.8, curl-right=589.7, curl-left=596.2). MAP-Elites(8x8, morphologies=3): occupied=48, pending=192, in flight=38
Speed: 8.699437 creatures/sec. Server status: 19:47:50: 3069x RT, 51.2 creatures/sec. Fitness: best=3067.6, avg=1621.3, new=(qd-mutate=1090.0, qd-large-mutate=1100.3, template-m2-wheel-biased=656.8, curl-right=589.7, curl-left=596.2). MAP-Elites(8x8, morphologies=3): occupied=48, pending=192, in flight=38
Speed: 9.699998 creatures/sec. Server status: 19:48:00: 4507x RT, 75.1 creatures/sec. Fitness: best=3067.6, avg=1621.3, new=(qd-mutate=1064.1, qd-large-mutate=1055.2, template-m2-wheel-biased=832.2, curl-left=675.8). MAP-Elites(8x8, morphologies=3): occupied=48, pending=192, in flight=38
Speed: 9.699996 creatures/sec. Server status: 19:48:00: 4507x RT, 75.1 creatures/sec. Fitness: best=3067.6, avg=1621.3, new=(qd-mutate=1064.1, qd-large-mutate=1055.2, template-m2-wheel-biased=832.2, curl-left=675.8). MAP-Elites(8x8, morphologies=3): occupied=48, pending=192, in flight=38
Speed: 9.499984 creatures/sec. Server status: 19:48:00: 4507x RT, 75.1 creatures/sec. Fitness: best=3067.6, avg=1621.3, new=(qd-mutate=1064.1, qd-large-mutate=1055.2, template-m2-wheel-biased=832.2, curl-left=675.8). MAP-Elites(8x8, morphologies=3): occupied=48, pending=192, in flight=38
Speed: 9.699988 creatures/sec. Server status: 19:48:00: 4507x RT, 75.1 creatures/sec. Fitness: best=3067.6, avg=1621.3, new=(qd-mutate=1064.1, qd-large-mutate=1055.2, template-m2-wheel-biased=832.2, curl-left=675.8). MAP-Elites(8x8, morphologies=3): occupied=48, pending=192, in flight=38
Speed: 9.499997 creatures/sec. Server status: 19:48:00: 4507x RT, 75.1 creatures/sec. Fitness: best=3067.6, avg=1621.3, new=(qd-mutate=1064.1, qd-large-mutate=1055.2, template-m2-wheel-biased=832.2, curl-left=675.8). MAP-Elites(8x8, morphologies=3): occupied=48, pending=192, in flight=38
Speed: 9.699967 creatures/sec. Server status: 19:48:00: 4507x RT, 75.1 creatures/sec. Fitness: best=3067.6, avg=1621.3, new=(qd-mutate=1064.1, qd-large-mutate=1055.2, template-m2-wheel-biased=832.2, curl-left=675.8). MAP-Elites(8x8, morphologies=3): occupied=48, pending=192, in flight=38
Speed: 12.300000 creatures/sec. Server status: 19:48:10: 4666x RT, 77.8 creatures/sec. Fitness: best=3067.6, avg=1621.3, new=(qd-mutate=1085.6, qd-large-mutate=1205.2, curl-left=492.2, curl-right=696.5, template-m2-wheel-biased=775.0). MAP-Elites(8x8, morphologies=3): occupied=48, pending=192, in flight=38
Speed: 12.599990 creatures/sec. Server status: 19:48:10: 4666x RT, 77.8 creatures/sec. Fitness: best=3067.6, avg=1621.3, new=(qd-mutate=1085.6, qd-large-mutate=1205.2, curl-left=492.2, curl-right=696.5, template-m2-wheel-biased=775.0). MAP-Elites(8x8, morphologies=3): occupied=48, pending=192, in flight=38
Speed: 12.100000 creatures/sec. Server status: 19:48:10: 4666x RT, 77.8 creatures/sec. Fitness: best=3067.6, avg=1621.3, new=(qd-mutate=1085.6, qd-large-mutate=1205.2, curl-left=492.2, curl-right=696.5, template-m2-wheel-biased=775.0). MAP-Elites(8x8, morphologies=3): occupied=48, pending=192, in flight=38
Speed: 12.299990 creatures/sec. Server status: 19:48:10: 4666x RT, 77.8 creatures/sec. Fitness: best=3067.6, avg=1621.3, new=(qd-mutate=1085.6, qd-large-mutate=1205.2, curl-left=492.2, curl-right=696.5, template-m2-wheel-biased=775.0). MAP-Elites(8x8, morphologies=3): occupied=48, pending=192, in flight=38
Speed: 12.199969 creatures/sec. Server status: 19:48:10: 4666x RT, 77.8 creatures/sec. Fitness: best=3067.6, avg=1621.3, new=(qd-mutate=1085.6, qd-large-mutate=1205.2, curl-left=492.2, curl-right=696.5, template-m2-wheel-biased=775.0). MAP-Elites(8x8, morphologies=3): occupied=48, pending=192, in flight=38
Speed: 12.199985 creatures/sec. Server status: 19:48:10: 4666x RT, 77.8 creatures/sec. Fitness: best=3067.6, avg=1621.3, new=(qd-mutate=1085.6, qd-large-mutate=1205.2, curl-left=492.2, curl-right=696.5, template-m2-wheel-biased=775.0). MAP-Elites(8x8, morphologies=3): occupied=48, pending=192, in flight=38
Speed: 11.299991 creatures/sec. Server status: 19:48:19: 4221x RT, 70.3 creatures/sec. Fitness: best=3067.6, avg=1621.3, new=(qd-mutate=1179.9, qd-large-mutate=985.5, curl-left=931.3, template-m2-wheel-biased=451.7, curl-right=889.6). MAP-Elites(8x8, morphologies=3): occupied=48, pending=192, in flight=38
Speed: 11.399977 creatures/sec. Server status: 19:48:19: 4221x RT, 70.3 creatures/sec. Fitness: best=3067.6, avg=1621.3, new=(qd-mutate=1179.9, qd-large-mutate=985.5, curl-left=931.3, template-m2-wheel-biased=451.7, curl-right=889.6). MAP-Elites(8x8, morphologies=3): occupied=48, pending=192, in flight=38
Speed: 11.199974 creatures/sec. Server status: 19:48:19: 4221x RT, 70.3 creatures/sec. Fitness: best=3067.6, avg=1621.3, new=(qd-mutate=1179.9, qd-large-mutate=985.5, curl-left=931.3, template-m2-wheel-biased=451.7, curl-right=889.6). MAP-Elites(8x8, morphologies=3): occupied=48, pending=192, in flight=38
Speed: 11.199899 creatures/sec. Server status: 19:48:19: 4221x RT, 70.3 creatures/sec. Fitness: best=3067.6, avg=1621.3, new=(qd-mutate=1179.9, qd-large-mutate=985.5, curl-left=931.3, template-m2-wheel-biased=451.7, curl-right=889.6). MAP-Elites(8x8, morphologies=3): occupied=48, pending=192, in flight=38
Speed: 11.299999 creatures/sec. Server status: 19:48:19: 4221x RT, 70.3 creatures/sec. Fitness: best=3067.6, avg=1621.3, new=(qd-mutate=1179.9, qd-large-mutate=985.5, curl-left=931.3, template-m2-wheel-biased=451.7, curl-right=889.6). MAP-Elites(8x8, morphologies=3): occupied=48, pending=192, in flight=38
Speed: 11.099969 creatures/sec. Server status: 19:48:21: 3936x RT, 65.6 creatures/sec. Fitness: best=3067.6, avg=1621.3, new=(qd-mutate=1137.3, qd-large-mutate=1051.5, curl-right=848.1, template-m2-wheel-biased=768.0). MAP-Elites(8x8, morphologies=3): occupied=48, pending=192, in flight=38
Speed: 12.999966 creatures/sec. Server status: 19:48:29: 4751x RT, 79.2 creatures/sec. Fitness: best=3067.6, avg=1621.3, new=(qd-large-mutate=1250.1, qd-mutate=1099.5, template-m2-wheel-biased=1118.0, curl-right=443.7, curl-left=691.5). MAP-Elites(8x8, morphologies=3): occupied=48, pending=192, in flight=38
Speed: 12.999987 creatures/sec. Server status: 19:48:29: 4751x RT, 79.2 creatures/sec. Fitness: best=3067.6, avg=1621.3, new=(qd-large-mutate=1250.1, qd-mutate=1099.5, template-m2-wheel-biased=1118.0, curl-right=443.7, curl-left=691.5). MAP-Elites(8x8, morphologies=3): occupied=48, pending=192, in flight=38
Speed: 12.699981 creatures/sec. Server status: 19:48:29: 4751x RT, 79.2 creatures/sec. Fitness: best=3067.6, avg=1621.3, new=(qd-large-mutate=1250.1, qd-mutate=1099.5, template-m2-wheel-biased=1118.0, curl-right=443.7, curl-left=691.5). MAP-Elites(8x8, morphologies=3): occupied=48, pending=192, in flight=38
Speed: 12.999943 creatures/sec. Server status: 19:48:29: 4751x RT, 79.2 creatures/sec. Fitness: best=3067.6, avg=1621.3, new=(qd-large-mutate=1250.1, qd-mutate=1099.5, template-m2-wheel-biased=1118.0, curl-right=443.7, curl-left=691.5). MAP-Elites(8x8, morphologies=3): occupied=48, pending=192, in flight=38
Speed: 12.899985 creatures/sec. Server status: 19:48:29: 4751x RT, 79.2 creatures/sec. Fitness: best=3067.6, avg=1621.3, new=(qd-large-mutate=1250.1, qd-mutate=1099.5, template-m2-wheel-biased=1118.0, curl-right=443.7, curl-left=691.5). MAP-Elites(8x8, morphologies=3): occupied=48, pending=192, in flight=38
Speed: 12.799626 creatures/sec. Server status: 19:48:29: 4751x RT, 79.2 creatures/sec. Fitness: best=3067.6, avg=1621.3, new=(qd-large-mutate=1250.1, qd-mutate=1099.5, template-m2-wheel-biased=1118.0, curl-right=443.7, curl-left=691.5). MAP-Elites(8x8, morphologies=3): occupied=48, pending=192, in flight=38
Speed: 11.499985 creatures/sec. Server status: 19:48:39: 3951x RT, 65.9 creatures/sec. Fitness: best=3067.6, avg=1625.2, new=(qd-mutate=1029.3, template-m2-wheel-biased=968.7, qd-large-mutate=1144.0, curl-right=515.4, curl-left=1078.1). MAP-Elites(8x8, morphologies=3): occupied=48, pending=192, in flight=38
Speed: 11.499977 creatures/sec. Server status: 19:48:39: 3951x RT, 65.9 creatures/sec. Fitness: best=3067.6, avg=1625.2, new=(qd-mutate=1029.3, template-m2-wheel-biased=968.7, qd-large-mutate=1144.0, curl-right=515.4, curl-left=1078.1). MAP-Elites(8x8, morphologies=3): occupied=48, pending=192, in flight=38
Speed: 11.399990 creatures/sec. Server status: 19:48:39: 3951x RT, 65.9 creatures/sec. Fitness: best=3067.6, avg=1625.2, new=(qd-mutate=1029.3, template-m2-wheel-biased=968.7, qd-large-mutate=1144.0, curl-right=515.4, curl-left=1078.1). MAP-Elites(8x8, morphologies=3): occupied=48, pending=192, in flight=38
Speed: 11.598540 creatures/sec. Server status: 19:48:39: 3951x RT, 65.9 creatures/sec. Fitness: best=3067.6, avg=1625.2, new=(qd-mutate=1029.3, template-m2-wheel-biased=968.7, qd-large-mutate=1144.0, curl-right=515.4, curl-left=1078.1). MAP-Elites(8x8, morphologies=3): occupied=48, pending=192, in flight=38
Speed: 11.498863 creatures/sec. Server status: 19:48:39: 3951x RT, 65.9 creatures/sec. Fitness: best=3067.6, avg=1625.2, new=(qd-mutate=1029.3, template-m2-wheel-biased=968.7, qd-large-mutate=1144.0, curl-right=515.4, curl-left=1078.1). MAP-Elites(8x8, morphologies=3): occupied=48, pending=192, in flight=38
Speed: 11.299603 creatures/sec. Server status: 19:48:39: 3951x RT, 65.9 creatures/sec. Fitness: best=3067.6, avg=1625.2, new=(qd-mutate=1029.3, template-m2-wheel-biased=968.7, qd-large-mutate=1144.0, curl-right=515.4, curl-left=1078.1). MAP-Elites(8x8, morphologies=3): occupied=48, pending=192, in flight=38
Speed: 7.899993 creatures/sec. Server status: 19:48:50: 3376x RT, 56.3 creatures/sec. Fitness: best=3067.6, avg=1625.2, new=(qd-mutate=1092.0, qd-large-mutate=1188.2, curl-right=849.8, curl-left=989.8, template-m2-wheel-biased=670.2). MAP-Elites(8x8, morphologies=3): occupied=48, pending=192, in flight=38
Speed: 7.699997 creatures/sec. Server status: 19:48:50: 3376x RT, 56.3 creatures/sec. Fitness: best=3067.6, avg=1625.2, new=(qd-mutate=1092.0, qd-large-mutate=1188.2, curl-right=849.8, curl-left=989.8, template-m2-wheel-biased=670.2). MAP-Elites(8x8, morphologies=3): occupied=48, pending=192, in flight=38
Speed: 7.999661 creatures/sec. Server status: 19:48:50: 3376x RT, 56.3 creatures/sec. Fitness: best=3067.6, avg=1625.2, new=(qd-mutate=1092.0, qd-large-mutate=1188.2, curl-right=849.8, curl-left=989.8, template-m2-wheel-biased=670.2). MAP-Elites(8x8, morphologies=3): occupied=48, pending=192, in flight=38
Speed: 7.799656 creatures/sec. Server status: 19:48:50: 3376x RT, 56.3 creatures/sec. Fitness: best=3067.6, avg=1625.2, new=(qd-mutate=1092.0, qd-large-mutate=1188.2, curl-right=849.8, curl-left=989.8, template-m2-wheel-biased=670.2). MAP-Elites(8x8, morphologies=3): occupied=48, pending=192, in flight=38
Speed: 7.899995 creatures/sec. Server status: 19:48:50: 3376x RT, 56.3 creatures/sec. Fitness: best=3067.6, avg=1625.2, new=(qd-mutate=1092.0, qd-large-mutate=1188.2, curl-right=849.8, curl-left=989.8, template-m2-wheel-biased=670.2). MAP-Elites(8x8, morphologies=3): occupied=48, pending=192, in flight=38
Speed: 7.899545 creatures/sec. Server status: 19:48:50: 3376x RT, 56.3 creatures/sec. Fitness: best=3067.6, avg=1625.2, new=(qd-mutate=1092.0, qd-large-mutate=1188.2, curl-right=849.8, curl-left=989.8, template-m2-wheel-biased=670.2). MAP-Elites(8x8, morphologies=3): occupied=48, pending=192, in flight=38
Speed: 7.299354 creatures/sec. Server status: 19:49:00: 1187x RT, 19.8 creatures/sec. Fitness: best=3067.6, avg=1625.2, new=(qd-mutate=1053.8, qd-large-mutate=1100.4, curl-right=837.1, template-m2-wheel-biased=1020.2). MAP-Elites(8x8, morphologies=3): occupied=48, pending=192, in flight=38
Speed: 7.199976 creatures/sec. Server status: 19:49:00: 1187x RT, 19.8 creatures/sec. Fitness: best=3067.6, avg=1625.2, new=(qd-mutate=1053.8, qd-large-mutate=1100.4, curl-right=837.1, template-m2-wheel-biased=1020.2). MAP-Elites(8x8, morphologies=3): occupied=48, pending=192, in flight=38
Speed: 7.199999 creatures/sec. Server status: 19:49:00: 1187x RT, 19.8 creatures/sec. Fitness: best=3067.6, avg=1625.2, new=(qd-mutate=1053.8, qd-large-mutate=1100.4, curl-right=837.1, template-m2-wheel-biased=1020.2). MAP-Elites(8x8, morphologies=3): occupied=48, pending=192, in flight=38
Speed: 7.099686 creatures/sec. Server status: 19:49:00: 1187x RT, 19.8 creatures/sec. Fitness: best=3067.6, avg=1625.2, new=(qd-mutate=1053.8, qd-large-mutate=1100.4, curl-right=837.1, template-m2-wheel-biased=1020.2). MAP-Elites(8x8, morphologies=3): occupied=48, pending=192, in flight=38
Speed: 7.099967 creatures/sec. Server status: 19:49:00: 1187x RT, 19.8 creatures/sec. Fitness: best=3067.6, avg=1625.2, new=(qd-mutate=1053.8, qd-large-mutate=1100.4, curl-right=837.1, template-m2-wheel-biased=1020.2). MAP-Elites(8x8, morphologies=3): occupied=48, pending=192, in flight=38
Speed: 7.199979 creatures/sec. Server status: 19:49:00: 1187x RT, 19.8 creatures/sec. Fitness: best=3067.6, avg=1625.2, new=(qd-mutate=1053.8, qd-large-mutate=1100.4, curl-right=837.1, template-m2-wheel-biased=1020.2). MAP-Elites(8x8, morphologies=3): occupied=48, pending=192, in flight=38
Speed: 9.699976 creatures/sec. Server status: 19:49:11: 4524x RT, 75.4 creatures/sec. Fitness: best=3067.6, avg=1625.2, new=(qd-mutate=1071.7, qd-large-mutate=1246.1, curl-left=691.4, template-m2-wheel-biased=722.8). MAP-Elites(8x8, morphologies=3): occupied=48, pending=192, in flight=38
Speed: 10.099984 creatures/sec. Server status: 19:49:11: 4524x RT, 75.4 creatures/sec. Fitness: best=3067.6, avg=1625.2, new=(qd-mutate=1071.7, qd-large-mutate=1246.1, curl-left=691.4, template-m2-wheel-biased=722.8). MAP-Elites(8x8, morphologies=3): occupied=48, pending=192, in flight=38
Speed: 9.599990 creatures/sec. Server status: 19:49:11: 4524x RT, 75.4 creatures/sec. Fitness: best=3067.6, avg=1625.2, new=(qd-mutate=1071.7, qd-large-mutate=1246.1, curl-left=691.4, template-m2-wheel-biased=722.8). MAP-Elites(8x8, morphologies=3): occupied=48, pending=192, in flight=38
Speed: 9.599980 creatures/sec. Server status: 19:49:11: 4524x RT, 75.4 creatures/sec. Fitness: best=3067.6, avg=1625.2, new=(qd-mutate=1071.7, qd-large-mutate=1246.1, curl-left=691.4, template-m2-wheel-biased=722.8). MAP-Elites(8x8, morphologies=3): occupied=48, pending=192, in flight=38
Speed: 9.499993 creatures/sec. Server status: 19:49:11: 4524x RT, 75.4 creatures/sec. Fitness: best=3067.6, avg=1625.2, new=(qd-mutate=1071.7, qd-large-mutate=1246.1, curl-left=691.4, template-m2-wheel-biased=722.8). MAP-Elites(8x8, morphologies=3): occupied=48, pending=192, in flight=38
Speed: 9.799987 creatures/sec. Server status: 19:49:11: 4524x RT, 75.4 creatures/sec. Fitness: best=3067.6, avg=1625.2, new=(qd-mutate=1071.7, qd-large-mutate=1246.1, curl-left=691.4, template-m2-wheel-biased=722.8). MAP-Elites(8x8, morphologies=3): occupied=48, pending=192, in flight=38
Speed: 12.299990 creatures/sec. Server status: 19:49:19: 4570x RT, 76.2 creatures/sec. Fitness: best=3067.6, avg=1625.2, new=(qd-mutate=1006.2, qd-large-mutate=1214.8, template-m2-wheel-biased=554.0, curl-left=833.4, curl-right=504.1). MAP-Elites(8x8, morphologies=3): occupied=48, pending=192, in flight=38
Speed: 12.099990 creatures/sec. Server status: 19:49:19: 4570x RT, 76.2 creatures/sec. Fitness: best=3067.6, avg=1625.2, new=(qd-mutate=1006.2, qd-large-mutate=1214.8, template-m2-wheel-biased=554.0, curl-left=833.4, curl-right=504.1). MAP-Elites(8x8, morphologies=3): occupied=48, pending=192, in flight=38
Speed: 12.399996 creatures/sec. Server status: 19:49:19: 4570x RT, 76.2 creatures/sec. Fitness: best=3067.6, avg=1625.2, new=(qd-mutate=1006.2, qd-large-mutate=1214.8, template-m2-wheel-biased=554.0, curl-left=833.4, curl-right=504.1). MAP-Elites(8x8, morphologies=3): occupied=48, pending=192, in flight=38
Speed: 12.299993 creatures/sec. Server status: 19:49:19: 4570x RT, 76.2 creatures/sec. Fitness: best=3067.6, avg=1625.2, new=(qd-mutate=1006.2, qd-large-mutate=1214.8, template-m2-wheel-biased=554.0, curl-left=833.4, curl-right=504.1). MAP-Elites(8x8, morphologies=3): occupied=48, pending=192, in flight=38
Speed: 12.099971 creatures/sec. Server status: 19:49:19: 4570x RT, 76.2 creatures/sec. Fitness: best=3067.6, avg=1625.2, new=(qd-mutate=1006.2, qd-large-mutate=1214.8, template-m2-wheel-biased=554.0, curl-left=833.4, curl-right=504.1). MAP-Elites(8x8, morphologies=3): occupied=48, pending=192, in flight=38
Speed: 12.199984 creatures/sec. Server status: 19:49:19: 4570x RT, 76.2 creatures/sec. Fitness: best=3067.6, avg=1625.2, new=(qd-mutate=1006.2, qd-large-mutate=1214.8, template-m2-wheel-biased=554.0, curl-left=833.4, curl-right=504.1). MAP-Elites(8x8, morphologies=3): occupied=48, pending=192, in flight=38
Speed: 7.399033 creatures/sec. Server status: 19:49:29: 2481x RT, 41.3 creatures/sec. Fitness: best=3067.6, avg=1625.2, new=(qd-mutate=987.8, template-m2-wheel-biased=703.2, qd-large-mutate=1065.5, curl-left=713.9, curl-right=448.4). MAP-Elites(8x8, morphologies=3): occupied=48, pending=192, in flight=38
Speed: 7.399884 creatures/sec. Server status: 19:49:29: 2481x RT, 41.3 creatures/sec. Fitness: best=3067.6, avg=1625.2, new=(qd-mutate=987.8, template-m2-wheel-biased=703.2, qd-large-mutate=1065.5, curl-left=713.9, curl-right=448.4). MAP-Elites(8x8, morphologies=3): occupied=48, pending=192, in flight=38
Speed: 7.595182 creatures/sec. Server status: 19:49:29: 2481x RT, 41.3 creatures/sec. Fitness: best=3067.6, avg=1625.2, new=(qd-mutate=987.8, template-m2-wheel-biased=703.2, qd-large-mutate=1065.5, curl-left=713.9, curl-right=448.4). MAP-Elites(8x8, morphologies=3): occupied=48, pending=192, in flight=38
Speed: 7.299992 creatures/sec. Server status: 19:49:29: 2481x RT, 41.3 creatures/sec. Fitness: best=3067.6, avg=1625.2, new=(qd-mutate=987.8, template-m2-wheel-biased=703.2, qd-large-mutate=1065.5, curl-left=713.9, curl-right=448.4). MAP-Elites(8x8, morphologies=3): occupied=48, pending=192, in flight=38
Speed: 7.499992 creatures/sec. Server status: 19:49:29: 2481x RT, 41.3 creatures/sec. Fitness: best=3067.6, avg=1625.2, new=(qd-mutate=987.8, template-m2-wheel-biased=703.2, qd-large-mutate=1065.5, curl-left=713.9, curl-right=448.4). MAP-Elites(8x8, morphologies=3): occupied=48, pending=192, in flight=38
Speed: 7.199991 creatures/sec. Server status: 19:49:29: 2481x RT, 41.3 creatures/sec. Fitness: best=3067.6, avg=1625.2, new=(qd-mutate=987.8, template-m2-wheel-biased=703.2, qd-large-mutate=1065.5, curl-left=713.9, curl-right=448.4). MAP-Elites(8x8, morphologies=3): occupied=48, pending=192, in flight=38
Speed: 8.099996 creatures/sec. Server status: 19:49:39: 2968x RT, 49.5 creatures/sec. Fitness: best=3067.6, avg=1625.2, new=(qd-mutate=1096.8, qd-large-mutate=1154.9, curl-left=658.5, template-m2-wheel-biased=923.6, curl-right=416.7). MAP-Elites(8x8, morphologies=3): occupied=48, pending=192, in flight=38
Speed: 8.199982 creatures/sec. Server status: 19:49:39: 2968x RT, 49.5 creatures/sec. Fitness: best=3067.6, avg=1625.2, new=(qd-mutate=1096.8, qd-large-mutate=1154.9, curl-left=658.5, template-m2-wheel-biased=923.6, curl-right=416.7). MAP-Elites(8x8, morphologies=3): occupied=48, pending=192, in flight=38
Speed: 8.099976 creatures/sec. Server status: 19:49:39: 2968x RT, 49.5 creatures/sec. Fitness: best=3067.6, avg=1625.2, new=(qd-mutate=1096.8, qd-large-mutate=1154.9, curl-left=658.5, template-m2-wheel-biased=923.6, curl-right=416.7). MAP-Elites(8x8, morphologies=3): occupied=48, pending=192, in flight=38
Speed: 8.099969 creatures/sec. Server status: 19:49:39: 2968x RT, 49.5 creatures/sec. Fitness: best=3067.6, avg=1625.2, new=(qd-mutate=1096.8, qd-large-mutate=1154.9, curl-left=658.5, template-m2-wheel-biased=923.6, curl-right=416.7). MAP-Elites(8x8, morphologies=3): occupied=48, pending=192, in flight=38
Speed: 8.099984 creatures/sec. Server status: 19:49:39: 2968x RT, 49.5 creatures/sec. Fitness: best=3067.6, avg=1625.2, new=(qd-mutate=1096.8, qd-large-mutate=1154.9, curl-left=658.5, template-m2-wheel-biased=923.6, curl-right=416.7). MAP-Elites(8x8, morphologies=3): occupied=48, pending=192, in flight=38
Speed: 8.098273 creatures/sec. Server status: 19:49:39: 2968x RT, 49.5 creatures/sec. Fitness: best=3067.6, avg=1625.2, new=(qd-mutate=1096.8, qd-large-mutate=1154.9, curl-left=658.5, template-m2-wheel-biased=923.6, curl-right=416.7). MAP-Elites(8x8, morphologies=3): occupied=48, pending=192, in flight=38
Speed: 6.599958 creatures/sec. Server status: 19:49:49: 1118x RT, 18.6 creatures/sec. Fitness: best=3067.6, avg=1625.2, new=(qd-mutate=1091.0, qd-large-mutate=1154.6, curl-left=1416.7). MAP-Elites(8x8, morphologies=3): occupied=48, pending=192, in flight=38
Speed: 6.299911 creatures/sec. Server status: 19:49:49: 1118x RT, 18.6 creatures/sec. Fitness: best=3067.6, avg=1625.2, new=(qd-mutate=1091.0, qd-large-mutate=1154.6, curl-left=1416.7). MAP-Elites(8x8, morphologies=3): occupied=48, pending=192, in flight=38
Speed: 6.398662 creatures/sec. Server status: 19:49:49: 1118x RT, 18.6 creatures/sec. Fitness: best=3067.6, avg=1625.2, new=(qd-mutate=1091.0, qd-large-mutate=1154.6, curl-left=1416.7). MAP-Elites(8x8, morphologies=3): occupied=48, pending=192, in flight=38
Speed: 6.395264 creatures/sec. Server status: 19:49:49: 1118x RT, 18.6 creatures/sec. Fitness: best=3067.6, avg=1625.2, new=(qd-mutate=1091.0, qd-large-mutate=1154.6, curl-left=1416.7). MAP-Elites(8x8, morphologies=3): occupied=48, pending=192, in flight=38
Speed: 6.099979 creatures/sec. Server status: 19:49:49: 1118x RT, 18.6 creatures/sec. Fitness: best=3067.6, avg=1625.2, new=(qd-mutate=1091.0, qd-large-mutate=1154.6, curl-left=1416.7). MAP-Elites(8x8, morphologies=3): occupied=48, pending=192, in flight=38
Speed: 6.299984 creatures/sec. Server status: 19:49:49: 1118x RT, 18.6 creatures/sec. Fitness: best=3067.6, avg=1625.2, new=(qd-mutate=1091.0, qd-large-mutate=1154.6, curl-left=1416.7). MAP-Elites(8x8, morphologies=3): occupied=48, pending=192, in flight=38
Speed: 6.499865 creatures/sec. Server status: 19:50:00: 2534x RT, 42.2 creatures/sec. Fitness: best=3067.6, avg=1625.2, new=(qd-large-mutate=1274.5, qd-mutate=1038.6, template-m2-wheel-biased=405.6, curl-left=444.2, curl-right=725.9). MAP-Elites(8x8, morphologies=3): occupied=48, pending=192, in flight=38
Speed: 6.499982 creatures/sec. Server status: 19:50:00: 2534x RT, 42.2 creatures/sec. Fitness: best=3067.6, avg=1625.2, new=(qd-large-mutate=1274.5, qd-mutate=1038.6, template-m2-wheel-biased=405.6, curl-left=444.2, curl-right=725.9). MAP-Elites(8x8, morphologies=3): occupied=48, pending=192, in flight=38
Speed: 6.399765 creatures/sec. Server status: 19:50:00: 2534x RT, 42.2 creatures/sec. Fitness: best=3067.6, avg=1625.2, new=(qd-large-mutate=1274.5, qd-mutate=1038.6, template-m2-wheel-biased=405.6, curl-left=444.2, curl-right=725.9). MAP-Elites(8x8, morphologies=3): occupied=48, pending=192, in flight=38
Speed: 6.499178 creatures/sec. Server status: 19:50:00: 2534x RT, 42.2 creatures/sec. Fitness: best=3067.6, avg=1625.2, new=(qd-large-mutate=1274.5, qd-mutate=1038.6, template-m2-wheel-biased=405.6, curl-left=444.2, curl-right=725.9). MAP-Elites(8x8, morphologies=3): occupied=48, pending=192, in flight=38
Speed: 6.298331 creatures/sec. Server status: 19:50:00: 2534x RT, 42.2 creatures/sec. Fitness: best=3067.6, avg=1625.2, new=(qd-large-mutate=1274.5, qd-mutate=1038.6, template-m2-wheel-biased=405.6, curl-left=444.2, curl-right=725.9). MAP-Elites(8x8, morphologies=3): occupied=48, pending=192, in flight=38
Speed: 6.499507 creatures/sec. Server status: 19:50:00: 2534x RT, 42.2 creatures/sec. Fitness: best=3067.6, avg=1625.2, new=(qd-large-mutate=1274.5, qd-mutate=1038.6, template-m2-wheel-biased=405.6, curl-left=444.2, curl-right=725.9). MAP-Elites(8x8, morphologies=3): occupied=48, pending=192, in flight=38
Speed: 6.099907 creatures/sec. Server status: 19:50:10: 2439x RT, 40.7 creatures/sec. Fitness: best=3067.6, avg=1625.2, new=(qd-mutate=1067.3, qd-large-mutate=1260.3, template-m2-wheel-biased=993.9). MAP-Elites(8x8, morphologies=3): occupied=48, pending=192, in flight=38
Speed: 6.099990 creatures/sec. Server status: 19:50:10: 2439x RT, 40.7 creatures/sec. Fitness: best=3067.6, avg=1625.2, new=(qd-mutate=1067.3, qd-large-mutate=1260.3, template-m2-wheel-biased=993.9). MAP-Elites(8x8, morphologies=3): occupied=48, pending=192, in flight=38
Speed: 6.099998 creatures/sec. Server status: 19:50:10: 2439x RT, 40.7 creatures/sec. Fitness: best=3067.6, avg=1625.2, new=(qd-mutate=1067.3, qd-large-mutate=1260.3, template-m2-wheel-biased=993.9). MAP-Elites(8x8, morphologies=3): occupied=48, pending=192, in flight=38
Speed: 6.399911 creatures/sec. Server status: 19:50:10: 2439x RT, 40.7 creatures/sec. Fitness: best=3067.6, avg=1625.2, new=(qd-mutate=1067.3, qd-large-mutate=1260.3, template-m2-wheel-biased=993.9). MAP-Elites(8x8, morphologies=3): occupied=48, pending=192, in flight=38
Speed: 5.999993 creatures/sec. Server status: 19:50:10: 2439x RT, 40.7 creatures/sec. Fitness: best=3067.6, avg=1625.2, new=(qd-mutate=1067.3, qd-large-mutate=1260.3, template-m2-wheel-biased=993.9). MAP-Elites(8x8, morphologies=3): occupied=48, pending=192, in flight=38
Speed: 6.199984 creatures/sec. Server status: 19:50:10: 2439x RT, 40.7 creatures/sec. Fitness: best=3067.6, avg=1625.2, new=(qd-mutate=1067.3, qd-large-mutate=1260.3, template-m2-wheel-biased=993.9). MAP-Elites(8x8, morphologies=3): occupied=48, pending=192, in flight=38
Speed: 12.200000 creatures/sec. Server status: 19:50:20: 4003x RT, 66.7 creatures/sec. Fitness: best=3067.6, avg=1625.2, new=(qd-mutate=1052.4, qd-large-mutate=1079.9, curl-right=632.4, curl-left=1035.3, template-m2-wheel-biased=812.7). MAP-Elites(8x8, morphologies=3): occupied=48, pending=192, in flight=38
Speed: 12.099984 creatures/sec. Server status: 19:50:20: 4003x RT, 66.7 creatures/sec. Fitness: best=3067.6, avg=1625.2, new=(qd-mutate=1052.4, qd-large-mutate=1079.9, curl-right=632.4, curl-left=1035.3, template-m2-wheel-biased=812.7). MAP-Elites(8x8, morphologies=3): occupied=48, pending=192, in flight=38
Speed: 11.999989 creatures/sec. Server status: 19:50:20: 4003x RT, 66.7 creatures/sec. Fitness: best=3067.6, avg=1625.2, new=(qd-mutate=1052.4, qd-large-mutate=1079.9, curl-right=632.4, curl-left=1035.3, template-m2-wheel-biased=812.7). MAP-Elites(8x8, morphologies=3): occupied=48, pending=192, in flight=38
Speed: 12.100000 creatures/sec. Server status: 19:50:20: 4003x RT, 66.7 creatures/sec. Fitness: best=3067.6, avg=1625.2, new=(qd-mutate=1052.4, qd-large-mutate=1079.9, curl-right=632.4, curl-left=1035.3, template-m2-wheel-biased=812.7). MAP-Elites(8x8, morphologies=3): occupied=48, pending=192, in flight=38
Speed: 12.199983 creatures/sec. Server status: 19:50:20: 4003x RT, 66.7 creatures/sec. Fitness: best=3067.6, avg=1625.2, new=(qd-mutate=1052.4, qd-large-mutate=1079.9, curl-right=632.4, curl-left=1035.3, template-m2-wheel-biased=812.7). MAP-Elites(8x8, morphologies=3): occupied=48, pending=192, in flight=38
Speed: 12.099999 creatures/sec. Server status: 19:50:20: 4003x RT, 66.7 creatures/sec. Fitness: best=3067.6, avg=1625.2, new=(qd-mutate=1052.4, qd-large-mutate=1079.9, curl-right=632.4, curl-left=1035.3, template-m2-wheel-biased=812.7). MAP-Elites(8x8, morphologies=3): occupied=48, pending=192, in flight=38
Speed: 12.699957 creatures/sec. Server status: 19:50:29: 4788x RT, 79.8 creatures/sec. Fitness: best=3067.6, avg=1625.9, new=(qd-mutate=1008.3, qd-large-mutate=1089.5, curl-left=849.3, template-m2-wheel-biased=907.3). MAP-Elites(8x8, morphologies=3): occupied=48, pending=192, in flight=38
Speed: 12.599986 creatures/sec. Server status: 19:50:29: 4788x RT, 79.8 creatures/sec. Fitness: best=3067.6, avg=1625.9, new=(qd-mutate=1008.3, qd-large-mutate=1089.5, curl-left=849.3, template-m2-wheel-biased=907.3). MAP-Elites(8x8, morphologies=3): occupied=48, pending=192, in flight=38
Speed: 12.799977 creatures/sec. Server status: 19:50:29: 4788x RT, 79.8 creatures/sec. Fitness: best=3067.6, avg=1625.9, new=(qd-mutate=1008.3, qd-large-mutate=1089.5, curl-left=849.3, template-m2-wheel-biased=907.3). MAP-Elites(8x8, morphologies=3): occupied=48, pending=192, in flight=38
Speed: 12.599982 creatures/sec. Server status: 19:50:29: 4788x RT, 79.8 creatures/sec. Fitness: best=3067.6, avg=1625.9, new=(qd-mutate=1008.3, qd-large-mutate=1089.5, curl-left=849.3, template-m2-wheel-biased=907.3). MAP-Elites(8x8, morphologies=3): occupied=48, pending=192, in flight=38
Speed: 12.699983 creatures/sec. Server status: 19:50:29: 4788x RT, 79.8 creatures/sec. Fitness: best=3067.6, avg=1625.9, new=(qd-mutate=1008.3, qd-large-mutate=1089.5, curl-left=849.3, template-m2-wheel-biased=907.3). MAP-Elites(8x8, morphologies=3): occupied=48, pending=192, in flight=38
Speed: 12.599997 creatures/sec. Server status: 19:50:29: 4788x RT, 79.8 creatures/sec. Fitness: best=3067.6, avg=1625.9, new=(qd-mutate=1008.3, qd-large-mutate=1089.5, curl-left=849.3, template-m2-wheel-biased=907.3). MAP-Elites(8x8, morphologies=3): occupied=48, pending=192, in flight=38
Speed: 10.899983 creatures/sec. Server status: 19:50:39: 4396x RT, 73.3 creatures/sec. Fitness: best=3067.6, avg=1625.9, new=(curl-left=773.5, qd-mutate=932.0, qd-large-mutate=1183.0, template-m2-wheel-biased=689.8, curl-right=776.7). MAP-Elites(8x8, morphologies=3): occupied=48, pending=192, in flight=38
Speed: 10.699992 creatures/sec. Server status: 19:50:39: 4396x RT, 73.3 creatures/sec. Fitness: best=3067.6, avg=1625.9, new=(curl-left=773.5, qd-mutate=932.0, qd-large-mutate=1183.0, template-m2-wheel-biased=689.8, curl-right=776.7). MAP-Elites(8x8, morphologies=3): occupied=48, pending=192, in flight=38
Speed: 10.999993 creatures/sec. Server status: 19:50:39: 4396x RT, 73.3 creatures/sec. Fitness: best=3067.6, avg=1625.9, new=(curl-left=773.5, qd-mutate=932.0, qd-large-mutate=1183.0, template-m2-wheel-biased=689.8, curl-right=776.7). MAP-Elites(8x8, morphologies=3): occupied=48, pending=192, in flight=38
Speed: 11.099989 creatures/sec. Server status: 19:50:39: 4396x RT, 73.3 creatures/sec. Fitness: best=3067.6, avg=1625.9, new=(curl-left=773.5, qd-mutate=932.0, qd-large-mutate=1183.0, template-m2-wheel-biased=689.8, curl-right=776.7). MAP-Elites(8x8, morphologies=3): occupied=48, pending=192, in flight=38
Speed: 10.899998 creatures/sec. Server status: 19:50:39: 4396x RT, 73.3 creatures/sec. Fitness: best=3067.6, avg=1625.9, new=(curl-left=773.5, qd-mutate=932.0, qd-large-mutate=1183.0, template-m2-wheel-biased=689.8, curl-right=776.7). MAP-Elites(8x8, morphologies=3): occupied=48, pending=192, in flight=38
Speed: 10.899990 creatures/sec. Server status: 19:50:39: 4396x RT, 73.3 creatures/sec. Fitness: best=3067.6, avg=1625.9, new=(curl-left=773.5, qd-mutate=932.0, qd-large-mutate=1183.0, template-m2-wheel-biased=689.8, curl-right=776.7). MAP-Elites(8x8, morphologies=3): occupied=48, pending=192, in flight=38
Speed: 12.799987 creatures/sec. Server status: 19:50:49: 4618x RT, 77.0 creatures/sec. Fitness: best=3067.6, avg=1625.9, new=(qd-mutate=1106.3, qd-large-mutate=1152.0, template-m2-wheel-biased=985.4, curl-right=657.4, curl-left=613.3). MAP-Elites(8x8, morphologies=3): occupied=48, pending=192, in flight=38
Speed: 12.699990 creatures/sec. Server status: 19:50:49: 4618x RT, 77.0 creatures/sec. Fitness: best=3067.6, avg=1625.9, new=(qd-mutate=1106.3, qd-large-mutate=1152.0, template-m2-wheel-biased=985.4, curl-right=657.4, curl-left=613.3). MAP-Elites(8x8, morphologies=3): occupied=48, pending=192, in flight=38
Speed: 12.799980 creatures/sec. Server status: 19:50:49: 4618x RT, 77.0 creatures/sec. Fitness: best=3067.6, avg=1625.9, new=(qd-mutate=1106.3, qd-large-mutate=1152.0, template-m2-wheel-biased=985.4, curl-right=657.4, curl-left=613.3). MAP-Elites(8x8, morphologies=3): occupied=48, pending=192, in flight=38
Speed: 12.699996 creatures/sec. Server status: 19:50:49: 4618x RT, 77.0 creatures/sec. Fitness: best=3067.6, avg=1625.9, new=(qd-mutate=1106.3, qd-large-mutate=1152.0, template-m2-wheel-biased=985.4, curl-right=657.4, curl-left=613.3). MAP-Elites(8x8, morphologies=3): occupied=48, pending=192, in flight=38
Speed: 12.699994 creatures/sec. Server status: 19:50:49: 4618x RT, 77.0 creatures/sec. Fitness: best=3067.6, avg=1625.9, new=(qd-mutate=1106.3, qd-large-mutate=1152.0, template-m2-wheel-biased=985.4, curl-right=657.4, curl-left=613.3). MAP-Elites(8x8, morphologies=3): occupied=48, pending=192, in flight=38
Speed: 12.799999 creatures/sec. Server status: 19:50:49: 4618x RT, 77.0 creatures/sec. Fitness: best=3067.6, avg=1625.9, new=(qd-mutate=1106.3, qd-large-mutate=1152.0, template-m2-wheel-biased=985.4, curl-right=657.4, curl-left=613.3). MAP-Elites(8x8, morphologies=3): occupied=48, pending=192, in flight=38
Speed: 4.595726 creatures/sec. Server status: 19:51:00: 358x RT, 6.0 creatures/sec. Fitness: best=3067.6, avg=1625.9, new=(qd-large-mutate=1153.4, qd-mutate=1231.5, template-m2-wheel-biased=733.2, curl-right=639.0). MAP-Elites(8x8, morphologies=3): occupied=48, pending=192, in flight=38
Speed: 4.499419 creatures/sec. Server status: 19:51:00: 358x RT, 6.0 creatures/sec. Fitness: best=3067.6, avg=1625.9, new=(qd-large-mutate=1153.4, qd-mutate=1231.5, template-m2-wheel-biased=733.2, curl-right=639.0). MAP-Elites(8x8, morphologies=3): occupied=48, pending=192, in flight=38
Speed: 4.499084 creatures/sec. Server status: 19:51:00: 358x RT, 6.0 creatures/sec. Fitness: best=3067.6, avg=1625.9, new=(qd-large-mutate=1153.4, qd-mutate=1231.5, template-m2-wheel-biased=733.2, curl-right=639.0). MAP-Elites(8x8, morphologies=3): occupied=48, pending=192, in flight=38
Speed: 4.399993 creatures/sec. Server status: 19:51:00: 358x RT, 6.0 creatures/sec. Fitness: best=3067.6, avg=1625.9, new=(qd-large-mutate=1153.4, qd-mutate=1231.5, template-m2-wheel-biased=733.2, curl-right=639.0). MAP-Elites(8x8, morphologies=3): occupied=48, pending=192, in flight=38
Speed: 4.397859 creatures/sec. Server status: 19:51:00: 358x RT, 6.0 creatures/sec. Fitness: best=3067.6, avg=1625.9, new=(qd-large-mutate=1153.4, qd-mutate=1231.5, template-m2-wheel-biased=733.2, curl-right=639.0). MAP-Elites(8x8, morphologies=3): occupied=48, pending=192, in flight=38
Speed: 4.397112 creatures/sec. Server status: 19:51:00: 358x RT, 6.0 creatures/sec. Fitness: best=3067.6, avg=1625.9, new=(qd-large-mutate=1153.4, qd-mutate=1231.5, template-m2-wheel-biased=733.2, curl-right=639.0). MAP-Elites(8x8, morphologies=3): occupied=48, pending=192, in flight=38
Speed: 1.699998 creatures/sec. Server status: 19:51:10: 709x RT, 11.8 creatures/sec. Fitness: best=3067.6, avg=1627.0, new=(template-m2-wheel-biased=655.0, qd-mutate=1043.5, curl-right=423.5, qd-large-mutate=1994.3, curl-left=504.5). MAP-Elites(8x8, morphologies=3): occupied=48, pending=192, in flight=38
Speed: 1.799996 creatures/sec. Server status: 19:51:10: 709x RT, 11.8 creatures/sec. Fitness: best=3067.6, avg=1627.0, new=(template-m2-wheel-biased=655.0, qd-mutate=1043.5, curl-right=423.5, qd-large-mutate=1994.3, curl-left=504.5). MAP-Elites(8x8, morphologies=3): occupied=48, pending=192, in flight=38
Speed: 1.797950 creatures/sec. Server status: 19:51:10: 709x RT, 11.8 creatures/sec. Fitness: best=3067.6, avg=1627.0, new=(template-m2-wheel-biased=655.0, qd-mutate=1043.5, curl-right=423.5, qd-large-mutate=1994.3, curl-left=504.5). MAP-Elites(8x8, morphologies=3): occupied=48, pending=192, in flight=38
Speed: 1.898360 creatures/sec. Server status: 19:51:10: 709x RT, 11.8 creatures/sec. Fitness: best=3067.6, avg=1627.0, new=(template-m2-wheel-biased=655.0, qd-mutate=1043.5, curl-right=423.5, qd-large-mutate=1994.3, curl-left=504.5). MAP-Elites(8x8, morphologies=3): occupied=48, pending=192, in flight=38
Speed: 1.794731 creatures/sec. Server status: 19:51:10: 709x RT, 11.8 creatures/sec. Fitness: best=3067.6, avg=1627.0, new=(template-m2-wheel-biased=655.0, qd-mutate=1043.5, curl-right=423.5, qd-large-mutate=1994.3, curl-left=504.5). MAP-Elites(8x8, morphologies=3): occupied=48, pending=192, in flight=38
Speed: 1.798298 creatures/sec. Server status: 19:51:10: 709x RT, 11.8 creatures/sec. Fitness: best=3067.6, avg=1627.0, new=(template-m2-wheel-biased=655.0, qd-mutate=1043.5, curl-right=423.5, qd-large-mutate=1994.3, curl-left=504.5). MAP-Elites(8x8, morphologies=3): occupied=48, pending=192, in flight=38
Speed: 1.799998 creatures/sec. Server status: 19:51:20: 765x RT, 12.8 creatures/sec. Fitness: best=3067.6, avg=1627.0, new=(qd-mutate=1067.6, qd-large-mutate=561.7, curl-right=747.7, template-m2-wheel-biased=800.3). MAP-Elites(8x8, morphologies=3): occupied=48, pending=192, in flight=38
Speed: 1.898142 creatures/sec. Server status: 19:51:20: 765x RT, 12.8 creatures/sec. Fitness: best=3067.6, avg=1627.0, new=(qd-mutate=1067.6, qd-large-mutate=561.7, curl-right=747.7, template-m2-wheel-biased=800.3). MAP-Elites(8x8, morphologies=3): occupied=48, pending=192, in flight=38
Speed: 1.796544 creatures/sec. Server status: 19:51:20: 765x RT, 12.8 creatures/sec. Fitness: best=3067.6, avg=1627.0, new=(qd-mutate=1067.6, qd-large-mutate=561.7, curl-right=747.7, template-m2-wheel-biased=800.3). MAP-Elites(8x8, morphologies=3): occupied=48, pending=192, in flight=38
Speed: 1.799629 creatures/sec. Server status: 19:51:20: 765x RT, 12.8 creatures/sec. Fitness: best=3067.6, avg=1627.0, new=(qd-mutate=1067.6, qd-large-mutate=561.7, curl-right=747.7, template-m2-wheel-biased=800.3). MAP-Elites(8x8, morpholo