Listening on 127.0.0.1:9999
16:21:02: 5989x RT, 99.8 creatures/sec. Fitness: best=1495.1, avg=973.9, new=(loaded=853.2). MAP-Elites(8x8, morphologies=3): occupied=28, pending=192, in flight=22
16:21:04: 5934x RT, 98.9 creatures/sec. Fitness: best=1495.1, avg=980.1, new=(loaded=884.0). MAP-Elites(8x8, morphologies=3): occupied=28, pending=192, in flight=22
16:21:06: 6602x RT, 110.0 creatures/sec. Fitness: best=1495.1, avg=989.5, new=(loaded=876.9, qd-mutate=857.1). MAP-Elites(8x8, morphologies=3): occupied=28, pending=192, in flight=22
16:21:08: 6514x RT, 108.6 creatures/sec. Fitness: best=1495.1, avg=989.5, new=(qd-mutate=846.6). MAP-Elites(8x8, morphologies=3): occupied=28, pending=192, in flight=22
16:21:11: 6617x RT, 110.3 creatures/sec. Fitness: best=1495.1, avg=991.8, new=(qd-mutate=830.2). MAP-Elites(8x8, morphologies=3): occupied=28, pending=192, in flight=22
16:21:13: 6629x RT, 110.5 creatures/sec. Fitness: best=1495.1, avg=991.8, new=(qd-mutate=846.6). MAP-Elites(8x8, morphologies=3): occupied=28, pending=192, in flight=22
16:21:15: 6619x RT, 110.3 creatures/sec. Fitness: best=1495.1, avg=994.8, new=(qd-mutate=845.2). MAP-Elites(8x8, morphologies=3): occupied=28, pending=192, in flight=22
16:21:17: 6703x RT, 111.7 creatures/sec. Fitness: best=1495.1, avg=1006.5, new=(qd-mutate=870.3). MAP-Elites(8x8, morphologies=3): occupied=28, pending=192, in flight=22
16:21:19: 6708x RT, 111.8 creatures/sec. Fitness: best=1495.1, avg=1023.8, new=(qd-mutate=862.5). MAP-Elites(8x8, morphologies=3): occupied=28, pending=192, in flight=22
--> new robust best creature found through qd-mutate! Fitness=1496.4069286761542 domains=[1707.758301, 1787.292114, 1378.442261]
16:21:21: 6625x RT, 110.4 creatures/sec. Fitness: best=1496.4, avg=1038.8, new=(qd-mutate=900.9). MAP-Elites(8x8, morphologies=3): occupied=28, pending=192, in flight=22
16:21:23: 6503x RT, 108.4 creatures/sec. Fitness: best=1496.4, avg=1040.5, new=(qd-mutate=837.2). MAP-Elites(8x8, morphologies=3): occupied=28, pending=192, in flight=22
16:21:25: 5998x RT, 100.0 creatures/sec. Fitness: best=1496.4, avg=1040.5, new=(qd-mutate=872.1). MAP-Elites(8x8, morphologies=3): occupied=28, pending=192, in flight=22
--> new robust best creature found through qd-mutate! Fitness=1609.5753692274866 domains=[2760.404297, 1281.091553, 2058.487549]
16:21:27: 6707x RT, 111.8 creatures/sec. Fitness: best=1609.6, avg=1052.7, new=(qd-mutate=872.0). MAP-Elites(8x8, morphologies=3): occupied=28, pending=192, in flight=22
16:21:29: 6536x RT, 108.9 creatures/sec. Fitness: best=1609.6, avg=1052.7, new=(qd-mutate=937.3). MAP-Elites(8x8, morphologies=3): occupied=28, pending=192, in flight=22
16:21:31: 6469x RT, 107.8 creatures/sec. Fitness: best=1609.6, avg=1052.7, new=(qd-mutate=917.0). MAP-Elites(8x8, morphologies=3): occupied=28, pending=192, in flight=22
16:21:33: 6683x RT, 111.4 creatures/sec. Fitness: best=1609.6, avg=1058.4, new=(qd-mutate=888.6). MAP-Elites(8x8, morphologies=3): occupied=28, pending=192, in flight=22
16:21:35: 6400x RT, 106.7 creatures/sec. Fitness: best=1609.6, avg=1058.4, new=(qd-mutate=947.5). MAP-Elites(8x8, morphologies=3): occupied=28, pending=192, in flight=22
16:21:37: 6550x RT, 109.2 creatures/sec. Fitness: best=1609.6, avg=1072.1, new=(qd-mutate=935.5). MAP-Elites(8x8, morphologies=3): occupied=28, pending=192, in flight=22
16:21:39: 6440x RT, 107.3 creatures/sec. Fitness: best=1609.6, avg=1080.8, new=(qd-mutate=884.8). MAP-Elites(8x8, morphologies=3): occupied=28, pending=192, in flight=22
16:21:41: 6609x RT, 110.1 creatures/sec. Fitness: best=1609.6, avg=1082.2, new=(qd-mutate=882.7). MAP-Elites(8x8, morphologies=3): occupied=28, pending=192, in flight=22
16:21:44: 6685x RT, 111.4 creatures/sec. Fitness: best=1609.6, avg=1082.2, new=(qd-mutate=886.5). MAP-Elites(8x8, morphologies=3): occupied=28, pending=192, in flight=22
16:21:46: 6590x RT, 109.8 creatures/sec. Fitness: best=1609.6, avg=1091.5, new=(qd-mutate=880.3). MAP-Elites(8x8, morphologies=3): occupied=28, pending=192, in flight=22
16:21:48: 6648x RT, 110.8 creatures/sec. Fitness: best=1609.6, avg=1091.5, new=(qd-mutate=889.3). MAP-Elites(8x8, morphologies=3): occupied=28, pending=192, in flight=22
--> new robust best creature found through qd-mutate! Fitness=1623.552668390348 domains=[1910.129028, 1585.946777, 1566.609741]
16:21:50: 6598x RT, 110.0 creatures/sec. Fitness: best=1623.6, avg=1096.0, new=(qd-mutate=907.0). MAP-Elites(8x8, morphologies=3): occupied=28, pending=192, in flight=22
16:21:52: 6435x RT, 107.2 creatures/sec. Fitness: best=1623.6, avg=1096.0, new=(qd-mutate=919.6). MAP-Elites(8x8, morphologies=3): occupied=28, pending=192, in flight=22
16:21:54: 6658x RT, 111.0 creatures/sec. Fitness: best=1623.6, avg=1101.4, new=(qd-mutate=931.7). MAP-Elites(8x8, morphologies=3): occupied=28, pending=192, in flight=22
16:21:56: 6694x RT, 111.6 creatures/sec. Fitness: best=1623.6, avg=1101.4, new=(qd-mutate=883.5). MAP-Elites(8x8, morphologies=3): occupied=28, pending=192, in flight=22
16:21:58: 6639x RT, 110.7 creatures/sec. Fitness: best=1623.6, avg=1105.0, new=(qd-mutate=929.1). MAP-Elites(8x8, morphologies=3): occupied=28, pending=192, in flight=22
16:22:00: 6655x RT, 110.9 creatures/sec. Fitness: best=1623.6, avg=1105.0, new=(qd-mutate=919.3). MAP-Elites(8x8, morphologies=3): occupied=28, pending=192, in flight=22
3455000 bytes written to /Users/dag/projects/Machine-Evolved-credible-training/training-runs/me-v2-harmonic-qd-01-2h/config.json. 
--> new robust best creature found through qd-mutate! Fitness=1625.6989500133736 domains=[2035.793091, 1548.637451, 1565.947754]
16:22:02: 6634x RT, 110.6 creatures/sec. Fitness: best=1625.7, avg=1105.5, new=(qd-mutate=863.3). MAP-Elites(8x8, morphologies=3): occupied=28, pending=192, in flight=38
16:22:04: 6666x RT, 111.1 creatures/sec. Fitness: best=1625.7, avg=1105.5, new=(qd-mutate=902.6). MAP-Elites(8x8, morphologies=3): occupied=28, pending=192, in flight=38
16:22:06: 6499x RT, 108.3 creatures/sec. Fitness: best=1625.7, avg=1116.3, new=(qd-mutate=889.9). MAP-Elites(8x8, morphologies=3): occupied=28, pending=192, in flight=38
16:22:08: 5811x RT, 96.8 creatures/sec. Fitness: best=1625.7, avg=1120.4, new=(qd-mutate=935.0). MAP-Elites(8x8, morphologies=3): occupied=28, pending=192, in flight=38
16:22:10: 6084x RT, 101.4 creatures/sec. Fitness: best=1625.7, avg=1120.4, new=(qd-mutate=911.5). MAP-Elites(8x8, morphologies=3): occupied=28, pending=192, in flight=38
16:22:12: 4735x RT, 78.9 creatures/sec. Fitness: best=1625.7, avg=1120.4, new=(qd-mutate=911.9). MAP-Elites(8x8, morphologies=3): occupied=28, pending=192, in flight=38
--> new robust best creature found through qd-mutate! Fitness=1858.390921565829 domains=[1705.203247, 2155.967041, 2214.077148]
16:22:14: 2479x RT, 41.3 creatures/sec. Fitness: best=1858.4, avg=1137.1, new=(qd-mutate=1016.0). MAP-Elites(8x8, morphologies=3): occupied=28, pending=192, in flight=38
16:22:17: 3291x RT, 54.9 creatures/sec. Fitness: best=1858.4, avg=1139.8, new=(qd-mutate=910.8). MAP-Elites(8x8, morphologies=3): occupied=28, pending=192, in flight=38
16:22:19: 4121x RT, 68.7 creatures/sec. Fitness: best=1858.4, avg=1144.4, new=(qd-mutate=904.5). MAP-Elites(8x8, morphologies=3): occupied=28, pending=192, in flight=38
16:22:21: 3529x RT, 58.8 creatures/sec. Fitness: best=1858.4, avg=1152.9, new=(qd-mutate=884.0). MAP-Elites(8x8, morphologies=3): occupied=28, pending=192, in flight=38
16:22:23: 4033x RT, 67.2 creatures/sec. Fitness: best=1858.4, avg=1152.9, new=(qd-mutate=940.0). MAP-Elites(8x8, morphologies=3): occupied=28, pending=192, in flight=38
16:22:25: 3625x RT, 60.4 creatures/sec. Fitness: best=1858.4, avg=1152.9, new=(qd-mutate=925.1). MAP-Elites(8x8, morphologies=3): occupied=28, pending=192, in flight=38
16:22:27: 3242x RT, 54.0 creatures/sec. Fitness: best=1858.4, avg=1152.9, new=(qd-mutate=888.6). MAP-Elites(8x8, morphologies=3): occupied=28, pending=192, in flight=38
16:22:29: 3431x RT, 57.2 creatures/sec. Fitness: best=1858.4, avg=1152.9, new=(qd-mutate=982.6). MAP-Elites(8x8, morphologies=3): occupied=28, pending=192, in flight=38
16:22:31: 3232x RT, 53.9 creatures/sec. Fitness: best=1858.4, avg=1159.9, new=(qd-mutate=955.5). MAP-Elites(8x8, morphologies=3): occupied=28, pending=192, in flight=38
16:22:33: 3744x RT, 62.4 creatures/sec. Fitness: best=1858.4, avg=1159.9, new=(qd-mutate=865.6). MAP-Elites(8x8, morphologies=3): occupied=28, pending=192, in flight=38
16:22:35: 3563x RT, 59.4 creatures/sec. Fitness: best=1858.4, avg=1159.9, new=(qd-mutate=969.7). MAP-Elites(8x8, morphologies=3): occupied=28, pending=192, in flight=38
16:22:37: 2209x RT, 36.8 creatures/sec. Fitness: best=1858.4, avg=1162.8, new=(qd-mutate=967.4). MAP-Elites(8x8, morphologies=3): occupied=28, pending=192, in flight=38
16:22:39: 1824x RT, 30.4 creatures/sec. Fitness: best=1858.4, avg=1174.2, new=(qd-mutate=933.9). MAP-Elites(8x8, morphologies=3): occupied=28, pending=192, in flight=38
16:22:41: 2681x RT, 44.7 creatures/sec. Fitness: best=1858.4, avg=1174.2, new=(qd-mutate=964.9). MAP-Elites(8x8, morphologies=3): occupied=28, pending=192, in flight=38
16:22:43: 2703x RT, 45.1 creatures/sec. Fitness: best=1858.4, avg=1175.2, new=(qd-mutate=859.0). MAP-Elites(8x8, morphologies=3): occupied=28, pending=192, in flight=38
16:22:45: 2184x RT, 36.4 creatures/sec. Fitness: best=1858.4, avg=1175.2, new=(qd-mutate=935.6). MAP-Elites(8x8, morphologies=3): occupied=28, pending=192, in flight=38
16:22:47: 4101x RT, 68.3 creatures/sec. Fitness: best=1858.4, avg=1179.9, new=(qd-mutate=889.5). MAP-Elites(8x8, morphologies=3): occupied=28, pending=192, in flight=38
16:22:49: 4391x RT, 73.2 creatures/sec. Fitness: best=1858.4, avg=1179.9, new=(qd-mutate=842.5). MAP-Elites(8x8, morphologies=3): occupied=28, pending=192, in flight=38
16:22:52: 3094x RT, 51.6 creatures/sec. Fitness: best=1858.4, avg=1181.7, new=(qd-mutate=1010.2). MAP-Elites(8x8, morphologies=3): occupied=28, pending=192, in flight=38
16:22:54: 3071x RT, 51.2 creatures/sec. Fitness: best=1858.4, avg=1197.5, new=(qd-mutate=884.7). MAP-Elites(8x8, morphologies=3): occupied=28, pending=192, in flight=38
16:22:56: 3096x RT, 51.6 creatures/sec. Fitness: best=1858.4, avg=1197.5, new=(qd-mutate=886.6). MAP-Elites(8x8, morphologies=3): occupied=28, pending=192, in flight=38
16:22:58: 3766x RT, 62.8 creatures/sec. Fitness: best=1858.4, avg=1197.5, new=(qd-mutate=900.2). MAP-Elites(8x8, morphologies=3): occupied=28, pending=192, in flight=38
16:23:00: 3927x RT, 65.5 creatures/sec. Fitness: best=1858.4, avg=1197.5, new=(qd-mutate=830.2). MAP-Elites(8x8, morphologies=3): occupied=28, pending=192, in flight=38
3966515 bytes written to /Users/dag/projects/Machine-Evolved-credible-training/training-runs/me-v2-harmonic-qd-01-2h/config.json. 
16:23:02: 3936x RT, 65.6 creatures/sec. Fitness: best=1858.4, avg=1197.5, new=(qd-mutate=871.2). MAP-Elites(8x8, morphologies=3): occupied=28, pending=192, in flight=38
16:23:04: 3948x RT, 65.8 creatures/sec. Fitness: best=1858.4, avg=1197.5, new=(qd-mutate=931.6). MAP-Elites(8x8, morphologies=3): occupied=28, pending=192, in flight=38
16:23:06: 3950x RT, 65.8 creatures/sec. Fitness: best=1858.4, avg=1197.5, new=(qd-mutate=915.6). MAP-Elites(8x8, morphologies=3): occupied=28, pending=192, in flight=38
16:23:08: 3954x RT, 65.9 creatures/sec. Fitness: best=1858.4, avg=1197.5, new=(qd-mutate=957.4). MAP-Elites(8x8, morphologies=3): occupied=28, pending=192, in flight=38
16:23:10: 4046x RT, 67.4 creatures/sec. Fitness: best=1858.4, avg=1197.5, new=(qd-mutate=872.5). MAP-Elites(8x8, morphologies=3): occupied=28, pending=192, in flight=38
16:23:12: 3646x RT, 60.8 creatures/sec. Fitness: best=1858.4, avg=1197.5, new=(qd-mutate=839.2). MAP-Elites(8x8, morphologies=3): occupied=28, pending=192, in flight=38
16:23:14: 3915x RT, 65.2 creatures/sec. Fitness: best=1858.4, avg=1205.6, new=(qd-mutate=935.7). MAP-Elites(8x8, morphologies=3): occupied=28, pending=192, in flight=38
16:23:16: 3941x RT, 65.7 creatures/sec. Fitness: best=1858.4, avg=1216.5, new=(qd-mutate=937.8). MAP-Elites(8x8, morphologies=3): occupied=28, pending=192, in flight=38
16:23:18: 4103x RT, 68.4 creatures/sec. Fitness: best=1858.4, avg=1216.5, new=(qd-mutate=869.3). MAP-Elites(8x8, morphologies=3): occupied=28, pending=192, in flight=38
16:23:20: 6272x RT, 104.5 creatures/sec. Fitness: best=1858.4, avg=1216.5, new=(qd-mutate=878.2). MAP-Elites(8x8, morphologies=3): occupied=28, pending=192, in flight=38
16:23:22: 6065x RT, 101.1 creatures/sec. Fitness: best=1858.4, avg=1216.5, new=(qd-mutate=920.3). MAP-Elites(8x8, morphologies=3): occupied=28, pending=192, in flight=38
16:23:24: 6135x RT, 102.2 creatures/sec. Fitness: best=1858.4, avg=1228.7, new=(qd-mutate=903.4). MAP-Elites(8x8, morphologies=3): occupied=28, pending=192, in flight=38
16:23:27: 6052x RT, 100.9 creatures/sec. Fitness: best=1858.4, avg=1228.7, new=(qd-mutate=952.9). MAP-Elites(8x8, morphologies=3): occupied=28, pending=192, in flight=38
16:23:29: 6517x RT, 108.6 creatures/sec. Fitness: best=1858.4, avg=1228.7, new=(qd-mutate=904.0). MAP-Elites(8x8, morphologies=3): occupied=28, pending=192, in flight=38
16:23:31: 6595x RT, 109.9 creatures/sec. Fitness: best=1858.4, avg=1228.7, new=(qd-mutate=911.7). MAP-Elites(8x8, morphologies=3): occupied=28, pending=192, in flight=38
16:23:33: 6401x RT, 106.7 creatures/sec. Fitness: best=1858.4, avg=1228.7, new=(qd-mutate=906.5). MAP-Elites(8x8, morphologies=3): occupied=28, pending=192, in flight=38
16:23:35: 6616x RT, 110.3 creatures/sec. Fitness: best=1858.4, avg=1228.7, new=(qd-mutate=907.9). MAP-Elites(8x8, morphologies=3): occupied=28, pending=192, in flight=38
16:23:37: 6714x RT, 111.9 creatures/sec. Fitness: best=1858.4, avg=1228.7, new=(qd-mutate=901.5). MAP-Elites(8x8, morphologies=3): occupied=28, pending=192, in flight=38
16:23:39: 6429x RT, 107.2 creatures/sec. Fitness: best=1858.4, avg=1228.7, new=(qd-mutate=895.4). MAP-Elites(8x8, morphologies=3): occupied=28, pending=192, in flight=38
16:23:41: 6683x RT, 111.4 creatures/sec. Fitness: best=1858.4, avg=1228.7, new=(qd-mutate=948.9). MAP-Elites(8x8, morphologies=3): occupied=28, pending=192, in flight=38
16:23:43: 6215x RT, 103.6 creatures/sec. Fitness: best=1858.4, avg=1233.5, new=(qd-mutate=898.2). MAP-Elites(8x8, morphologies=3): occupied=28, pending=192, in flight=38
16:23:45: 6636x RT, 110.6 creatures/sec. Fitness: best=1858.4, avg=1233.5, new=(qd-mutate=920.4). MAP-Elites(8x8, morphologies=3): occupied=28, pending=192, in flight=38
16:23:47: 6723x RT, 112.1 creatures/sec. Fitness: best=1858.4, avg=1233.5, new=(qd-mutate=926.4). MAP-Elites(8x8, morphologies=3): occupied=28, pending=192, in flight=38
16:23:49: 5104x RT, 85.1 creatures/sec. Fitness: best=1858.4, avg=1236.3, new=(qd-mutate=884.0). MAP-Elites(8x8, morphologies=3): occupied=28, pending=192, in flight=38
16:23:51: 6727x RT, 112.1 creatures/sec. Fitness: best=1858.4, avg=1241.2, new=(qd-mutate=833.4). MAP-Elites(8x8, morphologies=3): occupied=28, pending=192, in flight=38
16:23:53: 6674x RT, 111.2 creatures/sec. Fitness: best=1858.4, avg=1241.2, new=(qd-mutate=909.3). MAP-Elites(8x8, morphologies=3): occupied=28, pending=192, in flight=38
16:23:55: 6628x RT, 110.5 creatures/sec. Fitness: best=1858.4, avg=1241.2, new=(qd-mutate=871.1). MAP-Elites(8x8, morphologies=3): occupied=28, pending=192, in flight=38
16:23:57: 6642x RT, 110.7 creatures/sec. Fitness: best=1858.4, avg=1241.2, new=(qd-mutate=871.0). MAP-Elites(8x8, morphologies=3): occupied=28, pending=192, in flight=38
16:23:59: 6078x RT, 101.3 creatures/sec. Fitness: best=1858.4, avg=1241.2, new=(qd-mutate=875.0). MAP-Elites(8x8, morphologies=3): occupied=28, pending=192, in flight=38
4646800 bytes written to /Users/dag/projects/Machine-Evolved-credible-training/training-runs/me-v2-harmonic-qd-01-2h/config.json. 
16:24:01: 5855x RT, 97.6 creatures/sec. Fitness: best=1858.4, avg=1241.2, new=(qd-mutate=958.5). MAP-Elites(8x8, morphologies=3): occupied=28, pending=192, in flight=38
16:24:03: 6660x RT, 111.0 creatures/sec. Fitness: best=1858.4, avg=1241.2, new=(qd-mutate=846.4). MAP-Elites(8x8, morphologies=3): occupied=28, pending=192, in flight=38
16:24:06: 6419x RT, 107.0 creatures/sec. Fitness: best=1858.4, avg=1241.2, new=(qd-mutate=893.6). MAP-Elites(8x8, morphologies=3): occupied=28, pending=192, in flight=38
16:24:08: 6513x RT, 108.5 creatures/sec. Fitness: best=1858.4, avg=1242.0, new=(qd-mutate=917.8). MAP-Elites(8x8, morphologies=3): occupied=28, pending=192, in flight=38
16:24:10: 6676x RT, 111.3 creatures/sec. Fitness: best=1858.4, avg=1242.0, new=(qd-mutate=867.1). MAP-Elites(8x8, morphologies=3): occupied=28, pending=192, in flight=38
16:24:12: 6295x RT, 104.9 creatures/sec. Fitness: best=1858.4, avg=1242.0, new=(qd-mutate=854.2). MAP-Elites(8x8, morphologies=3): occupied=28, pending=192, in flight=38
16:24:14: 5620x RT, 93.7 creatures/sec. Fitness: best=1858.4, avg=1243.0, new=(qd-mutate=937.1). MAP-Elites(8x8, morphologies=3): occupied=28, pending=192, in flight=38
16:24:16: 5808x RT, 96.8 creatures/sec. Fitness: best=1858.4, avg=1243.0, new=(qd-mutate=887.8). MAP-Elites(8x8, morphologies=3): occupied=28, pending=192, in flight=38
16:24:18: 5438x RT, 90.6 creatures/sec. Fitness: best=1858.4, avg=1244.6, new=(qd-mutate=916.5). MAP-Elites(8x8, morphologies=3): occupied=28, pending=192, in flight=38
16:24:20: 6624x RT, 110.4 creatures/sec. Fitness: best=1858.4, avg=1244.6, new=(qd-mutate=958.9). MAP-Elites(8x8, morphologies=3): occupied=28, pending=192, in flight=38
16:24:22: 6313x RT, 105.2 creatures/sec. Fitness: best=1858.4, avg=1250.7, new=(qd-mutate=892.4). MAP-Elites(8x8, morphologies=3): occupied=28, pending=192, in flight=38
16:24:24: 6359x RT, 106.0 creatures/sec. Fitness: best=1858.4, avg=1250.7, new=(qd-mutate=945.4). MAP-Elites(8x8, morphologies=3): occupied=28, pending=192, in flight=38
16:24:26: 6261x RT, 104.3 creatures/sec. Fitness: best=1858.4, avg=1252.4, new=(qd-mutate=873.2). MAP-Elites(8x8, morphologies=3): occupied=28, pending=192, in flight=38
16:24:28: 6082x RT, 101.4 creatures/sec. Fitness: best=1858.4, avg=1252.4, new=(qd-mutate=889.3). MAP-Elites(8x8, morphologies=3): occupied=28, pending=192, in flight=38
16:24:30: 6128x RT, 102.1 creatures/sec. Fitness: best=1858.4, avg=1254.2, new=(qd-mutate=958.9). MAP-Elites(8x8, morphologies=3): occupied=28, pending=192, in flight=38
16:24:32: 6065x RT, 101.1 creatures/sec. Fitness: best=1858.4, avg=1254.2, new=(qd-mutate=900.4). MAP-Elites(8x8, morphologies=3): occupied=28, pending=192, in flight=38
16:24:34: 5930x RT, 98.8 creatures/sec. Fitness: best=1858.4, avg=1262.5, new=(qd-mutate=919.5). MAP-Elites(8x8, morphologies=3): occupied=28, pending=192, in flight=38
16:24:36: 6298x RT, 105.0 creatures/sec. Fitness: best=1858.4, avg=1262.5, new=(qd-mutate=879.7). MAP-Elites(8x8, morphologies=3): occupied=28, pending=192, in flight=38
16:24:39: 6473x RT, 107.9 creatures/sec. Fitness: best=1858.4, avg=1262.5, new=(qd-mutate=942.1). MAP-Elites(8x8, morphologies=3): occupied=28, pending=192, in flight=38
16:24:41: 5824x RT, 97.1 creatures/sec. Fitness: best=1858.4, avg=1262.5, new=(qd-mutate=945.4). MAP-Elites(8x8, morphologies=3): occupied=28, pending=192, in flight=38
16:24:43: 5545x RT, 92.4 creatures/sec. Fitness: best=1858.4, avg=1262.5, new=(qd-mutate=924.1). MAP-Elites(8x8, morphologies=3): occupied=28, pending=192, in flight=38
16:24:45: 6570x RT, 109.5 creatures/sec. Fitness: best=1858.4, avg=1262.5, new=(qd-mutate=873.3). MAP-Elites(8x8, morphologies=3): occupied=28, pending=192, in flight=38
16:24:47: 6233x RT, 103.9 creatures/sec. Fitness: best=1858.4, avg=1266.9, new=(qd-mutate=941.6). MAP-Elites(8x8, morphologies=3): occupied=28, pending=192, in flight=38
16:24:49: 6486x RT, 108.1 creatures/sec. Fitness: best=1858.4, avg=1266.9, new=(qd-mutate=944.5). MAP-Elites(8x8, morphologies=3): occupied=28, pending=192, in flight=38
16:24:51: 6435x RT, 107.3 creatures/sec. Fitness: best=1858.4, avg=1268.8, new=(qd-mutate=942.5). MAP-Elites(8x8, morphologies=3): occupied=28, pending=192, in flight=38
16:24:53: 6542x RT, 109.0 creatures/sec. Fitness: best=1858.4, avg=1268.8, new=(qd-mutate=900.0). MAP-Elites(8x8, morphologies=3): occupied=28, pending=192, in flight=38
--> new robust best creature found through qd-mutate! Fitness=1912.6542146445895 domains=[1832.729126, 1948.31897, 2215.585449]
16:24:55: 6562x RT, 109.4 creatures/sec. Fitness: best=1912.7, avg=1274.7, new=(qd-mutate=918.4). MAP-Elites(8x8, morphologies=3): occupied=28, pending=192, in flight=38
16:24:57: 6558x RT, 109.3 creatures/sec. Fitness: best=1912.7, avg=1274.7, new=(qd-mutate=931.8). MAP-Elites(8x8, morphologies=3): occupied=28, pending=192, in flight=38
16:24:59: 6573x RT, 109.5 creatures/sec. Fitness: best=1912.7, avg=1274.7, new=(qd-mutate=940.3). MAP-Elites(8x8, morphologies=3): occupied=28, pending=192, in flight=38
5419314 bytes written to /Users/dag/projects/Machine-Evolved-credible-training/training-runs/me-v2-harmonic-qd-01-2h/config.json. 
16:25:01: 6359x RT, 106.0 creatures/sec. Fitness: best=1912.7, avg=1274.7, new=(qd-mutate=952.6). MAP-Elites(8x8, morphologies=3): occupied=28, pending=192, in flight=38
16:25:03: 5116x RT, 85.3 creatures/sec. Fitness: best=1912.7, avg=1274.7, new=(qd-mutate=891.8). MAP-Elites(8x8, morphologies=3): occupied=28, pending=192, in flight=38
16:25:05: 2748x RT, 45.8 creatures/sec. Fitness: best=1912.7, avg=1274.7, new=(qd-mutate=861.1). MAP-Elites(8x8, morphologies=3): occupied=28, pending=192, in flight=38
16:25:07: 3432x RT, 57.2 creatures/sec. Fitness: best=1912.7, avg=1274.7, new=(qd-mutate=912.6). MAP-Elites(8x8, morphologies=3): occupied=28, pending=192, in flight=38
16:25:09: 3821x RT, 63.7 creatures/sec. Fitness: best=1912.7, avg=1274.7, new=(qd-mutate=955.0). MAP-Elites(8x8, morphologies=3): occupied=28, pending=192, in flight=38
16:25:11: 4016x RT, 66.9 creatures/sec. Fitness: best=1912.7, avg=1274.7, new=(qd-mutate=984.1). MAP-Elites(8x8, morphologies=3): occupied=28, pending=192, in flight=38
16:25:13: 4019x RT, 67.0 creatures/sec. Fitness: best=1912.7, avg=1274.7, new=(qd-mutate=984.3). MAP-Elites(8x8, morphologies=3): occupied=28, pending=192, in flight=38
16:25:15: 4032x RT, 67.2 creatures/sec. Fitness: best=1912.7, avg=1274.7, new=(qd-mutate=907.7). MAP-Elites(8x8, morphologies=3): occupied=28, pending=192, in flight=38
16:25:17: 3671x RT, 61.2 creatures/sec. Fitness: best=1912.7, avg=1274.7, new=(qd-mutate=895.5). MAP-Elites(8x8, morphologies=3): occupied=28, pending=192, in flight=38
16:25:19: 3361x RT, 56.0 creatures/sec. Fitness: best=1912.7, avg=1274.7, new=(qd-mutate=910.7). MAP-Elites(8x8, morphologies=3): occupied=28, pending=192, in flight=38
16:25:22: 3496x RT, 58.3 creatures/sec. Fitness: best=1912.7, avg=1274.7, new=(qd-mutate=920.8). MAP-Elites(8x8, morphologies=3): occupied=28, pending=192, in flight=38
16:25:24: 3652x RT, 60.9 creatures/sec. Fitness: best=1912.7, avg=1274.7, new=(qd-mutate=910.3). MAP-Elites(8x8, morphologies=3): occupied=28, pending=192, in flight=38
16:25:26: 3000x RT, 50.0 creatures/sec. Fitness: best=1912.7, avg=1274.7, new=(qd-mutate=844.6). MAP-Elites(8x8, morphologies=3): occupied=28, pending=192, in flight=38
16:25:28: 3234x RT, 53.9 creatures/sec. Fitness: best=1912.7, avg=1274.7, new=(qd-mutate=929.0). MAP-Elites(8x8, morphologies=3): occupied=28, pending=192, in flight=38
16:25:30: 2940x RT, 49.0 creatures/sec. Fitness: best=1912.7, avg=1274.7, new=(qd-mutate=1013.2). MAP-Elites(8x8, morphologies=3): occupied=28, pending=192, in flight=38
16:25:32: 3449x RT, 57.5 creatures/sec. Fitness: best=1912.7, avg=1274.7, new=(qd-mutate=941.9). MAP-Elites(8x8, morphologies=3): occupied=28, pending=192, in flight=38
16:25:34: 3622x RT, 60.4 creatures/sec. Fitness: best=1912.7, avg=1274.7, new=(qd-mutate=933.9). MAP-Elites(8x8, morphologies=3): occupied=28, pending=192, in flight=38
16:25:36: 3007x RT, 50.1 creatures/sec. Fitness: best=1912.7, avg=1274.7, new=(qd-mutate=884.4). MAP-Elites(8x8, morphologies=3): occupied=28, pending=192, in flight=38
16:25:38: 3641x RT, 60.7 creatures/sec. Fitness: best=1912.7, avg=1280.0, new=(qd-mutate=946.5). MAP-Elites(8x8, morphologies=3): occupied=28, pending=192, in flight=38
16:25:40: 3877x RT, 64.6 creatures/sec. Fitness: best=1912.7, avg=1280.0, new=(qd-mutate=888.4). MAP-Elites(8x8, morphologies=3): occupied=28, pending=192, in flight=38
16:25:42: 3167x RT, 52.8 creatures/sec. Fitness: best=1912.7, avg=1280.0, new=(qd-mutate=870.7). MAP-Elites(8x8, morphologies=3): occupied=28, pending=192, in flight=38
16:25:44: 4261x RT, 71.0 creatures/sec. Fitness: best=1912.7, avg=1280.0, new=(qd-mutate=901.6). MAP-Elites(8x8, morphologies=3): occupied=28, pending=192, in flight=38
16:25:46: 3793x RT, 63.2 creatures/sec. Fitness: best=1912.7, avg=1280.1, new=(qd-mutate=913.2). MAP-Elites(8x8, morphologies=3): occupied=28, pending=192, in flight=38
16:25:48: 2992x RT, 49.9 creatures/sec. Fitness: best=1912.7, avg=1280.1, new=(qd-mutate=994.1). MAP-Elites(8x8, morphologies=3): occupied=28, pending=192, in flight=38
16:25:50: 4426x RT, 73.8 creatures/sec. Fitness: best=1912.7, avg=1280.1, new=(qd-mutate=871.0). MAP-Elites(8x8, morphologies=3): occupied=28, pending=192, in flight=38
16:25:52: 4600x RT, 76.7 creatures/sec. Fitness: best=1912.7, avg=1280.1, new=(qd-mutate=909.6). MAP-Elites(8x8, morphologies=3): occupied=28, pending=192, in flight=38
16:25:54: 4384x RT, 73.1 creatures/sec. Fitness: best=1912.7, avg=1288.6, new=(qd-mutate=893.1). MAP-Elites(8x8, morphologies=3): occupied=28, pending=192, in flight=38
16:25:56: 6620x RT, 110.3 creatures/sec. Fitness: best=1912.7, avg=1288.6, new=(qd-mutate=887.2). MAP-Elites(8x8, morphologies=3): occupied=28, pending=192, in flight=38
16:25:58: 6307x RT, 105.1 creatures/sec. Fitness: best=1912.7, avg=1288.6, new=(qd-mutate=909.2). MAP-Elites(8x8, morphologies=3): occupied=28, pending=192, in flight=38
16:26:00: 6642x RT, 110.7 creatures/sec. Fitness: best=1912.7, avg=1288.6, new=(qd-mutate=889.6). MAP-Elites(8x8, morphologies=3): occupied=28, pending=192, in flight=38
5789832 bytes written to /Users/dag/projects/Machine-Evolved-credible-training/training-runs/me-v2-harmonic-qd-01-2h/config.json. 
16:26:03: 6300x RT, 105.0 creatures/sec. Fitness: best=1912.7, avg=1288.6, new=(qd-mutate=932.0). MAP-Elites(8x8, morphologies=3): occupied=28, pending=192, in flight=38
16:26:05: 6444x RT, 107.4 creatures/sec. Fitness: best=1912.7, avg=1288.6, new=(qd-mutate=961.0). MAP-Elites(8x8, morphologies=3): occupied=28, pending=192, in flight=38
16:26:07: 6562x RT, 109.4 creatures/sec. Fitness: best=1912.7, avg=1288.6, new=(qd-mutate=856.5). MAP-Elites(8x8, morphologies=3): occupied=28, pending=192, in flight=38
16:26:09: 6645x RT, 110.8 creatures/sec. Fitness: best=1912.7, avg=1288.6, new=(qd-mutate=1014.8). MAP-Elites(8x8, morphologies=3): occupied=28, pending=192, in flight=38
16:26:11: 6578x RT, 109.6 creatures/sec. Fitness: best=1912.7, avg=1288.6, new=(qd-mutate=949.1). MAP-Elites(8x8, morphologies=3): occupied=28, pending=192, in flight=38
16:26:13: 5894x RT, 98.2 creatures/sec. Fitness: best=1912.7, avg=1288.6, new=(qd-mutate=938.5). MAP-Elites(8x8, morphologies=3): occupied=28, pending=192, in flight=38
16:26:15: 1803x RT, 30.1 creatures/sec. Fitness: best=1912.7, avg=1288.6, new=(qd-mutate=934.6). MAP-Elites(8x8, morphologies=3): occupied=28, pending=192, in flight=38
16:26:17: 1980x RT, 33.0 creatures/sec. Fitness: best=1912.7, avg=1288.6, new=(qd-mutate=848.2). MAP-Elites(8x8, morphologies=3): occupied=28, pending=192, in flight=38
16:26:19: 2101x RT, 35.0 creatures/sec. Fitness: best=1912.7, avg=1288.6, new=(qd-mutate=872.2). MAP-Elites(8x8, morphologies=3): occupied=28, pending=192, in flight=38
16:26:21: 2275x RT, 37.9 creatures/sec. Fitness: best=1912.7, avg=1288.6, new=(qd-mutate=940.9). MAP-Elites(8x8, morphologies=3): occupied=28, pending=192, in flight=38
16:26:23: 2361x RT, 39.3 creatures/sec. Fitness: best=1912.7, avg=1288.6, new=(qd-mutate=839.3). MAP-Elites(8x8, morphologies=3): occupied=28, pending=192, in flight=38
16:26:25: 2539x RT, 42.3 creatures/sec. Fitness: best=1912.7, avg=1288.6, new=(qd-mutate=854.6). MAP-Elites(8x8, morphologies=3): occupied=28, pending=192, in flight=38
16:26:27: 2738x RT, 45.6 creatures/sec. Fitness: best=1912.7, avg=1288.6, new=(qd-mutate=977.4). MAP-Elites(8x8, morphologies=3): occupied=28, pending=192, in flight=38
16:26:29: 3901x RT, 65.0 creatures/sec. Fitness: best=1912.7, avg=1288.6, new=(qd-mutate=897.5). MAP-Elites(8x8, morphologies=3): occupied=28, pending=192, in flight=38
16:26:31: 4944x RT, 82.4 creatures/sec. Fitness: best=1912.7, avg=1288.6, new=(qd-mutate=830.3). MAP-Elites(8x8, morphologies=3): occupied=28, pending=192, in flight=38
16:26:33: 5635x RT, 93.9 creatures/sec. Fitness: best=1912.7, avg=1288.6, new=(qd-mutate=925.7). MAP-Elites(8x8, morphologies=3): occupied=28, pending=192, in flight=38
16:26:35: 6509x RT, 108.5 creatures/sec. Fitness: best=1912.7, avg=1288.6, new=(qd-mutate=894.2). MAP-Elites(8x8, morphologies=3): occupied=28, pending=192, in flight=38
16:26:37: 6263x RT, 104.4 creatures/sec. Fitness: best=1912.7, avg=1288.6, new=(qd-mutate=888.9). MAP-Elites(8x8, morphologies=3): occupied=28, pending=192, in flight=38
16:26:39: 6398x RT, 106.6 creatures/sec. Fitness: best=1912.7, avg=1288.6, new=(qd-mutate=921.3). MAP-Elites(8x8, morphologies=3): occupied=28, pending=192, in flight=38
16:26:42: 6446x RT, 107.4 creatures/sec. Fitness: best=1912.7, avg=1288.6, new=(qd-mutate=932.3). MAP-Elites(8x8, morphologies=3): occupied=28, pending=192, in flight=38
16:26:44: 6338x RT, 105.6 creatures/sec. Fitness: best=1912.7, avg=1288.6, new=(qd-mutate=932.9). MAP-Elites(8x8, morphologies=3): occupied=28, pending=192, in flight=38
16:26:46: 4337x RT, 72.3 creatures/sec. Fitness: best=1912.7, avg=1289.3, new=(qd-mutate=875.7). MAP-Elites(8x8, morphologies=3): occupied=28, pending=192, in flight=38
16:26:48: 1767x RT, 29.5 creatures/sec. Fitness: best=1912.7, avg=1289.3, new=(qd-mutate=916.7). MAP-Elites(8x8, morphologies=3): occupied=28, pending=192, in flight=38
16:26:50: 2048x RT, 34.1 creatures/sec. Fitness: best=1912.7, avg=1289.3, new=(qd-mutate=874.8). MAP-Elites(8x8, morphologies=3): occupied=28, pending=192, in flight=38
16:26:52: 2114x RT, 35.2 creatures/sec. Fitness: best=1912.7, avg=1289.3, new=(qd-mutate=823.1). MAP-Elites(8x8, morphologies=3): occupied=28, pending=192, in flight=38
16:26:54: 2439x RT, 40.6 creatures/sec. Fitness: best=1912.7, avg=1289.3, new=(qd-mutate=804.0). MAP-Elites(8x8, morphologies=3): occupied=28, pending=192, in flight=38
16:26:56: 2151x RT, 35.9 creatures/sec. Fitness: best=1912.7, avg=1289.3, new=(qd-mutate=906.4). MAP-Elites(8x8, morphologies=3): occupied=28, pending=192, in flight=38
16:26:58: 1405x RT, 23.4 creatures/sec. Fitness: best=1912.7, avg=1289.3, new=(qd-mutate=1039.7). MAP-Elites(8x8, morphologies=3): occupied=28, pending=192, in flight=38
16:27:00: 1169x RT, 19.5 creatures/sec. Fitness: best=1912.7, avg=1289.3, new=(qd-mutate=926.2). MAP-Elites(8x8, morphologies=3): occupied=28, pending=192, in flight=38
5764361 bytes written to /Users/dag/projects/Machine-Evolved-credible-training/training-runs/me-v2-harmonic-qd-01-2h/config.json. 
16:27:02: 1355x RT, 22.6 creatures/sec. Fitness: best=1912.7, avg=1298.8, new=(qd-mutate=1006.9). MAP-Elites(8x8, morphologies=3): occupied=28, pending=192, in flight=38
16:27:04: 1612x RT, 26.9 creatures/sec. Fitness: best=1912.7, avg=1298.8, new=(qd-mutate=945.2). MAP-Elites(8x8, morphologies=3): occupied=28, pending=192, in flight=38
16:27:06: 1846x RT, 30.8 creatures/sec. Fitness: best=1912.7, avg=1298.8, new=(qd-mutate=922.3). MAP-Elites(8x8, morphologies=3): occupied=28, pending=192, in flight=38
16:27:08: 2084x RT, 34.7 creatures/sec. Fitness: best=1912.7, avg=1298.8, new=(qd-mutate=918.5). MAP-Elites(8x8, morphologies=3): occupied=28, pending=192, in flight=38
16:27:10: 2061x RT, 34.3 creatures/sec. Fitness: best=1912.7, avg=1298.8, new=(qd-mutate=863.7). MAP-Elites(8x8, morphologies=3): occupied=28, pending=192, in flight=38
16:27:12: 2194x RT, 36.6 creatures/sec. Fitness: best=1912.7, avg=1298.8, new=(qd-mutate=917.7). MAP-Elites(8x8, morphologies=3): occupied=28, pending=192, in flight=38
16:27:14: 2226x RT, 37.1 creatures/sec. Fitness: best=1912.7, avg=1298.8, new=(qd-mutate=887.9). MAP-Elites(8x8, morphologies=3): occupied=28, pending=192, in flight=38
16:27:16: 2690x RT, 44.8 creatures/sec. Fitness: best=1912.7, avg=1298.8, new=(qd-mutate=963.5). MAP-Elites(8x8, morphologies=3): occupied=28, pending=192, in flight=38
16:27:18: 4300x RT, 71.7 creatures/sec. Fitness: best=1912.7, avg=1298.8, new=(qd-mutate=928.9). MAP-Elites(8x8, morphologies=3): occupied=28, pending=192, in flight=38
16:27:20: 5045x RT, 84.1 creatures/sec. Fitness: best=1912.7, avg=1298.8, new=(qd-mutate=933.4). MAP-Elites(8x8, morphologies=3): occupied=28, pending=192, in flight=38
16:27:22: 6077x RT, 101.3 creatures/sec. Fitness: best=1912.7, avg=1299.0, new=(qd-mutate=966.1). MAP-Elites(8x8, morphologies=3): occupied=28, pending=192, in flight=38
16:27:24: 6592x RT, 109.9 creatures/sec. Fitness: best=1912.7, avg=1299.0, new=(qd-mutate=965.7). MAP-Elites(8x8, morphologies=3): occupied=28, pending=192, in flight=38
16:27:26: 6505x RT, 108.4 creatures/sec. Fitness: best=1912.7, avg=1299.0, new=(qd-mutate=933.3). MAP-Elites(8x8, morphologies=3): occupied=28, pending=192, in flight=38
16:27:28: 6544x RT, 109.1 creatures/sec. Fitness: best=1912.7, avg=1299.0, new=(qd-mutate=926.8). MAP-Elites(8x8, morphologies=3): occupied=28, pending=192, in flight=38
16:27:31: 6386x RT, 106.4 creatures/sec. Fitness: best=1912.7, avg=1299.6, new=(qd-mutate=936.5). MAP-Elites(8x8, morphologies=3): occupied=28, pending=192, in flight=38
16:27:33: 6524x RT, 108.7 creatures/sec. Fitness: best=1912.7, avg=1299.6, new=(qd-mutate=928.1). MAP-Elites(8x8, morphologies=3): occupied=28, pending=192, in flight=38
16:27:35: 6545x RT, 109.1 creatures/sec. Fitness: best=1912.7, avg=1299.6, new=(qd-mutate=936.9). MAP-Elites(8x8, morphologies=3): occupied=28, pending=192, in flight=38
16:27:37: 6099x RT, 101.7 creatures/sec. Fitness: best=1912.7, avg=1299.6, new=(qd-mutate=920.5). MAP-Elites(8x8, morphologies=3): occupied=28, pending=192, in flight=38
16:27:39: 6462x RT, 107.7 creatures/sec. Fitness: best=1912.7, avg=1299.6, new=(qd-mutate=962.6). MAP-Elites(8x8, morphologies=3): occupied=28, pending=192, in flight=38
16:27:41: 6260x RT, 104.3 creatures/sec. Fitness: best=1912.7, avg=1299.6, new=(qd-mutate=898.0). MAP-Elites(8x8, morphologies=3): occupied=28, pending=192, in flight=38
16:27:43: 6519x RT, 108.7 creatures/sec. Fitness: best=1912.7, avg=1299.6, new=(qd-mutate=881.2). MAP-Elites(8x8, morphologies=3): occupied=28, pending=192, in flight=38
16:27:45: 6283x RT, 104.7 creatures/sec. Fitness: best=1912.7, avg=1299.6, new=(qd-mutate=891.5). MAP-Elites(8x8, morphologies=3): occupied=28, pending=192, in flight=38
16:27:47: 6622x RT, 110.4 creatures/sec. Fitness: best=1912.7, avg=1307.9, new=(qd-mutate=931.4). MAP-Elites(8x8, morphologies=3): occupied=28, pending=192, in flight=38
16:27:49: 6330x RT, 105.5 creatures/sec. Fitness: best=1912.7, avg=1311.1, new=(qd-mutate=894.4). MAP-Elites(8x8, morphologies=3): occupied=28, pending=192, in flight=38
16:27:51: 6680x RT, 111.3 creatures/sec. Fitness: best=1912.7, avg=1311.1, new=(qd-mutate=922.1). MAP-Elites(8x8, morphologies=3): occupied=28, pending=192, in flight=38
16:27:53: 6182x RT, 103.0 creatures/sec. Fitness: best=1912.7, avg=1311.1, new=(qd-mutate=928.9). MAP-Elites(8x8, morphologies=3): occupied=28, pending=192, in flight=38
16:27:55: 5964x RT, 99.4 creatures/sec. Fitness: best=1912.7, avg=1311.1, new=(qd-mutate=924.7). MAP-Elites(8x8, morphologies=3): occupied=28, pending=192, in flight=38
16:27:57: 6441x RT, 107.4 creatures/sec. Fitness: best=1912.7, avg=1311.1, new=(qd-mutate=934.1). MAP-Elites(8x8, morphologies=3): occupied=28, pending=192, in flight=38
16:27:59: 6430x RT, 107.2 creatures/sec. Fitness: best=1912.7, avg=1311.8, new=(qd-mutate=918.0). MAP-Elites(8x8, morphologies=3): occupied=28, pending=192, in flight=38
5776580 bytes written to /Users/dag/projects/Machine-Evolved-credible-training/training-runs/me-v2-harmonic-qd-01-2h/config.json. 
16:28:01: 6058x RT, 101.0 creatures/sec. Fitness: best=1912.7, avg=1311.8, new=(qd-mutate=925.7). MAP-Elites(8x8, morphologies=3): occupied=28, pending=192, in flight=38
16:28:03: 5687x RT, 94.8 creatures/sec. Fitness: best=1912.7, avg=1311.8, new=(qd-mutate=928.8). MAP-Elites(8x8, morphologies=3): occupied=28, pending=192, in flight=38
16:28:05: 6495x RT, 108.3 creatures/sec. Fitness: best=1912.7, avg=1311.8, new=(qd-mutate=914.3). MAP-Elites(8x8, morphologies=3): occupied=28, pending=192, in flight=38
16:28:08: 6431x RT, 107.2 creatures/sec. Fitness: best=1912.7, avg=1311.8, new=(qd-mutate=915.5). MAP-Elites(8x8, morphologies=3): occupied=28, pending=192, in flight=38
16:28:10: 6567x RT, 109.4 creatures/sec. Fitness: best=1912.7, avg=1311.8, new=(qd-mutate=917.8). MAP-Elites(8x8, morphologies=3): occupied=28, pending=192, in flight=38
16:28:12: 6422x RT, 107.0 creatures/sec. Fitness: best=1912.7, avg=1311.8, new=(qd-mutate=909.3). MAP-Elites(8x8, morphologies=3): occupied=28, pending=192, in flight=38
16:28:14: 6421x RT, 107.0 creatures/sec. Fitness: best=1912.7, avg=1311.8, new=(qd-mutate=891.8). MAP-Elites(8x8, morphologies=3): occupied=28, pending=192, in flight=38
16:28:16: 6261x RT, 104.3 creatures/sec. Fitness: best=1912.7, avg=1313.0, new=(qd-mutate=952.4). MAP-Elites(8x8, morphologies=3): occupied=28, pending=192, in flight=38
16:28:18: 6503x RT, 108.4 creatures/sec. Fitness: best=1912.7, avg=1321.8, new=(qd-mutate=949.9). MAP-Elites(8x8, morphologies=3): occupied=28, pending=192, in flight=38
16:28:20: 6377x RT, 106.3 creatures/sec. Fitness: best=1912.7, avg=1321.8, new=(qd-mutate=925.9). MAP-Elites(8x8, morphologies=3): occupied=28, pending=192, in flight=38
16:28:22: 6211x RT, 103.5 creatures/sec. Fitness: best=1912.7, avg=1321.8, new=(qd-mutate=909.9). MAP-Elites(8x8, morphologies=3): occupied=28, pending=192, in flight=38
16:28:24: 6439x RT, 107.3 creatures/sec. Fitness: best=1912.7, avg=1321.8, new=(qd-mutate=916.6). MAP-Elites(8x8, morphologies=3): occupied=28, pending=192, in flight=38
16:28:26: 6389x RT, 106.5 creatures/sec. Fitness: best=1912.7, avg=1317.6, new=(qd-mutate=886.1). MAP-Elites(8x8, morphologies=3): occupied=29, pending=192, in flight=38
16:28:28: 5229x RT, 87.2 creatures/sec. Fitness: best=1912.7, avg=1317.6, new=(qd-mutate=920.2). MAP-Elites(8x8, morphologies=3): occupied=29, pending=192, in flight=38
16:28:30: 6191x RT, 103.2 creatures/sec. Fitness: best=1912.7, avg=1317.6, new=(qd-mutate=963.9). MAP-Elites(8x8, morphologies=3): occupied=29, pending=192, in flight=38
16:28:32: 6222x RT, 103.7 creatures/sec. Fitness: best=1912.7, avg=1317.6, new=(qd-mutate=948.1). MAP-Elites(8x8, morphologies=3): occupied=29, pending=192, in flight=38
16:28:34: 6403x RT, 106.7 creatures/sec. Fitness: best=1912.7, avg=1317.6, new=(qd-mutate=884.7). MAP-Elites(8x8, morphologies=3): occupied=29, pending=192, in flight=38
16:28:36: 6675x RT, 111.3 creatures/sec. Fitness: best=1912.7, avg=1324.5, new=(qd-mutate=928.9). MAP-Elites(8x8, morphologies=3): occupied=29, pending=192, in flight=38
16:28:39: 6727x RT, 112.1 creatures/sec. Fitness: best=1912.7, avg=1324.5, new=(qd-mutate=934.6). MAP-Elites(8x8, morphologies=3): occupied=29, pending=192, in flight=38
16:28:41: 6507x RT, 108.4 creatures/sec. Fitness: best=1912.7, avg=1324.5, new=(qd-mutate=917.5). MAP-Elites(8x8, morphologies=3): occupied=29, pending=192, in flight=38
16:28:43: 6201x RT, 103.4 creatures/sec. Fitness: best=1912.7, avg=1324.5, new=(qd-mutate=926.9). MAP-Elites(8x8, morphologies=3): occupied=29, pending=192, in flight=38
16:28:45: 6600x RT, 110.0 creatures/sec. Fitness: best=1912.7, avg=1324.5, new=(qd-mutate=950.9). MAP-Elites(8x8, morphologies=3): occupied=29, pending=192, in flight=38
16:28:47: 6218x RT, 103.6 creatures/sec. Fitness: best=1912.7, avg=1325.1, new=(qd-mutate=931.9). MAP-Elites(8x8, morphologies=3): occupied=29, pending=192, in flight=38
16:28:49: 5653x RT, 94.2 creatures/sec. Fitness: best=1912.7, avg=1325.1, new=(qd-mutate=919.5). MAP-Elites(8x8, morphologies=3): occupied=29, pending=192, in flight=38
16:28:51: 5910x RT, 98.5 creatures/sec. Fitness: best=1912.7, avg=1325.1, new=(qd-mutate=997.2). MAP-Elites(8x8, morphologies=3): occupied=29, pending=192, in flight=38
16:28:53: 6282x RT, 104.7 creatures/sec. Fitness: best=1912.7, avg=1325.1, new=(qd-mutate=964.9). MAP-Elites(8x8, morphologies=3): occupied=29, pending=192, in flight=38
16:28:55: 6369x RT, 106.2 creatures/sec. Fitness: best=1912.7, avg=1326.2, new=(qd-mutate=927.3). MAP-Elites(8x8, morphologies=3): occupied=29, pending=192, in flight=38
16:28:57: 6289x RT, 104.8 creatures/sec. Fitness: best=1912.7, avg=1326.2, new=(qd-mutate=952.3). MAP-Elites(8x8, morphologies=3): occupied=29, pending=192, in flight=38
16:28:59: 5701x RT, 95.0 creatures/sec. Fitness: best=1912.7, avg=1326.2, new=(qd-mutate=947.4). MAP-Elites(8x8, morphologies=3): occupied=29, pending=192, in flight=38
5767960 bytes written to /Users/dag/projects/Machine-Evolved-credible-training/training-runs/me-v2-harmonic-qd-01-2h/config.json. 
16:29:01: 5989x RT, 99.8 creatures/sec. Fitness: best=1912.7, avg=1326.2, new=(qd-mutate=945.1). MAP-Elites(8x8, morphologies=3): occupied=29, pending=192, in flight=38
16:29:03: 5772x RT, 96.2 creatures/sec. Fitness: best=1912.7, avg=1326.2, new=(qd-mutate=889.5). MAP-Elites(8x8, morphologies=3): occupied=29, pending=192, in flight=38
16:29:05: 5347x RT, 89.1 creatures/sec. Fitness: best=1912.7, avg=1326.2, new=(qd-mutate=941.6). MAP-Elites(8x8, morphologies=3): occupied=29, pending=192, in flight=38
16:29:07: 5815x RT, 96.9 creatures/sec. Fitness: best=1912.7, avg=1326.2, new=(qd-mutate=947.7). MAP-Elites(8x8, morphologies=3): occupied=29, pending=192, in flight=38
16:29:09: 5690x RT, 94.8 creatures/sec. Fitness: best=1912.7, avg=1326.2, new=(qd-mutate=934.0). MAP-Elites(8x8, morphologies=3): occupied=29, pending=192, in flight=38
16:29:11: 5941x RT, 99.0 creatures/sec. Fitness: best=1912.7, avg=1326.2, new=(qd-mutate=914.6). MAP-Elites(8x8, morphologies=3): occupied=29, pending=192, in flight=38
16:29:13: 5814x RT, 96.9 creatures/sec. Fitness: best=1912.7, avg=1326.2, new=(qd-mutate=915.0). MAP-Elites(8x8, morphologies=3): occupied=29, pending=192, in flight=38
16:29:15: 6004x RT, 100.1 creatures/sec. Fitness: best=1912.7, avg=1326.2, new=(qd-mutate=932.5). MAP-Elites(8x8, morphologies=3): occupied=29, pending=192, in flight=38
16:29:18: 6083x RT, 101.4 creatures/sec. Fitness: best=1912.7, avg=1326.2, new=(qd-mutate=983.8). MAP-Elites(8x8, morphologies=3): occupied=29, pending=192, in flight=38
16:29:20: 5907x RT, 98.4 creatures/sec. Fitness: best=1912.7, avg=1326.2, new=(qd-mutate=947.2). MAP-Elites(8x8, morphologies=3): occupied=29, pending=192, in flight=38
16:29:22: 5756x RT, 95.9 creatures/sec. Fitness: best=1912.7, avg=1329.1, new=(qd-mutate=913.6). MAP-Elites(8x8, morphologies=3): occupied=29, pending=192, in flight=38
16:29:24: 5078x RT, 84.6 creatures/sec. Fitness: best=1912.7, avg=1329.1, new=(qd-mutate=904.4). MAP-Elites(8x8, morphologies=3): occupied=29, pending=192, in flight=38
16:29:26: 3857x RT, 64.3 creatures/sec. Fitness: best=1912.7, avg=1330.8, new=(qd-mutate=958.3). MAP-Elites(8x8, morphologies=3): occupied=29, pending=192, in flight=38
16:29:28: 3655x RT, 60.9 creatures/sec. Fitness: best=1912.7, avg=1330.8, new=(qd-mutate=956.2). MAP-Elites(8x8, morphologies=3): occupied=29, pending=192, in flight=38
16:29:30: 4148x RT, 69.1 creatures/sec. Fitness: best=1912.7, avg=1330.8, new=(qd-mutate=948.7). MAP-Elites(8x8, morphologies=3): occupied=29, pending=192, in flight=38
16:29:32: 4354x RT, 72.6 creatures/sec. Fitness: best=1912.7, avg=1330.8, new=(qd-mutate=919.1). MAP-Elites(8x8, morphologies=3): occupied=29, pending=192, in flight=38
16:29:34: 4463x RT, 74.4 creatures/sec. Fitness: best=1912.7, avg=1330.8, new=(qd-mutate=942.4). MAP-Elites(8x8, morphologies=3): occupied=29, pending=192, in flight=38
16:29:36: 4558x RT, 76.0 creatures/sec. Fitness: best=1912.7, avg=1330.8, new=(qd-mutate=949.9). MAP-Elites(8x8, morphologies=3): occupied=29, pending=192, in flight=38
16:29:38: 4237x RT, 70.6 creatures/sec. Fitness: best=1912.7, avg=1330.8, new=(qd-mutate=967.3). MAP-Elites(8x8, morphologies=3): occupied=29, pending=192, in flight=38
16:29:40: 4525x RT, 75.4 creatures/sec. Fitness: best=1912.7, avg=1330.8, new=(qd-mutate=972.9). MAP-Elites(8x8, morphologies=3): occupied=29, pending=192, in flight=38
16:29:42: 5918x RT, 98.6 creatures/sec. Fitness: best=1912.7, avg=1330.8, new=(qd-mutate=910.5). MAP-Elites(8x8, morphologies=3): occupied=29, pending=192, in flight=38
16:29:44: 5874x RT, 97.9 creatures/sec. Fitness: best=1912.7, avg=1330.8, new=(qd-mutate=912.8). MAP-Elites(8x8, morphologies=3): occupied=29, pending=192, in flight=38
16:29:46: 5807x RT, 96.8 creatures/sec. Fitness: best=1912.7, avg=1330.8, new=(qd-mutate=893.0). MAP-Elites(8x8, morphologies=3): occupied=29, pending=192, in flight=38
16:29:49: 4426x RT, 73.8 creatures/sec. Fitness: best=1912.7, avg=1330.8, new=(qd-mutate=947.7). MAP-Elites(8x8, morphologies=3): occupied=29, pending=192, in flight=38
16:29:51: 5055x RT, 84.3 creatures/sec. Fitness: best=1912.7, avg=1330.8, new=(qd-mutate=960.8). MAP-Elites(8x8, morphologies=3): occupied=29, pending=192, in flight=38
16:29:53: 5838x RT, 97.3 creatures/sec. Fitness: best=1912.7, avg=1330.8, new=(qd-mutate=961.3). MAP-Elites(8x8, morphologies=3): occupied=29, pending=192, in flight=38
16:29:55: 5805x RT, 96.8 creatures/sec. Fitness: best=1912.7, avg=1330.8, new=(qd-mutate=865.3). MAP-Elites(8x8, morphologies=3): occupied=29, pending=192, in flight=38
16:29:57: 6031x RT, 100.5 creatures/sec. Fitness: best=1912.7, avg=1331.7, new=(qd-mutate=958.1). MAP-Elites(8x8, morphologies=3): occupied=29, pending=192, in flight=38
16:29:59: 6129x RT, 102.2 creatures/sec. Fitness: best=1912.7, avg=1334.0, new=(qd-mutate=875.1). MAP-Elites(8x8, morphologies=3): occupied=29, pending=192, in flight=38
5829187 bytes written to /Users/dag/projects/Machine-Evolved-credible-training/training-runs/me-v2-harmonic-qd-01-2h/config.json. 
16:30:01: 5885x RT, 98.1 creatures/sec. Fitness: best=1912.7, avg=1334.0, new=(qd-mutate=913.6). MAP-Elites(8x8, morphologies=3): occupied=29, pending=192, in flight=38
16:30:03: 5420x RT, 90.3 creatures/sec. Fitness: best=1912.7, avg=1334.0, new=(qd-mutate=900.8). MAP-Elites(8x8, morphologies=3): occupied=29, pending=192, in flight=38
16:30:05: 4440x RT, 74.0 creatures/sec. Fitness: best=1912.7, avg=1334.0, new=(qd-mutate=932.2). MAP-Elites(8x8, morphologies=3): occupied=29, pending=192, in flight=38
16:30:07: 5359x RT, 89.3 creatures/sec. Fitness: best=1912.7, avg=1334.0, new=(qd-mutate=910.3). MAP-Elites(8x8, morphologies=3): occupied=29, pending=192, in flight=38
16:30:09: 5681x RT, 94.7 creatures/sec. Fitness: best=1912.7, avg=1334.0, new=(qd-mutate=910.6). MAP-Elites(8x8, morphologies=3): occupied=29, pending=192, in flight=38
16:30:11: 5814x RT, 96.9 creatures/sec. Fitness: best=1912.7, avg=1334.0, new=(qd-mutate=927.0). MAP-Elites(8x8, morphologies=3): occupied=29, pending=192, in flight=38
16:30:13: 6086x RT, 101.4 creatures/sec. Fitness: best=1912.7, avg=1334.0, new=(qd-mutate=932.0). MAP-Elites(8x8, morphologies=3): occupied=29, pending=192, in flight=38
16:30:16: 5989x RT, 99.8 creatures/sec. Fitness: best=1912.7, avg=1334.0, new=(qd-mutate=930.8). MAP-Elites(8x8, morphologies=3): occupied=29, pending=192, in flight=38
16:30:18: 5897x RT, 98.3 creatures/sec. Fitness: best=1912.7, avg=1338.0, new=(qd-mutate=977.8). MAP-Elites(8x8, morphologies=3): occupied=29, pending=192, in flight=38
16:30:20: 6037x RT, 100.6 creatures/sec. Fitness: best=1912.7, avg=1338.0, new=(qd-mutate=955.8). MAP-Elites(8x8, morphologies=3): occupied=29, pending=192, in flight=38
16:30:22: 6121x RT, 102.0 creatures/sec. Fitness: best=1912.7, avg=1338.0, new=(qd-mutate=904.5). MAP-Elites(8x8, morphologies=3): occupied=29, pending=192, in flight=38
16:30:24: 5847x RT, 97.4 creatures/sec. Fitness: best=1912.7, avg=1338.0, new=(qd-mutate=966.7). MAP-Elites(8x8, morphologies=3): occupied=29, pending=192, in flight=38
16:30:26: 6099x RT, 101.7 creatures/sec. Fitness: best=1912.7, avg=1338.0, new=(qd-mutate=918.7). MAP-Elites(8x8, morphologies=3): occupied=29, pending=192, in flight=38
16:30:28: 5847x RT, 97.5 creatures/sec. Fitness: best=1912.7, avg=1338.0, new=(qd-mutate=980.1). MAP-Elites(8x8, morphologies=3): occupied=29, pending=192, in flight=38
16:30:30: 6098x RT, 101.6 creatures/sec. Fitness: best=1912.7, avg=1338.0, new=(qd-mutate=953.3). MAP-Elites(8x8, morphologies=3): occupied=29, pending=192, in flight=38
16:30:32: 6241x RT, 104.0 creatures/sec. Fitness: best=1912.7, avg=1338.0, new=(qd-mutate=894.8). MAP-Elites(8x8, morphologies=3): occupied=29, pending=192, in flight=38
16:30:34: 5991x RT, 99.8 creatures/sec. Fitness: best=1912.7, avg=1338.2, new=(qd-mutate=952.6). MAP-Elites(8x8, morphologies=3): occupied=29, pending=192, in flight=38
16:30:36: 6151x RT, 102.5 creatures/sec. Fitness: best=1912.7, avg=1338.2, new=(qd-mutate=900.3). MAP-Elites(8x8, morphologies=3): occupied=29, pending=192, in flight=38
16:30:38: 5555x RT, 92.6 creatures/sec. Fitness: best=1912.7, avg=1338.2, new=(qd-mutate=906.2). MAP-Elites(8x8, morphologies=3): occupied=29, pending=192, in flight=38
16:30:40: 3560x RT, 59.3 creatures/sec. Fitness: best=1912.7, avg=1338.2, new=(qd-mutate=937.1). MAP-Elites(8x8, morphologies=3): occupied=29, pending=192, in flight=38
16:30:42: 3843x RT, 64.0 creatures/sec. Fitness: best=1912.7, avg=1338.2, new=(qd-mutate=1000.7). MAP-Elites(8x8, morphologies=3): occupied=29, pending=192, in flight=38
16:30:44: 4387x RT, 73.1 creatures/sec. Fitness: best=1912.7, avg=1338.2, new=(qd-mutate=949.3). MAP-Elites(8x8, morphologies=3): occupied=29, pending=192, in flight=38
16:30:47: 4409x RT, 73.5 creatures/sec. Fitness: best=1912.7, avg=1338.2, new=(qd-mutate=946.5). MAP-Elites(8x8, morphologies=3): occupied=29, pending=192, in flight=38
16:30:49: 4315x RT, 71.9 creatures/sec. Fitness: best=1912.7, avg=1338.2, new=(qd-mutate=883.3). MAP-Elites(8x8, morphologies=3): occupied=29, pending=192, in flight=38
16:30:51: 3638x RT, 60.6 creatures/sec. Fitness: best=1912.7, avg=1338.2, new=(qd-mutate=915.7). MAP-Elites(8x8, morphologies=3): occupied=29, pending=192, in flight=38
16:30:53: 3088x RT, 51.5 creatures/sec. Fitness: best=1912.7, avg=1338.2, new=(qd-mutate=974.4). MAP-Elites(8x8, morphologies=3): occupied=29, pending=192, in flight=38
16:30:55: 2974x RT, 49.6 creatures/sec. Fitness: best=1912.7, avg=1338.2, new=(qd-mutate=985.7). MAP-Elites(8x8, morphologies=3): occupied=29, pending=192, in flight=38
16:30:57: 1565x RT, 26.1 creatures/sec. Fitness: best=1912.7, avg=1338.2, new=(qd-mutate=913.3). MAP-Elites(8x8, morphologies=3): occupied=29, pending=192, in flight=38
16:30:59: 2632x RT, 43.9 creatures/sec. Fitness: best=1912.7, avg=1338.2, new=(qd-mutate=972.3). MAP-Elites(8x8, morphologies=3): occupied=29, pending=192, in flight=38
5753353 bytes written to /Users/dag/projects/Machine-Evolved-credible-training/training-runs/me-v2-harmonic-qd-01-2h/config.json. 
16:31:01: 4455x RT, 74.2 creatures/sec. Fitness: best=1912.7, avg=1338.2, new=(qd-mutate=997.8). MAP-Elites(8x8, morphologies=3): occupied=29, pending=192, in flight=38
16:31:03: 5109x RT, 85.2 creatures/sec. Fitness: best=1912.7, avg=1338.2, new=(qd-mutate=909.6). MAP-Elites(8x8, morphologies=3): occupied=29, pending=192, in flight=38
16:31:05: 5345x RT, 89.1 creatures/sec. Fitness: best=1912.7, avg=1338.2, new=(qd-mutate=920.1). MAP-Elites(8x8, morphologies=3): occupied=29, pending=192, in flight=38
16:31:07: 5393x RT, 89.9 creatures/sec. Fitness: best=1912.7, avg=1338.2, new=(qd-mutate=876.9). MAP-Elites(8x8, morphologies=3): occupied=29, pending=192, in flight=38
16:31:09: 5155x RT, 85.9 creatures/sec. Fitness: best=1912.7, avg=1338.2, new=(qd-mutate=920.4). MAP-Elites(8x8, morphologies=3): occupied=29, pending=192, in flight=38
16:31:11: 5204x RT, 86.7 creatures/sec. Fitness: best=1912.7, avg=1338.2, new=(qd-mutate=924.8). MAP-Elites(8x8, morphologies=3): occupied=29, pending=192, in flight=38
16:31:13: 5247x RT, 87.5 creatures/sec. Fitness: best=1912.7, avg=1338.2, new=(qd-mutate=910.5). MAP-Elites(8x8, morphologies=3): occupied=29, pending=192, in flight=38
16:31:15: 4518x RT, 75.3 creatures/sec. Fitness: best=1912.7, avg=1338.2, new=(qd-mutate=893.0). MAP-Elites(8x8, morphologies=3): occupied=29, pending=192, in flight=38
16:31:17: 4135x RT, 68.9 creatures/sec. Fitness: best=1912.7, avg=1338.2, new=(qd-mutate=943.8). MAP-Elites(8x8, morphologies=3): occupied=29, pending=192, in flight=38
16:31:19: 5502x RT, 91.7 creatures/sec. Fitness: best=1912.7, avg=1338.2, new=(qd-mutate=912.9). MAP-Elites(8x8, morphologies=3): occupied=29, pending=192, in flight=38
16:31:21: 5633x RT, 93.9 creatures/sec. Fitness: best=1912.7, avg=1338.2, new=(qd-mutate=889.8). MAP-Elites(8x8, morphologies=3): occupied=29, pending=192, in flight=38
16:31:23: 5661x RT, 94.4 creatures/sec. Fitness: best=1912.7, avg=1338.2, new=(qd-mutate=942.5). MAP-Elites(8x8, morphologies=3): occupied=29, pending=192, in flight=38
16:31:25: 5258x RT, 87.6 creatures/sec. Fitness: best=1912.7, avg=1338.2, new=(qd-mutate=921.2). MAP-Elites(8x8, morphologies=3): occupied=29, pending=192, in flight=38
16:31:27: 5502x RT, 91.7 creatures/sec. Fitness: best=1912.7, avg=1338.2, new=(qd-mutate=906.5). MAP-Elites(8x8, morphologies=3): occupied=29, pending=192, in flight=38
16:31:29: 5809x RT, 96.8 creatures/sec. Fitness: best=1912.7, avg=1338.2, new=(qd-mutate=917.8). MAP-Elites(8x8, morphologies=3): occupied=29, pending=192, in flight=38
16:31:31: 5419x RT, 90.3 creatures/sec. Fitness: best=1912.7, avg=1347.1, new=(qd-mutate=945.1). MAP-Elites(8x8, morphologies=3): occupied=29, pending=192, in flight=38
16:31:34: 5337x RT, 89.0 creatures/sec. Fitness: best=1912.7, avg=1347.1, new=(qd-mutate=901.7). MAP-Elites(8x8, morphologies=3): occupied=29, pending=192, in flight=38
16:31:36: 5611x RT, 93.5 creatures/sec. Fitness: best=1912.7, avg=1347.1, new=(qd-mutate=876.1). MAP-Elites(8x8, morphologies=3): occupied=29, pending=192, in flight=38
16:31:38: 5640x RT, 94.0 creatures/sec. Fitness: best=1912.7, avg=1347.1, new=(qd-mutate=963.4). MAP-Elites(8x8, morphologies=3): occupied=29, pending=192, in flight=38
16:31:40: 4553x RT, 75.9 creatures/sec. Fitness: best=1912.7, avg=1347.1, new=(qd-mutate=870.5). MAP-Elites(8x8, morphologies=3): occupied=29, pending=192, in flight=38
16:31:42: 5093x RT, 84.9 creatures/sec. Fitness: best=1912.7, avg=1348.8, new=(qd-mutate=919.9). MAP-Elites(8x8, morphologies=3): occupied=29, pending=192, in flight=38
16:31:44: 5785x RT, 96.4 creatures/sec. Fitness: best=1912.7, avg=1348.8, new=(qd-mutate=923.3). MAP-Elites(8x8, morphologies=3): occupied=29, pending=192, in flight=38
16:31:46: 5826x RT, 97.1 creatures/sec. Fitness: best=1912.7, avg=1351.7, new=(qd-mutate=943.2). MAP-Elites(8x8, morphologies=3): occupied=29, pending=192, in flight=38
16:31:48: 4235x RT, 70.6 creatures/sec. Fitness: best=1912.7, avg=1351.7, new=(qd-mutate=895.7). MAP-Elites(8x8, morphologies=3): occupied=29, pending=192, in flight=38
16:31:50: 4803x RT, 80.1 creatures/sec. Fitness: best=1912.7, avg=1351.7, new=(qd-mutate=899.6). MAP-Elites(8x8, morphologies=3): occupied=29, pending=192, in flight=38
16:31:52: 5832x RT, 97.2 creatures/sec. Fitness: best=1912.7, avg=1351.9, new=(qd-mutate=932.2). MAP-Elites(8x8, morphologies=3): occupied=29, pending=192, in flight=38
16:31:54: 5912x RT, 98.5 creatures/sec. Fitness: best=1912.7, avg=1351.9, new=(qd-mutate=963.5). MAP-Elites(8x8, morphologies=3): occupied=29, pending=192, in flight=38
16:31:56: 5607x RT, 93.5 creatures/sec. Fitness: best=1912.7, avg=1351.9, new=(qd-mutate=915.5). MAP-Elites(8x8, morphologies=3): occupied=29, pending=192, in flight=38
16:31:58: 5881x RT, 98.0 creatures/sec. Fitness: best=1912.7, avg=1351.9, new=(qd-mutate=932.7). MAP-Elites(8x8, morphologies=3): occupied=29, pending=192, in flight=38
16:32:01: 5630x RT, 93.8 creatures/sec. Fitness: best=1912.7, avg=1351.9, new=(qd-mutate=991.7). MAP-Elites(8x8, morphologies=3): occupied=29, pending=192, in flight=38
5816967 bytes written to /Users/dag/projects/Machine-Evolved-credible-training/training-runs/me-v2-harmonic-qd-01-2h/config.json. 
16:32:03: 5368x RT, 89.5 creatures/sec. Fitness: best=1912.7, avg=1351.9, new=(qd-mutate=921.8). MAP-Elites(8x8, morphologies=3): occupied=29, pending=192, in flight=38
16:32:05: 5229x RT, 87.2 creatures/sec. Fitness: best=1912.7, avg=1351.9, new=(qd-mutate=940.2). MAP-Elites(8x8, morphologies=3): occupied=29, pending=192, in flight=38
16:32:07: 3557x RT, 59.3 creatures/sec. Fitness: best=1912.7, avg=1351.9, new=(qd-mutate=927.4). MAP-Elites(8x8, morphologies=3): occupied=29, pending=192, in flight=38
16:32:09: 1491x RT, 24.9 creatures/sec. Fitness: best=1912.7, avg=1351.9, new=(qd-mutate=984.8). MAP-Elites(8x8, morphologies=3): occupied=29, pending=192, in flight=38
16:32:11: 1859x RT, 31.0 creatures/sec. Fitness: best=1912.7, avg=1351.9, new=(qd-mutate=962.8). MAP-Elites(8x8, morphologies=3): occupied=29, pending=192, in flight=38
16:32:13: 1876x RT, 31.3 creatures/sec. Fitness: best=1912.7, avg=1351.9, new=(qd-mutate=982.9). MAP-Elites(8x8, morphologies=3): occupied=29, pending=192, in flight=38
16:32:15: 1936x RT, 32.3 creatures/sec. Fitness: best=1912.7, avg=1351.9, new=(qd-mutate=939.3). MAP-Elites(8x8, morphologies=3): occupied=29, pending=192, in flight=38
16:32:17: 1941x RT, 32.3 creatures/sec. Fitness: best=1912.7, avg=1351.9, new=(qd-mutate=1000.1). MAP-Elites(8x8, morphologies=3): occupied=29, pending=192, in flight=38
16:32:19: 1989x RT, 33.2 creatures/sec. Fitness: best=1912.7, avg=1351.9, new=(qd-mutate=804.3). MAP-Elites(8x8, morphologies=3): occupied=29, pending=192, in flight=38
16:32:21: 2072x RT, 34.5 creatures/sec. Fitness: best=1912.7, avg=1351.9, new=(qd-mutate=888.4). MAP-Elites(8x8, morphologies=3): occupied=29, pending=192, in flight=38
16:32:23: 1935x RT, 32.2 creatures/sec. Fitness: best=1912.7, avg=1351.9, new=(qd-mutate=972.6). MAP-Elites(8x8, morphologies=3): occupied=29, pending=192, in flight=38
16:32:25: 1923x RT, 32.1 creatures/sec. Fitness: best=1912.7, avg=1351.9, new=(qd-mutate=921.2). MAP-Elites(8x8, morphologies=3): occupied=29, pending=192, in flight=38
16:32:27: 2763x RT, 46.0 creatures/sec. Fitness: best=1912.7, avg=1351.9, new=(qd-mutate=1027.0). MAP-Elites(8x8, morphologies=3): occupied=29, pending=192, in flight=38
16:32:29: 3850x RT, 64.2 creatures/sec. Fitness: best=1912.7, avg=1351.9, new=(qd-mutate=853.8). MAP-Elites(8x8, morphologies=3): occupied=29, pending=192, in flight=38
16:32:31: 4456x RT, 74.3 creatures/sec. Fitness: best=1912.7, avg=1351.9, new=(qd-mutate=918.4). MAP-Elites(8x8, morphologies=3): occupied=29, pending=192, in flight=38
16:32:33: 4854x RT, 80.9 creatures/sec. Fitness: best=1912.7, avg=1351.9, new=(qd-mutate=944.3). MAP-Elites(8x8, morphologies=3): occupied=29, pending=192, in flight=38
16:32:35: 5144x RT, 85.7 creatures/sec. Fitness: best=1912.7, avg=1353.1, new=(qd-mutate=1010.6). MAP-Elites(8x8, morphologies=3): occupied=29, pending=192, in flight=38
16:32:38: 5104x RT, 85.1 creatures/sec. Fitness: best=1912.7, avg=1353.2, new=(qd-mutate=1002.4). MAP-Elites(8x8, morphologies=3): occupied=29, pending=192, in flight=38
16:32:40: 5522x RT, 92.0 creatures/sec. Fitness: best=1912.7, avg=1353.2, new=(qd-mutate=943.9). MAP-Elites(8x8, morphologies=3): occupied=29, pending=192, in flight=38
16:32:42: 5292x RT, 88.2 creatures/sec. Fitness: best=1912.7, avg=1353.2, new=(qd-mutate=903.8). MAP-Elites(8x8, morphologies=3): occupied=29, pending=192, in flight=38
16:32:44: 5307x RT, 88.5 creatures/sec. Fitness: best=1912.7, avg=1353.2, new=(qd-mutate=966.8). MAP-Elites(8x8, morphologies=3): occupied=29, pending=192, in flight=38
16:32:46: 4561x RT, 76.0 creatures/sec. Fitness: best=1912.7, avg=1353.2, new=(qd-mutate=939.6). MAP-Elites(8x8, morphologies=3): occupied=29, pending=192, in flight=38
16:32:48: 2682x RT, 44.7 creatures/sec. Fitness: best=1912.7, avg=1361.4, new=(qd-mutate=988.3). MAP-Elites(8x8, morphologies=3): occupied=29, pending=192, in flight=38
16:32:50: 2057x RT, 34.3 creatures/sec. Fitness: best=1912.7, avg=1363.1, new=(qd-mutate=1029.8). MAP-Elites(8x8, morphologies=3): occupied=29, pending=192, in flight=38
16:32:52: 3032x RT, 50.5 creatures/sec. Fitness: best=1912.7, avg=1363.1, new=(qd-mutate=965.7). MAP-Elites(8x8, morphologies=3): occupied=29, pending=192, in flight=38
16:32:54: 3442x RT, 57.4 creatures/sec. Fitness: best=1912.7, avg=1363.1, new=(qd-mutate=928.6). MAP-Elites(8x8, morphologies=3): occupied=29, pending=192, in flight=38
16:32:56: 3476x RT, 57.9 creatures/sec. Fitness: best=1912.7, avg=1363.1, new=(qd-mutate=886.1). MAP-Elites(8x8, morphologies=3): occupied=29, pending=192, in flight=38
16:32:58: 3369x RT, 56.1 creatures/sec. Fitness: best=1912.7, avg=1363.1, new=(qd-mutate=948.4). MAP-Elites(8x8, morphologies=3): occupied=29, pending=192, in flight=38
16:33:00: 2942x RT, 49.0 creatures/sec. Fitness: best=1912.7, avg=1363.1, new=(qd-mutate=1036.2). MAP-Elites(8x8, morphologies=3): occupied=29, pending=192, in flight=38
5804149 bytes written to /Users/dag/projects/Machine-Evolved-credible-training/training-runs/me-v2-harmonic-qd-01-2h/config.json. 
16:33:02: 3072x RT, 51.2 creatures/sec. Fitness: best=1912.7, avg=1363.1, new=(qd-mutate=932.7). MAP-Elites(8x8, morphologies=3): occupied=29, pending=192, in flight=38
16:33:04: 3282x RT, 54.7 creatures/sec. Fitness: best=1912.7, avg=1363.1, new=(qd-mutate=943.5). MAP-Elites(8x8, morphologies=3): occupied=29, pending=192, in flight=38
16:33:07: 2864x RT, 47.7 creatures/sec. Fitness: best=1912.7, avg=1363.1, new=(qd-mutate=875.9). MAP-Elites(8x8, morphologies=3): occupied=29, pending=192, in flight=38
16:33:09: 2917x RT, 48.6 creatures/sec. Fitness: best=1912.7, avg=1363.1, new=(qd-mutate=926.9). MAP-Elites(8x8, morphologies=3): occupied=29, pending=192, in flight=38
16:33:11: 2850x RT, 47.5 creatures/sec. Fitness: best=1912.7, avg=1363.1, new=(qd-mutate=933.3). MAP-Elites(8x8, morphologies=3): occupied=29, pending=192, in flight=38
16:33:13: 3039x RT, 50.7 creatures/sec. Fitness: best=1912.7, avg=1363.1, new=(qd-mutate=970.6). MAP-Elites(8x8, morphologies=3): occupied=29, pending=192, in flight=38
16:33:15: 2184x RT, 36.4 creatures/sec. Fitness: best=1912.7, avg=1368.7, new=(qd-mutate=895.3). MAP-Elites(8x8, morphologies=3): occupied=29, pending=192, in flight=38
16:33:17: 2909x RT, 48.5 creatures/sec. Fitness: best=1912.7, avg=1368.7, new=(qd-mutate=891.6). MAP-Elites(8x8, morphologies=3): occupied=29, pending=192, in flight=38
16:33:19: 2149x RT, 35.8 creatures/sec. Fitness: best=1912.7, avg=1368.7, new=(qd-mutate=922.2). MAP-Elites(8x8, morphologies=3): occupied=29, pending=192, in flight=38
16:33:21: 1347x RT, 22.4 creatures/sec. Fitness: best=1912.7, avg=1368.7, new=(qd-mutate=955.2). MAP-Elites(8x8, morphologies=3): occupied=29, pending=192, in flight=38
16:33:23: 1764x RT, 29.4 creatures/sec. Fitness: best=1912.7, avg=1368.7, new=(qd-mutate=962.4). MAP-Elites(8x8, morphologies=3): occupied=29, pending=192, in flight=38
16:33:25: 3008x RT, 50.1 creatures/sec. Fitness: best=1912.7, avg=1368.7, new=(qd-mutate=989.3). MAP-Elites(8x8, morphologies=3): occupied=29, pending=192, in flight=38
16:33:27: 3159x RT, 52.6 creatures/sec. Fitness: best=1912.7, avg=1368.7, new=(qd-mutate=921.2). MAP-Elites(8x8, morphologies=3): occupied=29, pending=192, in flight=38
16:33:29: 3459x RT, 57.7 creatures/sec. Fitness: best=1912.7, avg=1368.7, new=(qd-mutate=915.0). MAP-Elites(8x8, morphologies=3): occupied=29, pending=192, in flight=38
16:33:31: 4321x RT, 72.0 creatures/sec. Fitness: best=1912.7, avg=1368.7, new=(qd-mutate=973.8). MAP-Elites(8x8, morphologies=3): occupied=29, pending=192, in flight=38
16:33:33: 4012x RT, 66.9 creatures/sec. Fitness: best=1912.7, avg=1373.3, new=(qd-mutate=959.2). MAP-Elites(8x8, morphologies=3): occupied=29, pending=192, in flight=38
16:33:35: 3504x RT, 58.4 creatures/sec. Fitness: best=1912.7, avg=1373.3, new=(qd-mutate=933.6). MAP-Elites(8x8, morphologies=3): occupied=29, pending=192, in flight=38
16:33:37: 3710x RT, 61.8 creatures/sec. Fitness: best=1912.7, avg=1373.3, new=(qd-mutate=916.1). MAP-Elites(8x8, morphologies=3): occupied=29, pending=192, in flight=38
16:33:39: 4261x RT, 71.0 creatures/sec. Fitness: best=1912.7, avg=1373.3, new=(qd-mutate=964.7). MAP-Elites(8x8, morphologies=3): occupied=29, pending=192, in flight=38
16:33:41: 3023x RT, 50.4 creatures/sec. Fitness: best=1912.7, avg=1373.3, new=(qd-mutate=934.9). MAP-Elites(8x8, morphologies=3): occupied=29, pending=192, in flight=38
16:33:43: 5572x RT, 92.9 creatures/sec. Fitness: best=1912.7, avg=1373.3, new=(qd-mutate=977.2). MAP-Elites(8x8, morphologies=3): occupied=29, pending=192, in flight=38
16:33:45: 5096x RT, 84.9 creatures/sec. Fitness: best=1912.7, avg=1373.3, new=(qd-mutate=961.5). MAP-Elites(8x8, morphologies=3): occupied=29, pending=192, in flight=38
16:33:47: 5507x RT, 91.8 creatures/sec. Fitness: best=1912.7, avg=1373.3, new=(qd-mutate=955.7). MAP-Elites(8x8, morphologies=3): occupied=29, pending=192, in flight=38
16:33:50: 5381x RT, 89.7 creatures/sec. Fitness: best=1912.7, avg=1373.3, new=(qd-mutate=987.6). MAP-Elites(8x8, morphologies=3): occupied=29, pending=192, in flight=38
16:33:52: 5420x RT, 90.3 creatures/sec. Fitness: best=1912.7, avg=1373.3, new=(qd-mutate=1018.3). MAP-Elites(8x8, morphologies=3): occupied=29, pending=192, in flight=38
16:33:54: 5456x RT, 90.9 creatures/sec. Fitness: best=1912.7, avg=1373.3, new=(qd-mutate=992.4). MAP-Elites(8x8, morphologies=3): occupied=29, pending=192, in flight=38
16:33:56: 5374x RT, 89.6 creatures/sec. Fitness: best=1912.7, avg=1373.3, new=(qd-mutate=974.1). MAP-Elites(8x8, morphologies=3): occupied=29, pending=192, in flight=38
16:33:58: 4803x RT, 80.0 creatures/sec. Fitness: best=1912.7, avg=1373.3, new=(qd-mutate=938.3). MAP-Elites(8x8, morphologies=3): occupied=29, pending=192, in flight=38
16:34:00: 5579x RT, 93.0 creatures/sec. Fitness: best=1912.7, avg=1373.3, new=(qd-mutate=947.9). MAP-Elites(8x8, morphologies=3): occupied=29, pending=192, in flight=38
5806105 bytes written to /Users/dag/projects/Machine-Evolved-credible-training/training-runs/me-v2-harmonic-qd-01-2h/config.json. 
16:34:02: 5513x RT, 91.9 creatures/sec. Fitness: best=1912.7, avg=1373.3, new=(qd-mutate=953.9). MAP-Elites(8x8, morphologies=3): occupied=29, pending=192, in flight=38
16:34:04: 5595x RT, 93.2 creatures/sec. Fitness: best=1912.7, avg=1373.3, new=(qd-mutate=899.6). MAP-Elites(8x8, morphologies=3): occupied=29, pending=192, in flight=38
16:34:06: 5423x RT, 90.4 creatures/sec. Fitness: best=1912.7, avg=1373.3, new=(qd-mutate=921.4). MAP-Elites(8x8, morphologies=3): occupied=29, pending=192, in flight=38
16:34:08: 5567x RT, 92.8 creatures/sec. Fitness: best=1912.7, avg=1356.3, new=(qd-mutate=932.5). MAP-Elites(8x8, morphologies=3): occupied=30, pending=192, in flight=38
16:34:10: 5382x RT, 89.7 creatures/sec. Fitness: best=1912.7, avg=1356.3, new=(qd-mutate=886.9). MAP-Elites(8x8, morphologies=3): occupied=30, pending=192, in flight=38
16:34:12: 5549x RT, 92.5 creatures/sec. Fitness: best=1912.7, avg=1356.3, new=(qd-mutate=965.8). MAP-Elites(8x8, morphologies=3): occupied=30, pending=192, in flight=38
16:34:14: 5533x RT, 92.2 creatures/sec. Fitness: best=1912.7, avg=1356.3, new=(qd-mutate=984.8). MAP-Elites(8x8, morphologies=3): occupied=30, pending=192, in flight=38
16:34:16: 4169x RT, 69.5 creatures/sec. Fitness: best=1912.7, avg=1356.3, new=(qd-mutate=902.9). MAP-Elites(8x8, morphologies=3): occupied=30, pending=192, in flight=38
16:34:19: 3858x RT, 64.3 creatures/sec. Fitness: best=1912.7, avg=1356.3, new=(qd-mutate=964.3). MAP-Elites(8x8, morphologies=3): occupied=30, pending=192, in flight=38
16:34:21: 5806x RT, 96.8 creatures/sec. Fitness: best=1912.7, avg=1356.3, new=(qd-mutate=882.0). MAP-Elites(8x8, morphologies=3): occupied=30, pending=192, in flight=38
16:34:23: 4631x RT, 77.2 creatures/sec. Fitness: best=1912.7, avg=1357.2, new=(qd-mutate=929.9). MAP-Elites(8x8, morphologies=3): occupied=30, pending=192, in flight=38
16:34:25: 5761x RT, 96.0 creatures/sec. Fitness: best=1912.7, avg=1357.2, new=(qd-mutate=937.6). MAP-Elites(8x8, morphologies=3): occupied=30, pending=192, in flight=38
16:34:27: 5797x RT, 96.6 creatures/sec. Fitness: best=1912.7, avg=1357.2, new=(qd-mutate=946.2). MAP-Elites(8x8, morphologies=3): occupied=30, pending=192, in flight=38
16:34:29: 5835x RT, 97.2 creatures/sec. Fitness: best=1912.7, avg=1357.2, new=(qd-mutate=857.9). MAP-Elites(8x8, morphologies=3): occupied=30, pending=192, in flight=38
16:34:31: 5897x RT, 98.3 creatures/sec. Fitness: best=1912.7, avg=1357.2, new=(qd-mutate=920.9). MAP-Elites(8x8, morphologies=3): occupied=30, pending=192, in flight=38
16:34:33: 5920x RT, 98.7 creatures/sec. Fitness: best=1912.7, avg=1357.2, new=(qd-mutate=947.2). MAP-Elites(8x8, morphologies=3): occupied=30, pending=192, in flight=38
16:34:35: 5907x RT, 98.5 creatures/sec. Fitness: best=1912.7, avg=1357.2, new=(qd-mutate=938.5). MAP-Elites(8x8, morphologies=3): occupied=30, pending=192, in flight=38
16:34:37: 5937x RT, 99.0 creatures/sec. Fitness: best=1912.7, avg=1357.2, new=(qd-mutate=956.9). MAP-Elites(8x8, morphologies=3): occupied=30, pending=192, in flight=38
16:34:39: 6004x RT, 100.1 creatures/sec. Fitness: best=1912.7, avg=1357.2, new=(qd-mutate=947.6). MAP-Elites(8x8, morphologies=3): occupied=30, pending=192, in flight=38
16:34:41: 5824x RT, 97.1 creatures/sec. Fitness: best=1912.7, avg=1357.2, new=(qd-mutate=955.6). MAP-Elites(8x8, morphologies=3): occupied=30, pending=192, in flight=38
16:34:43: 5815x RT, 96.9 creatures/sec. Fitness: best=1912.7, avg=1357.2, new=(qd-mutate=948.0). MAP-Elites(8x8, morphologies=3): occupied=30, pending=192, in flight=38
16:34:45: 5966x RT, 99.4 creatures/sec. Fitness: best=1912.7, avg=1357.2, new=(qd-mutate=952.0). MAP-Elites(8x8, morphologies=3): occupied=30, pending=192, in flight=38
16:34:48: 5554x RT, 92.6 creatures/sec. Fitness: best=1912.7, avg=1357.2, new=(qd-mutate=955.1). MAP-Elites(8x8, morphologies=3): occupied=30, pending=192, in flight=38
16:34:50: 6119x RT, 102.0 creatures/sec. Fitness: best=1912.7, avg=1357.2, new=(qd-mutate=939.6). MAP-Elites(8x8, morphologies=3): occupied=30, pending=192, in flight=38
16:34:52: 6001x RT, 100.0 creatures/sec. Fitness: best=1912.7, avg=1357.2, new=(qd-mutate=934.8). MAP-Elites(8x8, morphologies=3): occupied=30, pending=192, in flight=38
16:34:54: 5139x RT, 85.7 creatures/sec. Fitness: best=1912.7, avg=1357.2, new=(qd-mutate=875.6). MAP-Elites(8x8, morphologies=3): occupied=30, pending=192, in flight=38
16:34:56: 6001x RT, 100.0 creatures/sec. Fitness: best=1912.7, avg=1357.2, new=(qd-mutate=961.4). MAP-Elites(8x8, morphologies=3): occupied=30, pending=192, in flight=38
16:34:58: 6635x RT, 110.6 creatures/sec. Fitness: best=1912.7, avg=1357.2, new=(qd-mutate=975.5). MAP-Elites(8x8, morphologies=3): occupied=30, pending=192, in flight=38
16:35:00: 6479x RT, 108.0 creatures/sec. Fitness: best=1912.7, avg=1357.2, new=(qd-mutate=953.3). MAP-Elites(8x8, morphologies=3): occupied=30, pending=192, in flight=38
5810634 bytes written to /Users/dag/projects/Machine-Evolved-credible-training/training-runs/me-v2-harmonic-qd-01-2h/config.json. 
16:35:02: 5310x RT, 88.5 creatures/sec. Fitness: best=1912.7, avg=1357.2, new=(qd-mutate=950.7). MAP-Elites(8x8, morphologies=3): occupied=30, pending=192, in flight=38
16:35:04: 5677x RT, 94.6 creatures/sec. Fitness: best=1912.7, avg=1357.2, new=(qd-mutate=889.6). MAP-Elites(8x8, morphologies=3): occupied=30, pending=192, in flight=38
16:35:06: 6267x RT, 104.4 creatures/sec. Fitness: best=1912.7, avg=1357.2, new=(qd-mutate=924.5). MAP-Elites(8x8, morphologies=3): occupied=30, pending=192, in flight=38
16:35:08: 6560x RT, 109.3 creatures/sec. Fitness: best=1912.7, avg=1357.2, new=(qd-mutate=946.7). MAP-Elites(8x8, morphologies=3): occupied=30, pending=192, in flight=38
16:35:10: 6588x RT, 109.8 creatures/sec. Fitness: best=1912.7, avg=1357.2, new=(qd-mutate=928.9). MAP-Elites(8x8, morphologies=3): occupied=30, pending=192, in flight=38
16:35:12: 6196x RT, 103.3 creatures/sec. Fitness: best=1912.7, avg=1357.2, new=(qd-mutate=918.5). MAP-Elites(8x8, morphologies=3): occupied=30, pending=192, in flight=38
16:35:15: 6367x RT, 106.1 creatures/sec. Fitness: best=1912.7, avg=1357.2, new=(qd-mutate=950.7). MAP-Elites(8x8, morphologies=3): occupied=30, pending=192, in flight=38
16:35:17: 6297x RT, 104.9 creatures/sec. Fitness: best=1912.7, avg=1357.2, new=(qd-mutate=952.3). MAP-Elites(8x8, morphologies=3): occupied=30, pending=192, in flight=38
16:35:19: 6438x RT, 107.3 creatures/sec. Fitness: best=1912.7, avg=1357.2, new=(qd-mutate=912.7). MAP-Elites(8x8, morphologies=3): occupied=30, pending=192, in flight=38
16:35:21: 6446x RT, 107.4 creatures/sec. Fitness: best=1912.7, avg=1357.2, new=(qd-mutate=914.8). MAP-Elites(8x8, morphologies=3): occupied=30, pending=192, in flight=38
16:35:23: 6537x RT, 108.9 creatures/sec. Fitness: best=1912.7, avg=1357.2, new=(qd-mutate=931.3). MAP-Elites(8x8, morphologies=3): occupied=30, pending=192, in flight=38
16:35:25: 6391x RT, 106.5 creatures/sec. Fitness: best=1912.7, avg=1357.2, new=(qd-mutate=957.0). MAP-Elites(8x8, morphologies=3): occupied=30, pending=192, in flight=38
16:35:27: 6526x RT, 108.8 creatures/sec. Fitness: best=1912.7, avg=1357.2, new=(qd-mutate=981.9). MAP-Elites(8x8, morphologies=3): occupied=30, pending=192, in flight=38
16:35:29: 6249x RT, 104.1 creatures/sec. Fitness: best=1912.7, avg=1357.2, new=(qd-mutate=975.1). MAP-Elites(8x8, morphologies=3): occupied=30, pending=192, in flight=38
16:35:31: 6057x RT, 101.0 creatures/sec. Fitness: best=1912.7, avg=1357.2, new=(qd-mutate=993.4). MAP-Elites(8x8, morphologies=3): occupied=30, pending=192, in flight=38
16:35:33: 6017x RT, 100.3 creatures/sec. Fitness: best=1912.7, avg=1357.2, new=(qd-mutate=968.0). MAP-Elites(8x8, morphologies=3): occupied=30, pending=192, in flight=38
16:35:35: 6214x RT, 103.6 creatures/sec. Fitness: best=1912.7, avg=1357.2, new=(qd-mutate=936.6). MAP-Elites(8x8, morphologies=3): occupied=30, pending=192, in flight=38
16:35:37: 6561x RT, 109.3 creatures/sec. Fitness: best=1912.7, avg=1357.2, new=(qd-mutate=1001.9). MAP-Elites(8x8, morphologies=3): occupied=30, pending=192, in flight=38
16:35:40: 6604x RT, 110.1 creatures/sec. Fitness: best=1912.7, avg=1357.2, new=(qd-mutate=957.0). MAP-Elites(8x8, morphologies=3): occupied=30, pending=192, in flight=38
16:35:42: 6466x RT, 107.8 creatures/sec. Fitness: best=1912.7, avg=1357.2, new=(qd-mutate=955.9). MAP-Elites(8x8, morphologies=3): occupied=30, pending=192, in flight=38
16:35:44: 6616x RT, 110.3 creatures/sec. Fitness: best=1912.7, avg=1357.3, new=(qd-mutate=922.2). MAP-Elites(8x8, morphologies=3): occupied=30, pending=192, in flight=38
16:35:46: 6621x RT, 110.3 creatures/sec. Fitness: best=1912.7, avg=1357.3, new=(qd-mutate=930.6). MAP-Elites(8x8, morphologies=3): occupied=30, pending=192, in flight=38
16:35:48: 6541x RT, 109.0 creatures/sec. Fitness: best=1912.7, avg=1357.3, new=(qd-mutate=941.4). MAP-Elites(8x8, morphologies=3): occupied=30, pending=192, in flight=38
16:35:50: 6263x RT, 104.4 creatures/sec. Fitness: best=1912.7, avg=1357.3, new=(qd-mutate=915.3). MAP-Elites(8x8, morphologies=3): occupied=30, pending=192, in flight=38
16:35:52: 6576x RT, 109.6 creatures/sec. Fitness: best=1912.7, avg=1357.3, new=(qd-mutate=923.6). MAP-Elites(8x8, morphologies=3): occupied=30, pending=192, in flight=38
16:35:54: 6608x RT, 110.1 creatures/sec. Fitness: best=1912.7, avg=1357.3, new=(qd-mutate=969.1). MAP-Elites(8x8, morphologies=3): occupied=30, pending=192, in flight=38
16:35:56: 6601x RT, 110.0 creatures/sec. Fitness: best=1912.7, avg=1357.3, new=(qd-mutate=909.9). MAP-Elites(8x8, morphologies=3): occupied=30, pending=192, in flight=38
16:35:58: 6589x RT, 109.8 creatures/sec. Fitness: best=1912.7, avg=1357.3, new=(qd-mutate=920.5). MAP-Elites(8x8, morphologies=3): occupied=30, pending=192, in flight=38
16:36:00: 6594x RT, 109.9 creatures/sec. Fitness: best=1912.7, avg=1357.3, new=(qd-mutate=884.9). MAP-Elites(8x8, morphologies=3): occupied=30, pending=192, in flight=38
5780006 bytes written to /Users/dag/projects/Machine-Evolved-credible-training/training-runs/me-v2-harmonic-qd-01-2h/config.json. 
16:36:02: 6580x RT, 109.7 creatures/sec. Fitness: best=1912.7, avg=1357.3, new=(qd-mutate=917.4). MAP-Elites(8x8, morphologies=3): occupied=30, pending=192, in flight=38
16:36:04: 6493x RT, 108.2 creatures/sec. Fitness: best=1912.7, avg=1357.3, new=(qd-mutate=918.8). MAP-Elites(8x8, morphologies=3): occupied=30, pending=192, in flight=38
16:36:06: 6567x RT, 109.4 creatures/sec. Fitness: best=1912.7, avg=1358.2, new=(qd-mutate=906.5). MAP-Elites(8x8, morphologies=3): occupied=30, pending=192, in flight=38
16:36:08: 6513x RT, 108.5 creatures/sec. Fitness: best=1912.7, avg=1358.2, new=(qd-mutate=951.1). MAP-Elites(8x8, morphologies=3): occupied=30, pending=192, in flight=38
16:36:11: 5385x RT, 89.8 creatures/sec. Fitness: best=1912.7, avg=1358.2, new=(qd-mutate=958.0). MAP-Elites(8x8, morphologies=3): occupied=30, pending=192, in flight=38
16:36:13: 4457x RT, 74.3 creatures/sec. Fitness: best=1912.7, avg=1358.2, new=(qd-mutate=882.3). MAP-Elites(8x8, morphologies=3): occupied=30, pending=192, in flight=38
16:36:15: 4735x RT, 78.9 creatures/sec. Fitness: best=1912.7, avg=1358.2, new=(qd-mutate=903.8). MAP-Elites(8x8, morphologies=3): occupied=30, pending=192, in flight=38
16:36:17: 5402x RT, 90.0 creatures/sec. Fitness: best=1912.7, avg=1358.2, new=(qd-mutate=954.2). MAP-Elites(8x8, morphologies=3): occupied=30, pending=192, in flight=38
16:36:19: 5379x RT, 89.7 creatures/sec. Fitness: best=1912.7, avg=1358.2, new=(qd-mutate=896.6). MAP-Elites(8x8, morphologies=3): occupied=30, pending=192, in flight=38
16:36:21: 5927x RT, 98.8 creatures/sec. Fitness: best=1912.7, avg=1358.2, new=(qd-mutate=960.9). MAP-Elites(8x8, morphologies=3): occupied=30, pending=192, in flight=38
16:36:23: 6571x RT, 109.5 creatures/sec. Fitness: best=1912.7, avg=1358.2, new=(qd-mutate=915.6). MAP-Elites(8x8, morphologies=3): occupied=30, pending=192, in flight=38
16:36:25: 6458x RT, 107.6 creatures/sec. Fitness: best=1912.7, avg=1358.2, new=(qd-mutate=919.2). MAP-Elites(8x8, morphologies=3): occupied=30, pending=192, in flight=38
16:36:27: 6056x RT, 100.9 creatures/sec. Fitness: best=1912.7, avg=1358.2, new=(qd-mutate=918.3). MAP-Elites(8x8, morphologies=3): occupied=30, pending=192, in flight=38
16:36:29: 4498x RT, 75.0 creatures/sec. Fitness: best=1912.7, avg=1358.2, new=(qd-mutate=903.5). MAP-Elites(8x8, morphologies=3): occupied=30, pending=192, in flight=38
16:36:31: 4397x RT, 73.3 creatures/sec. Fitness: best=1912.7, avg=1358.2, new=(qd-mutate=892.3). MAP-Elites(8x8, morphologies=3): occupied=30, pending=192, in flight=38
16:36:33: 6476x RT, 107.9 creatures/sec. Fitness: best=1912.7, avg=1358.2, new=(qd-mutate=888.2). MAP-Elites(8x8, morphologies=3): occupied=30, pending=192, in flight=38
16:36:35: 6717x RT, 112.0 creatures/sec. Fitness: best=1912.7, avg=1358.2, new=(qd-mutate=927.5). MAP-Elites(8x8, morphologies=3): occupied=30, pending=192, in flight=38
16:36:37: 6330x RT, 105.5 creatures/sec. Fitness: best=1912.7, avg=1358.2, new=(qd-mutate=915.8). MAP-Elites(8x8, morphologies=3): occupied=30, pending=192, in flight=38
16:36:40: 4539x RT, 75.6 creatures/sec. Fitness: best=1912.7, avg=1358.2, new=(qd-mutate=970.6). MAP-Elites(8x8, morphologies=3): occupied=30, pending=192, in flight=38
16:36:42: 4376x RT, 72.9 creatures/sec. Fitness: best=1912.7, avg=1358.2, new=(qd-mutate=895.8). MAP-Elites(8x8, morphologies=3): occupied=30, pending=192, in flight=38
16:36:44: 5465x RT, 91.1 creatures/sec. Fitness: best=1912.7, avg=1358.2, new=(qd-mutate=926.2). MAP-Elites(8x8, morphologies=3): occupied=30, pending=192, in flight=38
16:36:46: 5535x RT, 92.2 creatures/sec. Fitness: best=1912.7, avg=1358.2, new=(qd-mutate=932.2). MAP-Elites(8x8, morphologies=3): occupied=30, pending=192, in flight=38
16:36:48: 5560x RT, 92.7 creatures/sec. Fitness: best=1912.7, avg=1358.2, new=(qd-mutate=941.0). MAP-Elites(8x8, morphologies=3): occupied=30, pending=192, in flight=38
16:36:50: 5512x RT, 91.9 creatures/sec. Fitness: best=1912.7, avg=1358.2, new=(qd-mutate=925.7). MAP-Elites(8x8, morphologies=3): occupied=30, pending=192, in flight=38
16:36:52: 5534x RT, 92.2 creatures/sec. Fitness: best=1912.7, avg=1358.2, new=(qd-mutate=974.0). MAP-Elites(8x8, morphologies=3): occupied=30, pending=192, in flight=38
16:36:54: 5063x RT, 84.4 creatures/sec. Fitness: best=1912.7, avg=1358.2, new=(qd-mutate=919.4). MAP-Elites(8x8, morphologies=3): occupied=30, pending=192, in flight=38
16:36:56: 6519x RT, 108.6 creatures/sec. Fitness: best=1912.7, avg=1358.2, new=(qd-mutate=920.3). MAP-Elites(8x8, morphologies=3): occupied=30, pending=192, in flight=38
16:36:58: 6576x RT, 109.6 creatures/sec. Fitness: best=1912.7, avg=1358.2, new=(qd-mutate=946.2). MAP-Elites(8x8, morphologies=3): occupied=30, pending=192, in flight=38
16:37:00: 6332x RT, 105.5 creatures/sec. Fitness: best=1912.7, avg=1359.2, new=(qd-mutate=964.9). MAP-Elites(8x8, morphologies=3): occupied=30, pending=192, in flight=38
5804178 bytes written to /Users/dag/projects/Machine-Evolved-credible-training/training-runs/me-v2-harmonic-qd-01-2h/config.json. 
16:37:02: 6589x RT, 109.8 creatures/sec. Fitness: best=1912.7, avg=1359.2, new=(qd-mutate=918.2). MAP-Elites(8x8, morphologies=3): occupied=30, pending=192, in flight=38
16:37:04: 6519x RT, 108.7 creatures/sec. Fitness: best=1912.7, avg=1359.2, new=(qd-mutate=944.5). MAP-Elites(8x8, morphologies=3): occupied=30, pending=192, in flight=38
16:37:06: 6575x RT, 109.6 creatures/sec. Fitness: best=1912.7, avg=1359.2, new=(qd-mutate=891.2). MAP-Elites(8x8, morphologies=3): occupied=30, pending=192, in flight=38
16:37:08: 6561x RT, 109.4 creatures/sec. Fitness: best=1912.7, avg=1359.2, new=(qd-mutate=933.5). MAP-Elites(8x8, morphologies=3): occupied=30, pending=192, in flight=38
16:37:10: 6574x RT, 109.6 creatures/sec. Fitness: best=1912.7, avg=1359.2, new=(qd-mutate=980.2). MAP-Elites(8x8, morphologies=3): occupied=30, pending=192, in flight=38
16:37:13: 6619x RT, 110.3 creatures/sec. Fitness: best=1912.7, avg=1359.2, new=(qd-mutate=956.0). MAP-Elites(8x8, morphologies=3): occupied=30, pending=192, in flight=38
16:37:15: 6345x RT, 105.7 creatures/sec. Fitness: best=1912.7, avg=1359.2, new=(qd-mutate=954.3). MAP-Elites(8x8, morphologies=3): occupied=30, pending=192, in flight=38
16:37:17: 6495x RT, 108.2 creatures/sec. Fitness: best=1912.7, avg=1359.2, new=(qd-mutate=928.3). MAP-Elites(8x8, morphologies=3): occupied=30, pending=192, in flight=38
16:37:19: 4523x RT, 75.4 creatures/sec. Fitness: best=1912.7, avg=1359.2, new=(qd-mutate=962.3). MAP-Elites(8x8, morphologies=3): occupied=30, pending=192, in flight=38
16:37:21: 4489x RT, 74.8 creatures/sec. Fitness: best=1912.7, avg=1359.2, new=(qd-mutate=958.9). MAP-Elites(8x8, morphologies=3): occupied=30, pending=192, in flight=38
16:37:23: 5387x RT, 89.8 creatures/sec. Fitness: best=1912.7, avg=1359.2, new=(qd-mutate=952.9). MAP-Elites(8x8, morphologies=3): occupied=30, pending=192, in flight=38
16:37:25: 5561x RT, 92.7 creatures/sec. Fitness: best=1912.7, avg=1359.2, new=(qd-mutate=925.5). MAP-Elites(8x8, morphologies=3): occupied=30, pending=192, in flight=38
16:37:27: 5673x RT, 94.6 creatures/sec. Fitness: best=1912.7, avg=1359.2, new=(qd-mutate=898.8). MAP-Elites(8x8, morphologies=3): occupied=30, pending=192, in flight=38
16:37:29: 6204x RT, 103.4 creatures/sec. Fitness: best=1912.7, avg=1359.2, new=(qd-mutate=970.0). MAP-Elites(8x8, morphologies=3): occupied=30, pending=192, in flight=38
16:37:31: 4700x RT, 78.3 creatures/sec. Fitness: best=1912.7, avg=1359.2, new=(qd-mutate=936.1). MAP-Elites(8x8, morphologies=3): occupied=30, pending=192, in flight=38
16:37:33: 4254x RT, 70.9 creatures/sec. Fitness: best=1912.7, avg=1359.2, new=(qd-mutate=882.5). MAP-Elites(8x8, morphologies=3): occupied=30, pending=192, in flight=38
16:37:35: 4839x RT, 80.7 creatures/sec. Fitness: best=1912.7, avg=1359.2, new=(qd-mutate=946.0). MAP-Elites(8x8, morphologies=3): occupied=30, pending=192, in flight=38
16:37:37: 5029x RT, 83.8 creatures/sec. Fitness: best=1912.7, avg=1360.6, new=(qd-mutate=974.7). MAP-Elites(8x8, morphologies=3): occupied=30, pending=192, in flight=38
16:37:39: 4788x RT, 79.8 creatures/sec. Fitness: best=1912.7, avg=1360.6, new=(qd-mutate=889.0). MAP-Elites(8x8, morphologies=3): occupied=30, pending=192, in flight=38
16:37:42: 4781x RT, 79.7 creatures/sec. Fitness: best=1912.7, avg=1362.9, new=(qd-mutate=974.7). MAP-Elites(8x8, morphologies=3): occupied=30, pending=192, in flight=38
16:37:44: 4717x RT, 78.6 creatures/sec. Fitness: best=1912.7, avg=1362.9, new=(qd-mutate=962.8). MAP-Elites(8x8, morphologies=3): occupied=30, pending=192, in flight=38
16:37:46: 4750x RT, 79.2 creatures/sec. Fitness: best=1912.7, avg=1362.9, new=(qd-mutate=1042.3). MAP-Elites(8x8, morphologies=3): occupied=30, pending=192, in flight=38
16:37:48: 5000x RT, 83.3 creatures/sec. Fitness: best=1912.7, avg=1362.9, new=(qd-mutate=898.8). MAP-Elites(8x8, morphologies=3): occupied=30, pending=192, in flight=38
16:37:50: 4829x RT, 80.5 creatures/sec. Fitness: best=1912.7, avg=1369.7, new=(qd-mutate=931.9). MAP-Elites(8x8, morphologies=3): occupied=30, pending=192, in flight=38
16:37:52: 6230x RT, 103.8 creatures/sec. Fitness: best=1912.7, avg=1369.7, new=(qd-mutate=972.3). MAP-Elites(8x8, morphologies=3): occupied=30, pending=192, in flight=38
16:37:54: 5386x RT, 89.8 creatures/sec. Fitness: best=1912.7, avg=1369.7, new=(qd-mutate=941.7). MAP-Elites(8x8, morphologies=3): occupied=30, pending=192, in flight=38
16:37:56: 6423x RT, 107.0 creatures/sec. Fitness: best=1912.7, avg=1369.7, new=(qd-mutate=936.2). MAP-Elites(8x8, morphologies=3): occupied=30, pending=192, in flight=38
16:37:58: 6556x RT, 109.3 creatures/sec. Fitness: best=1912.7, avg=1369.7, new=(qd-mutate=875.9). MAP-Elites(8x8, morphologies=3): occupied=30, pending=192, in flight=38
16:38:00: 6623x RT, 110.4 creatures/sec. Fitness: best=1912.7, avg=1369.7, new=(qd-mutate=904.3). MAP-Elites(8x8, morphologies=3): occupied=30, pending=192, in flight=38
5792500 bytes written to /Users/dag/projects/Machine-Evolved-credible-training/training-runs/me-v2-harmonic-qd-01-2h/config.json. 
16:38:02: 6201x RT, 103.3 creatures/sec. Fitness: best=1912.7, avg=1369.7, new=(qd-mutate=913.5). MAP-Elites(8x8, morphologies=3): occupied=30, pending=192, in flight=38
16:38:04: 6606x RT, 110.1 creatures/sec. Fitness: best=1912.7, avg=1369.7, new=(qd-mutate=954.7). MAP-Elites(8x8, morphologies=3): occupied=30, pending=192, in flight=38
16:38:06: 6431x RT, 107.2 creatures/sec. Fitness: best=1912.7, avg=1369.7, new=(qd-mutate=1008.0). MAP-Elites(8x8, morphologies=3): occupied=30, pending=192, in flight=38
16:38:08: 6518x RT, 108.6 creatures/sec. Fitness: best=1912.7, avg=1369.7, new=(qd-mutate=965.8). MAP-Elites(8x8, morphologies=3): occupied=30, pending=192, in flight=38
16:38:11: 6557x RT, 109.3 creatures/sec. Fitness: best=1912.7, avg=1369.7, new=(qd-mutate=985.0). MAP-Elites(8x8, morphologies=3): occupied=30, pending=192, in flight=38
16:38:13: 6472x RT, 107.9 creatures/sec. Fitness: best=1912.7, avg=1369.7, new=(qd-mutate=910.8). MAP-Elites(8x8, morphologies=3): occupied=30, pending=192, in flight=38
16:38:15: 6508x RT, 108.5 creatures/sec. Fitness: best=1912.7, avg=1369.7, new=(qd-mutate=883.3). MAP-Elites(8x8, morphologies=3): occupied=30, pending=192, in flight=38
16:38:17: 6545x RT, 109.1 creatures/sec. Fitness: best=1912.7, avg=1369.7, new=(qd-mutate=908.6). MAP-Elites(8x8, morphologies=3): occupied=30, pending=192, in flight=38
16:38:19: 6353x RT, 105.9 creatures/sec. Fitness: best=1912.7, avg=1369.7, new=(qd-mutate=938.7). MAP-Elites(8x8, morphologies=3): occupied=30, pending=192, in flight=38
16:38:21: 6402x RT, 106.7 creatures/sec. Fitness: best=1912.7, avg=1369.7, new=(qd-mutate=909.7). MAP-Elites(8x8, morphologies=3): occupied=30, pending=192, in flight=38
16:38:23: 6585x RT, 109.8 creatures/sec. Fitness: best=1912.7, avg=1369.7, new=(qd-mutate=958.4). MAP-Elites(8x8, morphologies=3): occupied=30, pending=192, in flight=38
16:38:25: 6124x RT, 102.1 creatures/sec. Fitness: best=1912.7, avg=1369.7, new=(qd-mutate=959.3). MAP-Elites(8x8, morphologies=3): occupied=30, pending=192, in flight=38
16:38:27: 6703x RT, 111.7 creatures/sec. Fitness: best=1912.7, avg=1369.7, new=(qd-mutate=901.8). MAP-Elites(8x8, morphologies=3): occupied=30, pending=192, in flight=38
16:38:29: 5906x RT, 98.4 creatures/sec. Fitness: best=1912.7, avg=1369.7, new=(qd-mutate=962.5). MAP-Elites(8x8, morphologies=3): occupied=30, pending=192, in flight=38
16:38:31: 6581x RT, 109.7 creatures/sec. Fitness: best=1912.7, avg=1369.7, new=(qd-mutate=933.1). MAP-Elites(8x8, morphologies=3): occupied=30, pending=192, in flight=38
16:38:33: 6609x RT, 110.1 creatures/sec. Fitness: best=1912.7, avg=1372.9, new=(qd-mutate=942.2). MAP-Elites(8x8, morphologies=3): occupied=30, pending=192, in flight=38
16:38:35: 6645x RT, 110.8 creatures/sec. Fitness: best=1912.7, avg=1372.9, new=(qd-mutate=966.6). MAP-Elites(8x8, morphologies=3): occupied=30, pending=192, in flight=38
16:38:37: 6535x RT, 108.9 creatures/sec. Fitness: best=1912.7, avg=1372.9, new=(qd-mutate=938.0). MAP-Elites(8x8, morphologies=3): occupied=30, pending=192, in flight=38
16:38:39: 6194x RT, 103.2 creatures/sec. Fitness: best=1912.7, avg=1372.9, new=(qd-mutate=932.1). MAP-Elites(8x8, morphologies=3): occupied=30, pending=192, in flight=38
16:38:41: 6477x RT, 108.0 creatures/sec. Fitness: best=1912.7, avg=1372.9, new=(qd-mutate=863.8). MAP-Elites(8x8, morphologies=3): occupied=30, pending=192, in flight=38
16:38:44: 6551x RT, 109.2 creatures/sec. Fitness: best=1912.7, avg=1372.9, new=(qd-mutate=978.8). MAP-Elites(8x8, morphologies=3): occupied=30, pending=192, in flight=38
16:38:46: 6631x RT, 110.5 creatures/sec. Fitness: best=1912.7, avg=1379.4, new=(qd-mutate=924.1). MAP-Elites(8x8, morphologies=3): occupied=30, pending=192, in flight=38
16:38:48: 6616x RT, 110.3 creatures/sec. Fitness: best=1912.7, avg=1379.4, new=(qd-mutate=969.7). MAP-Elites(8x8, morphologies=3): occupied=30, pending=192, in flight=38
16:38:50: 6274x RT, 104.6 creatures/sec. Fitness: best=1912.7, avg=1379.4, new=(qd-mutate=944.7). MAP-Elites(8x8, morphologies=3): occupied=30, pending=192, in flight=38
16:38:52: 6612x RT, 110.2 creatures/sec. Fitness: best=1912.7, avg=1379.4, new=(qd-mutate=923.8). MAP-Elites(8x8, morphologies=3): occupied=30, pending=192, in flight=38
16:38:54: 6556x RT, 109.3 creatures/sec. Fitness: best=1912.7, avg=1379.4, new=(qd-mutate=968.4). MAP-Elites(8x8, morphologies=3): occupied=30, pending=192, in flight=38
16:38:56: 6693x RT, 111.5 creatures/sec. Fitness: best=1912.7, avg=1379.4, new=(qd-mutate=919.7). MAP-Elites(8x8, morphologies=3): occupied=30, pending=192, in flight=38
16:38:58: 6280x RT, 104.7 creatures/sec. Fitness: best=1912.7, avg=1379.4, new=(qd-mutate=950.3). MAP-Elites(8x8, morphologies=3): occupied=30, pending=192, in flight=38
16:39:00: 6507x RT, 108.4 creatures/sec. Fitness: best=1912.7, avg=1379.4, new=(qd-mutate=938.3). MAP-Elites(8x8, morphologies=3): occupied=30, pending=192, in flight=38
5802517 bytes written to /Users/dag/projects/Machine-Evolved-credible-training/training-runs/me-v2-harmonic-qd-01-2h/config.json. 
16:39:02: 6537x RT, 108.9 creatures/sec. Fitness: best=1912.7, avg=1379.4, new=(qd-mutate=923.7). MAP-Elites(8x8, morphologies=3): occupied=30, pending=192, in flight=38
16:39:04: 6566x RT, 109.4 creatures/sec. Fitness: best=1912.7, avg=1379.4, new=(qd-mutate=920.8). MAP-Elites(8x8, morphologies=3): occupied=30, pending=192, in flight=38
16:39:06: 6422x RT, 107.0 creatures/sec. Fitness: best=1912.7, avg=1379.4, new=(qd-mutate=930.0). MAP-Elites(8x8, morphologies=3): occupied=30, pending=192, in flight=38
16:39:08: 6305x RT, 105.1 creatures/sec. Fitness: best=1912.7, avg=1379.4, new=(qd-mutate=964.1). MAP-Elites(8x8, morphologies=3): occupied=30, pending=192, in flight=38
16:39:10: 6583x RT, 109.7 creatures/sec. Fitness: best=1912.7, avg=1379.4, new=(qd-mutate=898.9). MAP-Elites(8x8, morphologies=3): occupied=30, pending=192, in flight=38
16:39:12: 6545x RT, 109.1 creatures/sec. Fitness: best=1912.7, avg=1379.4, new=(qd-mutate=993.8). MAP-Elites(8x8, morphologies=3): occupied=30, pending=192, in flight=38
16:39:15: 6590x RT, 109.8 creatures/sec. Fitness: best=1912.7, avg=1379.4, new=(qd-mutate=946.4). MAP-Elites(8x8, morphologies=3): occupied=30, pending=192, in flight=38
16:39:17: 6518x RT, 108.6 creatures/sec. Fitness: best=1912.7, avg=1379.4, new=(qd-mutate=975.8). MAP-Elites(8x8, morphologies=3): occupied=30, pending=192, in flight=38
16:39:19: 6596x RT, 109.9 creatures/sec. Fitness: best=1912.7, avg=1379.4, new=(qd-mutate=943.5). MAP-Elites(8x8, morphologies=3): occupied=30, pending=192, in flight=38
16:39:21: 6565x RT, 109.4 creatures/sec. Fitness: best=1912.7, avg=1379.4, new=(qd-mutate=905.0). MAP-Elites(8x8, morphologies=3): occupied=30, pending=192, in flight=38
16:39:23: 6369x RT, 106.2 creatures/sec. Fitness: best=1912.7, avg=1379.4, new=(qd-mutate=939.5). MAP-Elites(8x8, morphologies=3): occupied=30, pending=192, in flight=38
16:39:25: 6663x RT, 111.1 creatures/sec. Fitness: best=1912.7, avg=1379.4, new=(qd-mutate=926.3). MAP-Elites(8x8, morphologies=3): occupied=30, pending=192, in flight=38
16:39:27: 6576x RT, 109.6 creatures/sec. Fitness: best=1912.7, avg=1379.4, new=(qd-mutate=952.7). MAP-Elites(8x8, morphologies=3): occupied=30, pending=192, in flight=38
16:39:29: 5972x RT, 99.5 creatures/sec. Fitness: best=1912.7, avg=1379.4, new=(qd-mutate=961.7). MAP-Elites(8x8, morphologies=3): occupied=30, pending=192, in flight=38
16:39:31: 6549x RT, 109.1 creatures/sec. Fitness: best=1912.7, avg=1379.4, new=(qd-mutate=929.5). MAP-Elites(8x8, morphologies=3): occupied=30, pending=192, in flight=38
16:39:33: 6518x RT, 108.6 creatures/sec. Fitness: best=1912.7, avg=1379.4, new=(qd-mutate=912.8). MAP-Elites(8x8, morphologies=3): occupied=30, pending=192, in flight=38
16:39:35: 6565x RT, 109.4 creatures/sec. Fitness: best=1912.7, avg=1379.4, new=(qd-mutate=925.1). MAP-Elites(8x8, morphologies=3): occupied=30, pending=192, in flight=38
16:39:37: 6614x RT, 110.2 creatures/sec. Fitness: best=1912.7, avg=1379.4, new=(qd-mutate=893.6). MAP-Elites(8x8, morphologies=3): occupied=30, pending=192, in flight=38
16:39:39: 6612x RT, 110.2 creatures/sec. Fitness: best=1912.7, avg=1379.4, new=(qd-mutate=983.0). MAP-Elites(8x8, morphologies=3): occupied=30, pending=192, in flight=38
16:39:41: 6561x RT, 109.3 creatures/sec. Fitness: best=1912.7, avg=1379.4, new=(qd-mutate=906.9). MAP-Elites(8x8, morphologies=3): occupied=30, pending=192, in flight=38
16:39:44: 6533x RT, 108.9 creatures/sec. Fitness: best=1912.7, avg=1379.4, new=(qd-mutate=969.4). MAP-Elites(8x8, morphologies=3): occupied=30, pending=192, in flight=38
16:39:46: 6675x RT, 111.3 creatures/sec. Fitness: best=1912.7, avg=1379.4, new=(qd-mutate=925.9). MAP-Elites(8x8, morphologies=3): occupied=30, pending=192, in flight=38
16:39:48: 6625x RT, 110.4 creatures/sec. Fitness: best=1912.7, avg=1379.4, new=(qd-mutate=938.6). MAP-Elites(8x8, morphologies=3): occupied=30, pending=192, in flight=38
16:39:50: 6572x RT, 109.5 creatures/sec. Fitness: best=1912.7, avg=1379.4, new=(qd-mutate=918.5). MAP-Elites(8x8, morphologies=3): occupied=30, pending=192, in flight=38
16:39:52: 6618x RT, 110.3 creatures/sec. Fitness: best=1912.7, avg=1379.4, new=(qd-mutate=913.8). MAP-Elites(8x8, morphologies=3): occupied=30, pending=192, in flight=38
16:39:54: 6584x RT, 109.7 creatures/sec. Fitness: best=1912.7, avg=1379.4, new=(qd-mutate=898.2). MAP-Elites(8x8, morphologies=3): occupied=30, pending=192, in flight=38
16:39:56: 6647x RT, 110.8 creatures/sec. Fitness: best=1912.7, avg=1379.4, new=(qd-mutate=922.0). MAP-Elites(8x8, morphologies=3): occupied=30, pending=192, in flight=38
16:39:58: 6604x RT, 110.1 creatures/sec. Fitness: best=1912.7, avg=1379.4, new=(qd-mutate=938.2). MAP-Elites(8x8, morphologies=3): occupied=30, pending=192, in flight=38
16:40:00: 6551x RT, 109.2 creatures/sec. Fitness: best=1912.7, avg=1379.4, new=(qd-mutate=923.0). MAP-Elites(8x8, morphologies=3): occupied=30, pending=192, in flight=38
5790950 bytes written to /Users/dag/projects/Machine-Evolved-credible-training/training-runs/me-v2-harmonic-qd-01-2h/config.json. 
16:40:02: 6534x RT, 108.9 creatures/sec. Fitness: best=1912.7, avg=1379.4, new=(qd-mutate=961.0). MAP-Elites(8x8, morphologies=3): occupied=30, pending=192, in flight=38
16:40:04: 6572x RT, 109.5 creatures/sec. Fitness: best=1912.7, avg=1379.4, new=(qd-mutate=891.9). MAP-Elites(8x8, morphologies=3): occupied=30, pending=192, in flight=38
16:40:06: 6598x RT, 110.0 creatures/sec. Fitness: best=1912.7, avg=1379.4, new=(qd-mutate=939.2). MAP-Elites(8x8, morphologies=3): occupied=30, pending=192, in flight=38
16:40:08: 6605x RT, 110.1 creatures/sec. Fitness: best=1912.7, avg=1379.4, new=(qd-mutate=957.0). MAP-Elites(8x8, morphologies=3): occupied=30, pending=192, in flight=38
16:40:10: 6535x RT, 108.9 creatures/sec. Fitness: best=1912.7, avg=1379.4, new=(qd-mutate=943.4). MAP-Elites(8x8, morphologies=3): occupied=30, pending=192, in flight=38
16:40:12: 6572x RT, 109.5 creatures/sec. Fitness: best=1912.7, avg=1379.4, new=(qd-mutate=910.2). MAP-Elites(8x8, morphologies=3): occupied=30, pending=192, in flight=38
16:40:14: 6543x RT, 109.0 creatures/sec. Fitness: best=1912.7, avg=1379.4, new=(qd-mutate=887.3). MAP-Elites(8x8, morphologies=3): occupied=30, pending=192, in flight=38
16:40:16: 6623x RT, 110.4 creatures/sec. Fitness: best=1912.7, avg=1379.4, new=(qd-mutate=934.3). MAP-Elites(8x8, morphologies=3): occupied=30, pending=192, in flight=38
16:40:19: 6575x RT, 109.6 creatures/sec. Fitness: best=1912.7, avg=1379.4, new=(qd-mutate=936.6). MAP-Elites(8x8, morphologies=3): occupied=30, pending=192, in flight=38
16:40:21: 6425x RT, 107.1 creatures/sec. Fitness: best=1912.7, avg=1379.4, new=(qd-mutate=958.2). MAP-Elites(8x8, morphologies=3): occupied=30, pending=192, in flight=38
16:40:23: 6512x RT, 108.5 creatures/sec. Fitness: best=1912.7, avg=1379.4, new=(qd-mutate=963.3). MAP-Elites(8x8, morphologies=3): occupied=30, pending=192, in flight=38
16:40:25: 6608x RT, 110.1 creatures/sec. Fitness: best=1912.7, avg=1379.4, new=(qd-mutate=937.4). MAP-Elites(8x8, morphologies=3): occupied=30, pending=192, in flight=38
16:40:27: 6138x RT, 102.3 creatures/sec. Fitness: best=1912.7, avg=1379.4, new=(qd-mutate=994.0). MAP-Elites(8x8, morphologies=3): occupied=30, pending=192, in flight=38
16:40:29: 5732x RT, 95.5 creatures/sec. Fitness: best=1912.7, avg=1379.4, new=(qd-mutate=977.0). MAP-Elites(8x8, morphologies=3): occupied=30, pending=192, in flight=38
16:40:31: 5878x RT, 98.0 creatures/sec. Fitness: best=1912.7, avg=1379.4, new=(qd-mutate=949.1). MAP-Elites(8x8, morphologies=3): occupied=30, pending=192, in flight=38
16:40:33: 6559x RT, 109.3 creatures/sec. Fitness: best=1912.7, avg=1379.4, new=(qd-mutate=940.0). MAP-Elites(8x8, morphologies=3): occupied=30, pending=192, in flight=38
16:40:35: 6549x RT, 109.2 creatures/sec. Fitness: best=1912.7, avg=1379.4, new=(qd-mutate=872.8). MAP-Elites(8x8, morphologies=3): occupied=30, pending=192, in flight=38
16:40:37: 6582x RT, 109.7 creatures/sec. Fitness: best=1912.7, avg=1379.4, new=(qd-mutate=915.9). MAP-Elites(8x8, morphologies=3): occupied=30, pending=192, in flight=38
16:40:39: 6636x RT, 110.6 creatures/sec. Fitness: best=1912.7, avg=1379.4, new=(qd-mutate=937.3). MAP-Elites(8x8, morphologies=3): occupied=30, pending=192, in flight=38
16:40:41: 6529x RT, 108.8 creatures/sec. Fitness: best=1912.7, avg=1379.4, new=(qd-mutate=947.0). MAP-Elites(8x8, morphologies=3): occupied=30, pending=192, in flight=38
16:40:43: 6651x RT, 110.9 creatures/sec. Fitness: best=1912.7, avg=1379.4, new=(qd-mutate=982.2). MAP-Elites(8x8, morphologies=3): occupied=30, pending=192, in flight=38
16:40:45: 6543x RT, 109.1 creatures/sec. Fitness: best=1912.7, avg=1379.4, new=(qd-mutate=906.5). MAP-Elites(8x8, morphologies=3): occupied=30, pending=192, in flight=38
16:40:48: 6504x RT, 108.4 creatures/sec. Fitness: best=1912.7, avg=1379.4, new=(qd-mutate=976.2). MAP-Elites(8x8, morphologies=3): occupied=30, pending=192, in flight=38
16:40:50: 6546x RT, 109.1 creatures/sec. Fitness: best=1912.7, avg=1379.4, new=(qd-mutate=990.4). MAP-Elites(8x8, morphologies=3): occupied=30, pending=192, in flight=38
16:40:52: 6531x RT, 108.8 creatures/sec. Fitness: best=1912.7, avg=1379.4, new=(qd-mutate=940.9). MAP-Elites(8x8, morphologies=3): occupied=30, pending=192, in flight=38
16:40:54: 6533x RT, 108.9 creatures/sec. Fitness: best=1912.7, avg=1379.4, new=(qd-mutate=934.8). MAP-Elites(8x8, morphologies=3): occupied=30, pending=192, in flight=38
16:40:56: 6622x RT, 110.4 creatures/sec. Fitness: best=1912.7, avg=1379.4, new=(qd-mutate=939.2). MAP-Elites(8x8, morphologies=3): occupied=30, pending=192, in flight=38
16:40:58: 6535x RT, 108.9 creatures/sec. Fitness: best=1912.7, avg=1379.4, new=(qd-mutate=990.0). MAP-Elites(8x8, morphologies=3): occupied=30, pending=192, in flight=38
16:41:00: 6556x RT, 109.3 creatures/sec. Fitness: best=1912.7, avg=1379.4, new=(qd-mutate=950.8). MAP-Elites(8x8, morphologies=3): occupied=30, pending=192, in flight=38
5798812 bytes written to /Users/dag/projects/Machine-Evolved-credible-training/training-runs/me-v2-harmonic-qd-01-2h/config.json. 
16:41:02: 6529x RT, 108.8 creatures/sec. Fitness: best=1912.7, avg=1379.4, new=(qd-mutate=941.6). MAP-Elites(8x8, morphologies=3): occupied=30, pending=192, in flight=38
16:41:04: 6562x RT, 109.4 creatures/sec. Fitness: best=1912.7, avg=1379.4, new=(qd-mutate=912.7). MAP-Elites(8x8, morphologies=3): occupied=30, pending=192, in flight=38
16:41:06: 6532x RT, 108.9 creatures/sec. Fitness: best=1912.7, avg=1379.4, new=(qd-mutate=898.0). MAP-Elites(8x8, morphologies=3): occupied=30, pending=192, in flight=38
16:41:08: 6594x RT, 109.9 creatures/sec. Fitness: best=1912.7, avg=1379.4, new=(qd-mutate=961.7). MAP-Elites(8x8, morphologies=3): occupied=30, pending=192, in flight=38
16:41:10: 6542x RT, 109.0 creatures/sec. Fitness: best=1912.7, avg=1379.4, new=(qd-mutate=941.4). MAP-Elites(8x8, morphologies=3): occupied=30, pending=192, in flight=38
16:41:12: 6650x RT, 110.8 creatures/sec. Fitness: best=1912.7, avg=1379.4, new=(qd-mutate=951.1). MAP-Elites(8x8, morphologies=3): occupied=30, pending=192, in flight=38
16:41:14: 6586x RT, 109.8 creatures/sec. Fitness: best=1912.7, avg=1379.4, new=(qd-mutate=871.1). MAP-Elites(8x8, morphologies=3): occupied=30, pending=192, in flight=38
16:41:16: 6490x RT, 108.2 creatures/sec. Fitness: best=1912.7, avg=1379.4, new=(qd-mutate=947.8). MAP-Elites(8x8, morphologies=3): occupied=30, pending=192, in flight=38
16:41:18: 6654x RT, 110.9 creatures/sec. Fitness: best=1912.7, avg=1379.4, new=(qd-mutate=1001.8). MAP-Elites(8x8, morphologies=3): occupied=30, pending=192, in flight=38
16:41:21: 6459x RT, 107.6 creatures/sec. Fitness: best=1912.7, avg=1379.4, new=(qd-mutate=939.8). MAP-Elites(8x8, morphologies=3): occupied=30, pending=192, in flight=38
16:41:23: 6564x RT, 109.4 creatures/sec. Fitness: best=1912.7, avg=1379.4, new=(qd-mutate=915.7). MAP-Elites(8x8, morphologies=3): occupied=30, pending=192, in flight=38
16:41:25: 6537x RT, 109.0 creatures/sec. Fitness: best=1912.7, avg=1379.4, new=(qd-mutate=895.4). MAP-Elites(8x8, morphologies=3): occupied=30, pending=192, in flight=38
16:41:27: 6478x RT, 108.0 creatures/sec. Fitness: best=1912.7, avg=1379.4, new=(qd-mutate=970.2). MAP-Elites(8x8, morphologies=3): occupied=30, pending=192, in flight=38
16:41:29: 6290x RT, 104.8 creatures/sec. Fitness: best=1912.7, avg=1379.4, new=(qd-mutate=922.4). MAP-Elites(8x8, morphologies=3): occupied=30, pending=192, in flight=38
16:41:31: 6522x RT, 108.7 creatures/sec. Fitness: best=1912.7, avg=1379.4, new=(qd-mutate=914.4). MAP-Elites(8x8, morphologies=3): occupied=30, pending=192, in flight=38
16:41:33: 5895x RT, 98.3 creatures/sec. Fitness: best=1912.7, avg=1379.4, new=(qd-mutate=903.3). MAP-Elites(8x8, morphologies=3): occupied=30, pending=192, in flight=38
16:41:35: 6509x RT, 108.5 creatures/sec. Fitness: best=1912.7, avg=1379.4, new=(qd-mutate=937.5). MAP-Elites(8x8, morphologies=3): occupied=30, pending=192, in flight=38
16:41:37: 6583x RT, 109.7 creatures/sec. Fitness: best=1912.7, avg=1379.4, new=(qd-mutate=917.1). MAP-Elites(8x8, morphologies=3): occupied=30, pending=192, in flight=38
16:41:39: 6633x RT, 110.5 creatures/sec. Fitness: best=1912.7, avg=1379.4, new=(qd-mutate=951.9). MAP-Elites(8x8, morphologies=3): occupied=30, pending=192, in flight=38
16:41:41: 6575x RT, 109.6 creatures/sec. Fitness: best=1912.7, avg=1379.4, new=(qd-mutate=928.6). MAP-Elites(8x8, morphologies=3): occupied=30, pending=192, in flight=38
16:41:43: 6593x RT, 109.9 creatures/sec. Fitness: best=1912.7, avg=1379.4, new=(qd-mutate=908.1). MAP-Elites(8x8, morphologies=3): occupied=30, pending=192, in flight=38
16:41:45: 6517x RT, 108.6 creatures/sec. Fitness: best=1912.7, avg=1379.4, new=(qd-mutate=919.8). MAP-Elites(8x8, morphologies=3): occupied=30, pending=192, in flight=38
16:41:47: 6617x RT, 110.3 creatures/sec. Fitness: best=1912.7, avg=1379.4, new=(qd-mutate=967.6). MAP-Elites(8x8, morphologies=3): occupied=30, pending=192, in flight=38
16:41:49: 6563x RT, 109.4 creatures/sec. Fitness: best=1912.7, avg=1379.4, new=(qd-mutate=946.1). MAP-Elites(8x8, morphologies=3): occupied=30, pending=192, in flight=38
16:41:51: 6530x RT, 108.8 creatures/sec. Fitness: best=1912.7, avg=1379.4, new=(qd-mutate=913.5). MAP-Elites(8x8, morphologies=3): occupied=30, pending=192, in flight=38
16:41:54: 6598x RT, 110.0 creatures/sec. Fitness: best=1912.7, avg=1379.4, new=(qd-mutate=883.3). MAP-Elites(8x8, morphologies=3): occupied=30, pending=192, in flight=38
16:41:56: 6569x RT, 109.5 creatures/sec. Fitness: best=1912.7, avg=1379.4, new=(qd-mutate=959.9). MAP-Elites(8x8, morphologies=3): occupied=30, pending=192, in flight=38
16:41:58: 6565x RT, 109.4 creatures/sec. Fitness: best=1912.7, avg=1380.7, new=(qd-mutate=921.6). MAP-Elites(8x8, morphologies=3): occupied=30, pending=192, in flight=38
16:42:00: 6623x RT, 110.4 creatures/sec. Fitness: best=1912.7, avg=1380.7, new=(qd-mutate=901.2). MAP-Elites(8x8, morphologies=3): occupied=30, pending=192, in flight=38
5796152 bytes written to /Users/dag/projects/Machine-Evolved-credible-training/training-runs/me-v2-harmonic-qd-01-2h/config.json. 
16:42:02: 6634x RT, 110.6 creatures/sec. Fitness: best=1912.7, avg=1380.7, new=(qd-mutate=949.6). MAP-Elites(8x8, morphologies=3): occupied=30, pending=192, in flight=38
16:42:04: 6565x RT, 109.4 creatures/sec. Fitness: best=1912.7, avg=1380.7, new=(qd-mutate=921.6). MAP-Elites(8x8, morphologies=3): occupied=30, pending=192, in flight=38
16:42:06: 6611x RT, 110.2 creatures/sec. Fitness: best=1912.7, avg=1380.7, new=(qd-mutate=986.8). MAP-Elites(8x8, morphologies=3): occupied=30, pending=192, in flight=38
16:42:08: 6604x RT, 110.1 creatures/sec. Fitness: best=1912.7, avg=1380.7, new=(qd-mutate=948.7). MAP-Elites(8x8, morphologies=3): occupied=30, pending=192, in flight=38
16:42:10: 6582x RT, 109.7 creatures/sec. Fitness: best=1912.7, avg=1380.7, new=(qd-mutate=937.0). MAP-Elites(8x8, morphologies=3): occupied=30, pending=192, in flight=38
16:42:12: 6581x RT, 109.7 creatures/sec. Fitness: best=1912.7, avg=1380.7, new=(qd-mutate=977.6). MAP-Elites(8x8, morphologies=3): occupied=30, pending=192, in flight=38
16:42:14: 6580x RT, 109.7 creatures/sec. Fitness: best=1912.7, avg=1380.7, new=(qd-mutate=950.8). MAP-Elites(8x8, morphologies=3): occupied=30, pending=192, in flight=38
16:42:16: 6608x RT, 110.1 creatures/sec. Fitness: best=1912.7, avg=1380.7, new=(qd-mutate=907.3). MAP-Elites(8x8, morphologies=3): occupied=30, pending=192, in flight=38
16:42:18: 6540x RT, 109.0 creatures/sec. Fitness: best=1912.7, avg=1380.7, new=(qd-mutate=961.5). MAP-Elites(8x8, morphologies=3): occupied=30, pending=192, in flight=38
16:42:20: 6623x RT, 110.4 creatures/sec. Fitness: best=1912.7, avg=1380.7, new=(qd-mutate=936.9). MAP-Elites(8x8, morphologies=3): occupied=30, pending=192, in flight=38
16:42:22: 6608x RT, 110.1 creatures/sec. Fitness: best=1912.7, avg=1380.7, new=(qd-mutate=959.3). MAP-Elites(8x8, morphologies=3): occupied=30, pending=192, in flight=38
16:42:24: 6543x RT, 109.0 creatures/sec. Fitness: best=1912.7, avg=1380.7, new=(qd-mutate=906.5). MAP-Elites(8x8, morphologies=3): occupied=30, pending=192, in flight=38
16:42:27: 6593x RT, 109.9 creatures/sec. Fitness: best=1912.7, avg=1380.7, new=(qd-mutate=902.9). MAP-Elites(8x8, morphologies=3): occupied=30, pending=192, in flight=38
16:42:29: 6647x RT, 110.8 creatures/sec. Fitness: best=1912.7, avg=1380.7, new=(qd-mutate=940.3). MAP-Elites(8x8, morphologies=3): occupied=30, pending=192, in flight=38
16:42:31: 6342x RT, 105.7 creatures/sec. Fitness: best=1912.7, avg=1380.7, new=(qd-mutate=940.3). MAP-Elites(8x8, morphologies=3): occupied=30, pending=192, in flight=38
16:42:33: 6641x RT, 110.7 creatures/sec. Fitness: best=1912.7, avg=1380.7, new=(qd-mutate=878.2). MAP-Elites(8x8, morphologies=3): occupied=30, pending=192, in flight=38
16:42:35: 6630x RT, 110.5 creatures/sec. Fitness: best=1912.7, avg=1380.7, new=(qd-mutate=935.9). MAP-Elites(8x8, morphologies=3): occupied=30, pending=192, in flight=38
16:42:37: 6547x RT, 109.1 creatures/sec. Fitness: best=1912.7, avg=1380.7, new=(qd-mutate=925.0). MAP-Elites(8x8, morphologies=3): occupied=30, pending=192, in flight=38
16:42:39: 6548x RT, 109.1 creatures/sec. Fitness: best=1912.7, avg=1380.7, new=(qd-mutate=942.3). MAP-Elites(8x8, morphologies=3): occupied=30, pending=192, in flight=38
16:42:41: 6587x RT, 109.8 creatures/sec. Fitness: best=1912.7, avg=1380.7, new=(qd-mutate=930.5). MAP-Elites(8x8, morphologies=3): occupied=30, pending=192, in flight=38
16:42:43: 6653x RT, 110.9 creatures/sec. Fitness: best=1912.7, avg=1380.7, new=(qd-mutate=958.2). MAP-Elites(8x8, morphologies=3): occupied=30, pending=192, in flight=38
16:42:45: 6455x RT, 107.6 creatures/sec. Fitness: best=1912.7, avg=1380.7, new=(qd-mutate=945.6). MAP-Elites(8x8, morphologies=3): occupied=30, pending=192, in flight=38
16:42:47: 6245x RT, 104.1 creatures/sec. Fitness: best=1912.7, avg=1380.7, new=(qd-mutate=978.5). MAP-Elites(8x8, morphologies=3): occupied=30, pending=192, in flight=38
16:42:49: 6247x RT, 104.1 creatures/sec. Fitness: best=1912.7, avg=1380.7, new=(qd-mutate=909.0). MAP-Elites(8x8, morphologies=3): occupied=30, pending=192, in flight=38
16:42:51: 6574x RT, 109.6 creatures/sec. Fitness: best=1912.7, avg=1380.7, new=(qd-mutate=973.2). MAP-Elites(8x8, morphologies=3): occupied=30, pending=192, in flight=38
