Listening on 127.0.0.1:9999
18:57:43: 5764x RT, 96.1 creatures/sec. Fitness: best=3067.6, avg=1587.6, new=(loaded=1026.3). MAP-Elites(8x8, morphologies=3): occupied=47, pending=192, in flight=22
18:57:45: 6267x RT, 104.4 creatures/sec. Fitness: best=3067.6, avg=1587.6, new=(loaded=1037.8). MAP-Elites(8x8, morphologies=3): occupied=47, pending=192, in flight=22
18:57:47: 6236x RT, 103.9 creatures/sec. Fitness: best=3067.6, avg=1587.6, new=(loaded=1111.7, qd-mutate=1027.3, qd-large-mutate=1140.7, template-m1-balanced=691.6, curl-right=644.0). MAP-Elites(8x8, morphologies=3): occupied=47, pending=192, in flight=22
18:57:49: 6110x RT, 101.8 creatures/sec. Fitness: best=3067.6, avg=1587.6, new=(qd-mutate=1048.1, curl-right=898.1, qd-large-mutate=1010.6, template-m1-balanced=953.4). MAP-Elites(8x8, morphologies=3): occupied=47, pending=192, in flight=22
18:57:51: 3819x RT, 63.7 creatures/sec. Fitness: best=3067.6, avg=1587.6, new=(qd-mutate=1012.9, qd-large-mutate=1050.8, curl-right=709.6, template-m1-balanced=1012.0, curl-left=701.4). MAP-Elites(8x8, morphologies=3): occupied=47, pending=192, in flight=22
18:57:53: 5590x RT, 93.2 creatures/sec. Fitness: best=3067.6, avg=1587.6, new=(qd-mutate=1202.3, template-m1-balanced=1039.5, qd-large-mutate=1115.6, curl-right=694.8, curl-left=761.4). MAP-Elites(8x8, morphologies=3): occupied=47, pending=192, in flight=22
18:57:55: 5982x RT, 99.7 creatures/sec. Fitness: best=3067.6, avg=1587.6, new=(qd-large-mutate=1099.0, qd-mutate=1182.9, curl-right=1020.1, template-m1-balanced=929.4). MAP-Elites(8x8, morphologies=3): occupied=47, pending=192, in flight=22
18:57:57: 6182x RT, 103.0 creatures/sec. Fitness: best=3067.6, avg=1587.6, new=(template-m1-balanced=1010.8, qd-mutate=1100.6, qd-large-mutate=1107.8, curl-right=1255.3, curl-left=852.6). MAP-Elites(8x8, morphologies=3): occupied=47, pending=192, in flight=22
18:57:59: 6201x RT, 103.3 creatures/sec. Fitness: best=3067.6, avg=1587.6, new=(template-m1-balanced=954.9, qd-mutate=1131.0, qd-large-mutate=1257.6, curl-left=1289.6, curl-right=816.9). MAP-Elites(8x8, morphologies=3): occupied=47, pending=192, in flight=22
18:58:01: 6114x RT, 101.9 creatures/sec. Fitness: best=3067.6, avg=1587.6, new=(qd-large-mutate=1244.0, qd-mutate=1100.3, template-m1-balanced=921.1). MAP-Elites(8x8, morphologies=3): occupied=47, pending=192, in flight=22
18:58:03: 4238x RT, 70.6 creatures/sec. Fitness: best=3067.6, avg=1587.6, new=(qd-mutate=1089.1, template-m1-balanced=1194.7, qd-large-mutate=1090.1, curl-left=783.3, curl-right=1060.8). MAP-Elites(8x8, morphologies=3): occupied=47, pending=192, in flight=22
18:58:05: 6541x RT, 109.0 creatures/sec. Fitness: best=3067.6, avg=1587.6, new=(qd-mutate=1062.7, qd-large-mutate=1100.0, template-m1-balanced=961.2, curl-left=1028.5). MAP-Elites(8x8, morphologies=3): occupied=47, pending=192, in flight=22
18:58:07: 6645x RT, 110.8 creatures/sec. Fitness: best=3067.6, avg=1587.6, new=(qd-mutate=1031.6, template-m1-balanced=938.1, qd-large-mutate=1113.7, curl-right=841.7, curl-left=812.9). MAP-Elites(8x8, morphologies=3): occupied=47, pending=192, in flight=22
18:58:10: 6767x RT, 112.8 creatures/sec. Fitness: best=3067.6, avg=1587.6, new=(qd-large-mutate=1010.3, qd-mutate=1067.9, curl-left=741.2, template-m1-balanced=1074.8, curl-right=731.9). MAP-Elites(8x8, morphologies=3): occupied=47, pending=192, in flight=22
18:58:12: 6489x RT, 108.2 creatures/sec. Fitness: best=3067.6, avg=1587.6, new=(curl-right=558.5, qd-large-mutate=1132.3, template-m1-balanced=821.9, qd-mutate=1096.5, curl-left=1044.4). MAP-Elites(8x8, morphologies=3): occupied=47, pending=192, in flight=22
18:58:14: 6584x RT, 109.7 creatures/sec. Fitness: best=3067.6, avg=1587.6, new=(qd-mutate=1008.4, qd-large-mutate=1026.6, curl-right=636.1, template-m1-balanced=1263.7, curl-left=764.4). MAP-Elites(8x8, morphologies=3): occupied=47, pending=192, in flight=22
18:58:16: 6546x RT, 109.1 creatures/sec. Fitness: best=3067.6, avg=1587.6, new=(qd-large-mutate=1031.5, qd-mutate=1013.4, template-m1-balanced=1175.0, curl-right=1063.4). MAP-Elites(8x8, morphologies=3): occupied=47, pending=192, in flight=22
18:58:18: 6433x RT, 107.2 creatures/sec. Fitness: best=3067.6, avg=1587.6, new=(qd-large-mutate=1273.9, qd-mutate=969.7, curl-right=752.6, curl-left=776.5, template-m1-balanced=932.5). MAP-Elites(8x8, morphologies=3): occupied=47, pending=192, in flight=22
18:58:20: 4373x RT, 72.9 creatures/sec. Fitness: best=3067.6, avg=1587.6, new=(qd-mutate=1153.3, qd-large-mutate=1022.2, curl-left=791.8, curl-right=918.2, template-m1-balanced=756.7). MAP-Elites(8x8, morphologies=3): occupied=47, pending=192, in flight=22
18:58:22: 5957x RT, 99.3 creatures/sec. Fitness: best=3067.6, avg=1587.6, new=(qd-mutate=1093.5, qd-large-mutate=1035.3, curl-left=905.0, curl-right=647.3, template-m1-balanced=645.9). MAP-Elites(8x8, morphologies=3): occupied=47, pending=192, in flight=22
18:58:24: 6270x RT, 104.5 creatures/sec. Fitness: best=3067.6, avg=1590.0, new=(qd-large-mutate=1144.7, qd-mutate=1068.8, template-m1-balanced=746.8, curl-left=1238.8, curl-right=936.1). MAP-Elites(8x8, morphologies=3): occupied=47, pending=192, in flight=22
18:58:26: 6374x RT, 106.2 creatures/sec. Fitness: best=3067.6, avg=1590.0, new=(qd-mutate=1017.1, template-m1-balanced=861.8, qd-large-mutate=1108.9, curl-right=1078.1, curl-left=733.6). MAP-Elites(8x8, morphologies=3): occupied=47, pending=192, in flight=22
18:58:28: 6331x RT, 105.5 creatures/sec. Fitness: best=3067.6, avg=1590.0, new=(qd-large-mutate=1145.6, qd-mutate=1030.6, curl-left=762.0, template-m1-balanced=961.6, curl-right=532.0). MAP-Elites(8x8, morphologies=3): occupied=47, pending=192, in flight=22
18:58:30: 6355x RT, 105.9 creatures/sec. Fitness: best=3067.6, avg=1590.0, new=(template-m1-balanced=1183.0, curl-left=882.1, qd-large-mutate=1085.4, qd-mutate=980.2, curl-right=793.4). MAP-Elites(8x8, morphologies=3): occupied=47, pending=192, in flight=22
18:58:32: 6499x RT, 108.3 creatures/sec. Fitness: best=3067.6, avg=1590.0, new=(qd-mutate=1048.7, qd-large-mutate=1160.5, template-m1-balanced=838.6, curl-right=889.6). MAP-Elites(8x8, morphologies=3): occupied=47, pending=192, in flight=22
18:58:34: 3705x RT, 61.8 creatures/sec. Fitness: best=3067.6, avg=1590.0, new=(qd-mutate=1000.8, qd-large-mutate=748.6, curl-right=549.5, curl-left=1372.4, template-m1-balanced=956.1). MAP-Elites(8x8, morphologies=3): occupied=47, pending=192, in flight=22
18:58:36: 1400x RT, 23.3 creatures/sec. Fitness: best=3067.6, avg=1590.0, new=(qd-large-mutate=900.0, qd-mutate=1075.2, template-m1-balanced=1604.5, curl-left=820.2). MAP-Elites(8x8, morphologies=3): occupied=47, pending=192, in flight=22
18:58:38: 2075x RT, 34.6 creatures/sec. Fitness: best=3067.6, avg=1590.0, new=(qd-mutate=838.6, qd-large-mutate=1153.7, curl-right=891.9, curl-left=863.7, template-m1-balanced=1299.7). MAP-Elites(8x8, morphologies=3): occupied=47, pending=192, in flight=22
18:58:40: 2259x RT, 37.6 creatures/sec. Fitness: best=3067.6, avg=1590.0, new=(qd-large-mutate=1325.8, qd-mutate=1023.8, curl-right=1353.3, curl-left=521.9). MAP-Elites(8x8, morphologies=3): occupied=47, pending=192, in flight=22
5945130 bytes written to /Users/dag/projects/Machine-Evolved-credible-training/training-runs/me-v2-harmonic-qd-01-2h/config.json. 
18:58:43: 2256x RT, 37.6 creatures/sec. Fitness: best=3067.6, avg=1590.0, new=(qd-mutate=1067.3, qd-large-mutate=1210.7, curl-right=519.5, curl-left=1303.9). MAP-Elites(8x8, morphologies=3): occupied=47, pending=192, in flight=22
18:58:45: 2486x RT, 41.4 creatures/sec. Fitness: best=3067.6, avg=1590.0, new=(qd-mutate=1060.7, template-m1-balanced=632.1, qd-large-mutate=1087.8). MAP-Elites(8x8, morphologies=3): occupied=47, pending=192, in flight=22
18:58:47: 2512x RT, 41.9 creatures/sec. Fitness: best=3067.6, avg=1590.0, new=(qd-mutate=1064.5, qd-large-mutate=1056.5, template-m1-balanced=1196.6). MAP-Elites(8x8, morphologies=3): occupied=47, pending=192, in flight=22
18:58:49: 2284x RT, 38.1 creatures/sec. Fitness: best=3067.6, avg=1590.0, new=(qd-mutate=972.0, qd-large-mutate=982.7, curl-left=1154.9, curl-right=701.1). MAP-Elites(8x8, morphologies=3): occupied=47, pending=192, in flight=22
18:58:51: 1405x RT, 23.4 creatures/sec. Fitness: best=3067.6, avg=1590.0, new=(qd-large-mutate=1201.9, qd-mutate=1178.2, curl-right=801.9, curl-left=750.7). MAP-Elites(8x8, morphologies=3): occupied=47, pending=192, in flight=22
18:58:53: 1580x RT, 26.3 creatures/sec. Fitness: best=3067.6, avg=1590.0, new=(curl-left=1023.2, qd-mutate=1104.7, qd-large-mutate=1169.8, template-m1-balanced=1215.9, curl-right=876.5). MAP-Elites(8x8, morphologies=3): occupied=47, pending=192, in flight=22
18:58:55: 4405x RT, 73.4 creatures/sec. Fitness: best=3067.6, avg=1590.0, new=(qd-mutate=935.4, qd-large-mutate=1052.1, template-m1-balanced=770.5, curl-right=859.2, curl-left=596.1). MAP-Elites(8x8, morphologies=3): occupied=47, pending=192, in flight=22
18:58:57: 4923x RT, 82.0 creatures/sec. Fitness: best=3067.6, avg=1590.0, new=(qd-large-mutate=1075.7, qd-mutate=1093.0, template-m1-balanced=1036.0, curl-right=703.2). MAP-Elites(8x8, morphologies=3): occupied=47, pending=192, in flight=22
18:58:59: 6035x RT, 100.6 creatures/sec. Fitness: best=3067.6, avg=1590.0, new=(qd-large-mutate=1014.9, template-m1-balanced=600.0, qd-mutate=1084.0, curl-right=991.0, curl-left=793.2). MAP-Elites(8x8, morphologies=3): occupied=47, pending=192, in flight=22
18:59:01: 6439x RT, 107.3 creatures/sec. Fitness: best=3067.6, avg=1591.2, new=(qd-mutate=1139.0, qd-large-mutate=1115.3, curl-left=767.9, template-m1-balanced=1050.4, curl-right=560.6). MAP-Elites(8x8, morphologies=3): occupied=47, pending=192, in flight=22
18:59:03: 6393x RT, 106.6 creatures/sec. Fitness: best=3067.6, avg=1591.2, new=(curl-left=835.7, qd-mutate=1042.9, qd-large-mutate=1036.5, template-m1-balanced=938.7, curl-right=1265.4). MAP-Elites(8x8, morphologies=3): occupied=47, pending=192, in flight=22
18:59:05: 5892x RT, 98.2 creatures/sec. Fitness: best=3067.6, avg=1591.2, new=(qd-large-mutate=1006.0, qd-mutate=1060.1, curl-left=636.0, template-m1-balanced=783.8, curl-right=1121.1). MAP-Elites(8x8, morphologies=3): occupied=47, pending=192, in flight=22
18:59:07: 5905x RT, 98.4 creatures/sec. Fitness: best=3067.6, avg=1597.1, new=(qd-mutate=1063.9, curl-left=883.4, qd-large-mutate=1183.4, curl-right=737.3, template-m1-balanced=866.9). MAP-Elites(8x8, morphologies=3): occupied=47, pending=192, in flight=22
18:59:09: 6191x RT, 103.2 creatures/sec. Fitness: best=3067.6, avg=1597.1, new=(qd-large-mutate=1247.1, qd-mutate=1096.1, curl-right=733.8, curl-left=909.0, template-m1-balanced=944.8). MAP-Elites(8x8, morphologies=3): occupied=47, pending=192, in flight=22
18:59:11: 6555x RT, 109.3 creatures/sec. Fitness: best=3067.6, avg=1597.1, new=(qd-mutate=1094.6, qd-large-mutate=1054.6, curl-left=585.4, template-m1-balanced=952.3, curl-right=871.9). MAP-Elites(8x8, morphologies=3): occupied=47, pending=192, in flight=22
18:59:13: 6630x RT, 110.5 creatures/sec. Fitness: best=3067.6, avg=1597.1, new=(qd-mutate=1086.1, curl-right=1001.3, qd-large-mutate=1192.0, curl-left=651.7, template-m1-balanced=819.6). MAP-Elites(8x8, morphologies=3): occupied=47, pending=192, in flight=22
18:59:16: 6504x RT, 108.4 creatures/sec. Fitness: best=3067.6, avg=1597.1, new=(qd-large-mutate=1223.2, qd-mutate=1132.9, curl-left=378.8, template-m1-balanced=831.4, curl-right=894.2). MAP-Elites(8x8, morphologies=3): occupied=47, pending=192, in flight=22
18:59:18: 6603x RT, 110.1 creatures/sec. Fitness: best=3067.6, avg=1597.1, new=(qd-mutate=1029.1, qd-large-mutate=1162.6, template-m1-balanced=1103.7, curl-left=739.1). MAP-Elites(8x8, morphologies=3): occupied=47, pending=192, in flight=22
18:59:20: 6443x RT, 107.4 creatures/sec. Fitness: best=3067.6, avg=1597.1, new=(qd-mutate=1096.8, template-m1-balanced=897.7, qd-large-mutate=1189.4, curl-right=1180.5, curl-left=1520.2). MAP-Elites(8x8, morphologies=3): occupied=47, pending=192, in flight=22
18:59:22: 6360x RT, 106.0 creatures/sec. Fitness: best=3067.6, avg=1597.1, new=(qd-mutate=1009.0, qd-large-mutate=1185.3, template-m1-balanced=850.0, curl-left=1123.9, curl-right=978.5). MAP-Elites(8x8, morphologies=3): occupied=47, pending=192, in flight=22
18:59:24: 5224x RT, 87.1 creatures/sec. Fitness: best=3067.6, avg=1597.1, new=(qd-mutate=1104.2, qd-large-mutate=1100.5, template-m1-balanced=799.8, curl-left=752.5, curl-right=742.1). MAP-Elites(8x8, morphologies=3): occupied=47, pending=192, in flight=22
18:59:26: 6246x RT, 104.1 creatures/sec. Fitness: best=3067.6, avg=1598.5, new=(curl-left=913.5, qd-mutate=1058.7, qd-large-mutate=1223.1, curl-right=787.8, template-m1-balanced=845.4). MAP-Elites(8x8, morphologies=3): occupied=47, pending=192, in flight=22
18:59:28: 6565x RT, 109.4 creatures/sec. Fitness: best=3067.6, avg=1598.5, new=(qd-mutate=1112.1, qd-large-mutate=1062.0, template-m1-balanced=1024.0, curl-right=910.8, curl-left=963.4). MAP-Elites(8x8, morphologies=3): occupied=47, pending=192, in flight=22
18:59:30: 6514x RT, 108.6 creatures/sec. Fitness: best=3067.6, avg=1598.5, new=(qd-mutate=1036.5, template-m1-balanced=1001.2, curl-left=838.5, qd-large-mutate=1223.5). MAP-Elites(8x8, morphologies=3): occupied=47, pending=192, in flight=22
18:59:32: 6550x RT, 109.2 creatures/sec. Fitness: best=3067.6, avg=1598.5, new=(qd-mutate=1019.6, template-m1-balanced=914.7, qd-large-mutate=1162.2, curl-right=749.0, curl-left=1031.2). MAP-Elites(8x8, morphologies=3): occupied=47, pending=192, in flight=22
18:59:34: 6522x RT, 108.7 creatures/sec. Fitness: best=3067.6, avg=1598.5, new=(qd-mutate=1090.1, qd-large-mutate=1157.5, curl-right=1321.7, template-m1-balanced=1209.2, curl-left=1344.8). MAP-Elites(8x8, morphologies=3): occupied=47, pending=192, in flight=22
18:59:36: 6541x RT, 109.0 creatures/sec. Fitness: best=3067.6, avg=1598.5, new=(qd-mutate=1005.5, qd-large-mutate=1234.4, template-m1-balanced=916.0, curl-right=960.3, curl-left=1329.7). MAP-Elites(8x8, morphologies=3): occupied=47, pending=192, in flight=22
18:59:38: 6490x RT, 108.2 creatures/sec. Fitness: best=3067.6, avg=1598.5, new=(qd-mutate=1016.3, curl-right=708.8, qd-large-mutate=1263.9, template-m1-balanced=1313.4, curl-left=763.4). MAP-Elites(8x8, morphologies=3): occupied=47, pending=192, in flight=22
18:59:40: 6036x RT, 100.6 creatures/sec. Fitness: best=3067.6, avg=1598.5, new=(qd-mutate=1045.8, qd-large-mutate=1192.7, template-m1-balanced=914.0, curl-left=1013.5). MAP-Elites(8x8, morphologies=3): occupied=47, pending=192, in flight=22
5939512 bytes written to /Users/dag/projects/Machine-Evolved-credible-training/training-runs/me-v2-harmonic-qd-01-2h/config.json. 
18:59:42: 6481x RT, 108.0 creatures/sec. Fitness: best=3067.6, avg=1598.5, new=(qd-mutate=1037.4, qd-large-mutate=1101.9, template-m1-balanced=710.1, curl-left=844.8). MAP-Elites(8x8, morphologies=3): occupied=47, pending=192, in flight=22
18:59:44: 6615x RT, 110.3 creatures/sec. Fitness: best=3067.6, avg=1598.5, new=(qd-large-mutate=1079.8, qd-mutate=1113.3, template-m1-balanced=863.9, curl-left=1002.0). MAP-Elites(8x8, morphologies=3): occupied=47, pending=192, in flight=22
18:59:46: 6473x RT, 107.9 creatures/sec. Fitness: best=3067.6, avg=1598.5, new=(qd-mutate=1043.2, qd-large-mutate=1043.5, template-m1-balanced=884.2, curl-left=964.6, curl-right=1179.5). MAP-Elites(8x8, morphologies=3): occupied=47, pending=192, in flight=22
18:59:48: 6423x RT, 107.1 creatures/sec. Fitness: best=3067.6, avg=1598.5, new=(qd-mutate=1079.3, qd-large-mutate=1237.4, template-m1-balanced=829.6, curl-left=796.0). MAP-Elites(8x8, morphologies=3): occupied=47, pending=192, in flight=22
18:59:50: 6552x RT, 109.2 creatures/sec. Fitness: best=3067.6, avg=1598.5, new=(qd-mutate=1113.0, qd-large-mutate=1240.3, curl-left=971.7, template-m1-balanced=1253.9, curl-right=954.9). MAP-Elites(8x8, morphologies=3): occupied=47, pending=192, in flight=22
18:59:53: 6435x RT, 107.2 creatures/sec. Fitness: best=3067.6, avg=1598.5, new=(qd-large-mutate=1154.6, template-m1-balanced=935.4, qd-mutate=1097.4, curl-right=673.0). MAP-Elites(8x8, morphologies=3): occupied=47, pending=192, in flight=22
18:59:55: 6543x RT, 109.1 creatures/sec. Fitness: best=3067.6, avg=1598.5, new=(qd-mutate=993.7, qd-large-mutate=1096.3, template-m1-balanced=966.2, curl-right=917.9, curl-left=675.1). MAP-Elites(8x8, morphologies=3): occupied=47, pending=192, in flight=22
18:59:57: 6590x RT, 109.8 creatures/sec. Fitness: best=3067.6, avg=1598.5, new=(qd-large-mutate=1269.1, qd-mutate=1074.8, template-m1-balanced=892.7, curl-right=713.8, curl-left=875.9). MAP-Elites(8x8, morphologies=3): occupied=47, pending=192, in flight=22
18:59:59: 6390x RT, 106.5 creatures/sec. Fitness: best=3067.6, avg=1598.5, new=(qd-mutate=1170.4, qd-large-mutate=1035.1, curl-right=882.1, curl-left=860.9, template-m1-balanced=974.9). MAP-Elites(8x8, morphologies=3): occupied=47, pending=192, in flight=22
19:00:01: 6401x RT, 106.7 creatures/sec. Fitness: best=3067.6, avg=1598.5, new=(qd-mutate=1110.8, curl-right=1207.1, qd-large-mutate=1111.5, template-m1-balanced=816.7, curl-left=1478.8). MAP-Elites(8x8, morphologies=3): occupied=47, pending=192, in flight=22
19:00:03: 6235x RT, 103.9 creatures/sec. Fitness: best=3067.6, avg=1598.5, new=(qd-mutate=1021.0, template-m1-balanced=1057.6, qd-large-mutate=1211.6, curl-right=1038.7, curl-left=720.0). MAP-Elites(8x8, morphologies=3): occupied=47, pending=192, in flight=22
19:00:05: 6689x RT, 111.5 creatures/sec. Fitness: best=3067.6, avg=1598.5, new=(qd-mutate=1072.2, qd-large-mutate=1153.7, curl-left=1007.3, template-m1-balanced=1026.4, curl-right=893.4). MAP-Elites(8x8, morphologies=3): occupied=47, pending=192, in flight=22
19:00:07: 5736x RT, 95.6 creatures/sec. Fitness: best=3067.6, avg=1598.5, new=(qd-mutate=1114.6, qd-large-mutate=1171.1, template-m1-balanced=792.2, curl-left=1431.8, curl-right=591.5). MAP-Elites(8x8, morphologies=3): occupied=47, pending=192, in flight=22
19:00:09: 6611x RT, 110.2 creatures/sec. Fitness: best=3067.6, avg=1598.5, new=(qd-large-mutate=1063.3, qd-mutate=1118.1, template-m1-balanced=885.1, curl-left=716.8, curl-right=1509.8). MAP-Elites(8x8, morphologies=3): occupied=47, pending=192, in flight=22
19:00:11: 6604x RT, 110.1 creatures/sec. Fitness: best=3067.6, avg=1598.5, new=(qd-large-mutate=1214.0, template-m1-balanced=904.9, curl-right=1485.0, qd-mutate=1101.6, curl-left=555.3). MAP-Elites(8x8, morphologies=3): occupied=47, pending=192, in flight=22
19:00:13: 6353x RT, 105.9 creatures/sec. Fitness: best=3067.6, avg=1598.6, new=(qd-mutate=1029.1, qd-large-mutate=1115.1, template-m1-balanced=1118.3, curl-right=813.1). MAP-Elites(8x8, morphologies=3): occupied=47, pending=192, in flight=22
19:00:15: 6710x RT, 111.8 creatures/sec. Fitness: best=3067.6, avg=1598.6, new=(qd-mutate=1109.1, qd-large-mutate=1190.9, curl-left=951.1, template-m1-balanced=898.2, curl-right=1219.7). MAP-Elites(8x8, morphologies=3): occupied=47, pending=192, in flight=22
19:00:17: 6693x RT, 111.6 creatures/sec. Fitness: best=3067.6, avg=1598.6, new=(qd-mutate=1014.5, curl-left=916.2, qd-large-mutate=1104.0, template-m1-balanced=916.9, curl-right=991.7). MAP-Elites(8x8, morphologies=3): occupied=47, pending=192, in flight=22
19:00:19: 6527x RT, 108.8 creatures/sec. Fitness: best=3067.6, avg=1598.6, new=(qd-large-mutate=1152.1, qd-mutate=1040.1, curl-right=854.6, template-m1-balanced=731.2). MAP-Elites(8x8, morphologies=3): occupied=47, pending=192, in flight=22
19:00:21: 6696x RT, 111.6 creatures/sec. Fitness: best=3067.6, avg=1598.6, new=(qd-mutate=1009.7, qd-large-mutate=1124.3, template-m1-balanced=1053.1, curl-left=948.0, curl-right=985.6). MAP-Elites(8x8, morphologies=3): occupied=47, pending=192, in flight=22
19:00:23: 6574x RT, 109.6 creatures/sec. Fitness: best=3067.6, avg=1598.6, new=(qd-mutate=1057.5, template-m1-balanced=909.4, qd-large-mutate=1121.4, curl-left=817.9, curl-right=930.0). MAP-Elites(8x8, morphologies=3): occupied=47, pending=192, in flight=22
19:00:25: 6727x RT, 112.1 creatures/sec. Fitness: best=3067.6, avg=1598.6, new=(qd-mutate=1123.9, qd-large-mutate=1209.3, curl-left=848.1, template-m1-balanced=934.9, curl-right=758.3). MAP-Elites(8x8, morphologies=3): occupied=47, pending=192, in flight=22
19:00:28: 6691x RT, 111.5 creatures/sec. Fitness: best=3067.6, avg=1598.6, new=(qd-mutate=1087.1, template-m1-balanced=784.8, qd-large-mutate=1171.7, curl-left=903.2). MAP-Elites(8x8, morphologies=3): occupied=47, pending=192, in flight=22
19:00:30: 6481x RT, 108.0 creatures/sec. Fitness: best=3067.6, avg=1598.6, new=(qd-mutate=1094.5, qd-large-mutate=1249.1, template-m1-balanced=920.3, curl-left=1028.2, curl-right=1053.4). MAP-Elites(8x8, morphologies=3): occupied=47, pending=192, in flight=22
19:00:32: 6669x RT, 111.2 creatures/sec. Fitness: best=3067.6, avg=1598.6, new=(qd-mutate=1077.1, qd-large-mutate=1153.0, template-m1-balanced=911.0, curl-left=962.4, curl-right=968.5). MAP-Elites(8x8, morphologies=3): occupied=47, pending=192, in flight=22
19:00:34: 6646x RT, 110.8 creatures/sec. Fitness: best=3067.6, avg=1598.6, new=(qd-mutate=999.5, qd-large-mutate=1037.0, template-m1-balanced=930.1, curl-right=840.4, curl-left=614.5). MAP-Elites(8x8, morphologies=3): occupied=47, pending=192, in flight=22
19:00:36: 6566x RT, 109.4 creatures/sec. Fitness: best=3067.6, avg=1598.6, new=(qd-large-mutate=1146.4, qd-mutate=1130.6, template-m1-balanced=904.3, curl-left=972.4, curl-right=1056.7). MAP-Elites(8x8, morphologies=3): occupied=47, pending=192, in flight=22
19:00:38: 6612x RT, 110.2 creatures/sec. Fitness: best=3067.6, avg=1598.6, new=(qd-mutate=1073.4, qd-large-mutate=1360.2, curl-right=810.9, template-m1-balanced=864.9). MAP-Elites(8x8, morphologies=3): occupied=47, pending=192, in flight=22
19:00:40: 6602x RT, 110.0 creatures/sec. Fitness: best=3067.6, avg=1598.6, new=(qd-mutate=1081.4, template-m1-balanced=1073.6, qd-large-mutate=1055.3, curl-left=884.8, curl-right=874.1). MAP-Elites(8x8, morphologies=3): occupied=47, pending=192, in flight=22
5948875 bytes written to /Users/dag/projects/Machine-Evolved-credible-training/training-runs/me-v2-harmonic-qd-01-2h/config.json. 
19:00:42: 6371x RT, 106.2 creatures/sec. Fitness: best=3067.6, avg=1598.6, new=(curl-right=677.5, qd-mutate=1009.1, template-m1-balanced=816.7, curl-left=1702.8, qd-large-mutate=1021.6). MAP-Elites(8x8, morphologies=3): occupied=47, pending=192, in flight=38
19:00:44: 6565x RT, 109.4 creatures/sec. Fitness: best=3067.6, avg=1598.6, new=(qd-mutate=1035.9, curl-right=919.1, qd-large-mutate=1227.0, template-m1-balanced=719.9, curl-left=821.5). MAP-Elites(8x8, morphologies=3): occupied=47, pending=192, in flight=38
19:00:46: 6582x RT, 109.7 creatures/sec. Fitness: best=3067.6, avg=1598.6, new=(qd-mutate=1162.9, qd-large-mutate=1135.7, curl-left=868.5, template-m1-balanced=793.6, curl-right=1105.0). MAP-Elites(8x8, morphologies=3): occupied=47, pending=192, in flight=38
19:00:48: 6725x RT, 112.1 creatures/sec. Fitness: best=3067.6, avg=1598.6, new=(qd-large-mutate=1093.2, qd-mutate=1153.2, template-m1-balanced=965.9, curl-left=984.7, curl-right=669.9). MAP-Elites(8x8, morphologies=3): occupied=47, pending=192, in flight=38
19:00:50: 5310x RT, 88.5 creatures/sec. Fitness: best=3067.6, avg=1598.6, new=(qd-mutate=992.4, qd-large-mutate=1096.1, curl-left=967.5, template-m1-balanced=913.0, curl-right=1113.5). MAP-Elites(8x8, morphologies=3): occupied=47, pending=192, in flight=38
19:00:52: 5614x RT, 93.6 creatures/sec. Fitness: best=3067.6, avg=1598.6, new=(qd-large-mutate=1183.9, curl-left=914.0, qd-mutate=1013.6, template-m1-balanced=826.6, curl-right=913.5). MAP-Elites(8x8, morphologies=3): occupied=47, pending=192, in flight=38
19:00:54: 6598x RT, 110.0 creatures/sec. Fitness: best=3067.6, avg=1598.6, new=(qd-mutate=1124.3, qd-large-mutate=1294.3, template-m1-balanced=1148.3, curl-right=956.0, curl-left=856.4). MAP-Elites(8x8, morphologies=3): occupied=47, pending=192, in flight=38
19:00:56: 5380x RT, 89.7 creatures/sec. Fitness: best=3067.6, avg=1598.6, new=(qd-large-mutate=1071.6, qd-mutate=1093.8, curl-right=805.6, curl-left=889.7, template-m1-balanced=781.5). MAP-Elites(8x8, morphologies=3): occupied=47, pending=192, in flight=38
19:00:58: 6114x RT, 101.9 creatures/sec. Fitness: best=3067.6, avg=1598.6, new=(qd-mutate=1080.4, qd-large-mutate=1196.8, curl-right=845.5, curl-left=688.3, template-m1-balanced=954.8). MAP-Elites(8x8, morphologies=3): occupied=47, pending=192, in flight=38
19:01:00: 5921x RT, 98.7 creatures/sec. Fitness: best=3067.6, avg=1598.6, new=(qd-mutate=1017.6, qd-large-mutate=1182.6, curl-right=1318.2, template-m1-balanced=1126.3, curl-left=841.4). MAP-Elites(8x8, morphologies=3): occupied=47, pending=192, in flight=38
19:01:03: 5998x RT, 100.0 creatures/sec. Fitness: best=3067.6, avg=1598.6, new=(qd-mutate=1096.9, qd-large-mutate=1145.3, template-m1-balanced=1070.9, curl-right=526.7, curl-left=1021.2). MAP-Elites(8x8, morphologies=3): occupied=47, pending=192, in flight=38
19:01:05: 6100x RT, 101.7 creatures/sec. Fitness: best=3067.6, avg=1598.6, new=(qd-mutate=1028.4, template-m1-balanced=898.2, qd-large-mutate=1113.1, curl-right=748.6, curl-left=695.1). MAP-Elites(8x8, morphologies=3): occupied=47, pending=192, in flight=38
19:01:07: 4728x RT, 78.8 creatures/sec. Fitness: best=3067.6, avg=1598.6, new=(qd-mutate=1092.5, qd-large-mutate=1049.8, template-m1-balanced=823.6, curl-right=711.6, curl-left=738.1). MAP-Elites(8x8, morphologies=3): occupied=47, pending=192, in flight=38
19:01:09: 4220x RT, 70.3 creatures/sec. Fitness: best=3067.6, avg=1598.6, new=(qd-mutate=1153.5, template-m1-balanced=963.8, qd-large-mutate=1122.2, curl-left=638.7, curl-right=846.5). MAP-Elites(8x8, morphologies=3): occupied=47, pending=192, in flight=38
19:01:11: 5291x RT, 88.2 creatures/sec. Fitness: best=3067.6, avg=1598.6, new=(qd-mutate=1054.2, template-m1-balanced=947.7, qd-large-mutate=1003.6, curl-right=862.1). MAP-Elites(8x8, morphologies=3): occupied=47, pending=192, in flight=38
19:01:13: 5874x RT, 97.9 creatures/sec. Fitness: best=3067.6, avg=1598.6, new=(qd-mutate=1043.2, qd-large-mutate=1169.9, curl-right=917.5, template-m1-balanced=1031.4, curl-left=560.1). MAP-Elites(8x8, morphologies=3): occupied=47, pending=192, in flight=38
19:01:15: 6673x RT, 111.2 creatures/sec. Fitness: best=3067.6, avg=1598.6, new=(qd-mutate=1170.5, qd-large-mutate=1043.3, curl-left=677.0, template-m1-balanced=1001.4, curl-right=862.0). MAP-Elites(8x8, morphologies=3): occupied=47, pending=192, in flight=38
19:01:17: 6437x RT, 107.3 creatures/sec. Fitness: best=3067.6, avg=1598.6, new=(qd-mutate=984.3, curl-left=871.4, qd-large-mutate=1141.3, template-m1-balanced=696.2). MAP-Elites(8x8, morphologies=3): occupied=47, pending=192, in flight=38
19:01:19: 6715x RT, 111.9 creatures/sec. Fitness: best=3067.6, avg=1598.6, new=(qd-large-mutate=1216.8, template-m1-balanced=849.8, qd-mutate=1077.2, curl-right=631.3, curl-left=637.4). MAP-Elites(8x8, morphologies=3): occupied=47, pending=192, in flight=38
19:01:21: 6639x RT, 110.7 creatures/sec. Fitness: best=3067.6, avg=1598.6, new=(qd-large-mutate=1241.5, template-m1-balanced=1053.7, qd-mutate=1097.8, curl-right=927.2, curl-left=880.5). MAP-Elites(8x8, morphologies=3): occupied=47, pending=192, in flight=38
19:01:23: 6362x RT, 106.0 creatures/sec. Fitness: best=3067.6, avg=1598.6, new=(qd-mutate=983.9, template-m1-balanced=1066.5, qd-large-mutate=1065.3, curl-right=870.2, curl-left=688.0). MAP-Elites(8x8, morphologies=3): occupied=47, pending=192, in flight=38
19:01:25: 6174x RT, 102.9 creatures/sec. Fitness: best=3067.6, avg=1598.6, new=(qd-large-mutate=1143.1, qd-mutate=1020.9, curl-left=427.6, template-m1-balanced=991.9). MAP-Elites(8x8, morphologies=3): occupied=47, pending=192, in flight=38
19:01:27: 6246x RT, 104.1 creatures/sec. Fitness: best=3067.6, avg=1598.6, new=(qd-mutate=1048.2, qd-large-mutate=1078.6, curl-left=975.6, template-m1-balanced=795.3, curl-right=887.3). MAP-Elites(8x8, morphologies=3): occupied=47, pending=192, in flight=38
19:01:30: 4708x RT, 78.5 creatures/sec. Fitness: best=3067.6, avg=1598.6, new=(curl-left=687.9, qd-mutate=1035.6, qd-large-mutate=1120.0, curl-right=912.7, template-m1-balanced=975.7). MAP-Elites(8x8, morphologies=3): occupied=47, pending=192, in flight=38
19:01:32: 4246x RT, 70.8 creatures/sec. Fitness: best=3067.6, avg=1598.6, new=(qd-mutate=1074.6, curl-left=577.4, qd-large-mutate=1047.3, template-m1-balanced=863.7). MAP-Elites(8x8, morphologies=3): occupied=47, pending=192, in flight=38
19:01:34: 5080x RT, 84.7 creatures/sec. Fitness: best=3067.6, avg=1598.6, new=(curl-left=796.7, qd-mutate=1171.4, qd-large-mutate=1178.6, template-m1-balanced=945.6). MAP-Elites(8x8, morphologies=3): occupied=47, pending=192, in flight=38
19:01:36: 5496x RT, 91.6 creatures/sec. Fitness: best=3067.6, avg=1598.6, new=(qd-mutate=1087.5, template-m1-balanced=941.3, qd-large-mutate=1022.9, curl-left=958.5). MAP-Elites(8x8, morphologies=3): occupied=47, pending=192, in flight=38
19:01:38: 6099x RT, 101.7 creatures/sec. Fitness: best=3067.6, avg=1598.6, new=(template-m1-balanced=1012.7, qd-mutate=1058.2, qd-large-mutate=1144.4, curl-right=882.1, curl-left=758.6). MAP-Elites(8x8, morphologies=3): occupied=47, pending=192, in flight=38
19:01:40: 6396x RT, 106.6 creatures/sec. Fitness: best=3067.6, avg=1598.6, new=(qd-mutate=1208.0, qd-large-mutate=1078.1, curl-left=923.7, template-m1-balanced=882.6, curl-right=979.7). MAP-Elites(8x8, morphologies=3): occupied=47, pending=192, in flight=38
5963594 bytes written to /Users/dag/projects/Machine-Evolved-credible-training/training-runs/me-v2-harmonic-qd-01-2h/config.json. 
19:01:42: 5722x RT, 95.4 creatures/sec. Fitness: best=3067.6, avg=1598.6, new=(qd-mutate=1149.0, qd-large-mutate=1093.7, curl-right=904.8, template-m1-balanced=1203.9). MAP-Elites(8x8, morphologies=3): occupied=47, pending=192, in flight=38
19:01:44: 6696x RT, 111.6 creatures/sec. Fitness: best=3067.6, avg=1598.6, new=(qd-mutate=1057.6, curl-right=801.3, qd-large-mutate=1135.9, template-m1-balanced=559.3). MAP-Elites(8x8, morphologies=3): occupied=47, pending=192, in flight=38
19:01:46: 6797x RT, 113.3 creatures/sec. Fitness: best=3067.6, avg=1598.6, new=(template-m1-balanced=903.3, qd-mutate=1077.8, curl-right=678.8, qd-large-mutate=1149.2, curl-left=467.8). MAP-Elites(8x8, morphologies=3): occupied=47, pending=192, in flight=38
19:01:48: 6756x RT, 112.6 creatures/sec. Fitness: best=3067.6, avg=1598.6, new=(qd-mutate=1042.3, qd-large-mutate=1015.8, curl-left=743.4, curl-right=792.8, template-m1-balanced=848.1). MAP-Elites(8x8, morphologies=3): occupied=47, pending=192, in flight=38
19:01:50: 6723x RT, 112.1 creatures/sec. Fitness: best=3067.6, avg=1598.6, new=(qd-large-mutate=1197.6, qd-mutate=1151.1, template-m1-balanced=793.8, curl-left=657.3, curl-right=792.3). MAP-Elites(8x8, morphologies=3): occupied=47, pending=192, in flight=38
19:01:52: 6406x RT, 106.8 creatures/sec. Fitness: best=3067.6, avg=1598.9, new=(qd-large-mutate=1222.0, qd-mutate=1102.0, template-m1-balanced=995.4, curl-right=656.4, curl-left=699.0). MAP-Elites(8x8, morphologies=3): occupied=47, pending=192, in flight=38
19:01:54: 6824x RT, 113.7 creatures/sec. Fitness: best=3067.6, avg=1598.9, new=(qd-mutate=983.3, qd-large-mutate=1175.3, curl-right=1029.5, template-m1-balanced=1277.2, curl-left=668.2). MAP-Elites(8x8, morphologies=3): occupied=47, pending=192, in flight=38
19:01:56: 5325x RT, 88.7 creatures/sec. Fitness: best=3067.6, avg=1598.9, new=(qd-mutate=1173.3, curl-left=956.2, qd-large-mutate=1305.6, template-m1-balanced=1114.7, curl-right=725.6). MAP-Elites(8x8, morphologies=3): occupied=47, pending=192, in flight=38
19:01:58: 4211x RT, 70.2 creatures/sec. Fitness: best=3067.6, avg=1600.3, new=(qd-mutate=1159.9, qd-large-mutate=1223.0, curl-left=823.1, template-m1-balanced=805.0, curl-right=1402.0). MAP-Elites(8x8, morphologies=3): occupied=47, pending=192, in flight=38
19:02:00: 2348x RT, 39.1 creatures/sec. Fitness: best=3067.6, avg=1600.3, new=(qd-mutate=1125.2, qd-large-mutate=1059.0, curl-left=929.6, template-m1-balanced=587.1). MAP-Elites(8x8, morphologies=3): occupied=47, pending=192, in flight=38
19:02:02: 3098x RT, 51.6 creatures/sec. Fitness: best=3067.6, avg=1600.3, new=(qd-mutate=1062.2, curl-left=678.0, qd-large-mutate=1192.1, template-m1-balanced=661.6, curl-right=650.8). MAP-Elites(8x8, morphologies=3): occupied=47, pending=192, in flight=38
19:02:04: 3530x RT, 58.8 creatures/sec. Fitness: best=3067.6, avg=1600.3, new=(qd-mutate=1126.2, curl-left=854.3, qd-large-mutate=1038.9, curl-right=744.2, template-m1-balanced=728.5). MAP-Elites(8x8, morphologies=3): occupied=47, pending=192, in flight=38
19:02:06: 5365x RT, 89.4 creatures/sec. Fitness: best=3067.6, avg=1600.3, new=(template-m1-balanced=846.9, curl-right=1274.0, qd-mutate=1088.0, qd-large-mutate=1242.6). MAP-Elites(8x8, morphologies=3): occupied=47, pending=192, in flight=38
19:02:09: 5840x RT, 97.3 creatures/sec. Fitness: best=3067.6, avg=1600.3, new=(qd-large-mutate=1061.4, qd-mutate=1135.5, template-m1-balanced=1022.8, curl-left=818.2, curl-right=711.4). MAP-Elites(8x8, morphologies=3): occupied=47, pending=192, in flight=38
19:02:11: 4967x RT, 82.8 creatures/sec. Fitness: best=3067.6, avg=1600.3, new=(qd-large-mutate=1294.8, qd-mutate=1119.4, curl-left=864.0, template-m1-balanced=936.4, curl-right=829.7). MAP-Elites(8x8, morphologies=3): occupied=47, pending=192, in flight=38
19:02:13: 4825x RT, 80.4 creatures/sec. Fitness: best=3067.6, avg=1600.6, new=(qd-large-mutate=1339.6, qd-mutate=1168.0, curl-left=815.1, template-m1-balanced=929.2, curl-right=1271.3). MAP-Elites(8x8, morphologies=3): occupied=47, pending=192, in flight=38
19:02:15: 6655x RT, 110.9 creatures/sec. Fitness: best=3067.6, avg=1600.6, new=(qd-mutate=1111.4, curl-left=1000.7, qd-large-mutate=1093.6, template-m1-balanced=1148.1). MAP-Elites(8x8, morphologies=3): occupied=47, pending=192, in flight=38
19:02:17: 6758x RT, 112.6 creatures/sec. Fitness: best=3067.6, avg=1600.6, new=(qd-mutate=1068.9, qd-large-mutate=1219.8, template-m1-balanced=800.3, curl-left=745.4, curl-right=1256.5). MAP-Elites(8x8, morphologies=3): occupied=47, pending=192, in flight=38
19:02:19: 6835x RT, 113.9 creatures/sec. Fitness: best=3067.6, avg=1600.6, new=(qd-mutate=1086.9, curl-left=1042.0, qd-large-mutate=1078.2, template-m1-balanced=866.9, curl-right=811.2). MAP-Elites(8x8, morphologies=3): occupied=47, pending=192, in flight=38
19:02:21: 6884x RT, 114.7 creatures/sec. Fitness: best=3067.6, avg=1600.6, new=(template-m1-balanced=856.6, qd-mutate=992.7, curl-left=981.7, qd-large-mutate=1214.2, curl-right=1207.8). MAP-Elites(8x8, morphologies=3): occupied=47, pending=192, in flight=38
19:02:23: 6140x RT, 102.3 creatures/sec. Fitness: best=3067.6, avg=1600.6, new=(qd-mutate=1125.5, qd-large-mutate=1090.9, template-m1-balanced=946.7, curl-left=484.2). MAP-Elites(8x8, morphologies=3): occupied=47, pending=192, in flight=38
19:02:25: 6342x RT, 105.7 creatures/sec. Fitness: best=3067.6, avg=1600.6, new=(qd-mutate=989.7, qd-large-mutate=1145.0, template-m1-balanced=950.9, curl-right=708.5, curl-left=686.2). MAP-Elites(8x8, morphologies=3): occupied=47, pending=192, in flight=38
19:02:27: 6441x RT, 107.4 creatures/sec. Fitness: best=3067.6, avg=1600.6, new=(qd-mutate=1054.9, qd-large-mutate=1105.7, curl-right=589.0, template-m1-balanced=967.8, curl-left=952.0). MAP-Elites(8x8, morphologies=3): occupied=47, pending=192, in flight=38
19:02:29: 6319x RT, 105.3 creatures/sec. Fitness: best=3067.6, avg=1600.6, new=(qd-mutate=1051.3, curl-left=841.8, qd-large-mutate=1152.3, template-m1-balanced=910.2, curl-right=1904.7). MAP-Elites(8x8, morphologies=3): occupied=47, pending=192, in flight=38
19:02:31: 5923x RT, 98.7 creatures/sec. Fitness: best=3067.6, avg=1600.6, new=(qd-large-mutate=1200.8, qd-mutate=1011.3, curl-left=851.0, template-m1-balanced=884.1, curl-right=1063.5). MAP-Elites(8x8, morphologies=3): occupied=47, pending=192, in flight=38
19:02:33: 6698x RT, 111.6 creatures/sec. Fitness: best=3067.6, avg=1600.6, new=(qd-mutate=1100.0, qd-large-mutate=1109.3, template-m1-balanced=901.6, curl-right=739.1). MAP-Elites(8x8, morphologies=3): occupied=47, pending=192, in flight=38
19:02:35: 7250x RT, 120.8 creatures/sec. Fitness: best=3067.6, avg=1600.6, new=(qd-mutate=1148.0, qd-large-mutate=1072.9, curl-right=890.5, curl-left=883.1, template-m1-balanced=990.2). MAP-Elites(8x8, morphologies=3): occupied=47, pending=192, in flight=38
19:02:37: 7132x RT, 118.9 creatures/sec. Fitness: best=3067.6, avg=1600.6, new=(qd-mutate=1054.3, qd-large-mutate=937.9, template-m1-balanced=1011.3). MAP-Elites(8x8, morphologies=3): occupied=47, pending=192, in flight=38
19:02:40: 7003x RT, 116.7 creatures/sec. Fitness: best=3067.6, avg=1600.6, new=(qd-mutate=1097.4, template-m1-balanced=1092.4, qd-large-mutate=1133.3, curl-left=782.8, curl-right=828.8). MAP-Elites(8x8, morphologies=3): occupied=47, pending=192, in flight=38
5957422 bytes written to /Users/dag/projects/Machine-Evolved-credible-training/training-runs/me-v2-harmonic-qd-01-2h/config.json. 
19:02:42: 7208x RT, 120.1 creatures/sec. Fitness: best=3067.6, avg=1600.6, new=(qd-mutate=1081.2, qd-large-mutate=1176.0, template-m1-balanced=1002.8, curl-left=1224.1, curl-right=768.5). MAP-Elites(8x8, morphologies=3): occupied=47, pending=192, in flight=38
19:02:44: 7154x RT, 119.2 creatures/sec. Fitness: best=3067.6, avg=1600.6, new=(qd-large-mutate=1123.2, qd-mutate=1023.2, template-m1-balanced=959.9, curl-right=883.3, curl-left=544.5). MAP-Elites(8x8, morphologies=3): occupied=47, pending=192, in flight=38
19:02:46: 7254x RT, 120.9 creatures/sec. Fitness: best=3067.6, avg=1600.6, new=(qd-mutate=1025.6, qd-large-mutate=1151.2, curl-right=942.7, template-m1-balanced=966.1, curl-left=1253.3). MAP-Elites(8x8, morphologies=3): occupied=47, pending=192, in flight=38
19:02:48: 7263x RT, 121.1 creatures/sec. Fitness: best=3067.6, avg=1600.6, new=(qd-mutate=1121.3, qd-large-mutate=1065.9, curl-right=763.8, template-m1-balanced=907.3, curl-left=782.7). MAP-Elites(8x8, morphologies=3): occupied=47, pending=192, in flight=38
19:02:50: 7266x RT, 121.1 creatures/sec. Fitness: best=3067.6, avg=1600.8, new=(qd-mutate=1140.6, qd-large-mutate=1106.9, template-m1-balanced=860.4, curl-left=826.0, curl-right=657.1). MAP-Elites(8x8, morphologies=3): occupied=47, pending=192, in flight=38
19:02:52: 7236x RT, 120.6 creatures/sec. Fitness: best=3067.6, avg=1600.8, new=(qd-mutate=1129.7, qd-large-mutate=1069.9, curl-left=817.5, template-m1-balanced=1099.8, curl-right=1516.8). MAP-Elites(8x8, morphologies=3): occupied=47, pending=192, in flight=38
19:02:54: 7209x RT, 120.2 creatures/sec. Fitness: best=3067.6, avg=1600.8, new=(qd-mutate=1042.5, curl-left=773.6, template-m1-balanced=888.6, qd-large-mutate=965.7, curl-right=465.0). MAP-Elites(8x8, morphologies=3): occupied=47, pending=192, in flight=38
19:02:56: 7219x RT, 120.3 creatures/sec. Fitness: best=3067.6, avg=1600.8, new=(qd-mutate=1107.0, curl-left=782.0, qd-large-mutate=1115.3, template-m1-balanced=1119.7, curl-right=838.1). MAP-Elites(8x8, morphologies=3): occupied=47, pending=192, in flight=38
19:02:58: 7240x RT, 120.7 creatures/sec. Fitness: best=3067.6, avg=1600.8, new=(qd-mutate=1076.1, template-m1-balanced=1015.0, curl-left=938.4, qd-large-mutate=1168.2, curl-right=774.3). MAP-Elites(8x8, morphologies=3): occupied=47, pending=192, in flight=38
19:03:00: 7170x RT, 119.5 creatures/sec. Fitness: best=3067.6, avg=1600.8, new=(qd-mutate=1029.5, qd-large-mutate=1187.8, template-m1-balanced=865.4, curl-left=892.2, curl-right=829.5). MAP-Elites(8x8, morphologies=3): occupied=47, pending=192, in flight=38
19:03:02: 7199x RT, 120.0 creatures/sec. Fitness: best=3067.6, avg=1600.8, new=(qd-large-mutate=1138.1, qd-mutate=1136.1, template-m1-balanced=1055.8, curl-left=785.2, curl-right=1220.5). MAP-Elites(8x8, morphologies=3): occupied=47, pending=192, in flight=38
19:03:04: 7176x RT, 119.6 creatures/sec. Fitness: best=3067.6, avg=1600.8, new=(qd-large-mutate=1171.9, qd-mutate=1080.7, curl-left=832.9, template-m1-balanced=974.4, curl-right=693.3). MAP-Elites(8x8, morphologies=3): occupied=47, pending=192, in flight=38
19:03:06: 6932x RT, 115.5 creatures/sec. Fitness: best=3067.6, avg=1600.8, new=(qd-mutate=1112.7, qd-large-mutate=1099.8, curl-left=636.8, curl-right=830.2, template-m1-balanced=674.6). MAP-Elites(8x8, morphologies=3): occupied=47, pending=192, in flight=38
19:03:08: 7151x RT, 119.2 creatures/sec. Fitness: best=3067.6, avg=1600.8, new=(qd-mutate=1076.7, curl-right=878.7, template-m1-balanced=956.4, qd-large-mutate=1281.9, curl-left=746.8). MAP-Elites(8x8, morphologies=3): occupied=47, pending=192, in flight=38
19:03:11: 7179x RT, 119.6 creatures/sec. Fitness: best=3067.6, avg=1600.8, new=(qd-mutate=1074.9, qd-large-mutate=1101.2, template-m1-balanced=1074.7, curl-right=760.6). MAP-Elites(8x8, morphologies=3): occupied=47, pending=192, in flight=38
19:03:13: 7261x RT, 121.0 creatures/sec. Fitness: best=3067.6, avg=1600.8, new=(qd-mutate=1084.5, template-m1-balanced=961.9, qd-large-mutate=1096.0, curl-left=844.4, curl-right=580.4). MAP-Elites(8x8, morphologies=3): occupied=47, pending=192, in flight=38
19:03:15: 7271x RT, 121.2 creatures/sec. Fitness: best=3067.6, avg=1600.8, new=(qd-mutate=1113.9, qd-large-mutate=1036.7, template-m1-balanced=952.1, curl-left=1099.2, curl-right=865.0). MAP-Elites(8x8, morphologies=3): occupied=47, pending=192, in flight=38
19:03:17: 7269x RT, 121.2 creatures/sec. Fitness: best=3067.6, avg=1600.8, new=(qd-mutate=1091.9, qd-large-mutate=1081.0, template-m1-balanced=502.8, curl-left=906.9, curl-right=737.7). MAP-Elites(8x8, morphologies=3): occupied=47, pending=192, in flight=38
19:03:19: 7270x RT, 121.2 creatures/sec. Fitness: best=3067.6, avg=1600.8, new=(qd-mutate=1117.5, qd-large-mutate=1069.9, template-m1-balanced=816.5, curl-left=664.6, curl-right=881.2). MAP-Elites(8x8, morphologies=3): occupied=47, pending=192, in flight=38
19:03:21: 7271x RT, 121.2 creatures/sec. Fitness: best=3067.6, avg=1600.8, new=(qd-mutate=1089.0, qd-large-mutate=901.9, curl-right=1163.7, template-m1-balanced=887.6, curl-left=541.9). MAP-Elites(8x8, morphologies=3): occupied=47, pending=192, in flight=38
19:03:23: 6191x RT, 103.2 creatures/sec. Fitness: best=3067.6, avg=1600.8, new=(qd-mutate=1141.0, qd-large-mutate=1194.4, curl-left=925.5, template-m1-balanced=841.6, curl-right=1703.8). MAP-Elites(8x8, morphologies=3): occupied=47, pending=192, in flight=38
19:03:25: 3500x RT, 58.3 creatures/sec. Fitness: best=3067.6, avg=1600.8, new=(qd-mutate=1064.7, qd-large-mutate=1087.8, curl-left=1092.5, template-m1-balanced=899.6, curl-right=1094.7). MAP-Elites(8x8, morphologies=3): occupied=47, pending=192, in flight=38
19:03:27: 3217x RT, 53.6 creatures/sec. Fitness: best=3067.6, avg=1600.8, new=(qd-mutate=916.9, qd-large-mutate=1219.7, template-m1-balanced=641.7, curl-right=668.8). MAP-Elites(8x8, morphologies=3): occupied=47, pending=192, in flight=38
19:03:29: 4094x RT, 68.2 creatures/sec. Fitness: best=3067.6, avg=1600.8, new=(qd-large-mutate=1116.7, qd-mutate=1034.2, curl-right=936.6, template-m1-balanced=951.8, curl-left=483.3). MAP-Elites(8x8, morphologies=3): occupied=47, pending=192, in flight=38
19:03:31: 4165x RT, 69.4 creatures/sec. Fitness: best=3067.6, avg=1600.8, new=(qd-mutate=1077.0, qd-large-mutate=985.0, template-m1-balanced=1046.8, curl-right=670.1). MAP-Elites(8x8, morphologies=3): occupied=47, pending=192, in flight=38
19:03:33: 4208x RT, 70.1 creatures/sec. Fitness: best=3067.6, avg=1600.8, new=(qd-mutate=1107.5, curl-left=623.6, template-m1-balanced=694.6, qd-large-mutate=1232.3). MAP-Elites(8x8, morphologies=3): occupied=47, pending=192, in flight=38
19:03:36: 4012x RT, 66.9 creatures/sec. Fitness: best=3067.6, avg=1600.8, new=(qd-large-mutate=1004.8, template-m1-balanced=699.0, qd-mutate=991.3, curl-left=718.5). MAP-Elites(8x8, morphologies=3): occupied=47, pending=192, in flight=38
19:03:38: 3981x RT, 66.3 creatures/sec. Fitness: best=3067.6, avg=1600.8, new=(qd-mutate=1093.3, curl-left=875.2, template-m1-balanced=935.7, qd-large-mutate=1052.0, curl-right=750.6). MAP-Elites(8x8, morphologies=3): occupied=47, pending=192, in flight=38
19:03:40: 3253x RT, 54.2 creatures/sec. Fitness: best=3067.6, avg=1600.8, new=(qd-large-mutate=1016.7, curl-left=942.0, qd-mutate=1051.0, template-m1-balanced=663.5, curl-right=1480.3). MAP-Elites(8x8, morphologies=3): occupied=47, pending=192, in flight=38
5981768 bytes written to /Users/dag/projects/Machine-Evolved-credible-training/training-runs/me-v2-harmonic-qd-01-2h/config.json. 
19:03:42: 2650x RT, 44.2 creatures/sec. Fitness: best=3067.6, avg=1600.8, new=(qd-mutate=1072.7, qd-large-mutate=1024.8, template-m1-balanced=974.3). MAP-Elites(8x8, morphologies=3): occupied=47, pending=192, in flight=38
19:03:44: 2670x RT, 44.5 creatures/sec. Fitness: best=3067.6, avg=1600.8, new=(qd-mutate=1103.5, template-m1-balanced=788.4, qd-large-mutate=1132.4, curl-left=1129.8). MAP-Elites(8x8, morphologies=3): occupied=47, pending=192, in flight=38
19:03:46: 2836x RT, 47.3 creatures/sec. Fitness: best=3067.6, avg=1600.8, new=(qd-mutate=1244.7, qd-large-mutate=1106.6, curl-left=555.2, template-m1-balanced=1263.1). MAP-Elites(8x8, morphologies=3): occupied=47, pending=192, in flight=38
19:03:48: 2739x RT, 45.6 creatures/sec. Fitness: best=3067.6, avg=1600.8, new=(qd-large-mutate=1050.2, qd-mutate=1025.2, template-m1-balanced=760.7, curl-right=845.3). MAP-Elites(8x8, morphologies=3): occupied=47, pending=192, in flight=38
19:03:50: 3189x RT, 53.1 creatures/sec. Fitness: best=3067.6, avg=1600.8, new=(qd-large-mutate=1171.6, qd-mutate=1097.5, template-m1-balanced=728.1, curl-right=1775.2, curl-left=1349.3). MAP-Elites(8x8, morphologies=3): occupied=47, pending=192, in flight=38
19:03:52: 5153x RT, 85.9 creatures/sec. Fitness: best=3067.6, avg=1600.8, new=(qd-large-mutate=1049.6, qd-mutate=1013.7, curl-left=798.0, template-m1-balanced=901.2, curl-right=716.4). MAP-Elites(8x8, morphologies=3): occupied=47, pending=192, in flight=38
19:03:54: 3281x RT, 54.7 creatures/sec. Fitness: best=3067.6, avg=1600.8, new=(qd-mutate=1060.9, template-m1-balanced=1038.7, qd-large-mutate=1155.4, curl-right=741.3, curl-left=825.4). MAP-Elites(8x8, morphologies=3): occupied=47, pending=192, in flight=38
19:03:56: 5323x RT, 88.7 creatures/sec. Fitness: best=3067.6, avg=1600.8, new=(qd-mutate=1041.1, qd-large-mutate=1205.5, template-m1-balanced=933.5, curl-right=946.3, curl-left=1153.4). MAP-Elites(8x8, morphologies=3): occupied=47, pending=192, in flight=38
19:03:58: 4869x RT, 81.2 creatures/sec. Fitness: best=3067.6, avg=1600.8, new=(qd-mutate=1101.8, template-m1-balanced=960.5, qd-large-mutate=1187.5, curl-left=940.7, curl-right=785.4). MAP-Elites(8x8, morphologies=3): occupied=47, pending=192, in flight=38
19:04:00: 6257x RT, 104.3 creatures/sec. Fitness: best=3067.6, avg=1600.8, new=(qd-mutate=1039.0, qd-large-mutate=989.1, template-m1-balanced=949.9, curl-right=1049.3, curl-left=772.4). MAP-Elites(8x8, morphologies=3): occupied=47, pending=192, in flight=38
19:04:02: 7200x RT, 120.0 creatures/sec. Fitness: best=3067.6, avg=1601.1, new=(qd-mutate=1180.1, qd-large-mutate=1217.2, curl-right=623.7, curl-left=992.3, template-m1-balanced=1126.3). MAP-Elites(8x8, morphologies=3): occupied=47, pending=192, in flight=38
19:04:04: 6887x RT, 114.8 creatures/sec. Fitness: best=3067.6, avg=1601.1, new=(qd-mutate=1076.1, template-m1-balanced=1066.9, curl-left=1027.6, qd-large-mutate=1122.8, curl-right=600.6). MAP-Elites(8x8, morphologies=3): occupied=47, pending=192, in flight=38
19:04:06: 7259x RT, 121.0 creatures/sec. Fitness: best=3067.6, avg=1601.1, new=(qd-mutate=1101.2, qd-large-mutate=1104.8, template-m1-balanced=757.7, curl-right=1038.8, curl-left=833.1). MAP-Elites(8x8, morphologies=3): occupied=47, pending=192, in flight=38
19:04:09: 7214x RT, 120.2 creatures/sec. Fitness: best=3067.6, avg=1601.1, new=(qd-mutate=1111.4, qd-large-mutate=1062.8, template-m1-balanced=1055.5, curl-left=839.5, curl-right=698.3). MAP-Elites(8x8, morphologies=3): occupied=47, pending=192, in flight=38
19:04:11: 7276x RT, 121.3 creatures/sec. Fitness: best=3067.6, avg=1601.1, new=(qd-mutate=1063.2, qd-large-mutate=1165.4, template-m1-balanced=1039.0, curl-right=598.3, curl-left=1099.9). MAP-Elites(8x8, morphologies=3): occupied=47, pending=192, in flight=38
19:04:13: 7295x RT, 121.6 creatures/sec. Fitness: best=3067.6, avg=1601.1, new=(qd-mutate=1099.1, qd-large-mutate=1209.8, template-m1-balanced=997.2, curl-left=746.7, curl-right=793.1). MAP-Elites(8x8, morphologies=3): occupied=47, pending=192, in flight=38
19:04:15: 7269x RT, 121.2 creatures/sec. Fitness: best=3067.6, avg=1601.1, new=(qd-large-mutate=1162.7, curl-right=973.4, qd-mutate=1056.9, template-m1-balanced=798.4, curl-left=735.7). MAP-Elites(8x8, morphologies=3): occupied=47, pending=192, in flight=38
19:04:17: 7211x RT, 120.2 creatures/sec. Fitness: best=3067.6, avg=1601.1, new=(qd-mutate=1014.2, qd-large-mutate=1046.7, curl-left=691.9, template-m1-balanced=958.8, curl-right=690.4). MAP-Elites(8x8, morphologies=3): occupied=47, pending=192, in flight=38
19:04:19: 7294x RT, 121.6 creatures/sec. Fitness: best=3067.6, avg=1601.1, new=(qd-mutate=1076.4, qd-large-mutate=1114.7, curl-left=842.7, curl-right=969.4, template-m1-balanced=891.9). MAP-Elites(8x8, morphologies=3): occupied=47, pending=192, in flight=38
19:04:21: 7259x RT, 121.0 creatures/sec. Fitness: best=3067.6, avg=1601.1, new=(qd-mutate=1083.5, qd-large-mutate=1207.7, template-m1-balanced=1053.2, curl-left=774.8, curl-right=1008.2). MAP-Elites(8x8, morphologies=3): occupied=47, pending=192, in flight=38
19:04:23: 7214x RT, 120.2 creatures/sec. Fitness: best=3067.6, avg=1601.1, new=(qd-mutate=1168.3, template-m1-balanced=770.0, qd-large-mutate=1077.7, curl-left=465.9, curl-right=681.6). MAP-Elites(8x8, morphologies=3): occupied=47, pending=192, in flight=38
19:04:25: 7288x RT, 121.5 creatures/sec. Fitness: best=3067.6, avg=1601.1, new=(qd-large-mutate=1129.9, qd-mutate=1053.7, curl-left=860.5, curl-right=818.2, template-m1-balanced=1088.5). MAP-Elites(8x8, morphologies=3): occupied=47, pending=192, in flight=38
19:04:27: 7193x RT, 119.9 creatures/sec. Fitness: best=3067.6, avg=1601.1, new=(qd-mutate=1044.7, template-m1-balanced=980.9, qd-large-mutate=1148.7, curl-right=769.2, curl-left=824.7). MAP-Elites(8x8, morphologies=3): occupied=47, pending=192, in flight=38
19:04:29: 7304x RT, 121.7 creatures/sec. Fitness: best=3067.6, avg=1601.1, new=(qd-mutate=1052.5, qd-large-mutate=1091.6, template-m1-balanced=750.6, curl-right=1193.8, curl-left=1273.2). MAP-Elites(8x8, morphologies=3): occupied=47, pending=192, in flight=38
19:04:31: 7243x RT, 120.7 creatures/sec. Fitness: best=3067.6, avg=1601.1, new=(template-m1-balanced=924.4, qd-mutate=1065.1, qd-large-mutate=1102.8, curl-right=805.9, curl-left=493.7). MAP-Elites(8x8, morphologies=3): occupied=47, pending=192, in flight=38
19:04:33: 7198x RT, 120.0 creatures/sec. Fitness: best=3067.6, avg=1601.1, new=(qd-large-mutate=1059.2, qd-mutate=1035.5, template-m1-balanced=967.1, curl-right=964.7, curl-left=643.1). MAP-Elites(8x8, morphologies=3): occupied=47, pending=192, in flight=38
19:04:35: 7334x RT, 122.2 creatures/sec. Fitness: best=3067.6, avg=1601.1, new=(qd-large-mutate=1153.0, qd-mutate=1099.2, curl-right=786.6, template-m1-balanced=927.5, curl-left=816.1). MAP-Elites(8x8, morphologies=3): occupied=47, pending=192, in flight=38
19:04:37: 7219x RT, 120.3 creatures/sec. Fitness: best=3067.6, avg=1601.1, new=(qd-mutate=1001.9, qd-large-mutate=1248.2, template-m1-balanced=971.3, curl-right=797.3). MAP-Elites(8x8, morphologies=3): occupied=47, pending=192, in flight=38
19:04:39: 7280x RT, 121.3 creatures/sec. Fitness: best=3067.6, avg=1601.1, new=(qd-mutate=1092.3, qd-large-mutate=1060.0, curl-left=732.1, template-m1-balanced=1053.6). MAP-Elites(8x8, morphologies=3): occupied=47, pending=192, in flight=38
5975911 bytes written to /Users/dag/projects/Machine-Evolved-credible-training/training-runs/me-v2-harmonic-qd-01-2h/config.json. 
19:04:42: 6987x RT, 116.4 creatures/sec. Fitness: best=3067.6, avg=1601.1, new=(qd-mutate=1090.7, qd-large-mutate=1110.6, curl-left=1222.2, curl-right=782.2, template-m1-balanced=880.1). MAP-Elites(8x8, morphologies=3): occupied=47, pending=192, in flight=38
19:04:44: 7051x RT, 117.5 creatures/sec. Fitness: best=3067.6, avg=1601.1, new=(qd-mutate=1085.8, qd-large-mutate=1065.8, curl-left=971.1, template-m1-balanced=943.7). MAP-Elites(8x8, morphologies=3): occupied=47, pending=192, in flight=38
19:04:46: 6597x RT, 110.0 creatures/sec. Fitness: best=3067.6, avg=1601.1, new=(qd-mutate=1048.2, qd-large-mutate=1022.6, template-m1-balanced=914.4, curl-left=691.6). MAP-Elites(8x8, morphologies=3): occupied=47, pending=192, in flight=38
19:04:48: 6581x RT, 109.7 creatures/sec. Fitness: best=3067.6, avg=1601.1, new=(qd-large-mutate=1230.8, template-m1-balanced=1099.2, qd-mutate=1077.2, curl-left=598.9, curl-right=1044.1). MAP-Elites(8x8, morphologies=3): occupied=47, pending=192, in flight=38
19:04:50: 6743x RT, 112.4 creatures/sec. Fitness: best=3067.6, avg=1601.1, new=(qd-mutate=1109.9, qd-large-mutate=1105.1, curl-right=789.7, curl-left=775.8, template-m1-balanced=1013.9). MAP-Elites(8x8, morphologies=3): occupied=47, pending=192, in flight=38
19:04:52: 6684x RT, 111.4 creatures/sec. Fitness: best=3067.6, avg=1601.1, new=(qd-mutate=1049.5, template-m1-balanced=816.9, curl-left=717.2, qd-large-mutate=1048.7, curl-right=912.9). MAP-Elites(8x8, morphologies=3): occupied=47, pending=192, in flight=38
19:04:54: 7202x RT, 120.0 creatures/sec. Fitness: best=3067.6, avg=1601.1, new=(qd-mutate=1016.0, template-m1-balanced=1120.3, qd-large-mutate=1110.4, curl-right=840.6, curl-left=639.5). MAP-Elites(8x8, morphologies=3): occupied=47, pending=192, in flight=38
19:04:56: 7226x RT, 120.4 creatures/sec. Fitness: best=3067.6, avg=1601.1, new=(qd-mutate=1092.0, qd-large-mutate=1140.5, curl-right=668.2, curl-left=746.3, template-m1-balanced=945.5). MAP-Elites(8x8, morphologies=3): occupied=47, pending=192, in flight=38
19:04:58: 6699x RT, 111.7 creatures/sec. Fitness: best=3067.6, avg=1601.1, new=(qd-large-mutate=1157.6, qd-mutate=1095.9, curl-right=779.8, template-m1-balanced=725.6, curl-left=1173.4). MAP-Elites(8x8, morphologies=3): occupied=47, pending=192, in flight=38
19:05:00: 3459x RT, 57.6 creatures/sec. Fitness: best=3067.6, avg=1601.1, new=(qd-mutate=1014.0, curl-right=822.1, qd-large-mutate=1324.3, curl-left=1001.1, template-m1-balanced=887.5). MAP-Elites(8x8, morphologies=3): occupied=47, pending=192, in flight=38
19:05:02: 2571x RT, 42.9 creatures/sec. Fitness: best=3067.6, avg=1601.1, new=(qd-mutate=1123.8, qd-large-mutate=1100.8, curl-right=1179.7, curl-left=672.6, template-m1-balanced=513.8). MAP-Elites(8x8, morphologies=3): occupied=47, pending=192, in flight=38
19:05:04: 2834x RT, 47.2 creatures/sec. Fitness: best=3067.6, avg=1601.1, new=(qd-large-mutate=1115.7, qd-mutate=1046.4, template-m1-balanced=910.7). MAP-Elites(8x8, morphologies=3): occupied=47, pending=192, in flight=38
19:05:06: 2975x RT, 49.6 creatures/sec. Fitness: best=3067.6, avg=1601.1, new=(qd-mutate=1110.1, template-m1-balanced=802.6, qd-large-mutate=1167.7, curl-right=943.7). MAP-Elites(8x8, morphologies=3): occupied=47, pending=192, in flight=38
19:05:08: 2933x RT, 48.9 creatures/sec. Fitness: best=3067.6, avg=1601.1, new=(qd-mutate=1055.0, qd-large-mutate=1153.7, template-m1-balanced=1086.4, curl-left=559.9). MAP-Elites(8x8, morphologies=3): occupied=47, pending=192, in flight=38
19:05:10: 3116x RT, 51.9 creatures/sec. Fitness: best=3067.6, avg=1601.1, new=(qd-mutate=1135.7, qd-large-mutate=930.5, template-m1-balanced=1037.2, curl-left=697.5). MAP-Elites(8x8, morphologies=3): occupied=47, pending=192, in flight=38
19:05:12: 3786x RT, 63.1 creatures/sec. Fitness: best=3067.6, avg=1601.1, new=(qd-mutate=1193.0, qd-large-mutate=1387.5, template-m1-balanced=871.7, curl-right=804.8, curl-left=1054.2). MAP-Elites(8x8, morphologies=3): occupied=47, pending=192, in flight=38
19:05:14: 5507x RT, 91.8 creatures/sec. Fitness: best=3067.6, avg=1601.1, new=(qd-mutate=1071.3, qd-large-mutate=972.4, template-m1-balanced=922.9, curl-right=1005.8). MAP-Elites(8x8, morphologies=3): occupied=47, pending=192, in flight=38
19:05:17: 6916x RT, 115.3 creatures/sec. Fitness: best=3067.6, avg=1601.1, new=(qd-mutate=1120.2, qd-large-mutate=1127.7, template-m1-balanced=1010.2, curl-right=749.8, curl-left=1087.5). MAP-Elites(8x8, morphologies=3): occupied=47, pending=192, in flight=38
19:05:19: 7237x RT, 120.6 creatures/sec. Fitness: best=3067.6, avg=1601.1, new=(qd-mutate=1153.4, qd-large-mutate=1228.1, curl-left=756.4, template-m1-balanced=984.5, curl-right=793.0). MAP-Elites(8x8, morphologies=3): occupied=47, pending=192, in flight=38
19:05:21: 7093x RT, 118.2 creatures/sec. Fitness: best=3067.6, avg=1601.1, new=(curl-right=998.5, qd-large-mutate=1137.9, qd-mutate=1012.1, curl-left=749.5, template-m1-balanced=963.2). MAP-Elites(8x8, morphologies=3): occupied=47, pending=192, in flight=38
19:05:23: 6784x RT, 113.1 creatures/sec. Fitness: best=3067.6, avg=1601.1, new=(qd-mutate=1015.1, curl-right=1181.8, qd-large-mutate=1007.0, template-m1-balanced=1013.4, curl-left=790.6). MAP-Elites(8x8, morphologies=3): occupied=47, pending=192, in flight=38
19:05:25: 7050x RT, 117.5 creatures/sec. Fitness: best=3067.6, avg=1601.1, new=(qd-large-mutate=1213.0, qd-mutate=1196.6, curl-left=692.9, curl-right=761.0, template-m1-balanced=1301.3). MAP-Elites(8x8, morphologies=3): occupied=47, pending=192, in flight=38
19:05:27: 7249x RT, 120.8 creatures/sec. Fitness: best=3067.6, avg=1601.1, new=(qd-large-mutate=1075.8, qd-mutate=1043.9, template-m1-balanced=1020.0, curl-right=1197.1, curl-left=834.6). MAP-Elites(8x8, morphologies=3): occupied=47, pending=192, in flight=38
19:05:29: 7254x RT, 120.9 creatures/sec. Fitness: best=3067.6, avg=1601.1, new=(qd-mutate=1097.6, qd-large-mutate=1061.2, template-m1-balanced=1047.0, curl-right=913.2, curl-left=735.0). MAP-Elites(8x8, morphologies=3): occupied=47, pending=192, in flight=38
19:05:31: 6655x RT, 110.9 creatures/sec. Fitness: best=3067.6, avg=1601.1, new=(qd-mutate=1036.4, qd-large-mutate=1222.8, template-m1-balanced=1021.7, curl-right=1003.4, curl-left=1091.5). MAP-Elites(8x8, morphologies=3): occupied=47, pending=192, in flight=38
19:05:33: 7249x RT, 120.8 creatures/sec. Fitness: best=3067.6, avg=1601.1, new=(qd-mutate=939.8, qd-large-mutate=1068.0, curl-right=793.1, curl-left=791.3, template-m1-balanced=826.0). MAP-Elites(8x8, morphologies=3): occupied=47, pending=192, in flight=38
19:05:35: 7311x RT, 121.9 creatures/sec. Fitness: best=3067.6, avg=1601.1, new=(qd-mutate=1104.0, qd-large-mutate=1032.0, template-m1-balanced=987.4, curl-left=920.5, curl-right=653.4). MAP-Elites(8x8, morphologies=3): occupied=47, pending=192, in flight=38
19:05:37: 7222x RT, 120.4 creatures/sec. Fitness: best=3067.6, avg=1601.1, new=(qd-mutate=1087.1, qd-large-mutate=1136.1, template-m1-balanced=769.6, curl-right=1124.4, curl-left=1028.2). MAP-Elites(8x8, morphologies=3): occupied=47, pending=192, in flight=38
19:05:39: 7249x RT, 120.8 creatures/sec. Fitness: best=3067.6, avg=1601.1, new=(qd-mutate=1005.6, qd-large-mutate=1246.6, template-m1-balanced=664.9, curl-right=694.1, curl-left=643.0). MAP-Elites(8x8, morphologies=3): occupied=47, pending=192, in flight=38
5957964 bytes written to /Users/dag/projects/Machine-Evolved-credible-training/training-runs/me-v2-harmonic-qd-01-2h/config.json. 
19:05:41: 6757x RT, 112.6 creatures/sec. Fitness: best=3067.6, avg=1601.1, new=(qd-large-mutate=1108.0, qd-mutate=1007.7, curl-right=955.5, template-m1-balanced=1028.5, curl-left=797.1). MAP-Elites(8x8, morphologies=3): occupied=47, pending=192, in flight=38
19:05:43: 7464x RT, 124.4 creatures/sec. Fitness: best=3067.6, avg=1601.1, new=(qd-mutate=1168.8, qd-large-mutate=1152.2, template-m1-balanced=1077.2, curl-right=958.7, curl-left=912.1). MAP-Elites(8x8, morphologies=3): occupied=47, pending=192, in flight=38
19:05:45: 7306x RT, 121.8 creatures/sec. Fitness: best=3067.6, avg=1601.1, new=(qd-large-mutate=1218.7, curl-right=1025.0, qd-mutate=1015.7, curl-left=796.3, template-m1-balanced=829.9). MAP-Elites(8x8, morphologies=3): occupied=47, pending=192, in flight=38
19:05:47: 7106x RT, 118.4 creatures/sec. Fitness: best=3067.6, avg=1601.1, new=(template-m1-balanced=881.1, qd-large-mutate=1159.9, qd-mutate=1049.5, curl-right=698.1, curl-left=902.6). MAP-Elites(8x8, morphologies=3): occupied=47, pending=192, in flight=38
19:05:49: 7240x RT, 120.7 creatures/sec. Fitness: best=3067.6, avg=1601.1, new=(qd-large-mutate=1172.5, qd-mutate=1157.4, template-m1-balanced=1027.8, curl-right=901.6, curl-left=953.3). MAP-Elites(8x8, morphologies=3): occupied=47, pending=192, in flight=38
19:05:52: 7237x RT, 120.6 creatures/sec. Fitness: best=3067.6, avg=1601.1, new=(qd-large-mutate=1368.4, qd-mutate=1084.2, curl-left=793.6, template-m1-balanced=921.0, curl-right=788.3). MAP-Elites(8x8, morphologies=3): occupied=47, pending=192, in flight=38
19:05:54: 7199x RT, 120.0 creatures/sec. Fitness: best=3067.6, avg=1601.1, new=(qd-large-mutate=1081.8, qd-mutate=1058.3, curl-right=1028.0, curl-left=668.2, template-m1-balanced=1058.2). MAP-Elites(8x8, morphologies=3): occupied=47, pending=192, in flight=38
19:05:56: 7221x RT, 120.4 creatures/sec. Fitness: best=3067.6, avg=1601.1, new=(qd-mutate=1105.4, qd-large-mutate=1201.2, curl-left=742.5, template-m1-balanced=817.8, curl-right=603.5). MAP-Elites(8x8, morphologies=3): occupied=47, pending=192, in flight=38
19:05:58: 7248x RT, 120.8 creatures/sec. Fitness: best=3067.6, avg=1601.1, new=(qd-mutate=1033.3, qd-large-mutate=1109.5, template-m1-balanced=781.2, curl-left=958.0, curl-right=1032.7). MAP-Elites(8x8, morphologies=3): occupied=47, pending=192, in flight=38
19:06:00: 7250x RT, 120.8 creatures/sec. Fitness: best=3067.6, avg=1601.1, new=(qd-mutate=1103.6, qd-large-mutate=1141.4, curl-left=926.7, template-m1-balanced=893.6). MAP-Elites(8x8, morphologies=3): occupied=47, pending=192, in flight=38
19:06:02: 7257x RT, 120.9 creatures/sec. Fitness: best=3067.6, avg=1601.1, new=(qd-mutate=1096.2, template-m1-balanced=1084.5, qd-large-mutate=1187.9, curl-left=857.6, curl-right=828.6). MAP-Elites(8x8, morphologies=3): occupied=47, pending=192, in flight=38
19:06:04: 7246x RT, 120.8 creatures/sec. Fitness: best=3067.6, avg=1601.1, new=(curl-right=901.5, qd-mutate=1055.2, curl-left=759.4, qd-large-mutate=1156.8, template-m1-balanced=903.6). MAP-Elites(8x8, morphologies=3): occupied=47, pending=192, in flight=38
19:06:06: 7259x RT, 121.0 creatures/sec. Fitness: best=3067.6, avg=1601.1, new=(qd-mutate=1087.7, template-m1-balanced=817.4, qd-large-mutate=1131.7, curl-left=702.2, curl-right=1101.1). MAP-Elites(8x8, morphologies=3): occupied=47, pending=192, in flight=38
19:06:08: 7298x RT, 121.6 creatures/sec. Fitness: best=3067.6, avg=1601.1, new=(qd-large-mutate=1072.0, qd-mutate=1070.7, template-m1-balanced=1017.6, curl-right=834.6, curl-left=912.4). MAP-Elites(8x8, morphologies=3): occupied=47, pending=192, in flight=38
19:06:10: 7206x RT, 120.1 creatures/sec. Fitness: best=3067.6, avg=1601.1, new=(template-m1-balanced=1021.2, qd-large-mutate=1107.1, qd-mutate=1014.1, curl-left=1154.4). MAP-Elites(8x8, morphologies=3): occupied=47, pending=192, in flight=38
19:06:12: 7194x RT, 119.9 creatures/sec. Fitness: best=3067.6, avg=1601.1, new=(qd-mutate=1083.0, curl-left=806.4, qd-large-mutate=1152.9, template-m1-balanced=735.5, curl-right=952.9). MAP-Elites(8x8, morphologies=3): occupied=47, pending=192, in flight=38
19:06:14: 7230x RT, 120.5 creatures/sec. Fitness: best=3067.6, avg=1601.1, new=(curl-left=809.1, curl-right=943.3, qd-large-mutate=1230.2, qd-mutate=1096.4, template-m1-balanced=810.0). MAP-Elites(8x8, morphologies=3): occupied=47, pending=192, in flight=38
19:06:16: 7235x RT, 120.6 creatures/sec. Fitness: best=3067.6, avg=1601.1, new=(template-m1-balanced=911.4, qd-mutate=1049.8, qd-large-mutate=1090.6, curl-left=598.6). MAP-Elites(8x8, morphologies=3): occupied=47, pending=192, in flight=38
19:06:18: 7163x RT, 119.4 creatures/sec. Fitness: best=3067.6, avg=1601.1, new=(qd-mutate=1018.0, curl-left=563.6, template-m1-balanced=962.5, qd-large-mutate=1204.4). MAP-Elites(8x8, morphologies=3): occupied=47, pending=192, in flight=38
19:06:20: 7275x RT, 121.2 creatures/sec. Fitness: best=3067.6, avg=1601.1, new=(template-m1-balanced=1154.8, qd-mutate=1069.4, qd-large-mutate=1132.4, curl-left=918.0, curl-right=614.3). MAP-Elites(8x8, morphologies=3): occupied=47, pending=192, in flight=38
19:06:22: 7269x RT, 121.1 creatures/sec. Fitness: best=3067.6, avg=1601.1, new=(qd-large-mutate=1145.4, qd-mutate=1155.0, template-m1-balanced=1133.1, curl-left=614.4, curl-right=824.8). MAP-Elites(8x8, morphologies=3): occupied=47, pending=192, in flight=38
19:06:24: 6983x RT, 116.4 creatures/sec. Fitness: best=3067.6, avg=1601.1, new=(qd-mutate=1103.0, qd-large-mutate=1061.7, curl-right=878.1, curl-left=957.9, template-m1-balanced=1100.9). MAP-Elites(8x8, morphologies=3): occupied=47, pending=192, in flight=38
19:06:26: 7072x RT, 117.9 creatures/sec. Fitness: best=3067.6, avg=1601.1, new=(qd-mutate=1094.1, qd-large-mutate=1106.2, curl-right=923.3, template-m1-balanced=804.9, curl-left=756.4). MAP-Elites(8x8, morphologies=3): occupied=47, pending=192, in flight=38
19:06:29: 6942x RT, 115.7 creatures/sec. Fitness: best=3067.6, avg=1601.1, new=(qd-mutate=1085.8, qd-large-mutate=1159.7, curl-right=1092.9, curl-left=827.2, template-m1-balanced=1187.3). MAP-Elites(8x8, morphologies=3): occupied=47, pending=192, in flight=38
19:06:31: 7329x RT, 122.1 creatures/sec. Fitness: best=3067.6, avg=1601.1, new=(template-m1-balanced=904.8, qd-large-mutate=1168.9, qd-mutate=1088.4, curl-left=663.1, curl-right=1006.0). MAP-Elites(8x8, morphologies=3): occupied=47, pending=192, in flight=38
19:06:33: 7301x RT, 121.7 creatures/sec. Fitness: best=3067.6, avg=1601.1, new=(template-m1-balanced=1087.3, qd-large-mutate=960.7, qd-mutate=1110.6, curl-left=834.1). MAP-Elites(8x8, morphologies=3): occupied=47, pending=192, in flight=38
19:06:35: 7228x RT, 120.5 creatures/sec. Fitness: best=3067.6, avg=1601.1, new=(curl-left=712.6, qd-large-mutate=1240.7, qd-mutate=1051.7, template-m1-balanced=890.8, curl-right=778.0). MAP-Elites(8x8, morphologies=3): occupied=47, pending=192, in flight=38
19:06:37: 7285x RT, 121.4 creatures/sec. Fitness: best=3067.6, avg=1601.1, new=(qd-mutate=1092.1, template-m1-balanced=1012.3, qd-large-mutate=1138.5, curl-right=909.9). MAP-Elites(8x8, morphologies=3): occupied=47, pending=192, in flight=38
19:06:39: 7208x RT, 120.1 creatures/sec. Fitness: best=3067.6, avg=1601.1, new=(qd-large-mutate=1048.9, qd-mutate=1023.1, template-m1-balanced=788.0, curl-right=834.0, curl-left=697.5). MAP-Elites(8x8, morphologies=3): occupied=47, pending=192, in flight=38
19:06:41: 7283x RT, 121.4 creatures/sec. Fitness: best=3067.6, avg=1601.1, new=(qd-mutate=1034.4, qd-large-mutate=1112.5, template-m1-balanced=931.7, curl-left=928.8, curl-right=652.4). MAP-Elites(8x8, morphologies=3): occupied=47, pending=192, in flight=38
5968719 bytes written to /Users/dag/projects/Machine-Evolved-credible-training/training-runs/me-v2-harmonic-qd-01-2h/config.json. 
19:06:43: 7206x RT, 120.1 creatures/sec. Fitness: best=3067.6, avg=1601.1, new=(curl-right=868.5, qd-mutate=1061.3, template-m1-balanced=970.3, qd-large-mutate=1171.2, curl-left=953.9). MAP-Elites(8x8, morphologies=3): occupied=47, pending=192, in flight=38
19:06:45: 7270x RT, 121.2 creatures/sec. Fitness: best=3067.6, avg=1601.1, new=(qd-mutate=1102.5, qd-large-mutate=1014.9, template-m1-balanced=938.6, curl-left=741.0, curl-right=666.1). MAP-Elites(8x8, morphologies=3): occupied=47, pending=192, in flight=38
19:06:47: 7328x RT, 122.1 creatures/sec. Fitness: best=3067.6, avg=1601.1, new=(qd-mutate=1044.2, qd-large-mutate=1098.7, curl-right=860.0, template-m1-balanced=785.2, curl-left=872.7). MAP-Elites(8x8, morphologies=3): occupied=47, pending=192, in flight=38
19:06:49: 7257x RT, 120.9 creatures/sec. Fitness: best=3067.6, avg=1601.1, new=(qd-mutate=1098.2, qd-large-mutate=1063.7, curl-left=789.5, curl-right=931.6, template-m1-balanced=976.6). MAP-Elites(8x8, morphologies=3): occupied=47, pending=192, in flight=38
19:06:51: 7252x RT, 120.9 creatures/sec. Fitness: best=3067.6, avg=1601.1, new=(qd-mutate=1097.2, qd-large-mutate=1179.3, template-m1-balanced=866.5, curl-right=823.7, curl-left=704.6). MAP-Elites(8x8, morphologies=3): occupied=47, pending=192, in flight=38
19:06:53: 7162x RT, 119.4 creatures/sec. Fitness: best=3067.6, avg=1601.1, new=(qd-mutate=1049.7, curl-right=1041.1, qd-large-mutate=1106.4, curl-left=874.0, template-m1-balanced=920.2). MAP-Elites(8x8, morphologies=3): occupied=47, pending=192, in flight=38
19:06:55: 7244x RT, 120.7 creatures/sec. Fitness: best=3067.6, avg=1601.1, new=(qd-mutate=1282.3, qd-large-mutate=1076.8, template-m1-balanced=894.9, curl-right=670.4, curl-left=969.7). MAP-Elites(8x8, morphologies=3): occupied=47, pending=192, in flight=38
19:06:57: 6886x RT, 114.8 creatures/sec. Fitness: best=3067.6, avg=1601.1, new=(qd-large-mutate=1076.9, qd-mutate=1036.3, template-m1-balanced=1000.4, curl-right=746.0, curl-left=607.7). MAP-Elites(8x8, morphologies=3): occupied=47, pending=192, in flight=38
19:06:59: 7275x RT, 121.2 creatures/sec. Fitness: best=3067.6, avg=1601.1, new=(qd-mutate=1088.5, curl-left=931.9, qd-large-mutate=1232.2, curl-right=960.7, template-m1-balanced=923.4). MAP-Elites(8x8, morphologies=3): occupied=47, pending=192, in flight=38
19:07:01: 7232x RT, 120.5 creatures/sec. Fitness: best=3067.6, avg=1601.1, new=(qd-mutate=1175.6, qd-large-mutate=1068.2, template-m1-balanced=1131.3, curl-left=892.1). MAP-Elites(8x8, morphologies=3): occupied=47, pending=192, in flight=38
19:07:04: 7272x RT, 121.2 creatures/sec. Fitness: best=3067.6, avg=1601.1, new=(qd-large-mutate=1028.9, qd-mutate=1060.1, curl-left=935.1, template-m1-balanced=1013.8). MAP-Elites(8x8, morphologies=3): occupied=47, pending=192, in flight=38
19:07:06: 7282x RT, 121.4 creatures/sec. Fitness: best=3067.6, avg=1601.1, new=(qd-mutate=1053.2, qd-large-mutate=1114.0, curl-left=594.7, template-m1-balanced=835.8, curl-right=789.6). MAP-Elites(8x8, morphologies=3): occupied=47, pending=192, in flight=38
19:07:08: 7294x RT, 121.6 creatures/sec. Fitness: best=3067.6, avg=1601.1, new=(qd-mutate=1104.2, curl-right=868.0, template-m1-balanced=900.9, qd-large-mutate=1218.1, curl-left=1052.6). MAP-Elites(8x8, morphologies=3): occupied=47, pending=192, in flight=38
19:07:10: 7280x RT, 121.3 creatures/sec. Fitness: best=3067.6, avg=1601.1, new=(qd-large-mutate=1163.2, qd-mutate=1177.2, curl-right=959.5, template-m1-balanced=1183.1, curl-left=1025.6). MAP-Elites(8x8, morphologies=3): occupied=47, pending=192, in flight=38
19:07:12: 7258x RT, 121.0 creatures/sec. Fitness: best=3067.6, avg=1601.1, new=(qd-large-mutate=1187.9, qd-mutate=1118.9, template-m1-balanced=958.0, curl-left=1193.8, curl-right=866.4). MAP-Elites(8x8, morphologies=3): occupied=47, pending=192, in flight=38
19:07:14: 7281x RT, 121.3 creatures/sec. Fitness: best=3067.6, avg=1604.2, new=(qd-mutate=1070.5, qd-large-mutate=1259.8, template-m1-balanced=813.3, curl-right=904.4). MAP-Elites(8x8, morphologies=3): occupied=47, pending=192, in flight=38
19:07:16: 7282x RT, 121.4 creatures/sec. Fitness: best=3067.6, avg=1604.2, new=(template-m1-balanced=895.9, qd-mutate=1025.8, qd-large-mutate=1154.8, curl-right=708.8, curl-left=641.8). MAP-Elites(8x8, morphologies=3): occupied=47, pending=192, in flight=38
19:07:18: 7263x RT, 121.0 creatures/sec. Fitness: best=3067.6, avg=1604.2, new=(curl-left=769.4, qd-large-mutate=1182.7, qd-mutate=1030.4, curl-right=760.9, template-m1-balanced=985.0). MAP-Elites(8x8, morphologies=3): occupied=47, pending=192, in flight=38
19:07:20: 7261x RT, 121.0 creatures/sec. Fitness: best=3067.6, avg=1604.2, new=(qd-mutate=1054.5, qd-large-mutate=1165.3, curl-left=661.4, template-m1-balanced=870.9, curl-right=1166.2). MAP-Elites(8x8, morphologies=3): occupied=47, pending=192, in flight=38
19:07:22: 7227x RT, 120.4 creatures/sec. Fitness: best=3067.6, avg=1604.2, new=(qd-mutate=1131.4, curl-left=836.6, qd-large-mutate=1131.5, template-m1-balanced=905.9, curl-right=801.8). MAP-Elites(8x8, morphologies=3): occupied=47, pending=192, in flight=38
19:07:24: 7160x RT, 119.3 creatures/sec. Fitness: best=3067.6, avg=1604.2, new=(qd-mutate=1041.2, qd-large-mutate=1144.9, curl-right=1008.8, template-m1-balanced=950.6, curl-left=614.5). MAP-Elites(8x8, morphologies=3): occupied=47, pending=192, in flight=38
19:07:26: 7316x RT, 121.9 creatures/sec. Fitness: best=3067.6, avg=1604.2, new=(qd-mutate=1029.3, qd-large-mutate=1144.2, curl-right=996.0, template-m1-balanced=1099.0, curl-left=784.4). MAP-Elites(8x8, morphologies=3): occupied=47, pending=192, in flight=38
19:07:28: 7111x RT, 118.5 creatures/sec. Fitness: best=3067.6, avg=1604.2, new=(qd-mutate=1041.9, qd-large-mutate=1143.1, template-m1-balanced=1127.5, curl-left=1039.9). MAP-Elites(8x8, morphologies=3): occupied=47, pending=192, in flight=38
19:07:30: 6957x RT, 116.0 creatures/sec. Fitness: best=3067.6, avg=1604.2, new=(qd-mutate=1099.8, qd-large-mutate=1264.4, curl-left=950.3, template-m1-balanced=967.5, curl-right=822.5). MAP-Elites(8x8, morphologies=3): occupied=47, pending=192, in flight=38
19:07:33: 7241x RT, 120.7 creatures/sec. Fitness: best=3067.6, avg=1604.2, new=(qd-large-mutate=1075.5, qd-mutate=1119.9, curl-right=929.0, template-m1-balanced=1026.2, curl-left=697.0). MAP-Elites(8x8, morphologies=3): occupied=47, pending=192, in flight=38
19:07:35: 7262x RT, 121.0 creatures/sec. Fitness: best=3067.6, avg=1604.2, new=(qd-mutate=1172.6, qd-large-mutate=1083.6, curl-right=971.4, curl-left=709.3, template-m1-balanced=834.5). MAP-Elites(8x8, morphologies=3): occupied=47, pending=192, in flight=38
19:07:37: 7246x RT, 120.8 creatures/sec. Fitness: best=3067.6, avg=1604.2, new=(qd-mutate=1078.0, qd-large-mutate=1147.8, template-m1-balanced=944.1, curl-left=841.6, curl-right=1050.8). MAP-Elites(8x8, morphologies=3): occupied=47, pending=192, in flight=38
19:07:39: 7072x RT, 117.9 creatures/sec. Fitness: best=3067.6, avg=1604.2, new=(qd-mutate=1076.0, template-m1-balanced=953.2, qd-large-mutate=1033.1, curl-right=973.3, curl-left=673.7). MAP-Elites(8x8, morphologies=3): occupied=47, pending=192, in flight=38
19:07:41: 7216x RT, 120.3 creatures/sec. Fitness: best=3067.6, avg=1604.2, new=(qd-mutate=1051.6, qd-large-mutate=1111.2, template-m1-balanced=973.9, curl-left=779.7, curl-right=984.8). MAP-Elites(8x8, morphologies=3): occupied=47, pending=192, in flight=38
5967473 bytes written to /Users/dag/projects/Machine-Evolved-credible-training/training-runs/me-v2-harmonic-qd-01-2h/config.json. 
19:07:43: 7211x RT, 120.2 creatures/sec. Fitness: best=3067.6, avg=1604.2, new=(qd-mutate=972.9, template-m1-balanced=968.0, qd-large-mutate=1192.5, curl-right=1241.6, curl-left=776.7). MAP-Elites(8x8, morphologies=3): occupied=47, pending=192, in flight=38
19:07:45: 7167x RT, 119.4 creatures/sec. Fitness: best=3067.6, avg=1604.2, new=(qd-mutate=1157.8, qd-large-mutate=1163.9, curl-right=866.6, template-m1-balanced=807.8, curl-left=860.9). MAP-Elites(8x8, morphologies=3): occupied=47, pending=192, in flight=38
19:07:47: 7158x RT, 119.3 creatures/sec. Fitness: best=3067.6, avg=1604.2, new=(qd-mutate=1062.0, qd-large-mutate=1124.7, template-m1-balanced=870.9, curl-left=1181.9, curl-right=1522.7). MAP-Elites(8x8, morphologies=3): occupied=47, pending=192, in flight=38
19:07:49: 7295x RT, 121.6 creatures/sec. Fitness: best=3067.6, avg=1604.2, new=(qd-mutate=1093.6, template-m1-balanced=986.0, qd-large-mutate=1144.6, curl-right=694.7, curl-left=699.6). MAP-Elites(8x8, morphologies=3): occupied=47, pending=192, in flight=38
19:07:51: 7280x RT, 121.3 creatures/sec. Fitness: best=3067.6, avg=1604.2, new=(qd-mutate=963.7, curl-left=879.8, qd-large-mutate=1191.7, template-m1-balanced=1112.3, curl-right=961.5). MAP-Elites(8x8, morphologies=3): occupied=47, pending=192, in flight=38
19:07:53: 7241x RT, 120.7 creatures/sec. Fitness: best=3067.6, avg=1604.2, new=(qd-mutate=1042.7, template-m1-balanced=911.5, qd-large-mutate=1190.8, curl-left=936.6, curl-right=704.1). MAP-Elites(8x8, morphologies=3): occupied=47, pending=192, in flight=38
19:07:55: 5884x RT, 98.1 creatures/sec. Fitness: best=3067.6, avg=1604.2, new=(qd-mutate=1137.4, qd-large-mutate=1022.0, curl-right=888.9, template-m1-balanced=834.1, curl-left=1163.9). MAP-Elites(8x8, morphologies=3): occupied=47, pending=192, in flight=38
19:07:57: 7113x RT, 118.5 creatures/sec. Fitness: best=3067.6, avg=1604.2, new=(curl-left=992.6, qd-large-mutate=1166.2, qd-mutate=1101.9, template-m1-balanced=1156.6, curl-right=926.3). MAP-Elites(8x8, morphologies=3): occupied=47, pending=192, in flight=38
19:07:59: 6934x RT, 115.6 creatures/sec. Fitness: best=3067.6, avg=1604.2, new=(qd-large-mutate=1071.1, qd-mutate=1107.1, template-m1-balanced=731.9, curl-right=850.2, curl-left=745.9). MAP-Elites(8x8, morphologies=3): occupied=47, pending=192, in flight=38
19:08:01: 7205x RT, 120.1 creatures/sec. Fitness: best=3067.6, avg=1604.2, new=(qd-mutate=1067.6, curl-left=961.9, qd-large-mutate=1217.6, template-m1-balanced=960.6, curl-right=1050.1). MAP-Elites(8x8, morphologies=3): occupied=47, pending=192, in flight=38
19:08:03: 6922x RT, 115.4 creatures/sec. Fitness: best=3067.6, avg=1605.6, new=(qd-large-mutate=948.9, qd-mutate=1088.2, curl-left=717.5, template-m1-balanced=1097.4, curl-right=701.5). MAP-Elites(8x8, morphologies=3): occupied=47, pending=192, in flight=38
19:08:05: 7142x RT, 119.0 creatures/sec. Fitness: best=3067.6, avg=1605.6, new=(qd-large-mutate=1027.2, qd-mutate=1170.0, template-m1-balanced=713.2, curl-left=830.2, curl-right=950.4). MAP-Elites(8x8, morphologies=3): occupied=47, pending=192, in flight=38
19:08:08: 7154x RT, 119.2 creatures/sec. Fitness: best=3067.6, avg=1605.6, new=(qd-mutate=1099.5, curl-left=937.3, curl-right=837.1, qd-large-mutate=960.7, template-m1-balanced=990.6). MAP-Elites(8x8, morphologies=3): occupied=47, pending=192, in flight=38
19:08:10: 7214x RT, 120.2 creatures/sec. Fitness: best=3067.6, avg=1605.6, new=(template-m1-balanced=907.8, qd-large-mutate=1148.3, qd-mutate=1140.7, curl-left=784.5, curl-right=957.2). MAP-Elites(8x8, morphologies=3): occupied=47, pending=192, in flight=38
19:08:12: 7272x RT, 121.2 creatures/sec. Fitness: best=3067.6, avg=1605.6, new=(curl-left=994.0, template-m1-balanced=1021.9, qd-large-mutate=1215.5, qd-mutate=1134.4, curl-right=1196.4). MAP-Elites(8x8, morphologies=3): occupied=47, pending=192, in flight=38
19:08:14: 7299x RT, 121.7 creatures/sec. Fitness: best=3067.6, avg=1605.6, new=(qd-mutate=1080.4, template-m1-balanced=1031.2, qd-large-mutate=1187.7, curl-left=1273.0, curl-right=793.1). MAP-Elites(8x8, morphologies=3): occupied=47, pending=192, in flight=38
19:08:16: 7029x RT, 117.2 creatures/sec. Fitness: best=3067.6, avg=1605.6, new=(qd-mutate=1029.2, qd-large-mutate=1117.4, curl-left=683.5, template-m1-balanced=921.7). MAP-Elites(8x8, morphologies=3): occupied=47, pending=192, in flight=38
19:08:18: 7258x RT, 121.0 creatures/sec. Fitness: best=3067.6, avg=1605.6, new=(qd-mutate=1150.6, qd-large-mutate=1180.9, template-m1-balanced=760.2, curl-right=1078.4, curl-left=699.3). MAP-Elites(8x8, morphologies=3): occupied=47, pending=192, in flight=38
19:08:20: 7206x RT, 120.1 creatures/sec. Fitness: best=3067.6, avg=1605.6, new=(qd-mutate=1024.3, qd-large-mutate=1084.3, curl-right=943.1, template-m1-balanced=870.7, curl-left=803.8). MAP-Elites(8x8, morphologies=3): occupied=47, pending=192, in flight=38
19:08:22: 7299x RT, 121.6 creatures/sec. Fitness: best=3067.6, avg=1605.6, new=(qd-mutate=1086.5, template-m1-balanced=928.4, qd-large-mutate=1033.2, curl-right=819.4, curl-left=895.0). MAP-Elites(8x8, morphologies=3): occupied=47, pending=192, in flight=38
19:08:24: 7307x RT, 121.8 creatures/sec. Fitness: best=3067.6, avg=1605.6, new=(curl-left=790.8, qd-mutate=1109.6, template-m1-balanced=926.1, qd-large-mutate=1254.5, curl-right=635.7). MAP-Elites(8x8, morphologies=3): occupied=47, pending=192, in flight=38
19:08:26: 7258x RT, 121.0 creatures/sec. Fitness: best=3067.6, avg=1614.0, new=(qd-mutate=1160.0, qd-large-mutate=1056.9, curl-right=914.1, template-m1-balanced=852.1, curl-left=666.7). MAP-Elites(8x8, morphologies=3): occupied=47, pending=192, in flight=38
19:08:28: 6934x RT, 115.6 creatures/sec. Fitness: best=3067.6, avg=1614.0, new=(qd-mutate=1047.6, curl-left=698.7, qd-large-mutate=1116.7, template-m1-balanced=1061.1, curl-right=792.2). MAP-Elites(8x8, morphologies=3): occupied=47, pending=192, in flight=38
19:08:30: 7237x RT, 120.6 creatures/sec. Fitness: best=3067.6, avg=1614.0, new=(qd-large-mutate=1215.0, qd-mutate=1093.7, curl-right=1237.0, curl-left=1129.5, template-m1-balanced=985.7). MAP-Elites(8x8, morphologies=3): occupied=47, pending=192, in flight=38
19:08:32: 7211x RT, 120.2 creatures/sec. Fitness: best=3067.6, avg=1614.0, new=(qd-large-mutate=1096.1, qd-mutate=1122.1, template-m1-balanced=885.0, curl-left=851.0, curl-right=1088.9). MAP-Elites(8x8, morphologies=3): occupied=47, pending=192, in flight=38
19:08:34: 7260x RT, 121.0 creatures/sec. Fitness: best=3067.6, avg=1614.0, new=(qd-mutate=1095.7, template-m1-balanced=876.0, qd-large-mutate=1115.1, curl-right=716.2, curl-left=949.8). MAP-Elites(8x8, morphologies=3): occupied=47, pending=192, in flight=38
19:08:37: 7268x RT, 121.1 creatures/sec. Fitness: best=3067.6, avg=1614.0, new=(qd-mutate=1107.3, qd-large-mutate=1049.2, template-m1-balanced=815.9, curl-right=1156.0, curl-left=829.6). MAP-Elites(8x8, morphologies=3): occupied=47, pending=192, in flight=38
19:08:39: 7254x RT, 120.9 creatures/sec. Fitness: best=3067.6, avg=1614.0, new=(qd-mutate=1108.2, curl-right=834.0, qd-large-mutate=1107.8, curl-left=729.1, template-m1-balanced=836.6). MAP-Elites(8x8, morphologies=3): occupied=47, pending=192, in flight=38
19:08:41: 7229x RT, 120.5 creatures/sec. Fitness: best=3067.6, avg=1614.0, new=(qd-large-mutate=1120.2, qd-mutate=1116.6, curl-right=961.9, template-m1-balanced=968.8, curl-left=767.7). MAP-Elites(8x8, morphologies=3): occupied=47, pending=192, in flight=38
5959775 bytes written to /Users/dag/projects/Machine-Evolved-credible-training/training-runs/me-v2-harmonic-qd-01-2h/config.json. 
19:08:43: 7294x RT, 121.6 creatures/sec. Fitness: best=3067.6, avg=1614.0, new=(qd-mutate=1020.9, qd-large-mutate=1061.4, template-m1-balanced=884.7, curl-left=966.3). MAP-Elites(8x8, morphologies=3): occupied=47, pending=192, in flight=38
19:08:45: 7186x RT, 119.8 creatures/sec. Fitness: best=3067.6, avg=1614.0, new=(qd-mutate=988.8, qd-large-mutate=1067.5, template-m1-balanced=987.3, curl-left=584.0). MAP-Elites(8x8, morphologies=3): occupied=47, pending=192, in flight=38
19:08:47: 7211x RT, 120.2 creatures/sec. Fitness: best=3067.6, avg=1614.0, new=(qd-large-mutate=1039.5, qd-mutate=1066.9, template-m1-balanced=969.4, curl-left=1036.2). MAP-Elites(8x8, morphologies=3): occupied=47, pending=192, in flight=38
19:08:49: 7140x RT, 119.0 creatures/sec. Fitness: best=3067.6, avg=1614.0, new=(qd-large-mutate=1277.4, curl-left=764.8, qd-mutate=1091.2, template-m1-balanced=970.6, curl-right=671.9). MAP-Elites(8x8, morphologies=3): occupied=47, pending=192, in flight=38
19:08:51: 7267x RT, 121.1 creatures/sec. Fitness: best=3067.6, avg=1614.0, new=(qd-mutate=1063.4, qd-large-mutate=1182.6, curl-right=788.6, template-m1-balanced=1014.3, curl-left=912.7). MAP-Elites(8x8, morphologies=3): occupied=47, pending=192, in flight=38
19:08:53: 7251x RT, 120.9 creatures/sec. Fitness: best=3067.6, avg=1614.0, new=(qd-large-mutate=1182.5, qd-mutate=986.7, template-m1-balanced=1019.5, curl-right=967.2, curl-left=968.4). MAP-Elites(8x8, morphologies=3): occupied=47, pending=192, in flight=38
19:08:55: 6627x RT, 110.5 creatures/sec. Fitness: best=3067.6, avg=1614.0, new=(qd-mutate=1124.0, qd-large-mutate=1076.9, template-m1-balanced=716.5, curl-right=815.0, curl-left=883.1). MAP-Elites(8x8, morphologies=3): occupied=47, pending=192, in flight=38
19:08:57: 7137x RT, 119.0 creatures/sec. Fitness: best=3067.6, avg=1614.0, new=(qd-large-mutate=1215.7, qd-mutate=1116.4, template-m1-balanced=759.6). MAP-Elites(8x8, morphologies=3): occupied=47, pending=192, in flight=38
19:08:59: 7258x RT, 121.0 creatures/sec. Fitness: best=3067.6, avg=1614.0, new=(template-m1-balanced=1155.6, qd-mutate=1094.2, qd-large-mutate=1162.9, curl-left=765.8, curl-right=837.6). MAP-Elites(8x8, morphologies=3): occupied=47, pending=192, in flight=38
19:09:01: 7247x RT, 120.8 creatures/sec. Fitness: best=3067.6, avg=1614.0, new=(qd-mutate=1105.3, template-m1-balanced=893.3, curl-right=862.9, qd-large-mutate=1229.7, curl-left=798.8). MAP-Elites(8x8, morphologies=3): occupied=47, pending=192, in flight=38
19:09:03: 7280x RT, 121.3 creatures/sec. Fitness: best=3067.6, avg=1614.0, new=(qd-mutate=1129.0, qd-large-mutate=1130.7, template-m1-balanced=841.2, curl-left=913.7, curl-right=746.6). MAP-Elites(8x8, morphologies=3): occupied=47, pending=192, in flight=38
19:09:05: 6948x RT, 115.8 creatures/sec. Fitness: best=3067.6, avg=1614.0, new=(qd-large-mutate=1150.0, qd-mutate=1098.0, template-m1-balanced=1158.1, curl-right=892.8, curl-left=579.8). MAP-Elites(8x8, morphologies=3): occupied=47, pending=192, in flight=38
19:09:07: 6824x RT, 113.7 creatures/sec. Fitness: best=3067.6, avg=1614.0, new=(qd-large-mutate=1201.5, qd-mutate=1084.3, curl-left=763.9, template-m1-balanced=778.6, curl-right=1171.8). MAP-Elites(8x8, morphologies=3): occupied=47, pending=192, in flight=38
19:09:09: 7216x RT, 120.3 creatures/sec. Fitness: best=3067.6, avg=1614.0, new=(qd-mutate=1075.4, qd-large-mutate=1292.7, curl-right=943.2, template-m1-balanced=741.0, curl-left=633.5). MAP-Elites(8x8, morphologies=3): occupied=47, pending=192, in flight=38
19:09:11: 7321x RT, 122.0 creatures/sec. Fitness: best=3067.6, avg=1614.0, new=(qd-mutate=1125.4, curl-left=701.1, qd-large-mutate=1070.7, template-m1-balanced=1027.1). MAP-Elites(8x8, morphologies=3): occupied=47, pending=192, in flight=38
19:09:14: 7233x RT, 120.5 creatures/sec. Fitness: best=3067.6, avg=1614.0, new=(qd-large-mutate=1081.9, qd-mutate=1109.9, template-m1-balanced=958.4, curl-left=544.5, curl-right=783.8). MAP-Elites(8x8, morphologies=3): occupied=47, pending=192, in flight=38
19:09:16: 7236x RT, 120.6 creatures/sec. Fitness: best=3067.6, avg=1614.0, new=(qd-mutate=1101.5, qd-large-mutate=1118.7, template-m1-balanced=1191.7, curl-right=959.8, curl-left=861.9). MAP-Elites(8x8, morphologies=3): occupied=47, pending=192, in flight=38
19:09:18: 7297x RT, 121.6 creatures/sec. Fitness: best=3067.6, avg=1614.0, new=(qd-mutate=1068.6, qd-large-mutate=1107.2, curl-right=701.6, template-m1-balanced=869.3, curl-left=730.7). MAP-Elites(8x8, morphologies=3): occupied=47, pending=192, in flight=38
19:09:20: 7224x RT, 120.4 creatures/sec. Fitness: best=3067.6, avg=1614.0, new=(qd-mutate=1099.2, template-m1-balanced=1092.3, qd-large-mutate=1188.4, curl-left=1068.1). MAP-Elites(8x8, morphologies=3): occupied=47, pending=192, in flight=38
19:09:22: 7282x RT, 121.4 creatures/sec. Fitness: best=3067.6, avg=1614.0, new=(qd-mutate=1120.3, qd-large-mutate=1120.0, template-m1-balanced=1114.4, curl-left=871.7, curl-right=804.7). MAP-Elites(8x8, morphologies=3): occupied=47, pending=192, in flight=38
19:09:24: 7222x RT, 120.4 creatures/sec. Fitness: best=3067.6, avg=1614.0, new=(qd-mutate=1094.8, qd-large-mutate=1165.0, curl-left=848.4, template-m1-balanced=1073.6, curl-right=830.6). MAP-Elites(8x8, morphologies=3): occupied=47, pending=192, in flight=38
19:09:26: 7267x RT, 121.1 creatures/sec. Fitness: best=3067.6, avg=1614.0, new=(qd-mutate=1048.2, qd-large-mutate=1003.5, curl-left=731.0, curl-right=901.2, template-m1-balanced=748.3). MAP-Elites(8x8, morphologies=3): occupied=47, pending=192, in flight=38
19:09:28: 7271x RT, 121.2 creatures/sec. Fitness: best=3067.6, avg=1614.0, new=(template-m1-balanced=871.3, qd-large-mutate=1288.9, qd-mutate=1061.1, curl-right=843.4, curl-left=850.3). MAP-Elites(8x8, morphologies=3): occupied=47, pending=192, in flight=38
19:09:30: 6984x RT, 116.4 creatures/sec. Fitness: best=3067.6, avg=1614.0, new=(qd-mutate=1067.1, curl-right=791.6, qd-large-mutate=1044.1, template-m1-balanced=848.6). MAP-Elites(8x8, morphologies=3): occupied=47, pending=192, in flight=38
19:09:32: 7228x RT, 120.5 creatures/sec. Fitness: best=3067.6, avg=1614.0, new=(qd-large-mutate=1168.2, qd-mutate=1020.0, curl-left=924.2, template-m1-balanced=964.3, curl-right=526.3). MAP-Elites(8x8, morphologies=3): occupied=47, pending=192, in flight=38
19:09:34: 7154x RT, 119.2 creatures/sec. Fitness: best=3067.6, avg=1614.0, new=(template-m1-balanced=1004.2, qd-mutate=1126.5, qd-large-mutate=1113.6, curl-right=726.8, curl-left=965.4). MAP-Elites(8x8, morphologies=3): occupied=47, pending=192, in flight=38
19:09:36: 7206x RT, 120.1 creatures/sec. Fitness: best=3067.6, avg=1614.0, new=(qd-mutate=1113.7, template-m1-balanced=1257.9, qd-large-mutate=1133.6, curl-left=706.0, curl-right=1043.2). MAP-Elites(8x8, morphologies=3): occupied=47, pending=192, in flight=38
19:09:38: 7259x RT, 121.0 creatures/sec. Fitness: best=3067.6, avg=1614.0, new=(qd-mutate=1174.7, qd-large-mutate=1082.8, curl-right=863.4, curl-left=728.1, template-m1-balanced=835.8). MAP-Elites(8x8, morphologies=3): occupied=47, pending=192, in flight=38
19:09:41: 7233x RT, 120.5 creatures/sec. Fitness: best=3067.6, avg=1614.0, new=(qd-large-mutate=1147.3, curl-left=860.1, qd-mutate=1095.0, curl-right=695.0, template-m1-balanced=919.4). MAP-Elites(8x8, morphologies=3): occupied=47, pending=192, in flight=38
5950538 bytes written to /Users/dag/projects/Machine-Evolved-credible-training/training-runs/me-v2-harmonic-qd-01-2h/config.json. 
19:09:43: 7231x RT, 120.5 creatures/sec. Fitness: best=3067.6, avg=1614.0, new=(qd-mutate=1125.4, template-m1-balanced=713.4, curl-left=1187.7, qd-large-mutate=1015.4, curl-right=703.6). MAP-Elites(8x8, morphologies=3): occupied=47, pending=192, in flight=38
19:09:45: 7290x RT, 121.5 creatures/sec. Fitness: best=3067.6, avg=1614.0, new=(qd-mutate=1092.1, qd-large-mutate=1149.6, curl-right=1145.1, curl-left=1005.6). MAP-Elites(8x8, morphologies=3): occupied=47, pending=192, in flight=38
19:09:47: 7184x RT, 119.7 creatures/sec. Fitness: best=3067.6, avg=1614.0, new=(qd-large-mutate=1127.6, qd-mutate=1100.7, template-m1-balanced=831.6, curl-right=1116.1, curl-left=1371.4). MAP-Elites(8x8, morphologies=3): occupied=47, pending=192, in flight=38
19:09:49: 7258x RT, 121.0 creatures/sec. Fitness: best=3067.6, avg=1614.0, new=(qd-large-mutate=1065.8, curl-left=849.8, qd-mutate=1206.8, template-m1-balanced=836.7, curl-right=640.0). MAP-Elites(8x8, morphologies=3): occupied=47, pending=192, in flight=38
19:09:51: 7199x RT, 120.0 creatures/sec. Fitness: best=3067.6, avg=1614.0, new=(qd-mutate=1097.7, qd-large-mutate=1192.2, template-m1-balanced=815.8, curl-right=768.1). MAP-Elites(8x8, morphologies=3): occupied=47, pending=192, in flight=38
19:09:53: 7268x RT, 121.1 creatures/sec. Fitness: best=3067.6, avg=1614.0, new=(qd-mutate=1102.5, curl-right=871.2, qd-large-mutate=1058.9, template-m1-balanced=834.7, curl-left=925.1). MAP-Elites(8x8, morphologies=3): occupied=47, pending=192, in flight=38
19:09:55: 7191x RT, 119.9 creatures/sec. Fitness: best=3067.6, avg=1614.0, new=(qd-mutate=1066.7, curl-left=793.6, qd-large-mutate=1049.7, template-m1-balanced=741.5). MAP-Elites(8x8, morphologies=3): occupied=47, pending=192, in flight=38
19:09:57: 7241x RT, 120.7 creatures/sec. Fitness: best=3067.6, avg=1614.0, new=(qd-mutate=1072.7, qd-large-mutate=1354.1, curl-left=884.6, curl-right=836.6, template-m1-balanced=1016.8). MAP-Elites(8x8, morphologies=3): occupied=47, pending=192, in flight=38
19:09:59: 7250x RT, 120.8 creatures/sec. Fitness: best=3067.6, avg=1614.0, new=(qd-mutate=1126.2, qd-large-mutate=1098.6, template-m1-balanced=948.6, curl-right=991.6, curl-left=998.7). MAP-Elites(8x8, morphologies=3): occupied=47, pending=192, in flight=38
19:10:01: 7209x RT, 120.1 creatures/sec. Fitness: best=3067.6, avg=1614.0, new=(qd-mutate=936.1, qd-large-mutate=1180.9, template-m1-balanced=887.2, curl-right=826.7, curl-left=586.9). MAP-Elites(8x8, morphologies=3): occupied=47, pending=192, in flight=38
19:10:03: 6951x RT, 115.9 creatures/sec. Fitness: best=3067.6, avg=1614.0, new=(qd-large-mutate=1263.8, qd-mutate=1061.5, curl-left=803.5, template-m1-balanced=925.1, curl-right=932.6). MAP-Elites(8x8, morphologies=3): occupied=47, pending=192, in flight=38
19:10:05: 7232x RT, 120.5 creatures/sec. Fitness: best=3067.6, avg=1614.0, new=(qd-mutate=1052.2, qd-large-mutate=1159.6, curl-left=846.6, template-m1-balanced=991.2, curl-right=967.9). MAP-Elites(8x8, morphologies=3): occupied=47, pending=192, in flight=38
19:10:07: 7241x RT, 120.7 creatures/sec. Fitness: best=3067.6, avg=1614.0, new=(qd-mutate=1108.1, template-m1-balanced=950.6, qd-large-mutate=1010.4, curl-right=934.4, curl-left=821.0). MAP-Elites(8x8, morphologies=3): occupied=47, pending=192, in flight=38
19:10:09: 7239x RT, 120.6 creatures/sec. Fitness: best=3067.6, avg=1614.0, new=(qd-mutate=1059.9, qd-large-mutate=1076.2, curl-left=835.6, template-m1-balanced=1075.2, curl-right=882.2). MAP-Elites(8x8, morphologies=3): occupied=47, pending=192, in flight=38
19:10:11: 7244x RT, 120.7 creatures/sec. Fitness: best=3067.6, avg=1614.0, new=(curl-right=893.7, qd-mutate=1137.3, qd-large-mutate=1123.9, curl-left=969.6, template-m1-balanced=888.9). MAP-Elites(8x8, morphologies=3): occupied=47, pending=192, in flight=38
19:10:13: 7167x RT, 119.4 creatures/sec. Fitness: best=3067.6, avg=1614.0, new=(qd-mutate=1075.7, qd-large-mutate=1227.3, curl-left=755.5, template-m1-balanced=696.2). MAP-Elites(8x8, morphologies=3): occupied=47, pending=192, in flight=38
19:10:16: 7211x RT, 120.2 creatures/sec. Fitness: best=3067.6, avg=1614.0, new=(qd-mutate=1119.2, qd-large-mutate=1184.6, template-m1-balanced=802.9, curl-left=756.9, curl-right=624.2). MAP-Elites(8x8, morphologies=3): occupied=47, pending=192, in flight=38
19:10:18: 7235x RT, 120.6 creatures/sec. Fitness: best=3067.6, avg=1614.0, new=(qd-mutate=1082.1, qd-large-mutate=990.1, curl-right=743.3, template-m1-balanced=859.6, curl-left=1198.5). MAP-Elites(8x8, morphologies=3): occupied=47, pending=192, in flight=38
19:10:20: 7200x RT, 120.0 creatures/sec. Fitness: best=3067.6, avg=1614.0, new=(qd-mutate=1103.5, qd-large-mutate=1183.9, curl-right=1179.3, template-m1-balanced=788.8, curl-left=494.0). MAP-Elites(8x8, morphologies=3): occupied=47, pending=192, in flight=38
19:10:22: 7208x RT, 120.1 creatures/sec. Fitness: best=3067.6, avg=1614.0, new=(qd-mutate=1035.8, qd-large-mutate=1174.2, curl-right=799.6, curl-left=1376.6, template-m1-balanced=871.8). MAP-Elites(8x8, morphologies=3): occupied=47, pending=192, in flight=38
19:10:24: 7286x RT, 121.4 creatures/sec. Fitness: best=3067.6, avg=1614.0, new=(qd-mutate=1062.4, qd-large-mutate=1020.2, template-m1-balanced=812.1, curl-left=1041.6). MAP-Elites(8x8, morphologies=3): occupied=47, pending=192, in flight=38
19:10:26: 7190x RT, 119.8 creatures/sec. Fitness: best=3067.6, avg=1614.0, new=(template-m1-balanced=982.6, qd-mutate=1010.5, qd-large-mutate=1274.5, curl-left=890.1, curl-right=811.6). MAP-Elites(8x8, morphologies=3): occupied=47, pending=192, in flight=38
19:10:28: 7193x RT, 119.9 creatures/sec. Fitness: best=3067.6, avg=1614.0, new=(qd-mutate=1129.9, qd-large-mutate=1170.7, template-m1-balanced=915.5, curl-left=661.5, curl-right=945.0). MAP-Elites(8x8, morphologies=3): occupied=47, pending=192, in flight=38
19:10:30: 7200x RT, 120.0 creatures/sec. Fitness: best=3067.6, avg=1614.0, new=(qd-mutate=1116.9, curl-right=823.4, qd-large-mutate=1209.7, template-m1-balanced=945.0, curl-left=1892.5). MAP-Elites(8x8, morphologies=3): occupied=47, pending=192, in flight=38
19:10:32: 7210x RT, 120.2 creatures/sec. Fitness: best=3067.6, avg=1614.0, new=(curl-right=676.9, qd-mutate=1086.9, qd-large-mutate=1014.1, curl-left=890.7, template-m1-balanced=782.7). MAP-Elites(8x8, morphologies=3): occupied=47, pending=192, in flight=38
19:10:34: 7279x RT, 121.3 creatures/sec. Fitness: best=3067.6, avg=1614.0, new=(qd-mutate=1079.8, template-m1-balanced=753.7, curl-right=948.8, qd-large-mutate=1114.6, curl-left=816.3). MAP-Elites(8x8, morphologies=3): occupied=47, pending=192, in flight=38
19:10:36: 6988x RT, 116.5 creatures/sec. Fitness: best=3067.6, avg=1614.0, new=(qd-large-mutate=1122.6, qd-mutate=1042.4, curl-right=685.0, template-m1-balanced=1004.2). MAP-Elites(8x8, morphologies=3): occupied=47, pending=192, in flight=38
19:10:38: 7164x RT, 119.4 creatures/sec. Fitness: best=3067.6, avg=1614.0, new=(template-m1-balanced=937.4, qd-mutate=1112.6, qd-large-mutate=1141.5, curl-right=842.9, curl-left=861.9). MAP-Elites(8x8, morphologies=3): occupied=47, pending=192, in flight=38
19:10:40: 7092x RT, 118.2 creatures/sec. Fitness: best=3067.6, avg=1614.0, new=(qd-mutate=1033.4, qd-large-mutate=1021.2, template-m1-balanced=1599.5, curl-left=867.5, curl-right=686.9). MAP-Elites(8x8, morphologies=3): occupied=47, pending=192, in flight=38
5972241 bytes written to /Users/dag/projects/Machine-Evolved-credible-training/training-runs/me-v2-harmonic-qd-01-2h/config.json. 
19:10:42: 5525x RT, 92.1 creatures/sec. Fitness: best=3067.6, avg=1614.0, new=(qd-mutate=1181.4, qd-large-mutate=970.7, curl-right=1080.7, template-m1-balanced=1154.9, curl-left=788.9). MAP-Elites(8x8, morphologies=3): occupied=47, pending=192, in flight=38
19:10:44: 6490x RT, 108.2 creatures/sec. Fitness: best=3067.6, avg=1614.0, new=(qd-mutate=1006.9, qd-large-mutate=1096.1, template-m1-balanced=893.7, curl-left=756.8, curl-right=690.1). MAP-Elites(8x8, morphologies=3): occupied=47, pending=192, in flight=38
19:10:46: 6325x RT, 105.4 creatures/sec. Fitness: best=3067.6, avg=1614.0, new=(qd-mutate=1104.5, qd-large-mutate=1243.1, template-m1-balanced=995.1, curl-left=516.0, curl-right=835.2). MAP-Elites(8x8, morphologies=3): occupied=47, pending=192, in flight=38
19:10:48: 6649x RT, 110.8 creatures/sec. Fitness: best=3067.6, avg=1614.0, new=(template-m1-balanced=1038.1, qd-mutate=1125.6, qd-large-mutate=1171.8, curl-right=730.9, curl-left=844.5). MAP-Elites(8x8, morphologies=3): occupied=47, pending=192, in flight=38
19:10:50: 6978x RT, 116.3 creatures/sec. Fitness: best=3067.6, avg=1614.0, new=(qd-mutate=1044.1, curl-right=1054.9, qd-large-mutate=1048.3, template-m1-balanced=822.0, curl-left=928.5). MAP-Elites(8x8, morphologies=3): occupied=47, pending=192, in flight=38
19:10:53: 7208x RT, 120.1 creatures/sec. Fitness: best=3067.6, avg=1614.0, new=(qd-large-mutate=1108.0, qd-mutate=1088.3, curl-right=1084.8, template-m1-balanced=1257.1, curl-left=757.8). MAP-Elites(8x8, morphologies=3): occupied=47, pending=192, in flight=38
19:10:55: 7285x RT, 121.4 creatures/sec. Fitness: best=3067.6, avg=1614.0, new=(qd-mutate=1064.4, template-m1-balanced=869.9, qd-large-mutate=1265.9, curl-right=809.3, curl-left=473.4). MAP-Elites(8x8, morphologies=3): occupied=47, pending=192, in flight=38
19:10:57: 7108x RT, 118.5 creatures/sec. Fitness: best=3067.6, avg=1614.0, new=(qd-mutate=1076.6, qd-large-mutate=1263.8, template-m1-balanced=997.8, curl-right=813.8, curl-left=827.8). MAP-Elites(8x8, morphologies=3): occupied=47, pending=192, in flight=38
19:10:59: 7246x RT, 120.8 creatures/sec. Fitness: best=3067.6, avg=1614.0, new=(qd-mutate=1076.5, template-m1-balanced=893.2, qd-large-mutate=1075.0, curl-left=696.6, curl-right=593.5). MAP-Elites(8x8, morphologies=3): occupied=47, pending=192, in flight=38
19:11:01: 7178x RT, 119.6 creatures/sec. Fitness: best=3067.6, avg=1614.0, new=(qd-mutate=1063.2, qd-large-mutate=1073.6, template-m1-balanced=1017.8, curl-right=700.3, curl-left=679.1). MAP-Elites(8x8, morphologies=3): occupied=47, pending=192, in flight=38
19:11:03: 6942x RT, 115.7 creatures/sec. Fitness: best=3067.6, avg=1614.0, new=(qd-mutate=1084.4, qd-large-mutate=1183.8, curl-left=1007.9, template-m1-balanced=1189.1, curl-right=771.4). MAP-Elites(8x8, morphologies=3): occupied=47, pending=192, in flight=38
19:11:05: 7194x RT, 119.9 creatures/sec. Fitness: best=3067.6, avg=1614.0, new=(qd-mutate=1008.9, curl-right=705.9, qd-large-mutate=1172.4, curl-left=1006.5, template-m1-balanced=987.5). MAP-Elites(8x8, morphologies=3): occupied=47, pending=192, in flight=38
19:11:07: 7174x RT, 119.6 creatures/sec. Fitness: best=3067.6, avg=1614.0, new=(qd-mutate=1090.2, qd-large-mutate=1237.9, template-m1-balanced=899.3, curl-right=843.1, curl-left=909.0). MAP-Elites(8x8, morphologies=3): occupied=47, pending=192, in flight=38
19:11:09: 6954x RT, 115.9 creatures/sec. Fitness: best=3067.6, avg=1614.0, new=(curl-left=833.5, qd-mutate=1150.9, curl-right=682.6, qd-large-mutate=1179.9, template-m1-balanced=872.4). MAP-Elites(8x8, morphologies=3): occupied=47, pending=192, in flight=38
19:11:11: 7079x RT, 118.0 creatures/sec. Fitness: best=3067.6, avg=1614.0, new=(template-m1-balanced=846.0, qd-mutate=1079.9, qd-large-mutate=1095.6, curl-right=856.6). MAP-Elites(8x8, morphologies=3): occupied=47, pending=192, in flight=38
19:11:13: 6845x RT, 114.1 creatures/sec. Fitness: best=3067.6, avg=1614.0, new=(qd-mutate=1125.6, template-m1-balanced=1027.7, qd-large-mutate=1138.2, curl-right=1083.1, curl-left=868.0). MAP-Elites(8x8, morphologies=3): occupied=47, pending=192, in flight=38
19:11:15: 5626x RT, 93.8 creatures/sec. Fitness: best=3067.6, avg=1614.0, new=(qd-mutate=985.8, qd-large-mutate=1132.2, curl-left=1120.7, template-m1-balanced=883.4, curl-right=905.6). MAP-Elites(8x8, morphologies=3): occupied=47, pending=192, in flight=38
19:11:17: 6081x RT, 101.4 creatures/sec. Fitness: best=3067.6, avg=1614.0, new=(qd-mutate=1069.6, qd-large-mutate=1120.7, template-m1-balanced=994.8, curl-left=860.5). MAP-Elites(8x8, morphologies=3): occupied=47, pending=192, in flight=38
19:11:20: 6950x RT, 115.8 creatures/sec. Fitness: best=3067.6, avg=1614.0, new=(qd-mutate=1058.9, qd-large-mutate=1119.2, template-m1-balanced=980.1, curl-left=1023.4, curl-right=651.3). MAP-Elites(8x8, morphologies=3): occupied=47, pending=192, in flight=38
19:11:22: 7294x RT, 121.6 creatures/sec. Fitness: best=3067.6, avg=1614.0, new=(qd-large-mutate=1085.7, qd-mutate=989.8, template-m1-balanced=798.5, curl-left=711.0, curl-right=1290.2). MAP-Elites(8x8, morphologies=3): occupied=47, pending=192, in flight=38
19:11:24: 7189x RT, 119.8 creatures/sec. Fitness: best=3067.6, avg=1614.0, new=(qd-large-mutate=1140.6, qd-mutate=1067.2, template-m1-balanced=977.6, curl-right=725.9, curl-left=539.1). MAP-Elites(8x8, morphologies=3): occupied=47, pending=192, in flight=38
19:11:26: 6936x RT, 115.6 creatures/sec. Fitness: best=3067.6, avg=1614.0, new=(qd-large-mutate=1094.8, qd-mutate=1010.7, template-m1-balanced=855.0, curl-left=732.2, curl-right=1599.2). MAP-Elites(8x8, morphologies=3): occupied=47, pending=192, in flight=38
19:11:28: 7193x RT, 119.9 creatures/sec. Fitness: best=3067.6, avg=1614.0, new=(qd-mutate=1118.7, qd-large-mutate=1214.0, curl-right=842.8, curl-left=858.7). MAP-Elites(8x8, morphologies=3): occupied=47, pending=192, in flight=38
19:11:30: 6673x RT, 111.2 creatures/sec. Fitness: best=3067.6, avg=1614.0, new=(qd-large-mutate=1101.1, qd-mutate=973.1, curl-left=829.4, curl-right=882.8, template-m1-balanced=923.1). MAP-Elites(8x8, morphologies=3): occupied=47, pending=192, in flight=38
19:11:32: 7060x RT, 117.7 creatures/sec. Fitness: best=3067.6, avg=1614.0, new=(qd-mutate=1001.2, qd-large-mutate=1141.4, template-m1-balanced=803.1, curl-left=939.8, curl-right=928.4). MAP-Elites(8x8, morphologies=3): occupied=47, pending=192, in flight=38
19:11:34: 7243x RT, 120.7 creatures/sec. Fitness: best=3067.6, avg=1614.0, new=(qd-mutate=1086.4, qd-large-mutate=1159.4, template-m1-balanced=847.7, curl-right=886.4, curl-left=787.7). MAP-Elites(8x8, morphologies=3): occupied=47, pending=192, in flight=38
19:11:36: 5645x RT, 94.1 creatures/sec. Fitness: best=3067.6, avg=1614.0, new=(qd-mutate=1097.6, curl-right=685.8, qd-large-mutate=1225.5, template-m1-balanced=556.7, curl-left=859.8). MAP-Elites(8x8, morphologies=3): occupied=47, pending=192, in flight=38
19:11:38: 5969x RT, 99.5 creatures/sec. Fitness: best=3067.6, avg=1614.0, new=(qd-mutate=1140.5, qd-large-mutate=943.0, curl-right=1014.8, template-m1-balanced=852.9). MAP-Elites(8x8, morphologies=3): occupied=47, pending=192, in flight=38
19:11:40: 5805x RT, 96.7 creatures/sec. Fitness: best=3067.6, avg=1614.0, new=(qd-large-mutate=1029.4, qd-mutate=1014.0, template-m1-balanced=831.0, curl-right=666.5). MAP-Elites(8x8, morphologies=3): occupied=47, pending=192, in flight=38
5962088 bytes written to /Users/dag/projects/Machine-Evolved-credible-training/training-runs/me-v2-harmonic-qd-01-2h/config.json. 
19:11:42: 6742x RT, 112.4 creatures/sec. Fitness: best=3067.6, avg=1614.0, new=(qd-large-mutate=1167.6, qd-mutate=997.0, template-m1-balanced=1157.5, curl-left=809.9). MAP-Elites(8x8, morphologies=3): occupied=47, pending=192, in flight=38
19:11:44: 6980x RT, 116.3 creatures/sec. Fitness: best=3067.6, avg=1614.0, new=(qd-large-mutate=1085.0, qd-mutate=1000.2, template-m1-balanced=1047.2, curl-right=851.3, curl-left=651.5). MAP-Elites(8x8, morphologies=3): occupied=47, pending=192, in flight=38
19:11:46: 6293x RT, 104.9 creatures/sec. Fitness: best=3067.6, avg=1614.0, new=(template-m1-balanced=1003.0, qd-large-mutate=1233.4, qd-mutate=1070.4, curl-left=738.2, curl-right=1000.5). MAP-Elites(8x8, morphologies=3): occupied=47, pending=192, in flight=38
19:11:49: 6931x RT, 115.5 creatures/sec. Fitness: best=3067.6, avg=1614.0, new=(qd-mutate=1074.2, curl-right=903.5, qd-large-mutate=1172.7, template-m1-balanced=878.0, curl-left=832.3). MAP-Elites(8x8, morphologies=3): occupied=47, pending=192, in flight=38
19:11:51: 6917x RT, 115.3 creatures/sec. Fitness: best=3067.6, avg=1614.0, new=(qd-mutate=1169.7, qd-large-mutate=1124.6, curl-right=852.4, template-m1-balanced=645.9, curl-left=917.6). MAP-Elites(8x8, morphologies=3): occupied=47, pending=192, in flight=38
19:11:53: 6288x RT, 104.8 creatures/sec. Fitness: best=3067.6, avg=1614.0, new=(qd-mutate=1146.0, qd-large-mutate=1090.6, template-m1-balanced=873.4, curl-left=755.7, curl-right=833.4). MAP-Elites(8x8, morphologies=3): occupied=47, pending=192, in flight=38
19:11:55: 7004x RT, 116.7 creatures/sec. Fitness: best=3067.6, avg=1614.0, new=(qd-mutate=1005.3, qd-large-mutate=1131.5, curl-right=1001.7, template-m1-balanced=1055.8, curl-left=807.1). MAP-Elites(8x8, morphologies=3): occupied=47, pending=192, in flight=38
19:11:57: 7188x RT, 119.8 creatures/sec. Fitness: best=3067.6, avg=1614.0, new=(qd-mutate=1175.8, qd-large-mutate=1062.0, curl-left=873.2, curl-right=826.7, template-m1-balanced=339.7). MAP-Elites(8x8, morphologies=3): occupied=47, pending=192, in flight=38
19:11:59: 7204x RT, 120.1 creatures/sec. Fitness: best=3067.6, avg=1614.0, new=(qd-mutate=1022.0, qd-large-mutate=1136.1, curl-left=709.6, template-m1-balanced=970.7, curl-right=957.7). MAP-Elites(8x8, morphologies=3): occupied=47, pending=192, in flight=38
19:12:01: 6324x RT, 105.4 creatures/sec. Fitness: best=3067.6, avg=1614.0, new=(qd-large-mutate=1143.1, qd-mutate=1049.9, curl-left=826.1, curl-right=793.5, template-m1-balanced=1143.2). MAP-Elites(8x8, morphologies=3): occupied=47, pending=192, in flight=38
19:12:03: 6973x RT, 116.2 creatures/sec. Fitness: best=3067.6, avg=1614.0, new=(qd-mutate=1061.0, qd-large-mutate=1137.3, template-m1-balanced=1029.4, curl-left=1160.5, curl-right=1286.4). MAP-Elites(8x8, morphologies=3): occupied=47, pending=192, in flight=38
19:12:05: 6783x RT, 113.0 creatures/sec. Fitness: best=3067.6, avg=1614.0, new=(template-m1-balanced=868.7, qd-mutate=1055.4, curl-right=847.9, qd-large-mutate=1023.3, curl-left=649.3). MAP-Elites(8x8, morphologies=3): occupied=47, pending=192, in flight=38
19:12:07: 6667x RT, 111.1 creatures/sec. Fitness: best=3067.6, avg=1614.0, new=(qd-large-mutate=1103.7, qd-mutate=1086.9, template-m1-balanced=825.8, curl-left=733.7, curl-right=594.8). MAP-Elites(8x8, morphologies=3): occupied=47, pending=192, in flight=38
19:12:09: 6250x RT, 104.2 creatures/sec. Fitness: best=3067.6, avg=1614.0, new=(qd-mutate=1031.7, qd-large-mutate=1074.3, template-m1-balanced=816.0, curl-left=903.2). MAP-Elites(8x8, morphologies=3): occupied=47, pending=192, in flight=38
19:12:11: 6141x RT, 102.3 creatures/sec. Fitness: best=3067.6, avg=1614.0, new=(qd-mutate=1090.6, qd-large-mutate=1035.8, template-m1-balanced=753.1, curl-left=1125.5). MAP-Elites(8x8, morphologies=3): occupied=47, pending=192, in flight=38
19:12:13: 6272x RT, 104.5 creatures/sec. Fitness: best=3067.6, avg=1614.0, new=(qd-mutate=1058.9, qd-large-mutate=1090.7, template-m1-balanced=849.9, curl-left=649.1, curl-right=935.1). MAP-Elites(8x8, morphologies=3): occupied=47, pending=192, in flight=38
19:12:15: 6525x RT, 108.7 creatures/sec. Fitness: best=3067.6, avg=1614.0, new=(qd-mutate=1137.1, qd-large-mutate=1112.9, template-m1-balanced=1057.5, curl-right=757.7, curl-left=974.3). MAP-Elites(8x8, morphologies=3): occupied=47, pending=192, in flight=38
19:12:18: 7054x RT, 117.6 creatures/sec. Fitness: best=3067.6, avg=1614.0, new=(qd-mutate=1056.0, qd-large-mutate=1199.4, curl-left=730.5, template-m1-balanced=926.6, curl-right=806.3). MAP-Elites(8x8, morphologies=3): occupied=47, pending=192, in flight=38
19:12:20: 7034x RT, 117.2 creatures/sec. Fitness: best=3067.6, avg=1616.5, new=(qd-mutate=1143.4, template-m1-balanced=868.2, qd-large-mutate=1190.2, curl-right=947.2, curl-left=647.6). MAP-Elites(8x8, morphologies=3): occupied=47, pending=192, in flight=38
19:12:22: 6250x RT, 104.2 creatures/sec. Fitness: best=3067.6, avg=1616.5, new=(qd-mutate=966.0, qd-large-mutate=962.3, curl-left=1143.2, template-m1-balanced=1334.2, curl-right=990.9). MAP-Elites(8x8, morphologies=3): occupied=47, pending=192, in flight=38
19:12:24: 6306x RT, 105.1 creatures/sec. Fitness: best=3067.6, avg=1616.5, new=(qd-mutate=1134.3, template-m1-balanced=817.6, qd-large-mutate=926.0, curl-right=758.2, curl-left=685.5). MAP-Elites(8x8, morphologies=3): occupied=47, pending=192, in flight=38
19:12:26: 6553x RT, 109.2 creatures/sec. Fitness: best=3067.6, avg=1616.5, new=(qd-large-mutate=1303.3, qd-mutate=1116.6, curl-left=691.3, template-m1-balanced=848.4, curl-right=833.5). MAP-Elites(8x8, morphologies=3): occupied=47, pending=192, in flight=38
19:12:28: 7254x RT, 120.9 creatures/sec. Fitness: best=3067.6, avg=1616.5, new=(qd-large-mutate=1170.8, qd-mutate=1023.9, curl-left=819.7, template-m1-balanced=862.1, curl-right=906.5). MAP-Elites(8x8, morphologies=3): occupied=47, pending=192, in flight=38
19:12:30: 6747x RT, 112.5 creatures/sec. Fitness: best=3067.6, avg=1616.5, new=(qd-large-mutate=1069.0, qd-mutate=1079.4, template-m1-balanced=1053.1, curl-right=873.6, curl-left=749.1). MAP-Elites(8x8, morphologies=3): occupied=47, pending=192, in flight=38
19:12:32: 6999x RT, 116.6 creatures/sec. Fitness: best=3067.6, avg=1616.5, new=(template-m1-balanced=1033.9, qd-large-mutate=1069.5, qd-mutate=1041.8, curl-right=845.0, curl-left=954.4). MAP-Elites(8x8, morphologies=3): occupied=47, pending=192, in flight=38
19:12:34: 6957x RT, 115.9 creatures/sec. Fitness: best=3067.6, avg=1616.5, new=(qd-large-mutate=1169.7, qd-mutate=1071.3, template-m1-balanced=830.0). MAP-Elites(8x8, morphologies=3): occupied=47, pending=192, in flight=38
19:12:36: 7182x RT, 119.7 creatures/sec. Fitness: best=3067.6, avg=1616.5, new=(qd-mutate=980.9, qd-large-mutate=1147.0, curl-right=791.2, template-m1-balanced=966.6). MAP-Elites(8x8, morphologies=3): occupied=47, pending=192, in flight=38
19:12:38: 7206x RT, 120.1 creatures/sec. Fitness: best=3067.6, avg=1616.5, new=(qd-mutate=1050.2, qd-large-mutate=1208.2, curl-right=750.5, template-m1-balanced=996.6, curl-left=1230.9). MAP-Elites(8x8, morphologies=3): occupied=47, pending=192, in flight=38
19:12:40: 7202x RT, 120.0 creatures/sec. Fitness: best=3067.6, avg=1616.5, new=(qd-mutate=998.7, qd-large-mutate=1078.7, curl-left=1004.8, template-m1-balanced=1039.3, curl-right=1047.6). MAP-Elites(8x8, morphologies=3): occupied=47, pending=192, in flight=38
5962171 bytes written to /Users/dag/projects/Machine-Evolved-credible-training/training-runs/me-v2-harmonic-qd-01-2h/config.json. 
19:12:42: 6618x RT, 110.3 creatures/sec. Fitness: best=3067.6, avg=1616.5, new=(qd-mutate=1016.5, curl-right=513.5, qd-large-mutate=1230.3, curl-left=835.3, template-m1-balanced=1120.1). MAP-Elites(8x8, morphologies=3): occupied=47, pending=192, in flight=38
19:12:44: 7089x RT, 118.1 creatures/sec. Fitness: best=3067.6, avg=1616.5, new=(qd-mutate=1102.5, curl-left=599.7, qd-large-mutate=1077.1, curl-right=743.1, template-m1-balanced=991.1). MAP-Elites(8x8, morphologies=3): occupied=47, pending=192, in flight=38
19:12:47: 7230x RT, 120.5 creatures/sec. Fitness: best=3067.6, avg=1616.5, new=(qd-mutate=1192.0, qd-large-mutate=1098.5, template-m1-balanced=986.8, curl-right=1050.3, curl-left=812.6). MAP-Elites(8x8, morphologies=3): occupied=47, pending=192, in flight=38
19:12:49: 7211x RT, 120.2 creatures/sec. Fitness: best=3067.6, avg=1616.5, new=(qd-mutate=1028.6, qd-large-mutate=1169.9, template-m1-balanced=871.3, curl-left=773.5). MAP-Elites(8x8, morphologies=3): occupied=47, pending=192, in flight=38
19:12:51: 7155x RT, 119.2 creatures/sec. Fitness: best=3067.6, avg=1616.5, new=(qd-large-mutate=1164.9, curl-left=727.5, qd-mutate=1092.3, curl-right=905.7, template-m1-balanced=959.9). MAP-Elites(8x8, morphologies=3): occupied=47, pending=192, in flight=38
19:12:53: 7248x RT, 120.8 creatures/sec. Fitness: best=3067.6, avg=1616.5, new=(qd-mutate=1136.3, qd-large-mutate=1157.4, curl-left=608.4, template-m1-balanced=1204.9, curl-right=970.4). MAP-Elites(8x8, morphologies=3): occupied=47, pending=192, in flight=38
19:12:55: 7212x RT, 120.2 creatures/sec. Fitness: best=3067.6, avg=1616.5, new=(qd-mutate=1096.9, qd-large-mutate=1088.2, curl-left=1234.4, template-m1-balanced=1020.5, curl-right=968.2). MAP-Elites(8x8, morphologies=3): occupied=47, pending=192, in flight=38
19:12:57: 7275x RT, 121.3 creatures/sec. Fitness: best=3067.6, avg=1616.5, new=(qd-mutate=1126.8, qd-large-mutate=1104.3, template-m1-balanced=863.3, curl-left=709.4, curl-right=745.9). MAP-Elites(8x8, morphologies=3): occupied=47, pending=192, in flight=38
19:12:59: 7203x RT, 120.0 creatures/sec. Fitness: best=3067.6, avg=1616.5, new=(qd-mutate=1088.3, qd-large-mutate=1156.0, curl-left=1002.9, template-m1-balanced=804.5, curl-right=650.2). MAP-Elites(8x8, morphologies=3): occupied=47, pending=192, in flight=38
19:13:01: 7178x RT, 119.6 creatures/sec. Fitness: best=3067.6, avg=1616.5, new=(template-m1-balanced=854.1, qd-mutate=1052.4, qd-large-mutate=1085.0, curl-left=681.3, curl-right=948.4). MAP-Elites(8x8, morphologies=3): occupied=47, pending=192, in flight=38
19:13:03: 7285x RT, 121.4 creatures/sec. Fitness: best=3067.6, avg=1616.5, new=(qd-mutate=1062.0, qd-large-mutate=1014.9, template-m1-balanced=905.6). MAP-Elites(8x8, morphologies=3): occupied=47, pending=192, in flight=38
19:13:05: 7154x RT, 119.2 creatures/sec. Fitness: best=3067.6, avg=1616.5, new=(template-m1-balanced=1040.9, qd-mutate=1031.0, qd-large-mutate=1128.3, curl-right=1326.8, curl-left=691.0). MAP-Elites(8x8, morphologies=3): occupied=47, pending=192, in flight=38
19:13:07: 7228x RT, 120.5 creatures/sec. Fitness: best=3067.6, avg=1616.5, new=(qd-mutate=1119.7, template-m1-balanced=840.3, qd-large-mutate=951.8, curl-right=735.6, curl-left=781.2). MAP-Elites(8x8, morphologies=3): occupied=47, pending=192, in flight=38
19:13:10: 7197x RT, 119.9 creatures/sec. Fitness: best=3067.6, avg=1616.5, new=(qd-mutate=1082.1, qd-large-mutate=1031.2, curl-right=939.6, curl-left=1062.5). MAP-Elites(8x8, morphologies=3): occupied=47, pending=192, in flight=38
19:13:12: 7256x RT, 120.9 creatures/sec. Fitness: best=3067.6, avg=1616.5, new=(qd-mutate=1114.6, qd-large-mutate=1250.8, curl-right=822.7, curl-left=773.3, template-m1-balanced=923.6). MAP-Elites(8x8, morphologies=3): occupied=47, pending=192, in flight=38
19:13:14: 7215x RT, 120.3 creatures/sec. Fitness: best=3067.6, avg=1616.5, new=(qd-mutate=1055.3, qd-large-mutate=1125.4, template-m1-balanced=944.0, curl-right=754.1, curl-left=1660.5). MAP-Elites(8x8, morphologies=3): occupied=47, pending=192, in flight=38
19:13:16: 7256x RT, 120.9 creatures/sec. Fitness: best=3067.6, avg=1616.5, new=(qd-mutate=1115.2, qd-large-mutate=1034.9, template-m1-balanced=794.5, curl-left=826.9, curl-right=1031.8). MAP-Elites(8x8, morphologies=3): occupied=47, pending=192, in flight=38
19:13:18: 7206x RT, 120.1 creatures/sec. Fitness: best=3067.6, avg=1616.5, new=(qd-large-mutate=1115.0, qd-mutate=1066.4, template-m1-balanced=1336.8, curl-right=825.7, curl-left=691.7). MAP-Elites(8x8, morphologies=3): occupied=47, pending=192, in flight=38
19:13:20: 7251x RT, 120.8 creatures/sec. Fitness: best=3067.6, avg=1616.5, new=(curl-left=730.3, qd-mutate=1028.9, qd-large-mutate=1169.5, template-m1-balanced=790.2, curl-right=806.7). MAP-Elites(8x8, morphologies=3): occupied=47, pending=192, in flight=38
19:13:22: 6883x RT, 114.7 creatures/sec. Fitness: best=3067.6, avg=1616.5, new=(qd-mutate=1031.9, curl-left=1101.3, template-m1-balanced=794.0, qd-large-mutate=994.4, curl-right=934.5). MAP-Elites(8x8, morphologies=3): occupied=47, pending=192, in flight=38
19:13:24: 7220x RT, 120.3 creatures/sec. Fitness: best=3067.6, avg=1616.5, new=(qd-mutate=1065.7, template-m1-balanced=905.5, qd-large-mutate=1060.3, curl-left=888.2, curl-right=601.6). MAP-Elites(8x8, morphologies=3): occupied=47, pending=192, in flight=38
19:13:26: 7210x RT, 120.2 creatures/sec. Fitness: best=3067.6, avg=1616.5, new=(qd-mutate=1106.4, curl-right=742.0, qd-large-mutate=1165.3, curl-left=863.2, template-m1-balanced=843.1). MAP-Elites(8x8, morphologies=3): occupied=47, pending=192, in flight=38
19:13:28: 7201x RT, 120.0 creatures/sec. Fitness: best=3067.6, avg=1616.5, new=(qd-large-mutate=1052.6, qd-mutate=1062.2, template-m1-balanced=947.8, curl-left=782.4). MAP-Elites(8x8, morphologies=3): occupied=47, pending=192, in flight=38
19:13:31: 6618x RT, 110.3 creatures/sec. Fitness: best=3067.6, avg=1616.5, new=(qd-large-mutate=1203.0, qd-mutate=1067.6, template-m1-balanced=1113.1, curl-left=686.3, curl-right=840.5). MAP-Elites(8x8, morphologies=3): occupied=47, pending=192, in flight=38
19:13:33: 7256x RT, 120.9 creatures/sec. Fitness: best=3067.6, avg=1616.5, new=(qd-mutate=1133.2, template-m1-balanced=987.2, qd-large-mutate=1071.7, curl-right=890.6). MAP-Elites(8x8, morphologies=3): occupied=47, pending=192, in flight=38
19:13:35: 7181x RT, 119.7 creatures/sec. Fitness: best=3067.6, avg=1616.5, new=(qd-mutate=1103.6, template-m1-balanced=805.8, qd-large-mutate=1222.5, curl-right=626.3, curl-left=838.4). MAP-Elites(8x8, morphologies=3): occupied=47, pending=192, in flight=38
19:13:37: 6708x RT, 111.8 creatures/sec. Fitness: best=3067.6, avg=1616.5, new=(qd-large-mutate=1095.7, qd-mutate=1095.5, curl-right=877.2, curl-left=970.7, template-m1-balanced=1094.6). MAP-Elites(8x8, morphologies=3): occupied=47, pending=192, in flight=38
19:13:39: 6940x RT, 115.7 creatures/sec. Fitness: best=3067.6, avg=1616.5, new=(curl-right=794.3, qd-mutate=1155.3, qd-large-mutate=1221.8, template-m1-balanced=1225.8, curl-left=1218.5). MAP-Elites(8x8, morphologies=3): occupied=47, pending=192, in flight=38
19:13:41: 6809x RT, 113.5 creatures/sec. Fitness: best=3067.6, avg=1616.5, new=(qd-large-mutate=1189.0, qd-mutate=1046.0, template-m1-balanced=981.7). MAP-Elites(8x8, morphologies=3): occupied=47, pending=192, in flight=38
5962940 bytes written to /Users/dag/projects/Machine-Evolved-credible-training/training-runs/me-v2-harmonic-qd-01-2h/config.json. 
19:13:43: 6881x RT, 114.7 creatures/sec. Fitness: best=3067.6, avg=1616.5, new=(qd-large-mutate=1059.0, qd-mutate=1082.5, template-m1-balanced=1149.8, curl-left=791.9). MAP-Elites(8x8, morphologies=3): occupied=47, pending=192, in flight=38
19:13:45: 6932x RT, 115.5 creatures/sec. Fitness: best=3067.6, avg=1616.5, new=(qd-large-mutate=1249.5, qd-mutate=1092.9, curl-left=637.6, template-m1-balanced=941.5, curl-right=806.2). MAP-Elites(8x8, morphologies=3): occupied=47, pending=192, in flight=38
19:13:47: 6710x RT, 111.8 creatures/sec. Fitness: best=3067.6, avg=1616.5, new=(qd-mutate=1118.1, qd-large-mutate=1214.9, curl-left=764.7, curl-right=1111.3, template-m1-balanced=934.4). MAP-Elites(8x8, morphologies=3): occupied=47, pending=192, in flight=38
19:13:49: 7002x RT, 116.7 creatures/sec. Fitness: best=3067.6, avg=1616.5, new=(qd-mutate=1093.2, qd-large-mutate=1117.3, template-m1-balanced=991.6, curl-left=1267.3, curl-right=1052.9). MAP-Elites(8x8, morphologies=3): occupied=47, pending=192, in flight=38
19:13:51: 7257x RT, 120.9 creatures/sec. Fitness: best=3067.6, avg=1616.5, new=(qd-mutate=1089.0, qd-large-mutate=1095.4, curl-right=808.2, template-m1-balanced=1064.8, curl-left=670.3). MAP-Elites(8x8, morphologies=3): occupied=47, pending=192, in flight=38
19:13:53: 6935x RT, 115.6 creatures/sec. Fitness: best=3067.6, avg=1616.5, new=(qd-mutate=1125.8, template-m1-balanced=1028.2, qd-large-mutate=1101.9, curl-right=880.8, curl-left=704.7). MAP-Elites(8x8, morphologies=3): occupied=47, pending=192, in flight=38
19:13:55: 7247x RT, 120.8 creatures/sec. Fitness: best=3067.6, avg=1616.5, new=(qd-mutate=1017.6, qd-large-mutate=1078.9, template-m1-balanced=1394.9, curl-left=1191.5, curl-right=1121.0). MAP-Elites(8x8, morphologies=3): occupied=47, pending=192, in flight=38
19:13:57: 7219x RT, 120.3 creatures/sec. Fitness: best=3067.6, avg=1616.5, new=(qd-mutate=1123.2, qd-large-mutate=1239.6, curl-right=811.0, template-m1-balanced=1075.3). MAP-Elites(8x8, morphologies=3): occupied=47, pending=192, in flight=38
19:14:00: 7262x RT, 121.0 creatures/sec. Fitness: best=3067.6, avg=1616.5, new=(qd-mutate=1051.6, qd-large-mutate=1185.6, template-m1-balanced=912.1, curl-right=902.2, curl-left=1413.4). MAP-Elites(8x8, morphologies=3): occupied=47, pending=192, in flight=38
19:14:02: 6876x RT, 114.6 creatures/sec. Fitness: best=3067.6, avg=1616.5, new=(qd-mutate=1069.9, qd-large-mutate=1166.5, curl-right=617.9, curl-left=866.8, template-m1-balanced=872.4). MAP-Elites(8x8, morphologies=3): occupied=47, pending=192, in flight=38
19:14:04: 7117x RT, 118.6 creatures/sec. Fitness: best=3067.6, avg=1616.5, new=(qd-large-mutate=1077.4, qd-mutate=1081.0, template-m1-balanced=1294.0, curl-right=970.8, curl-left=900.1). MAP-Elites(8x8, morphologies=3): occupied=47, pending=192, in flight=38
19:14:06: 7141x RT, 119.0 creatures/sec. Fitness: best=3067.6, avg=1616.5, new=(qd-mutate=1043.7, qd-large-mutate=1215.5, curl-right=892.9, curl-left=897.9, template-m1-balanced=936.1). MAP-Elites(8x8, morphologies=3): occupied=47, pending=192, in flight=38
19:14:08: 7152x RT, 119.2 creatures/sec. Fitness: best=3067.6, avg=1616.5, new=(qd-mutate=1119.1, qd-large-mutate=1004.3, template-m1-balanced=1271.0, curl-left=891.4, curl-right=651.9). MAP-Elites(8x8, morphologies=3): occupied=47, pending=192, in flight=38
19:14:10: 7227x RT, 120.4 creatures/sec. Fitness: best=3067.6, avg=1616.5, new=(qd-large-mutate=1134.7, qd-mutate=1126.7, curl-left=1084.0, template-m1-balanced=981.2). MAP-Elites(8x8, morphologies=3): occupied=47, pending=192, in flight=38
19:14:12: 7226x RT, 120.4 creatures/sec. Fitness: best=3067.6, avg=1616.5, new=(qd-mutate=984.7, qd-large-mutate=999.2, template-m1-balanced=915.0, curl-left=1470.6, curl-right=1060.2). MAP-Elites(8x8, morphologies=3): occupied=47, pending=192, in flight=38
19:14:14: 7218x RT, 120.3 creatures/sec. Fitness: best=3067.6, avg=1616.5, new=(qd-mutate=1033.1, qd-large-mutate=1238.0, curl-right=979.9, template-m1-balanced=1023.7, curl-left=766.7). MAP-Elites(8x8, morphologies=3): occupied=47, pending=192, in flight=38
19:14:16: 7221x RT, 120.3 creatures/sec. Fitness: best=3067.6, avg=1616.5, new=(qd-mutate=1054.5, template-m1-balanced=793.9, qd-large-mutate=1151.2, curl-left=882.6, curl-right=859.6). MAP-Elites(8x8, morphologies=3): occupied=47, pending=192, in flight=38
19:14:18: 7195x RT, 119.9 creatures/sec. Fitness: best=3067.6, avg=1616.5, new=(qd-mutate=1101.7, template-m1-balanced=883.0, qd-large-mutate=1105.3, curl-right=1293.3, curl-left=921.9). MAP-Elites(8x8, morphologies=3): occupied=47, pending=192, in flight=38
19:14:20: 6430x RT, 107.2 creatures/sec. Fitness: best=3067.6, avg=1616.5, new=(qd-large-mutate=1191.5, qd-mutate=1032.3, template-m1-balanced=1092.0, curl-right=775.0). MAP-Elites(8x8, morphologies=3): occupied=47, pending=192, in flight=38
19:14:22: 6173x RT, 102.9 creatures/sec. Fitness: best=3067.6, avg=1616.5, new=(qd-mutate=1014.4, qd-large-mutate=888.4, template-m1-balanced=1010.3, curl-right=1006.9, curl-left=394.7). MAP-Elites(8x8, morphologies=3): occupied=47, pending=192, in flight=38
19:14:24: 7171x RT, 119.5 creatures/sec. Fitness: best=3067.6, avg=1616.5, new=(qd-large-mutate=996.5, curl-right=783.7, qd-mutate=1115.3, curl-left=785.8, template-m1-balanced=811.1). MAP-Elites(8x8, morphologies=3): occupied=47, pending=192, in flight=38
19:14:27: 7213x RT, 120.2 creatures/sec. Fitness: best=3067.6, avg=1616.5, new=(template-m1-balanced=786.3, qd-mutate=1135.2, qd-large-mutate=1220.5, curl-left=764.4, curl-right=790.3). MAP-Elites(8x8, morphologies=3): occupied=47, pending=192, in flight=38
19:14:29: 7222x RT, 120.4 creatures/sec. Fitness: best=3067.6, avg=1616.5, new=(curl-right=759.0, qd-mutate=1133.5, curl-left=1005.5, qd-large-mutate=1076.5, template-m1-balanced=1032.7). MAP-Elites(8x8, morphologies=3): occupied=47, pending=192, in flight=38
19:14:31: 6330x RT, 105.5 creatures/sec. Fitness: best=3067.6, avg=1616.5, new=(qd-large-mutate=1004.2, qd-mutate=1097.1, curl-left=1149.4, template-m1-balanced=1167.5, curl-right=247.4). MAP-Elites(8x8, morphologies=3): occupied=47, pending=192, in flight=38
19:14:33: 6118x RT, 102.0 creatures/sec. Fitness: best=3067.6, avg=1616.5, new=(qd-mutate=1042.2, qd-large-mutate=1299.4, template-m1-balanced=773.0, curl-right=744.1, curl-left=894.7). MAP-Elites(8x8, morphologies=3): occupied=47, pending=192, in flight=38
19:14:35: 6874x RT, 114.6 creatures/sec. Fitness: best=3067.6, avg=1616.5, new=(qd-mutate=1058.8, qd-large-mutate=1097.3, template-m1-balanced=1229.0, curl-right=700.0, curl-left=911.4). MAP-Elites(8x8, morphologies=3): occupied=47, pending=192, in flight=38
19:14:37: 7081x RT, 118.0 creatures/sec. Fitness: best=3067.6, avg=1616.5, new=(qd-mutate=1087.3, qd-large-mutate=1058.9, template-m1-balanced=997.2, curl-right=716.8, curl-left=1102.7). MAP-Elites(8x8, morphologies=3): occupied=47, pending=192, in flight=38
19:14:39: 6721x RT, 112.0 creatures/sec. Fitness: best=3067.6, avg=1616.5, new=(qd-large-mutate=1242.1, qd-mutate=1137.3, curl-left=808.1, template-m1-balanced=765.1, curl-right=897.4). MAP-Elites(8x8, morphologies=3): occupied=47, pending=192, in flight=38
19:14:41: 5993x RT, 99.9 creatures/sec. Fitness: best=3067.6, avg=1616.5, new=(qd-mutate=1083.6, qd-large-mutate=969.1, curl-right=1008.8, curl-left=993.5, template-m1-balanced=947.3). MAP-Elites(8x8, morphologies=3): occupied=47, pending=192, in flight=38
5953992 bytes written to /Users/dag/projects/Machine-Evolved-credible-training/training-runs/me-v2-harmonic-qd-01-2h/config.json. 
19:14:43: 5815x RT, 96.9 creatures/sec. Fitness: best=3067.6, avg=1616.5, new=(qd-mutate=1046.8, qd-large-mutate=1017.8, template-m1-balanced=841.8, curl-left=862.0). MAP-Elites(8x8, morphologies=3): occupied=47, pending=192, in flight=38
19:14:45: 6831x RT, 113.9 creatures/sec. Fitness: best=3067.6, avg=1616.5, new=(qd-mutate=1082.1, qd-large-mutate=1126.4, curl-left=796.7, template-m1-balanced=788.5, curl-right=858.5). MAP-Elites(8x8, morphologies=3): occupied=47, pending=192, in flight=38
19:14:47: 6609x RT, 110.2 creatures/sec. Fitness: best=3067.6, avg=1616.5, new=(qd-mutate=1039.5, qd-large-mutate=1086.8, template-m1-balanced=1272.1, curl-right=824.5, curl-left=685.5). MAP-Elites(8x8, morphologies=3): occupied=47, pending=192, in flight=38
19:14:49: 6762x RT, 112.7 creatures/sec. Fitness: best=3067.6, avg=1616.5, new=(qd-mutate=1135.7, qd-large-mutate=1125.2, curl-right=822.2, template-m1-balanced=767.9, curl-left=739.5). MAP-Elites(8x8, morphologies=3): occupied=47, pending=192, in flight=38
19:14:51: 6744x RT, 112.4 creatures/sec. Fitness: best=3067.6, avg=1616.5, new=(qd-mutate=1053.5, qd-large-mutate=990.7, curl-right=824.8, template-m1-balanced=1035.0, curl-left=864.0). MAP-Elites(8x8, morphologies=3): occupied=47, pending=192, in flight=38
19:14:54: 6982x RT, 116.4 creatures/sec. Fitness: best=3067.6, avg=1616.5, new=(qd-mutate=1083.2, template-m1-balanced=966.6, curl-left=973.1, qd-large-mutate=1163.0). MAP-Elites(8x8, morphologies=3): occupied=47, pending=192, in flight=38
19:14:56: 6697x RT, 111.6 creatures/sec. Fitness: best=3067.6, avg=1616.5, new=(qd-mutate=1072.1, qd-large-mutate=1074.7, curl-left=777.2, template-m1-balanced=581.6, curl-right=650.2). MAP-Elites(8x8, morphologies=3): occupied=47, pending=192, in flight=38
19:14:58: 5843x RT, 97.4 creatures/sec. Fitness: best=3067.6, avg=1616.5, new=(qd-mutate=1130.8, qd-large-mutate=1170.1, curl-left=749.0, curl-right=1113.8, template-m1-balanced=867.9). MAP-Elites(8x8, morphologies=3): occupied=47, pending=192, in flight=38
19:15:00: 4736x RT, 78.9 creatures/sec. Fitness: best=3067.6, avg=1616.5, new=(qd-mutate=1027.6, qd-large-mutate=1346.0, curl-left=925.2, curl-right=878.5, template-m1-balanced=1087.3). MAP-Elites(8x8, morphologies=3): occupied=47, pending=192, in flight=38
19:15:02: 5267x RT, 87.8 creatures/sec. Fitness: best=3067.6, avg=1616.5, new=(qd-mutate=1093.0, qd-large-mutate=1000.4, curl-right=713.1, curl-left=1045.4, template-m1-balanced=770.7). MAP-Elites(8x8, morphologies=3): occupied=47, pending=192, in flight=38
19:15:04: 5273x RT, 87.9 creatures/sec. Fitness: best=3067.6, avg=1616.5, new=(qd-mutate=1137.6, qd-large-mutate=1156.7, template-m1-balanced=1170.0, curl-left=955.5, curl-right=687.3). MAP-Elites(8x8, morphologies=3): occupied=47, pending=192, in flight=38
19:15:06: 5226x RT, 87.1 creatures/sec. Fitness: best=3067.6, avg=1616.5, new=(qd-mutate=1136.7, template-m1-balanced=1105.4, curl-right=943.1, qd-large-mutate=1105.3, curl-left=377.2). MAP-Elites(8x8, morphologies=3): occupied=47, pending=192, in flight=38
19:15:08: 5352x RT, 89.2 creatures/sec. Fitness: best=3067.6, avg=1616.5, new=(qd-large-mutate=1125.0, qd-mutate=1003.9, template-m1-balanced=889.3, curl-right=1080.1, curl-left=1155.3). MAP-Elites(8x8, morphologies=3): occupied=47, pending=192, in flight=38
19:15:10: 5143x RT, 85.7 creatures/sec. Fitness: best=3067.6, avg=1616.5, new=(qd-mutate=1059.1, qd-large-mutate=1193.4, curl-left=703.8, curl-right=974.3, template-m1-balanced=977.6). MAP-Elites(8x8, morphologies=3): occupied=47, pending=192, in flight=38
19:15:12: 5290x RT, 88.2 creatures/sec. Fitness: best=3067.6, avg=1616.5, new=(qd-mutate=996.5, qd-large-mutate=1088.9, template-m1-balanced=1119.1, curl-left=839.0, curl-right=817.1). MAP-Elites(8x8, morphologies=3): occupied=47, pending=192, in flight=38
19:15:14: 5267x RT, 87.8 creatures/sec. Fitness: best=3067.6, avg=1616.5, new=(qd-mutate=1143.2, qd-large-mutate=1087.1, curl-left=919.8, curl-right=916.6, template-m1-balanced=952.2). MAP-Elites(8x8, morphologies=3): occupied=47, pending=192, in flight=38
19:15:16: 5211x RT, 86.8 creatures/sec. Fitness: best=3067.6, avg=1616.5, new=(template-m1-balanced=1016.5, qd-mutate=1055.1, curl-right=982.4, qd-large-mutate=1232.6, curl-left=766.1). MAP-Elites(8x8, morphologies=3): occupied=47, pending=192, in flight=38
19:15:18: 5301x RT, 88.4 creatures/sec. Fitness: best=3067.6, avg=1616.5, new=(curl-left=747.8, qd-mutate=1030.7, template-m1-balanced=752.7, qd-large-mutate=1234.2, curl-right=1392.5). MAP-Elites(8x8, morphologies=3): occupied=47, pending=192, in flight=38
19:15:20: 4909x RT, 81.8 creatures/sec. Fitness: best=3067.6, avg=1616.5, new=(qd-mutate=1071.5, qd-large-mutate=1045.5, curl-right=1280.0, template-m1-balanced=835.1, curl-left=694.7). MAP-Elites(8x8, morphologies=3): occupied=47, pending=192, in flight=38
19:15:23: 4959x RT, 82.7 creatures/sec. Fitness: best=3067.6, avg=1616.5, new=(qd-mutate=1053.8, qd-large-mutate=1214.5, curl-right=880.6, template-m1-balanced=1042.0, curl-left=1449.9). MAP-Elites(8x8, morphologies=3): occupied=47, pending=192, in flight=38
19:15:25: 5124x RT, 85.4 creatures/sec. Fitness: best=3067.6, avg=1616.5, new=(qd-mutate=1144.9, curl-left=1141.8, qd-large-mutate=1176.8, template-m1-balanced=968.5, curl-right=740.9). MAP-Elites(8x8, morphologies=3): occupied=47, pending=192, in flight=38
19:15:27: 5112x RT, 85.2 creatures/sec. Fitness: best=3067.6, avg=1616.5, new=(qd-large-mutate=1066.2, qd-mutate=1034.9, curl-left=963.3, template-m1-balanced=736.7). MAP-Elites(8x8, morphologies=3): occupied=47, pending=192, in flight=38
19:15:29: 5135x RT, 85.6 creatures/sec. Fitness: best=3067.6, avg=1616.5, new=(qd-mutate=1109.0, qd-large-mutate=1090.9, template-m1-balanced=1022.4, curl-right=767.0, curl-left=723.6). MAP-Elites(8x8, morphologies=3): occupied=47, pending=192, in flight=38
19:15:31: 5455x RT, 90.9 creatures/sec. Fitness: best=3067.6, avg=1616.5, new=(qd-large-mutate=1103.5, qd-mutate=1013.0, curl-left=709.3, template-m1-balanced=856.8, curl-right=641.4). MAP-Elites(8x8, morphologies=3): occupied=47, pending=192, in flight=38
19:15:33: 5307x RT, 88.5 creatures/sec. Fitness: best=3067.6, avg=1616.5, new=(qd-large-mutate=1239.5, qd-mutate=952.3, curl-right=596.8, template-m1-balanced=1071.8, curl-left=713.4). MAP-Elites(8x8, morphologies=3): occupied=47, pending=192, in flight=38
19:15:35: 5454x RT, 90.9 creatures/sec. Fitness: best=3067.6, avg=1616.5, new=(template-m1-balanced=827.1, qd-mutate=1031.1, qd-large-mutate=1115.7, curl-left=1524.5). MAP-Elites(8x8, morphologies=3): occupied=47, pending=192, in flight=38
19:15:37: 5306x RT, 88.4 creatures/sec. Fitness: best=3067.6, avg=1616.5, new=(qd-large-mutate=1128.7, qd-mutate=1087.4, curl-left=896.8, template-m1-balanced=812.0, curl-right=675.1). MAP-Elites(8x8, morphologies=3): occupied=47, pending=192, in flight=38
19:15:39: 5048x RT, 84.1 creatures/sec. Fitness: best=3067.6, avg=1616.5, new=(curl-left=432.7, qd-mutate=1059.1, curl-right=901.5, template-m1-balanced=865.3, qd-large-mutate=1028.1). MAP-Elites(8x8, morphologies=3): occupied=47, pending=192, in flight=38
19:15:41: 4721x RT, 78.7 creatures/sec. Fitness: best=3067.6, avg=1616.5, new=(qd-large-mutate=1169.9, qd-mutate=957.1, template-m1-balanced=1206.5, curl-right=850.1, curl-left=880.6). MAP-Elites(8x8, morphologies=3): occupied=47, pending=192, in flight=38
5973564 bytes written to /Users/dag/projects/Machine-Evolved-credible-training/training-runs/me-v2-harmonic-qd-01-2h/config.json. 
19:15:43: 5001x RT, 83.4 creatures/sec. Fitness: best=3067.6, avg=1616.5, new=(qd-large-mutate=1164.3, qd-mutate=1168.9, template-m1-balanced=1208.6, curl-left=766.7, curl-right=888.7). MAP-Elites(8x8, morphologies=3): occupied=47, pending=192, in flight=38
19:15:45: 5161x RT, 86.0 creatures/sec. Fitness: best=3067.6, avg=1616.5, new=(qd-mutate=1061.9, qd-large-mutate=1325.6, template-m1-balanced=1077.5, curl-right=885.4, curl-left=892.9). MAP-Elites(8x8, morphologies=3): occupied=47, pending=192, in flight=38
19:15:47: 5296x RT, 88.3 creatures/sec. Fitness: best=3067.6, avg=1616.5, new=(qd-mutate=1118.7, qd-large-mutate=1251.8, curl-right=951.0, template-m1-balanced=968.0, curl-left=724.1). MAP-Elites(8x8, morphologies=3): occupied=47, pending=192, in flight=38
19:15:49: 5360x RT, 89.3 creatures/sec. Fitness: best=3067.6, avg=1616.5, new=(qd-mutate=1048.6, qd-large-mutate=1149.8, curl-left=1004.5, template-m1-balanced=986.6, curl-right=1288.5). MAP-Elites(8x8, morphologies=3): occupied=47, pending=192, in flight=38
19:15:51: 5298x RT, 88.3 creatures/sec. Fitness: best=3067.6, avg=1616.5, new=(qd-mutate=983.6, qd-large-mutate=1093.6, curl-left=587.7, curl-right=1374.0). MAP-Elites(8x8, morphologies=3): occupied=47, pending=192, in flight=38
19:15:54: 5254x RT, 87.6 creatures/sec. Fitness: best=3067.6, avg=1616.5, new=(qd-mutate=1031.0, qd-large-mutate=1102.9, curl-left=1558.9, curl-right=905.6, template-m1-balanced=862.3). MAP-Elites(8x8, morphologies=3): occupied=47, pending=192, in flight=38
19:15:56: 5250x RT, 87.5 creatures/sec. Fitness: best=3067.6, avg=1616.5, new=(qd-mutate=1088.7, qd-large-mutate=1072.2, curl-right=743.6, curl-left=1090.9, template-m1-balanced=934.9). MAP-Elites(8x8, morphologies=3): occupied=47, pending=192, in flight=38
19:15:58: 4611x RT, 76.9 creatures/sec. Fitness: best=3067.6, avg=1616.5, new=(qd-mutate=1074.4, qd-large-mutate=1174.3, template-m1-balanced=1055.5, curl-left=988.0). MAP-Elites(8x8, morphologies=3): occupied=47, pending=192, in flight=38
19:16:00: 6665x RT, 111.1 creatures/sec. Fitness: best=3067.6, avg=1616.5, new=(qd-mutate=964.4, qd-large-mutate=1074.3, curl-right=1016.5, template-m1-balanced=862.7, curl-left=1112.8). MAP-Elites(8x8, morphologies=3): occupied=47, pending=192, in flight=38
19:16:02: 6111x RT, 101.8 creatures/sec. Fitness: best=3067.6, avg=1616.5, new=(qd-mutate=1084.5, qd-large-mutate=1208.5, curl-left=779.9, template-m1-balanced=945.4, curl-right=561.6). MAP-Elites(8x8, morphologies=3): occupied=47, pending=192, in flight=38
19:16:04: 6736x RT, 112.3 creatures/sec. Fitness: best=3067.6, avg=1616.5, new=(qd-mutate=1111.2, qd-large-mutate=1069.1, template-m1-balanced=964.2, curl-left=801.6, curl-right=715.2). MAP-Elites(8x8, morphologies=3): occupied=47, pending=192, in flight=38
19:16:06: 6884x RT, 114.7 creatures/sec. Fitness: best=3067.6, avg=1616.5, new=(template-m1-balanced=904.6, qd-mutate=1025.5, qd-large-mutate=1174.5, curl-left=751.2). MAP-Elites(8x8, morphologies=3): occupied=47, pending=192, in flight=38
19:16:08: 6698x RT, 111.6 creatures/sec. Fitness: best=3067.6, avg=1616.5, new=(qd-mutate=1042.2, qd-large-mutate=1063.6, template-m1-balanced=758.6, curl-left=1012.3, curl-right=707.0). MAP-Elites(8x8, morphologies=3): occupied=47, pending=192, in flight=38
19:16:10: 6631x RT, 110.5 creatures/sec. Fitness: best=3067.6, avg=1616.5, new=(qd-mutate=1076.0, template-m1-balanced=1015.2, curl-right=928.0, qd-large-mutate=1199.4, curl-left=916.9). MAP-Elites(8x8, morphologies=3): occupied=47, pending=192, in flight=38
19:16:12: 6880x RT, 114.7 creatures/sec. Fitness: best=3067.6, avg=1616.5, new=(qd-mutate=1103.7, qd-large-mutate=981.3, template-m1-balanced=875.8, curl-right=927.9, curl-left=1139.4). MAP-Elites(8x8, morphologies=3): occupied=47, pending=192, in flight=38
19:16:14: 6436x RT, 107.3 creatures/sec. Fitness: best=3067.6, avg=1616.6, new=(qd-mutate=1089.1, qd-large-mutate=1054.5, curl-right=682.6, template-m1-balanced=985.5, curl-left=1058.6). MAP-Elites(8x8, morphologies=3): occupied=47, pending=192, in flight=38
19:16:16: 6760x RT, 112.7 creatures/sec. Fitness: best=3067.6, avg=1616.6, new=(qd-large-mutate=1194.9, qd-mutate=1149.8, curl-right=836.0, curl-left=751.1, template-m1-balanced=917.9). MAP-Elites(8x8, morphologies=3): occupied=47, pending=192, in flight=38
19:16:18: 6989x RT, 116.5 creatures/sec. Fitness: best=3067.6, avg=1616.6, new=(qd-mutate=1127.9, qd-large-mutate=973.4, template-m1-balanced=1112.3, curl-left=893.8, curl-right=835.0). MAP-Elites(8x8, morphologies=3): occupied=47, pending=192, in flight=38
19:16:20: 6688x RT, 111.5 creatures/sec. Fitness: best=3067.6, avg=1616.6, new=(qd-mutate=1054.1, curl-right=780.3, curl-left=822.3, template-m1-balanced=1019.0, qd-large-mutate=1145.0). MAP-Elites(8x8, morphologies=3): occupied=47, pending=192, in flight=38
19:16:23: 5808x RT, 96.8 creatures/sec. Fitness: best=3067.6, avg=1616.6, new=(qd-mutate=1049.9, template-m1-balanced=1071.5, qd-large-mutate=1125.2, curl-right=1111.2, curl-left=879.8). MAP-Elites(8x8, morphologies=3): occupied=47, pending=192, in flight=38
19:16:25: 6134x RT, 102.2 creatures/sec. Fitness: best=3067.6, avg=1616.6, new=(qd-mutate=1076.6, template-m1-balanced=1078.1, qd-large-mutate=1112.0, curl-left=746.8, curl-right=509.3). MAP-Elites(8x8, morphologies=3): occupied=47, pending=192, in flight=38
19:16:27: 6530x RT, 108.8 creatures/sec. Fitness: best=3067.6, avg=1616.6, new=(qd-large-mutate=1210.2, curl-right=970.6, qd-mutate=1016.4, template-m1-balanced=907.7, curl-left=797.1). MAP-Elites(8x8, morphologies=3): occupied=47, pending=192, in flight=38
19:16:29: 6296x RT, 104.9 creatures/sec. Fitness: best=3067.6, avg=1616.6, new=(qd-mutate=1146.5, qd-large-mutate=1025.9, curl-left=961.2, curl-right=853.5, template-m1-balanced=944.4). MAP-Elites(8x8, morphologies=3): occupied=47, pending=192, in flight=38
19:16:31: 6622x RT, 110.4 creatures/sec. Fitness: best=3067.6, avg=1616.6, new=(qd-mutate=1103.1, qd-large-mutate=1058.6, curl-left=764.7, curl-right=778.7, template-m1-balanced=870.2). MAP-Elites(8x8, morphologies=3): occupied=47, pending=192, in flight=38
19:16:33: 6845x RT, 114.1 creatures/sec. Fitness: best=3067.6, avg=1616.6, new=(qd-large-mutate=1114.8, qd-mutate=1134.5, curl-left=791.2, template-m1-balanced=717.5, curl-right=609.9). MAP-Elites(8x8, morphologies=3): occupied=47, pending=192, in flight=38
19:16:35: 5561x RT, 92.7 creatures/sec. Fitness: best=3067.6, avg=1616.6, new=(qd-mutate=1111.4, qd-large-mutate=910.3, curl-right=1051.5, curl-left=814.6, template-m1-balanced=667.9). MAP-Elites(8x8, morphologies=3): occupied=47, pending=192, in flight=38
19:16:37: 5541x RT, 92.4 creatures/sec. Fitness: best=3067.6, avg=1616.6, new=(qd-mutate=1155.7, curl-left=805.6, qd-large-mutate=1194.3, template-m1-balanced=1094.1). MAP-Elites(8x8, morphologies=3): occupied=47, pending=192, in flight=38
19:16:39: 6887x RT, 114.8 creatures/sec. Fitness: best=3067.6, avg=1616.6, new=(qd-mutate=1098.9, qd-large-mutate=1107.7, curl-left=983.7, template-m1-balanced=1040.8, curl-right=1062.5). MAP-Elites(8x8, morphologies=3): occupied=47, pending=192, in flight=38
19:16:41: 6734x RT, 112.2 creatures/sec. Fitness: best=3067.6, avg=1616.6, new=(qd-mutate=1070.0, qd-large-mutate=1109.8, template-m1-balanced=1040.4, curl-right=838.2, curl-left=1082.3). MAP-Elites(8x8, morphologies=3): occupied=47, pending=192, in flight=38
5969054 bytes written to /Users/dag/projects/Machine-Evolved-credible-training/training-runs/me-v2-harmonic-qd-01-2h/config.json. 
19:16:43: 6586x RT, 109.8 creatures/sec. Fitness: best=3067.6, avg=1616.6, new=(qd-mutate=1062.2, curl-right=1041.3, qd-large-mutate=995.5, template-m1-balanced=1019.4, curl-left=739.1). MAP-Elites(8x8, morphologies=3): occupied=47, pending=192, in flight=38
19:16:45: 6866x RT, 114.4 creatures/sec. Fitness: best=3067.6, avg=1616.6, new=(qd-mutate=1033.2, curl-left=830.5, qd-large-mutate=1093.4, template-m1-balanced=623.5, curl-right=912.2). MAP-Elites(8x8, morphologies=3): occupied=47, pending=192, in flight=38
19:16:47: 6657x RT, 110.9 creatures/sec. Fitness: best=3067.6, avg=1616.6, new=(qd-large-mutate=1053.3, qd-mutate=1072.3, template-m1-balanced=986.8, curl-left=1063.9, curl-right=780.5). MAP-Elites(8x8, morphologies=3): occupied=47, pending=192, in flight=38
19:16:49: 6550x RT, 109.2 creatures/sec. Fitness: best=3067.6, avg=1616.6, new=(qd-large-mutate=1166.0, curl-right=670.4, qd-mutate=1104.9, curl-left=1023.9, template-m1-balanced=1094.7). MAP-Elites(8x8, morphologies=3): occupied=47, pending=192, in flight=38
19:16:51: 6642x RT, 110.7 creatures/sec. Fitness: best=3067.6, avg=1616.6, new=(qd-mutate=1039.5, qd-large-mutate=1043.1, template-m1-balanced=1135.7, curl-right=921.5, curl-left=657.6). MAP-Elites(8x8, morphologies=3): occupied=47, pending=192, in flight=38
19:16:53: 6187x RT, 103.1 creatures/sec. Fitness: best=3067.6, avg=1616.6, new=(qd-large-mutate=1111.9, qd-mutate=1058.4, curl-right=718.9, template-m1-balanced=974.2, curl-left=883.2). MAP-Elites(8x8, morphologies=3): occupied=47, pending=192, in flight=38
19:16:56: 6364x RT, 106.1 creatures/sec. Fitness: best=3067.6, avg=1616.6, new=(qd-mutate=1067.0, qd-large-mutate=1053.0, template-m1-balanced=1095.7, curl-left=983.3, curl-right=684.8). MAP-Elites(8x8, morphologies=3): occupied=47, pending=192, in flight=38
19:16:58: 6454x RT, 107.6 creatures/sec. Fitness: best=3067.6, avg=1616.6, new=(qd-mutate=1108.5, qd-large-mutate=1062.0, template-m1-balanced=981.7, curl-right=1029.5, curl-left=718.9). MAP-Elites(8x8, morphologies=3): occupied=47, pending=192, in flight=38
19:17:00: 6317x RT, 105.3 creatures/sec. Fitness: best=3067.6, avg=1616.6, new=(curl-right=833.7, qd-mutate=1092.2, qd-large-mutate=1256.6, template-m1-balanced=942.6). MAP-Elites(8x8, morphologies=3): occupied=47, pending=192, in flight=38
19:17:02: 6751x RT, 112.5 creatures/sec. Fitness: best=3067.6, avg=1616.6, new=(curl-right=793.6, qd-mutate=1080.5, qd-large-mutate=1057.8, template-m1-balanced=984.6, curl-left=1223.1). MAP-Elites(8x8, morphologies=3): occupied=47, pending=192, in flight=38
19:17:04: 6768x RT, 112.8 creatures/sec. Fitness: best=3067.6, avg=1616.6, new=(qd-mutate=1028.4, qd-large-mutate=1097.2, curl-right=785.8, curl-left=779.3, template-m1-balanced=879.0). MAP-Elites(8x8, morphologies=3): occupied=47, pending=192, in flight=38
19:17:06: 6645x RT, 110.7 creatures/sec. Fitness: best=3067.6, avg=1616.6, new=(qd-mutate=1116.3, template-m1-balanced=951.1, qd-large-mutate=1334.1, curl-left=712.3, curl-right=1703.8). MAP-Elites(8x8, morphologies=3): occupied=47, pending=192, in flight=38
19:17:08: 6734x RT, 112.2 creatures/sec. Fitness: best=3067.6, avg=1616.6, new=(curl-right=797.0, qd-mutate=1191.0, qd-large-mutate=1170.8, template-m1-balanced=938.9, curl-left=1035.2). MAP-Elites(8x8, morphologies=3): occupied=47, pending=192, in flight=38
19:17:10: 6802x RT, 113.4 creatures/sec. Fitness: best=3067.6, avg=1616.6, new=(qd-mutate=1035.7, template-m1-balanced=1117.8, qd-large-mutate=1143.3, curl-left=765.1, curl-right=716.8). MAP-Elites(8x8, morphologies=3): occupied=47, pending=192, in flight=38
19:17:12: 6875x RT, 114.6 creatures/sec. Fitness: best=3067.6, avg=1623.6, new=(qd-large-mutate=1167.2, qd-mutate=1251.0, template-m1-balanced=977.5, curl-right=647.6, curl-left=740.6). MAP-Elites(8x8, morphologies=3): occupied=47, pending=192, in flight=38
19:17:14: 6843x RT, 114.1 creatures/sec. Fitness: best=3067.6, avg=1623.6, new=(qd-mutate=1077.9, qd-large-mutate=1243.9, template-m1-balanced=968.3, curl-left=610.0, curl-right=685.4). MAP-Elites(8x8, morphologies=3): occupied=47, pending=192, in flight=38
19:17:16: 6498x RT, 108.3 creatures/sec. Fitness: best=3067.6, avg=1623.6, new=(qd-large-mutate=1098.2, qd-mutate=1024.4, template-m1-balanced=970.9, curl-right=625.4, curl-left=908.2). MAP-Elites(8x8, morphologies=3): occupied=47, pending=192, in flight=38
19:17:18: 6505x RT, 108.4 creatures/sec. Fitness: best=3067.6, avg=1623.6, new=(qd-large-mutate=1057.1, qd-mutate=1032.1, curl-right=666.3, template-m1-balanced=924.2, curl-left=861.9). MAP-Elites(8x8, morphologies=3): occupied=47, pending=192, in flight=38
19:17:20: 6155x RT, 102.6 creatures/sec. Fitness: best=3067.6, avg=1623.6, new=(qd-mutate=1061.1, curl-left=1025.3, qd-large-mutate=1094.0, curl-right=684.2, template-m1-balanced=827.6). MAP-Elites(8x8, morphologies=3): occupied=47, pending=192, in flight=38
19:17:22: 6486x RT, 108.1 creatures/sec. Fitness: best=3067.6, avg=1623.6, new=(qd-large-mutate=1084.6, qd-mutate=1147.8, curl-left=999.7, template-m1-balanced=745.5, curl-right=914.2). MAP-Elites(8x8, morphologies=3): occupied=47, pending=192, in flight=38
19:17:24: 6811x RT, 113.5 creatures/sec. Fitness: best=3067.6, avg=1623.6, new=(qd-mutate=1025.2, qd-large-mutate=1164.6, template-m1-balanced=993.6, curl-left=858.5, curl-right=618.9). MAP-Elites(8x8, morphologies=3): occupied=47, pending=192, in flight=38
19:17:26: 6733x RT, 112.2 creatures/sec. Fitness: best=3067.6, avg=1623.6, new=(qd-mutate=1058.1, template-m1-balanced=1143.1, qd-large-mutate=1104.5, curl-left=1123.3, curl-right=441.9). MAP-Elites(8x8, morphologies=3): occupied=47, pending=192, in flight=38
19:17:28: 6825x RT, 113.7 creatures/sec. Fitness: best=3067.6, avg=1623.6, new=(qd-large-mutate=1034.4, qd-mutate=1136.7, template-m1-balanced=991.6, curl-right=826.4, curl-left=678.7). MAP-Elites(8x8, morphologies=3): occupied=47, pending=192, in flight=38
19:17:31: 6937x RT, 115.6 creatures/sec. Fitness: best=3067.6, avg=1623.6, new=(qd-mutate=1031.6, qd-large-mutate=940.0, curl-left=724.2, curl-right=1000.3, template-m1-balanced=732.8). MAP-Elites(8x8, morphologies=3): occupied=47, pending=192, in flight=38
19:17:33: 6783x RT, 113.1 creatures/sec. Fitness: best=3067.6, avg=1623.6, new=(qd-mutate=981.7, qd-large-mutate=1106.2, curl-left=595.6, template-m1-balanced=1037.0, curl-right=824.2). MAP-Elites(8x8, morphologies=3): occupied=47, pending=192, in flight=38
19:17:35: 6733x RT, 112.2 creatures/sec. Fitness: best=3067.6, avg=1623.6, new=(qd-mutate=1099.3, curl-left=1418.0, qd-large-mutate=1177.4, curl-right=922.9, template-m1-balanced=980.2). MAP-Elites(8x8, morphologies=3): occupied=47, pending=192, in flight=38
19:17:37: 6631x RT, 110.5 creatures/sec. Fitness: best=3067.6, avg=1623.6, new=(qd-mutate=1138.7, qd-large-mutate=973.5, template-m1-balanced=815.2, curl-left=666.7, curl-right=666.4). MAP-Elites(8x8, morphologies=3): occupied=47, pending=192, in flight=38
19:17:39: 6780x RT, 113.0 creatures/sec. Fitness: best=3067.6, avg=1623.6, new=(qd-mutate=1125.6, template-m1-balanced=972.0, qd-large-mutate=1111.8, curl-left=668.3, curl-right=1204.3). MAP-Elites(8x8, morphologies=3): occupied=47, pending=192, in flight=38
19:17:41: 6785x RT, 113.1 creatures/sec. Fitness: best=3067.6, avg=1623.6, new=(qd-large-mutate=1094.6, template-m1-balanced=1107.2, qd-mutate=1074.6, curl-left=784.7, curl-right=722.8). MAP-Elites(8x8, morphologies=3): occupied=47, pending=192, in flight=38
5962989 bytes written to /Users/dag/projects/Machine-Evolved-credible-training/training-runs/me-v2-harmonic-qd-01-2h/config.json. 
19:17:43: 6795x RT, 113.2 creatures/sec. Fitness: best=3067.6, avg=1623.6, new=(qd-mutate=1138.1, qd-large-mutate=1059.2, curl-right=939.1, template-m1-balanced=962.3, curl-left=931.1). MAP-Elites(8x8, morphologies=3): occupied=47, pending=192, in flight=38
19:17:45: 6936x RT, 115.6 creatures/sec. Fitness: best=3067.6, avg=1623.6, new=(qd-mutate=1096.2, qd-large-mutate=1092.2, curl-left=967.6, template-m1-balanced=928.1, curl-right=655.4). MAP-Elites(8x8, morphologies=3): occupied=47, pending=192, in flight=38
19:17:47: 6919x RT, 115.3 creatures/sec. Fitness: best=3067.6, avg=1623.6, new=(qd-mutate=1080.8, qd-large-mutate=1152.8, curl-right=793.5, template-m1-balanced=1152.7, curl-left=593.7). MAP-Elites(8x8, morphologies=3): occupied=47, pending=192, in flight=38
19:17:49: 6716x RT, 111.9 creatures/sec. Fitness: best=3067.6, avg=1623.6, new=(qd-mutate=1105.9, qd-large-mutate=1044.2, template-m1-balanced=983.0, curl-right=536.0, curl-left=991.6). MAP-Elites(8x8, morphologies=3): occupied=47, pending=192, in flight=38
19:17:51: 6978x RT, 116.3 creatures/sec. Fitness: best=3067.6, avg=1623.6, new=(qd-large-mutate=1120.4, template-m1-balanced=875.6, qd-mutate=1062.3, curl-left=594.2, curl-right=807.0). MAP-Elites(8x8, morphologies=3): occupied=47, pending=192, in flight=38
19:17:53: 6956x RT, 115.9 creatures/sec. Fitness: best=3067.6, avg=1623.6, new=(qd-mutate=1098.6, qd-large-mutate=1124.2, template-m1-balanced=882.0, curl-right=980.8, curl-left=1384.9). MAP-Elites(8x8, morphologies=3): occupied=47, pending=192, in flight=38
19:17:55: 6882x RT, 114.7 creatures/sec. Fitness: best=3067.6, avg=1623.6, new=(qd-mutate=1093.1, qd-large-mutate=1143.8, curl-right=902.0, curl-left=888.2, template-m1-balanced=1009.7). MAP-Elites(8x8, morphologies=3): occupied=47, pending=192, in flight=38
19:17:57: 6989x RT, 116.5 creatures/sec. Fitness: best=3067.6, avg=1623.6, new=(template-m1-balanced=1253.0, qd-mutate=1137.6, qd-large-mutate=1122.0, curl-left=681.2, curl-right=834.4). MAP-Elites(8x8, morphologies=3): occupied=47, pending=192, in flight=38
19:17:59: 6795x RT, 113.3 creatures/sec. Fitness: best=3067.6, avg=1623.6, new=(curl-right=926.0, qd-mutate=1134.5, qd-large-mutate=1118.7, curl-left=872.8, template-m1-balanced=854.3). MAP-Elites(8x8, morphologies=3): occupied=47, pending=192, in flight=38
19:18:01: 6544x RT, 109.1 creatures/sec. Fitness: best=3067.6, avg=1623.6, new=(qd-mutate=1041.1, qd-large-mutate=1069.9, template-m1-balanced=987.5, curl-right=914.9, curl-left=698.7). MAP-Elites(8x8, morphologies=3): occupied=47, pending=192, in flight=38
19:18:04: 6843x RT, 114.1 creatures/sec. Fitness: best=3067.6, avg=1623.6, new=(qd-large-mutate=1161.7, curl-right=809.1, qd-mutate=1137.1, template-m1-balanced=1179.4). MAP-Elites(8x8, morphologies=3): occupied=47, pending=192, in flight=38
19:18:06: 6652x RT, 110.9 creatures/sec. Fitness: best=3067.6, avg=1623.6, new=(qd-mutate=1115.0, qd-large-mutate=1125.6, curl-right=1138.7, template-m1-balanced=986.3, curl-left=739.3). MAP-Elites(8x8, morphologies=3): occupied=47, pending=192, in flight=38
19:18:08: 6979x RT, 116.3 creatures/sec. Fitness: best=3067.6, avg=1623.6, new=(qd-mutate=1079.5, qd-large-mutate=1006.4, template-m1-balanced=1087.6, curl-left=832.4). MAP-Elites(8x8, morphologies=3): occupied=47, pending=192, in flight=38
19:18:10: 6928x RT, 115.5 creatures/sec. Fitness: best=3067.6, avg=1623.6, new=(qd-mutate=1165.3, template-m1-balanced=1020.3, qd-large-mutate=1179.7, curl-left=935.8, curl-right=863.8). MAP-Elites(8x8, morphologies=3): occupied=47, pending=192, in flight=38
19:18:12: 6957x RT, 116.0 creatures/sec. Fitness: best=3067.6, avg=1623.6, new=(qd-mutate=1109.1, qd-large-mutate=1259.8, template-m1-balanced=846.1, curl-right=1122.9, curl-left=769.0). MAP-Elites(8x8, morphologies=3): occupied=47, pending=192, in flight=38
19:18:14: 6787x RT, 113.1 creatures/sec. Fitness: best=3067.6, avg=1623.6, new=(qd-mutate=1103.9, qd-large-mutate=1124.3, template-m1-balanced=805.3, curl-right=726.1). MAP-Elites(8x8, morphologies=3): occupied=47, pending=192, in flight=38
19:18:16: 6787x RT, 113.1 creatures/sec. Fitness: best=3067.6, avg=1623.6, new=(curl-right=712.0, qd-mutate=1060.2, qd-large-mutate=991.1, template-m1-balanced=1286.8, curl-left=909.6). MAP-Elites(8x8, morphologies=3): occupied=47, pending=192, in flight=38
19:18:18: 6902x RT, 115.0 creatures/sec. Fitness: best=3067.6, avg=1623.6, new=(qd-mutate=1034.7, qd-large-mutate=1016.3, curl-right=1182.5, curl-left=1057.5, template-m1-balanced=999.7). MAP-Elites(8x8, morphologies=3): occupied=47, pending=192, in flight=38
19:18:20: 6909x RT, 115.1 creatures/sec. Fitness: best=3067.6, avg=1623.6, new=(qd-mutate=1070.4, qd-large-mutate=1240.8, template-m1-balanced=1016.9, curl-right=428.1). MAP-Elites(8x8, morphologies=3): occupied=47, pending=192, in flight=38
19:18:22: 6422x RT, 107.0 creatures/sec. Fitness: best=3067.6, avg=1623.6, new=(qd-large-mutate=1116.5, qd-mutate=1108.8, template-m1-balanced=829.5, curl-right=777.7, curl-left=777.0). MAP-Elites(8x8, morphologies=3): occupied=47, pending=192, in flight=38
19:18:24: 6434x RT, 107.2 creatures/sec. Fitness: best=3067.6, avg=1623.6, new=(qd-mutate=996.2, qd-large-mutate=1210.7, curl-left=757.4, template-m1-balanced=727.7, curl-right=532.1). MAP-Elites(8x8, morphologies=3): occupied=47, pending=192, in flight=38
19:18:26: 5760x RT, 96.0 creatures/sec. Fitness: best=3067.6, avg=1623.6, new=(template-m1-balanced=855.3, qd-mutate=1093.7, qd-large-mutate=1131.5, curl-left=745.0, curl-right=1458.3). MAP-Elites(8x8, morphologies=3): occupied=47, pending=192, in flight=38
19:18:28: 1666x RT, 27.8 creatures/sec. Fitness: best=3067.6, avg=1623.6, new=(qd-mutate=957.1, qd-large-mutate=1009.6, template-m1-balanced=576.9, curl-right=815.5, curl-left=403.6). MAP-Elites(8x8, morphologies=3): occupied=47, pending=192, in flight=38
19:18:30: 2069x RT, 34.5 creatures/sec. Fitness: best=3067.6, avg=1623.6, new=(qd-mutate=1086.9, qd-large-mutate=1052.8, curl-right=1577.0, curl-left=809.0, template-m1-balanced=1113.3). MAP-Elites(8x8, morphologies=3): occupied=47, pending=192, in flight=38
19:18:32: 1710x RT, 28.5 creatures/sec. Fitness: best=3067.6, avg=1623.6, new=(qd-large-mutate=1339.6, qd-mutate=1082.4, curl-left=1124.2, template-m1-balanced=1110.7). MAP-Elites(8x8, morphologies=3): occupied=47, pending=192, in flight=38
19:18:34: 2563x RT, 42.7 creatures/sec. Fitness: best=3067.6, avg=1623.6, new=(qd-mutate=1159.3, qd-large-mutate=1143.8, template-m1-balanced=593.8, curl-left=494.6). MAP-Elites(8x8, morphologies=3): occupied=47, pending=192, in flight=38
19:18:36: 2507x RT, 41.8 creatures/sec. Fitness: best=3067.6, avg=1623.6, new=(qd-large-mutate=1071.2, qd-mutate=971.4, curl-left=787.8, template-m1-balanced=1061.7). MAP-Elites(8x8, morphologies=3): occupied=47, pending=192, in flight=38
19:18:39: 2449x RT, 40.8 creatures/sec. Fitness: best=3067.6, avg=1623.6, new=(template-m1-balanced=763.1, qd-large-mutate=996.4, qd-mutate=977.2, curl-left=749.2). MAP-Elites(8x8, morphologies=3): occupied=47, pending=192, in flight=38
19:18:41: 3084x RT, 51.4 creatures/sec. Fitness: best=3067.6, avg=1623.6, new=(template-m1-balanced=1266.8, qd-mutate=1155.5, qd-large-mutate=1179.6, curl-left=920.4, curl-right=701.2). MAP-Elites(8x8, morphologies=3): occupied=47, pending=192, in flight=38
5963839 bytes written to /Users/dag/projects/Machine-Evolved-credible-training/training-runs/me-v2-harmonic-qd-01-2h/config.json. 
19:18:43: 4453x RT, 74.2 creatures/sec. Fitness: best=3067.6, avg=1623.6, new=(qd-large-mutate=1087.4, qd-mutate=1090.0, curl-right=428.4, template-m1-balanced=645.1, curl-left=1047.5). MAP-Elites(8x8, morphologies=3): occupied=47, pending=192, in flight=38
19:18:45: 5368x RT, 89.5 creatures/sec. Fitness: best=3067.6, avg=1623.6, new=(qd-mutate=1101.1, qd-large-mutate=1242.4, curl-left=938.7, curl-right=687.1, template-m1-balanced=790.6). MAP-Elites(8x8, morphologies=3): occupied=47, pending=192, in flight=38
19:18:47: 6366x RT, 106.1 creatures/sec. Fitness: best=3067.6, avg=1623.6, new=(qd-mutate=1072.7, qd-large-mutate=1148.2, curl-right=1049.9, template-m1-balanced=735.1). MAP-Elites(8x8, morphologies=3): occupied=47, pending=192, in flight=38
19:18:49: 6580x RT, 109.7 creatures/sec. Fitness: best=3067.6, avg=1623.6, new=(qd-mutate=1116.6, curl-right=956.0, qd-large-mutate=1173.6, template-m1-balanced=912.2). MAP-Elites(8x8, morphologies=3): occupied=47, pending=192, in flight=38
19:18:51: 6205x RT, 103.4 creatures/sec. Fitness: best=3067.6, avg=1623.6, new=(qd-mutate=1085.2, qd-large-mutate=1120.8, template-m1-balanced=877.3, curl-right=709.1, curl-left=911.4). MAP-Elites(8x8, morphologies=3): occupied=47, pending=192, in flight=38
19:18:53: 6078x RT, 101.3 creatures/sec. Fitness: best=3067.6, avg=1623.6, new=(qd-large-mutate=1148.0, qd-mutate=1198.0, curl-left=697.3, template-m1-balanced=801.4, curl-right=976.7). MAP-Elites(8x8, morphologies=3): occupied=47, pending=192, in flight=38
19:18:55: 6835x RT, 113.9 creatures/sec. Fitness: best=3067.6, avg=1623.6, new=(qd-large-mutate=1014.8, qd-mutate=1120.3, template-m1-balanced=902.0, curl-right=909.0, curl-left=1040.9). MAP-Elites(8x8, morphologies=3): occupied=47, pending=192, in flight=38
19:18:57: 6680x RT, 111.3 creatures/sec. Fitness: best=3067.6, avg=1623.6, new=(qd-large-mutate=1132.4, qd-mutate=1055.8, curl-right=516.7, curl-left=1028.1, template-m1-balanced=919.8). MAP-Elites(8x8, morphologies=3): occupied=47, pending=192, in flight=38
19:18:59: 6593x RT, 109.9 creatures/sec. Fitness: best=3067.6, avg=1623.6, new=(qd-large-mutate=1128.7, qd-mutate=1146.0, template-m1-balanced=866.1, curl-left=839.1, curl-right=836.1). MAP-Elites(8x8, morphologies=3): occupied=47, pending=192, in flight=38
19:19:01: 6034x RT, 100.6 creatures/sec. Fitness: best=3067.6, avg=1623.6, new=(qd-mutate=1075.0, qd-large-mutate=1164.3, template-m1-balanced=849.3, curl-right=1099.6, curl-left=868.8). MAP-Elites(8x8, morphologies=3): occupied=47, pending=192, in flight=38
19:19:03: 5648x RT, 94.1 creatures/sec. Fitness: best=3067.6, avg=1623.6, new=(qd-mutate=1142.0, qd-large-mutate=1099.4, template-m1-balanced=615.8, curl-right=836.1, curl-left=1093.2). MAP-Elites(8x8, morphologies=3): occupied=47, pending=192, in flight=38
19:19:05: 5588x RT, 93.1 creatures/sec. Fitness: best=3067.6, avg=1623.6, new=(qd-mutate=1116.2, qd-large-mutate=1079.8, curl-right=728.6, template-m1-balanced=1034.6). MAP-Elites(8x8, morphologies=3): occupied=47, pending=192, in flight=38
19:19:07: 6702x RT, 111.7 creatures/sec. Fitness: best=3067.6, avg=1623.6, new=(qd-mutate=1057.9, curl-right=828.8, qd-large-mutate=1175.5, template-m1-balanced=779.0, curl-left=510.4). MAP-Elites(8x8, morphologies=3): occupied=47, pending=192, in flight=38
19:19:10: 6703x RT, 111.7 creatures/sec. Fitness: best=3067.6, avg=1623.6, new=(qd-large-mutate=1008.4, template-m1-balanced=682.1, qd-mutate=1038.3, curl-right=821.0, curl-left=1043.4). MAP-Elites(8x8, morphologies=3): occupied=47, pending=192, in flight=38
19:19:12: 6705x RT, 111.8 creatures/sec. Fitness: best=3067.6, avg=1623.6, new=(qd-mutate=1027.4, curl-right=894.6, qd-large-mutate=1121.9, template-m1-balanced=864.6, curl-left=773.7). MAP-Elites(8x8, morphologies=3): occupied=47, pending=192, in flight=38
19:19:14: 6353x RT, 105.9 creatures/sec. Fitness: best=3067.6, avg=1623.6, new=(qd-mutate=1038.0, template-m1-balanced=1023.7, curl-left=703.6, qd-large-mutate=1133.0, curl-right=542.7). MAP-Elites(8x8, morphologies=3): occupied=47, pending=192, in flight=38
19:19:16: 6514x RT, 108.6 creatures/sec. Fitness: best=3067.6, avg=1623.6, new=(qd-large-mutate=1155.0, qd-mutate=1023.4, template-m1-balanced=1078.2, curl-right=1017.3, curl-left=771.9). MAP-Elites(8x8, morphologies=3): occupied=47, pending=192, in flight=38
19:19:18: 6703x RT, 111.7 creatures/sec. Fitness: best=3067.6, avg=1623.6, new=(qd-mutate=1097.4, curl-left=837.4, qd-large-mutate=1107.1, template-m1-balanced=994.2, curl-right=1162.3). MAP-Elites(8x8, morphologies=3): occupied=47, pending=192, in flight=38
19:19:20: 6588x RT, 109.8 creatures/sec. Fitness: best=3067.6, avg=1623.6, new=(qd-mutate=1064.5, qd-large-mutate=1192.8, template-m1-balanced=952.5, curl-left=674.5, curl-right=498.5). MAP-Elites(8x8, morphologies=3): occupied=47, pending=192, in flight=38
19:19:22: 6504x RT, 108.4 creatures/sec. Fitness: best=3067.6, avg=1623.6, new=(qd-large-mutate=1068.5, qd-mutate=1010.9, template-m1-balanced=1018.5, curl-left=803.4, curl-right=827.4). MAP-Elites(8x8, morphologies=3): occupied=47, pending=192, in flight=38
19:19:24: 6619x RT, 110.3 creatures/sec. Fitness: best=3067.6, avg=1623.6, new=(qd-mutate=994.1, template-m1-balanced=884.8, qd-large-mutate=1162.2, curl-right=1297.7, curl-left=787.1). MAP-Elites(8x8, morphologies=3): occupied=47, pending=192, in flight=38
19:19:26: 6564x RT, 109.4 creatures/sec. Fitness: best=3067.6, avg=1623.6, new=(qd-mutate=1036.3, qd-large-mutate=1058.0, curl-right=744.0, template-m1-balanced=1237.5). MAP-Elites(8x8, morphologies=3): occupied=47, pending=192, in flight=38
19:19:28: 6781x RT, 113.0 creatures/sec. Fitness: best=3067.6, avg=1623.6, new=(qd-large-mutate=1100.2, qd-mutate=1051.5, template-m1-balanced=861.8, curl-left=1001.8, curl-right=794.8). MAP-Elites(8x8, morphologies=3): occupied=47, pending=192, in flight=38
19:19:30: 6553x RT, 109.2 creatures/sec. Fitness: best=3067.6, avg=1623.6, new=(qd-mutate=1048.6, qd-large-mutate=1231.2, template-m1-balanced=867.6, curl-left=646.7). MAP-Elites(8x8, morphologies=3): occupied=47, pending=192, in flight=38
19:19:32: 6660x RT, 111.0 creatures/sec. Fitness: best=3067.6, avg=1623.6, new=(qd-mutate=1155.7, qd-large-mutate=1211.7, template-m1-balanced=899.2, curl-left=507.2). MAP-Elites(8x8, morphologies=3): occupied=47, pending=192, in flight=38
19:19:34: 6639x RT, 110.6 creatures/sec. Fitness: best=3067.6, avg=1623.6, new=(qd-mutate=944.7, qd-large-mutate=1142.6, curl-left=765.9, curl-right=897.2, template-m1-balanced=992.4). MAP-Elites(8x8, morphologies=3): occupied=47, pending=192, in flight=38
19:19:36: 6631x RT, 110.5 creatures/sec. Fitness: best=3067.6, avg=1623.6, new=(qd-large-mutate=1111.9, template-m1-balanced=937.0, qd-mutate=1163.2, curl-right=867.0, curl-left=746.2). MAP-Elites(8x8, morphologies=3): occupied=47, pending=192, in flight=38
19:19:38: 6719x RT, 112.0 creatures/sec. Fitness: best=3067.6, avg=1623.6, new=(qd-mutate=1077.5, qd-large-mutate=1033.8, curl-left=964.1, template-m1-balanced=952.3, curl-right=843.4). MAP-Elites(8x8, morphologies=3): occupied=47, pending=192, in flight=38
19:19:40: 6627x RT, 110.5 creatures/sec. Fitness: best=3067.6, avg=1623.6, new=(qd-mutate=1092.3, qd-large-mutate=1026.7, template-m1-balanced=892.7, curl-right=944.6, curl-left=997.8). MAP-Elites(8x8, morphologies=3): occupied=47, pending=192, in flight=38
5972050 bytes written to /Users/dag/projects/Machine-Evolved-credible-training/training-runs/me-v2-harmonic-qd-01-2h/config.json. 
19:19:42: 6454x RT, 107.6 creatures/sec. Fitness: best=3067.6, avg=1623.6, new=(qd-mutate=1123.0, qd-large-mutate=1160.0, curl-left=845.3, template-m1-balanced=1162.2, curl-right=609.3). MAP-Elites(8x8, morphologies=3): occupied=47, pending=192, in flight=38
19:19:44: 6697x RT, 111.6 creatures/sec. Fitness: best=3067.6, avg=1623.6, new=(qd-large-mutate=1164.4, qd-mutate=1155.6, template-m1-balanced=929.7, curl-left=925.1). MAP-Elites(8x8, morphologies=3): occupied=47, pending=192, in flight=38
19:19:47: 6625x RT, 110.4 creatures/sec. Fitness: best=3067.6, avg=1623.6, new=(qd-mutate=1071.0, qd-large-mutate=1183.3, curl-left=1053.3, curl-right=888.0, template-m1-balanced=942.5). MAP-Elites(8x8, morphologies=3): occupied=47, pending=192, in flight=38
19:19:49: 6713x RT, 111.9 creatures/sec. Fitness: best=3067.6, avg=1623.6, new=(qd-mutate=1125.5, qd-large-mutate=1098.0, template-m1-balanced=910.6, curl-left=824.3, curl-right=811.5). MAP-Elites(8x8, morphologies=3): occupied=47, pending=192, in flight=38
19:19:51: 6764x RT, 112.7 creatures/sec. Fitness: best=3067.6, avg=1623.6, new=(qd-mutate=1084.3, qd-large-mutate=1082.3, template-m1-balanced=879.7, curl-left=920.6, curl-right=1095.8). MAP-Elites(8x8, morphologies=3): occupied=47, pending=192, in flight=38
19:19:53: 6616x RT, 110.3 creatures/sec. Fitness: best=3067.6, avg=1623.6, new=(qd-mutate=1059.2, qd-large-mutate=1197.0, template-m1-balanced=1020.9, curl-left=1089.2, curl-right=911.6). MAP-Elites(8x8, morphologies=3): occupied=47, pending=192, in flight=38
19:19:55: 6516x RT, 108.6 creatures/sec. Fitness: best=3067.6, avg=1623.6, new=(qd-mutate=1130.4, curl-right=870.8, qd-large-mutate=1178.0, curl-left=783.1, template-m1-balanced=566.3). MAP-Elites(8x8, morphologies=3): occupied=47, pending=192, in flight=38
19:19:57: 6642x RT, 110.7 creatures/sec. Fitness: best=3067.6, avg=1623.6, new=(qd-mutate=1040.7, template-m1-balanced=801.0, qd-large-mutate=1142.9, curl-left=759.8, curl-right=752.4). MAP-Elites(8x8, morphologies=3): occupied=47, pending=192, in flight=38
19:19:59: 6580x RT, 109.7 creatures/sec. Fitness: best=3067.6, avg=1623.6, new=(qd-large-mutate=1148.3, qd-mutate=1087.8, template-m1-balanced=950.1, curl-right=686.6, curl-left=674.1). MAP-Elites(8x8, morphologies=3): occupied=47, pending=192, in flight=38
19:20:01: 6793x RT, 113.2 creatures/sec. Fitness: best=3067.6, avg=1623.6, new=(qd-mutate=1099.9, qd-large-mutate=1168.8, curl-right=893.2, curl-left=895.1, template-m1-balanced=836.9). MAP-Elites(8x8, morphologies=3): occupied=47, pending=192, in flight=38
19:20:03: 6616x RT, 110.3 creatures/sec. Fitness: best=3067.6, avg=1623.6, new=(template-m1-balanced=1029.4, qd-mutate=1171.6, qd-large-mutate=1070.9, curl-left=1121.1, curl-right=728.0). MAP-Elites(8x8, morphologies=3): occupied=47, pending=192, in flight=38
19:20:05: 6452x RT, 107.5 creatures/sec. Fitness: best=3067.6, avg=1623.6, new=(curl-left=949.7, qd-mutate=1191.1, qd-large-mutate=1020.6, curl-right=850.4, template-m1-balanced=799.4). MAP-Elites(8x8, morphologies=3): occupied=47, pending=192, in flight=38
19:20:07: 6174x RT, 102.9 creatures/sec. Fitness: best=3067.6, avg=1623.6, new=(qd-mutate=1042.4, qd-large-mutate=1089.6, template-m1-balanced=804.8, curl-left=948.1). MAP-Elites(8x8, morphologies=3): occupied=47, pending=192, in flight=38
19:20:09: 6367x RT, 106.1 creatures/sec. Fitness: best=3067.6, avg=1623.6, new=(qd-large-mutate=1182.6, qd-mutate=1036.9, template-m1-balanced=791.7, curl-right=1042.4, curl-left=965.7). MAP-Elites(8x8, morphologies=3): occupied=47, pending=192, in flight=38
19:20:11: 6710x RT, 111.8 creatures/sec. Fitness: best=3067.6, avg=1623.6, new=(template-m1-balanced=926.9, qd-mutate=1045.2, qd-large-mutate=1164.4, curl-left=881.1). MAP-Elites(8x8, morphologies=3): occupied=47, pending=192, in flight=38
19:20:13: 6532x RT, 108.9 creatures/sec. Fitness: best=3067.6, avg=1623.6, new=(qd-mutate=1085.7, qd-large-mutate=1135.1, curl-right=593.7, template-m1-balanced=922.2). MAP-Elites(8x8, morphologies=3): occupied=47, pending=192, in flight=38
19:20:15: 6759x RT, 112.7 creatures/sec. Fitness: best=3067.6, avg=1623.6, new=(qd-large-mutate=1238.7, qd-mutate=1078.5, curl-right=841.8, template-m1-balanced=871.7, curl-left=655.0). MAP-Elites(8x8, morphologies=3): occupied=47, pending=192, in flight=38
19:20:17: 6667x RT, 111.1 creatures/sec. Fitness: best=3067.6, avg=1623.6, new=(qd-mutate=1038.7, qd-large-mutate=1217.0, template-m1-balanced=927.1, curl-right=760.2, curl-left=592.2). MAP-Elites(8x8, morphologies=3): occupied=47, pending=192, in flight=38
19:20:19: 6459x RT, 107.7 creatures/sec. Fitness: best=3067.6, avg=1623.6, new=(qd-mutate=1207.8, template-m1-balanced=921.8, curl-right=795.3, qd-large-mutate=1167.7, curl-left=969.8). MAP-Elites(8x8, morphologies=3): occupied=47, pending=192, in flight=38
19:20:21: 6537x RT, 108.9 creatures/sec. Fitness: best=3067.6, avg=1623.6, new=(qd-large-mutate=1215.5, qd-mutate=1139.0, curl-left=828.4, curl-right=397.5). MAP-Elites(8x8, morphologies=3): occupied=47, pending=192, in flight=38
19:20:24: 6674x RT, 111.2 creatures/sec. Fitness: best=3067.6, avg=1623.6, new=(qd-mutate=1017.0, qd-large-mutate=1164.0, curl-right=731.1, curl-left=829.7, template-m1-balanced=921.9). MAP-Elites(8x8, morphologies=3): occupied=47, pending=192, in flight=38
19:20:26: 6589x RT, 109.8 creatures/sec. Fitness: best=3067.6, avg=1623.6, new=(template-m1-balanced=909.1, qd-mutate=1070.5, qd-large-mutate=1291.7, curl-left=808.9, curl-right=846.4). MAP-Elites(8x8, morphologies=3): occupied=47, pending=192, in flight=38
19:20:28: 6791x RT, 113.2 creatures/sec. Fitness: best=3067.6, avg=1623.6, new=(qd-mutate=1097.2, template-m1-balanced=927.4, curl-left=564.1, curl-right=758.2, qd-large-mutate=1047.5). MAP-Elites(8x8, morphologies=3): occupied=47, pending=192, in flight=38
19:20:30: 6618x RT, 110.3 creatures/sec. Fitness: best=3067.6, avg=1623.6, new=(qd-mutate=1074.0, qd-large-mutate=1249.2, template-m1-balanced=840.7, curl-left=863.9). MAP-Elites(8x8, morphologies=3): occupied=47, pending=192, in flight=38
19:20:32: 6436x RT, 107.3 creatures/sec. Fitness: best=3067.6, avg=1623.6, new=(qd-mutate=1055.2, qd-large-mutate=1116.3, curl-left=942.8, template-m1-balanced=790.4, curl-right=1001.6). MAP-Elites(8x8, morphologies=3): occupied=47, pending=192, in flight=38
19:20:34: 6517x RT, 108.6 creatures/sec. Fitness: best=3067.6, avg=1623.6, new=(qd-mutate=1062.2, qd-large-mutate=1011.8, curl-left=689.0, template-m1-balanced=885.0, curl-right=776.8). MAP-Elites(8x8, morphologies=3): occupied=47, pending=192, in flight=38
19:20:36: 6620x RT, 110.3 creatures/sec. Fitness: best=3067.6, avg=1623.6, new=(qd-large-mutate=1194.2, curl-left=739.5, qd-mutate=1123.0, curl-right=742.5, template-m1-balanced=869.9). MAP-Elites(8x8, morphologies=3): occupied=47, pending=192, in flight=38
19:20:38: 6728x RT, 112.1 creatures/sec. Fitness: best=3067.6, avg=1623.6, new=(qd-mutate=1014.7, template-m1-balanced=1035.9, curl-left=1105.9, qd-large-mutate=1303.2, curl-right=1019.7). MAP-Elites(8x8, morphologies=3): occupied=47, pending=192, in flight=38
19:20:40: 6579x RT, 109.6 creatures/sec. Fitness: best=3067.6, avg=1623.6, new=(qd-mutate=1102.1, qd-large-mutate=1161.5, template-m1-balanced=1119.2, curl-left=718.8, curl-right=1170.3). MAP-Elites(8x8, morphologies=3): occupied=47, pending=192, in flight=38
5971551 bytes written to /Users/dag/projects/Machine-Evolved-credible-training/training-runs/me-v2-harmonic-qd-01-2h/config.json. 
19:20:42: 6736x RT, 112.3 creatures/sec. Fitness: best=3067.6, avg=1623.6, new=(qd-mutate=1011.8, qd-large-mutate=1128.7, curl-left=829.2, template-m1-balanced=982.9, curl-right=619.5). MAP-Elites(8x8, morphologies=3): occupied=47, pending=192, in flight=38
19:20:44: 6659x RT, 111.0 creatures/sec. Fitness: best=3067.6, avg=1623.6, new=(qd-large-mutate=1156.0, qd-mutate=1144.0, template-m1-balanced=990.8, curl-left=864.5, curl-right=789.9). MAP-Elites(8x8, morphologies=3): occupied=47, pending=192, in flight=38
19:20:46: 6325x RT, 105.4 creatures/sec. Fitness: best=3067.6, avg=1623.6, new=(qd-mutate=984.5, qd-large-mutate=1065.4, curl-right=777.4, template-m1-balanced=986.4). MAP-Elites(8x8, morphologies=3): occupied=47, pending=192, in flight=38
19:20:48: 6786x RT, 113.1 creatures/sec. Fitness: best=3067.6, avg=1623.6, new=(qd-large-mutate=1180.3, qd-mutate=1152.9, curl-right=789.2, template-m1-balanced=1080.4, curl-left=618.0). MAP-Elites(8x8, morphologies=3): occupied=47, pending=192, in flight=38
19:20:50: 6584x RT, 109.7 creatures/sec. Fitness: best=3067.6, avg=1623.6, new=(qd-mutate=1006.3, qd-large-mutate=1120.6, curl-left=1086.7, curl-right=1094.1, template-m1-balanced=1000.8). MAP-Elites(8x8, morphologies=3): occupied=47, pending=192, in flight=38
19:20:52: 6702x RT, 111.7 creatures/sec. Fitness: best=3067.6, avg=1623.6, new=(qd-mutate=1122.3, curl-left=1050.7, qd-large-mutate=1096.9, template-m1-balanced=882.9, curl-right=694.2). MAP-Elites(8x8, morphologies=3): occupied=47, pending=192, in flight=38
19:20:54: 6764x RT, 112.7 creatures/sec. Fitness: best=3067.6, avg=1623.6, new=(qd-mutate=1141.9, template-m1-balanced=784.5, qd-large-mutate=1101.7, curl-left=887.9). MAP-Elites(8x8, morphologies=3): occupied=47, pending=192, in flight=38
19:20:56: 6351x RT, 105.9 creatures/sec. Fitness: best=3067.6, avg=1623.6, new=(qd-mutate=1059.0, template-m1-balanced=893.3, qd-large-mutate=1270.6, curl-left=682.8, curl-right=920.8). MAP-Elites(8x8, morphologies=3): occupied=47, pending=192, in flight=38
19:20:58: 6687x RT, 111.4 creatures/sec. Fitness: best=3067.6, avg=1623.6, new=(qd-mutate=1094.2, qd-large-mutate=1268.3, curl-left=716.2, template-m1-balanced=776.4, curl-right=1854.2). MAP-Elites(8x8, morphologies=3): occupied=47, pending=192, in flight=38
19:21:01: 6547x RT, 109.1 creatures/sec. Fitness: best=3067.6, avg=1623.6, new=(qd-mutate=985.0, template-m1-balanced=887.2, qd-large-mutate=1071.3, curl-right=853.3, curl-left=692.9). MAP-Elites(8x8, morphologies=3): occupied=47, pending=192, in flight=38
19:21:03: 6545x RT, 109.1 creatures/sec. Fitness: best=3067.6, avg=1623.6, new=(qd-mutate=1055.0, curl-left=965.3, qd-large-mutate=1202.5, template-m1-balanced=994.9, curl-right=884.0). MAP-Elites(8x8, morphologies=3): occupied=47, pending=192, in flight=38
19:21:05: 6656x RT, 110.9 creatures/sec. Fitness: best=3067.6, avg=1623.6, new=(qd-large-mutate=1077.3, curl-right=848.3, qd-mutate=1066.2, curl-left=760.8, template-m1-balanced=786.7). MAP-Elites(8x8, morphologies=3): occupied=47, pending=192, in flight=38
19:21:07: 6668x RT, 111.1 creatures/sec. Fitness: best=3067.6, avg=1623.6, new=(qd-mutate=1059.5, qd-large-mutate=1194.4, template-m1-balanced=872.2, curl-left=817.7, curl-right=1208.7). MAP-Elites(8x8, morphologies=3): occupied=47, pending=192, in flight=38
19:21:09: 6713x RT, 111.9 creatures/sec. Fitness: best=3067.6, avg=1623.6, new=(qd-mutate=1056.3, qd-large-mutate=1287.4, template-m1-balanced=915.2, curl-left=839.8, curl-right=886.2). MAP-Elites(8x8, morphologies=3): occupied=47, pending=192, in flight=38
19:21:11: 6700x RT, 111.7 creatures/sec. Fitness: best=3067.6, avg=1623.6, new=(qd-mutate=1091.1, qd-large-mutate=1232.1, curl-right=814.6, curl-left=861.6, template-m1-balanced=876.0). MAP-Elites(8x8, morphologies=3): occupied=47, pending=192, in flight=38
19:21:13: 6458x RT, 107.6 creatures/sec. Fitness: best=3067.6, avg=1623.6, new=(qd-large-mutate=996.8, qd-mutate=1148.6, curl-left=693.7, curl-right=1122.2, template-m1-balanced=951.6). MAP-Elites(8x8, morphologies=3): occupied=47, pending=192, in flight=38
19:21:15: 6674x RT, 111.2 creatures/sec. Fitness: best=3067.6, avg=1623.6, new=(qd-mutate=1095.3, qd-large-mutate=1206.6, template-m1-balanced=748.7, curl-left=891.1). MAP-Elites(8x8, morphologies=3): occupied=47, pending=192, in flight=38
19:21:17: 6643x RT, 110.7 creatures/sec. Fitness: best=3067.6, avg=1623.6, new=(qd-mutate=1131.6, qd-large-mutate=1144.7, template-m1-balanced=940.9, curl-left=879.9, curl-right=1197.1). MAP-Elites(8x8, morphologies=3): occupied=47, pending=192, in flight=38
19:21:19: 6498x RT, 108.3 creatures/sec. Fitness: best=3067.6, avg=1623.6, new=(qd-large-mutate=1188.7, qd-mutate=1055.2, curl-right=1034.3, template-m1-balanced=1005.1, curl-left=613.1). MAP-Elites(8x8, morphologies=3): occupied=47, pending=192, in flight=38
19:21:21: 6164x RT, 102.7 creatures/sec. Fitness: best=3067.6, avg=1623.6, new=(qd-mutate=1062.8, qd-large-mutate=1151.4, template-m1-balanced=930.1, curl-left=912.2). MAP-Elites(8x8, morphologies=3): occupied=47, pending=192, in flight=38
19:21:23: 6322x RT, 105.4 creatures/sec. Fitness: best=3067.6, avg=1623.6, new=(qd-mutate=1127.2, qd-large-mutate=1191.6, template-m1-balanced=896.6, curl-left=1051.9, curl-right=674.7). MAP-Elites(8x8, morphologies=3): occupied=47, pending=192, in flight=38
19:21:25: 6932x RT, 115.5 creatures/sec. Fitness: best=3067.6, avg=1623.6, new=(curl-left=1002.7, qd-large-mutate=1079.3, qd-mutate=1149.0, template-m1-balanced=715.7, curl-right=849.5). MAP-Elites(8x8, morphologies=3): occupied=47, pending=192, in flight=38
19:21:27: 6975x RT, 116.3 creatures/sec. Fitness: best=3067.6, avg=1623.6, new=(curl-left=917.0, qd-mutate=1155.0, qd-large-mutate=1044.9, curl-right=580.4, template-m1-balanced=1028.7). MAP-Elites(8x8, morphologies=3): occupied=47, pending=192, in flight=38
19:21:29: 6932x RT, 115.5 creatures/sec. Fitness: best=3067.6, avg=1623.6, new=(curl-left=651.3, template-m1-balanced=767.5, qd-large-mutate=1147.7, qd-mutate=1135.4, curl-right=935.8). MAP-Elites(8x8, morphologies=3): occupied=47, pending=192, in flight=38
19:21:31: 6879x RT, 114.6 creatures/sec. Fitness: best=3067.6, avg=1623.6, new=(qd-large-mutate=1203.8, qd-mutate=1068.2, curl-right=877.6, curl-left=538.2, template-m1-balanced=1014.1). MAP-Elites(8x8, morphologies=3): occupied=47, pending=192, in flight=38
19:21:33: 6887x RT, 114.8 creatures/sec. Fitness: best=3067.6, avg=1623.6, new=(qd-mutate=1051.1, qd-large-mutate=1022.6, curl-left=952.6, template-m1-balanced=862.2, curl-right=865.8). MAP-Elites(8x8, morphologies=3): occupied=47, pending=192, in flight=38
19:21:35: 7043x RT, 117.4 creatures/sec. Fitness: best=3067.6, avg=1623.6, new=(qd-mutate=1002.7, curl-left=714.6, qd-large-mutate=1199.5, template-m1-balanced=882.5, curl-right=745.6). MAP-Elites(8x8, morphologies=3): occupied=47, pending=192, in flight=38
19:21:38: 6972x RT, 116.2 creatures/sec. Fitness: best=3067.6, avg=1623.6, new=(qd-mutate=1078.7, qd-large-mutate=1197.4, template-m1-balanced=948.5, curl-right=806.3, curl-left=769.5). MAP-Elites(8x8, morphologies=3): occupied=47, pending=192, in flight=38
19:21:40: 7012x RT, 116.9 creatures/sec. Fitness: best=3067.6, avg=1623.6, new=(qd-mutate=1092.5, qd-large-mutate=1011.4, curl-left=834.3, curl-right=745.6, template-m1-balanced=896.2). MAP-Elites(8x8, morphologies=3): occupied=47, pending=192, in flight=38
19:21:42: 6896x RT, 114.9 creatures/sec. Fitness: best=3067.6, avg=1623.6, new=(qd-mutate=1175.8, curl-left=931.1, template-m1-balanced=940.6, qd-large-mutate=1055.3, curl-right=1206.1). MAP-Elites(8x8, morphologies=3): occupied=47, pending=192, in flight=38
5959876 bytes written to /Users/dag/projects/Machine-Evolved-credible-training/training-runs/me-v2-harmonic-qd-01-2h/config.json. 
19:21:44: 6828x RT, 113.8 creatures/sec. Fitness: best=3067.6, avg=1623.6, new=(qd-mutate=1100.3, qd-large-mutate=1204.4, curl-left=797.1, template-m1-balanced=726.2, curl-right=504.4). MAP-Elites(8x8, morphologies=3): occupied=47, pending=192, in flight=38
19:21:46: 6995x RT, 116.6 creatures/sec. Fitness: best=3067.6, avg=1623.6, new=(curl-right=882.3, qd-mutate=1152.7, qd-large-mutate=1207.8, curl-left=705.1, template-m1-balanced=1083.1). MAP-Elites(8x8, morphologies=3): occupied=47, pending=192, in flight=38
19:21:48: 6997x RT, 116.6 creatures/sec. Fitness: best=3067.6, avg=1623.6, new=(qd-large-mutate=1051.3, qd-mutate=1076.0, template-m1-balanced=927.4, curl-right=951.1, curl-left=624.9). MAP-Elites(8x8, morphologies=3): occupied=47, pending=192, in flight=38
19:21:50: 6866x RT, 114.4 creatures/sec. Fitness: best=3067.6, avg=1623.6, new=(template-m1-balanced=793.7, qd-mutate=1006.7, qd-large-mutate=1164.2, curl-right=617.2, curl-left=865.5). MAP-Elites(8x8, morphologies=3): occupied=47, pending=192, in flight=38
19:21:52: 7025x RT, 117.1 creatures/sec. Fitness: best=3067.6, avg=1623.6, new=(qd-mutate=1093.0, qd-large-mutate=1108.0, curl-left=869.7, template-m1-balanced=1000.3, curl-right=966.1). MAP-Elites(8x8, morphologies=3): occupied=47, pending=192, in flight=38
19:21:54: 7009x RT, 116.8 creatures/sec. Fitness: best=3067.6, avg=1623.6, new=(qd-mutate=1064.2, qd-large-mutate=1056.7, curl-left=1009.5, template-m1-balanced=821.2, curl-right=1049.2). MAP-Elites(8x8, morphologies=3): occupied=47, pending=192, in flight=38
19:21:56: 6947x RT, 115.8 creatures/sec. Fitness: best=3067.6, avg=1623.6, new=(qd-large-mutate=1176.8, qd-mutate=1120.5, curl-left=739.5, template-m1-balanced=996.1). MAP-Elites(8x8, morphologies=3): occupied=47, pending=192, in flight=38
19:21:58: 6919x RT, 115.3 creatures/sec. Fitness: best=3067.6, avg=1623.6, new=(qd-mutate=1185.2, qd-large-mutate=1088.9, template-m1-balanced=889.1, curl-right=837.5, curl-left=806.8). MAP-Elites(8x8, morphologies=3): occupied=47, pending=192, in flight=38
19:22:00: 6889x RT, 114.8 creatures/sec. Fitness: best=3067.6, avg=1623.6, new=(qd-mutate=1052.0, template-m1-balanced=990.2, qd-large-mutate=1322.6, curl-right=1169.8). MAP-Elites(8x8, morphologies=3): occupied=47, pending=192, in flight=38
19:22:02: 6982x RT, 116.4 creatures/sec. Fitness: best=3067.6, avg=1623.6, new=(qd-mutate=1204.4, curl-right=1163.8, qd-large-mutate=1124.4, template-m1-balanced=1150.6). MAP-Elites(8x8, morphologies=3): occupied=47, pending=192, in flight=38
19:22:04: 6964x RT, 116.1 creatures/sec. Fitness: best=3067.6, avg=1623.6, new=(template-m1-balanced=907.5, curl-right=1094.8, qd-mutate=1166.6, qd-large-mutate=1200.0, curl-left=696.9). MAP-Elites(8x8, morphologies=3): occupied=47, pending=192, in flight=38
19:22:06: 6960x RT, 116.0 creatures/sec. Fitness: best=3067.6, avg=1623.6, new=(qd-mutate=1132.7, qd-large-mutate=1097.6, curl-left=696.7, template-m1-balanced=1113.5, curl-right=771.3). MAP-Elites(8x8, morphologies=3): occupied=47, pending=192, in flight=38
19:22:09: 7023x RT, 117.0 creatures/sec. Fitness: best=3067.6, avg=1623.6, new=(qd-mutate=1126.0, qd-large-mutate=1164.5, template-m1-balanced=1100.6, curl-right=835.9, curl-left=980.5). MAP-Elites(8x8, morphologies=3): occupied=47, pending=192, in flight=38
19:22:11: 6936x RT, 115.6 creatures/sec. Fitness: best=3067.6, avg=1623.6, new=(qd-mutate=1102.4, qd-large-mutate=1109.7, template-m1-balanced=807.9, curl-right=1102.4, curl-left=649.3). MAP-Elites(8x8, morphologies=3): occupied=47, pending=192, in flight=38
19:22:13: 7027x RT, 117.1 creatures/sec. Fitness: best=3067.6, avg=1623.6, new=(qd-large-mutate=1237.1, qd-mutate=1152.5, curl-right=804.1, curl-left=637.2, template-m1-balanced=968.9). MAP-Elites(8x8, morphologies=3): occupied=47, pending=192, in flight=38
19:22:15: 6989x RT, 116.5 creatures/sec. Fitness: best=3067.6, avg=1623.6, new=(qd-mutate=1072.4, qd-large-mutate=1099.0, template-m1-balanced=899.6, curl-right=837.5, curl-left=680.1). MAP-Elites(8x8, morphologies=3): occupied=47, pending=192, in flight=38
19:22:17: 6896x RT, 114.9 creatures/sec. Fitness: best=3067.6, avg=1623.6, new=(qd-large-mutate=1152.6, qd-mutate=1043.0, template-m1-balanced=954.1, curl-right=1083.3, curl-left=995.7). MAP-Elites(8x8, morphologies=3): occupied=47, pending=192, in flight=38
19:22:19: 7088x RT, 118.1 creatures/sec. Fitness: best=3067.6, avg=1623.6, new=(qd-large-mutate=1173.4, qd-mutate=1014.3, template-m1-balanced=1156.0, curl-left=731.3, curl-right=1539.8). MAP-Elites(8x8, morphologies=3): occupied=47, pending=192, in flight=38
19:22:21: 6807x RT, 113.5 creatures/sec. Fitness: best=3067.6, avg=1623.6, new=(qd-mutate=1063.3, qd-large-mutate=1189.4, curl-right=1151.8, curl-left=876.2, template-m1-balanced=902.0). MAP-Elites(8x8, morphologies=3): occupied=47, pending=192, in flight=38
19:22:23: 6820x RT, 113.7 creatures/sec. Fitness: best=3067.6, avg=1623.6, new=(qd-mutate=1076.4, qd-large-mutate=1287.1, curl-left=823.0, template-m1-balanced=586.6, curl-right=740.7). MAP-Elites(8x8, morphologies=3): occupied=47, pending=192, in flight=38
19:22:25: 6478x RT, 108.0 creatures/sec. Fitness: best=3067.6, avg=1623.6, new=(qd-mutate=1111.9, qd-large-mutate=1157.0, template-m1-balanced=797.4, curl-left=845.3). MAP-Elites(8x8, morphologies=3): occupied=47, pending=192, in flight=38
19:22:27: 5731x RT, 95.5 creatures/sec. Fitness: best=3067.6, avg=1623.6, new=(qd-large-mutate=1097.0, qd-mutate=1119.0, curl-left=620.6, template-m1-balanced=803.7, curl-right=622.7). MAP-Elites(8x8, morphologies=3): occupied=47, pending=192, in flight=38
19:22:29: 6159x RT, 102.7 creatures/sec. Fitness: best=3067.6, avg=1623.6, new=(qd-mutate=1023.5, qd-large-mutate=1022.4, template-m1-balanced=1016.1, curl-right=725.1, curl-left=753.4). MAP-Elites(8x8, morphologies=3): occupied=47, pending=192, in flight=38
19:22:31: 6174x RT, 102.9 creatures/sec. Fitness: best=3067.6, avg=1623.6, new=(qd-mutate=1031.4, qd-large-mutate=1350.3, template-m1-balanced=756.6, curl-right=994.1, curl-left=977.8). MAP-Elites(8x8, morphologies=3): occupied=47, pending=192, in flight=38
19:22:33: 6910x RT, 115.2 creatures/sec. Fitness: best=3067.6, avg=1623.6, new=(qd-mutate=1051.7, qd-large-mutate=1012.9, template-m1-balanced=854.0, curl-left=933.5, curl-right=886.1). MAP-Elites(8x8, morphologies=3): occupied=47, pending=192, in flight=38
19:22:35: 7047x RT, 117.5 creatures/sec. Fitness: best=3067.6, avg=1623.6, new=(template-m1-balanced=1263.5, qd-mutate=1066.5, qd-large-mutate=1062.0, curl-left=834.6). MAP-Elites(8x8, morphologies=3): occupied=47, pending=192, in flight=38
19:22:37: 6883x RT, 114.7 creatures/sec. Fitness: best=3067.6, avg=1623.6, new=(qd-large-mutate=1216.0, qd-mutate=1065.2, template-m1-balanced=1158.6, curl-left=977.7). MAP-Elites(8x8, morphologies=3): occupied=47, pending=192, in flight=38
19:22:40: 6992x RT, 116.5 creatures/sec. Fitness: best=3067.6, avg=1623.6, new=(qd-mutate=1075.3, template-m1-balanced=999.1, qd-large-mutate=1063.9, curl-left=828.6, curl-right=651.9). MAP-Elites(8x8, morphologies=3): occupied=47, pending=192, in flight=38
19:22:42: 6997x RT, 116.6 creatures/sec. Fitness: best=3067.6, avg=1623.6, new=(qd-mutate=1093.0, curl-left=789.1, curl-right=645.9, qd-large-mutate=1144.2, template-m1-balanced=992.1). MAP-Elites(8x8, morphologies=3): occupied=47, pending=192, in flight=38
5952603 bytes written to /Users/dag/projects/Machine-Evolved-credible-training/training-runs/me-v2-harmonic-qd-01-2h/config.json. 
19:22:44: 6923x RT, 115.4 creatures/sec. Fitness: best=3067.6, avg=1623.6, new=(curl-left=990.7, qd-mutate=1066.7, template-m1-balanced=973.9, qd-large-mutate=974.6, curl-right=453.3). MAP-Elites(8x8, morphologies=3): occupied=47, pending=192, in flight=38
19:22:46: 6889x RT, 114.8 creatures/sec. Fitness: best=3067.6, avg=1623.6, new=(qd-mutate=1148.3, qd-large-mutate=1228.5, template-m1-balanced=850.3, curl-left=1167.5). MAP-Elites(8x8, morphologies=3): occupied=47, pending=192, in flight=38
19:22:48: 6487x RT, 108.1 creatures/sec. Fitness: best=3067.6, avg=1623.6, new=(template-m1-balanced=950.0, qd-mutate=1187.6, qd-large-mutate=958.2, curl-right=856.4, curl-left=1073.7). MAP-Elites(8x8, morphologies=3): occupied=47, pending=192, in flight=38
19:22:50: 6760x RT, 112.7 creatures/sec. Fitness: best=3067.6, avg=1623.6, new=(qd-mutate=1043.8, template-m1-balanced=886.9, qd-large-mutate=989.7, curl-right=747.5, curl-left=814.1). MAP-Elites(8x8, morphologies=3): occupied=47, pending=192, in flight=38
19:22:52: 6728x RT, 112.1 creatures/sec. Fitness: best=3067.6, avg=1623.6, new=(qd-mutate=1108.7, template-m1-balanced=994.5, qd-large-mutate=1187.9, curl-left=766.2, curl-right=987.4). MAP-Elites(8x8, morphologies=3): occupied=47, pending=192, in flight=38
19:22:54: 6710x RT, 111.8 creatures/sec. Fitness: best=3067.6, avg=1623.6, new=(template-m1-balanced=963.5, qd-large-mutate=1122.7, qd-mutate=1081.9, curl-right=826.3, curl-left=739.4). MAP-Elites(8x8, morphologies=3): occupied=47, pending=192, in flight=38
19:22:56: 6913x RT, 115.2 creatures/sec. Fitness: best=3067.6, avg=1623.6, new=(qd-mutate=1133.4, template-m1-balanced=880.7, qd-large-mutate=1059.1, curl-left=918.8, curl-right=950.9). MAP-Elites(8x8, morphologies=3): occupied=47, pending=192, in flight=38
19:22:58: 6761x RT, 112.7 creatures/sec. Fitness: best=3067.6, avg=1623.6, new=(qd-large-mutate=1122.7, qd-mutate=1131.4, template-m1-balanced=773.1, curl-right=1563.6). MAP-Elites(8x8, morphologies=3): occupied=47, pending=192, in flight=38
19:23:00: 6575x RT, 109.6 creatures/sec. Fitness: best=3067.6, avg=1623.6, new=(qd-mutate=1091.7, qd-large-mutate=1145.6, curl-right=903.3, template-m1-balanced=1082.9, curl-left=1317.7). MAP-Elites(8x8, morphologies=3): occupied=47, pending=192, in flight=38
19:23:02: 6853x RT, 114.2 creatures/sec. Fitness: best=3067.6, avg=1623.6, new=(qd-mutate=1135.9, qd-large-mutate=1199.4, template-m1-balanced=995.0, curl-left=728.5, curl-right=680.2). MAP-Elites(8x8, morphologies=3): occupied=47, pending=192, in flight=38
19:23:04: 6728x RT, 112.1 creatures/sec. Fitness: best=3067.6, avg=1623.6, new=(qd-mutate=1107.6, qd-large-mutate=1248.7, curl-right=874.0, template-m1-balanced=1092.0, curl-left=973.4). MAP-Elites(8x8, morphologies=3): occupied=47, pending=192, in flight=38
19:23:06: 6861x RT, 114.3 creatures/sec. Fitness: best=3067.6, avg=1623.6, new=(qd-large-mutate=1149.8, qd-mutate=1113.4, template-m1-balanced=1258.9, curl-left=942.2, curl-right=1196.0). MAP-Elites(8x8, morphologies=3): occupied=47, pending=192, in flight=38
19:23:08: 6779x RT, 113.0 creatures/sec. Fitness: best=3067.6, avg=1623.6, new=(qd-mutate=1044.6, qd-large-mutate=1016.4, curl-right=907.2, template-m1-balanced=1041.4). MAP-Elites(8x8, morphologies=3): occupied=47, pending=192, in flight=38
19:23:10: 6798x RT, 113.3 creatures/sec. Fitness: best=3067.6, avg=1623.6, new=(qd-large-mutate=1101.4, qd-mutate=1085.0, template-m1-balanced=821.0, curl-left=703.5, curl-right=1097.0). MAP-Elites(8x8, morphologies=3): occupied=47, pending=192, in flight=38
19:23:12: 6778x RT, 113.0 creatures/sec. Fitness: best=3067.6, avg=1623.6, new=(qd-mutate=983.1, qd-large-mutate=1087.8, curl-right=1002.8, template-m1-balanced=926.8, curl-left=789.1). MAP-Elites(8x8, morphologies=3): occupied=47, pending=192, in flight=38
19:23:15: 6729x RT, 112.1 creatures/sec. Fitness: best=3067.6, avg=1623.6, new=(qd-mutate=1221.3, qd-large-mutate=1083.0, curl-right=815.0, curl-left=873.1, template-m1-balanced=790.8). MAP-Elites(8x8, morphologies=3): occupied=47, pending=192, in flight=38
19:23:17: 6906x RT, 115.1 creatures/sec. Fitness: best=3067.6, avg=1623.6, new=(qd-mutate=1076.5, qd-large-mutate=1248.1, template-m1-balanced=1088.6, curl-right=746.5, curl-left=592.7). MAP-Elites(8x8, morphologies=3): occupied=47, pending=192, in flight=38
19:23:19: 6850x RT, 114.2 creatures/sec. Fitness: best=3067.6, avg=1623.6, new=(qd-mutate=1142.7, curl-left=1081.4, qd-large-mutate=1309.9, template-m1-balanced=1040.9, curl-right=830.6). MAP-Elites(8x8, morphologies=3): occupied=47, pending=192, in flight=38
19:23:21: 6762x RT, 112.7 creatures/sec. Fitness: best=3067.6, avg=1623.6, new=(qd-mutate=1122.6, qd-large-mutate=1151.5, template-m1-balanced=940.3, curl-right=540.4, curl-left=1309.7). MAP-Elites(8x8, morphologies=3): occupied=47, pending=192, in flight=38
19:23:23: 6893x RT, 114.9 creatures/sec. Fitness: best=3067.6, avg=1623.6, new=(qd-mutate=1105.2, qd-large-mutate=1056.5, curl-left=458.5, template-m1-balanced=1073.2). MAP-Elites(8x8, morphologies=3): occupied=47, pending=192, in flight=38
19:23:25: 6831x RT, 113.9 creatures/sec. Fitness: best=3067.6, avg=1623.6, new=(qd-large-mutate=1183.3, qd-mutate=1100.6, template-m1-balanced=995.8, curl-left=834.3, curl-right=720.9). MAP-Elites(8x8, morphologies=3): occupied=47, pending=192, in flight=38
19:23:27: 6516x RT, 108.6 creatures/sec. Fitness: best=3067.6, avg=1623.6, new=(qd-large-mutate=1108.0, qd-mutate=1113.9, curl-right=944.0, curl-left=807.6, template-m1-balanced=978.9). MAP-Elites(8x8, morphologies=3): occupied=47, pending=192, in flight=38
19:23:29: 5370x RT, 89.5 creatures/sec. Fitness: best=3067.6, avg=1623.6, new=(qd-mutate=1054.9, qd-large-mutate=1079.1, template-m1-balanced=1080.7, curl-left=867.1). MAP-Elites(8x8, morphologies=3): occupied=47, pending=192, in flight=38
19:23:31: 5746x RT, 95.8 creatures/sec. Fitness: best=3067.6, avg=1623.6, new=(qd-mutate=1087.6, qd-large-mutate=1072.9, curl-left=603.4, template-m1-balanced=870.0). MAP-Elites(8x8, morphologies=3): occupied=47, pending=192, in flight=38
19:23:33: 6813x RT, 113.5 creatures/sec. Fitness: best=3067.6, avg=1623.6, new=(curl-right=1032.7, qd-mutate=1047.6, template-m1-balanced=969.1, qd-large-mutate=1082.2, curl-left=702.8). MAP-Elites(8x8, morphologies=3): occupied=47, pending=192, in flight=38
19:23:35: 6517x RT, 108.6 creatures/sec. Fitness: best=3067.6, avg=1623.6, new=(qd-mutate=1074.2, curl-right=845.2, qd-large-mutate=1110.6, curl-left=859.2, template-m1-balanced=971.9). MAP-Elites(8x8, morphologies=3): occupied=47, pending=192, in flight=38
19:23:37: 6810x RT, 113.5 creatures/sec. Fitness: best=3067.6, avg=1623.6, new=(qd-mutate=1056.4, template-m1-balanced=1045.0, qd-large-mutate=1095.5, curl-left=693.4, curl-right=985.7). MAP-Elites(8x8, morphologies=3): occupied=47, pending=192, in flight=38
19:23:39: 6827x RT, 113.8 creatures/sec. Fitness: best=3067.6, avg=1623.6, new=(qd-mutate=1099.8, template-m1-balanced=1008.0, qd-large-mutate=1108.6, curl-right=907.0, curl-left=723.0). MAP-Elites(8x8, morphologies=3): occupied=47, pending=192, in flight=38
19:23:41: 6742x RT, 112.4 creatures/sec. Fitness: best=3067.6, avg=1623.6, new=(qd-large-mutate=1300.1, curl-right=847.7, qd-mutate=1132.5, template-m1-balanced=856.2, curl-left=826.0). MAP-Elites(8x8, morphologies=3): occupied=47, pending=192, in flight=38
5967772 bytes written to /Users/dag/projects/Machine-Evolved-credible-training/training-runs/me-v2-harmonic-qd-01-2h/config.json. 
19:23:43: 6903x RT, 115.1 creatures/sec. Fitness: best=3067.6, avg=1623.6, new=(curl-left=927.0, curl-right=903.4, qd-large-mutate=1159.1, qd-mutate=1117.9, template-m1-balanced=1145.6). MAP-Elites(8x8, morphologies=3): occupied=47, pending=192, in flight=38
19:23:45: 6881x RT, 114.7 creatures/sec. Fitness: best=3067.6, avg=1623.6, new=(qd-large-mutate=1198.1, curl-left=681.4, qd-mutate=1012.6, template-m1-balanced=947.5, curl-right=750.2). MAP-Elites(8x8, morphologies=3): occupied=47, pending=192, in flight=38
19:23:47: 6762x RT, 112.7 creatures/sec. Fitness: best=3067.6, avg=1623.6, new=(qd-large-mutate=1133.8, qd-mutate=1063.9, curl-right=729.4, template-m1-balanced=1032.4, curl-left=826.4). MAP-Elites(8x8, morphologies=3): occupied=47, pending=192, in flight=38
19:23:50: 6887x RT, 114.8 creatures/sec. Fitness: best=3067.6, avg=1623.6, new=(qd-mutate=1113.9, qd-large-mutate=1078.7, curl-right=702.1, curl-left=865.5, template-m1-balanced=871.6). MAP-Elites(8x8, morphologies=3): occupied=47, pending=192, in flight=38
19:23:52: 6628x RT, 110.5 creatures/sec. Fitness: best=3067.6, avg=1623.6, new=(qd-mutate=1085.6, qd-large-mutate=1032.2, curl-right=728.2, template-m1-balanced=755.6, curl-left=673.5). MAP-Elites(8x8, morphologies=3): occupied=47, pending=192, in flight=38
19:23:54: 6719x RT, 112.0 creatures/sec. Fitness: best=3067.6, avg=1623.6, new=(qd-large-mutate=1229.7, qd-mutate=1154.7, template-m1-balanced=1133.8, curl-left=907.9, curl-right=557.3). MAP-Elites(8x8, morphologies=3): occupied=47, pending=192, in flight=38
19:23:56: 6934x RT, 115.6 creatures/sec. Fitness: best=3067.6, avg=1623.6, new=(template-m1-balanced=1013.7, qd-mutate=1075.2, qd-large-mutate=1103.4, curl-right=834.5). MAP-Elites(8x8, morphologies=3): occupied=47, pending=192, in flight=38
19:23:58: 6666x RT, 111.1 creatures/sec. Fitness: best=3067.6, avg=1623.6, new=(qd-large-mutate=1142.1, qd-mutate=1197.2, curl-left=810.6, curl-right=607.7, template-m1-balanced=856.2). MAP-Elites(8x8, morphologies=3): occupied=47, pending=192, in flight=38
19:24:00: 6533x RT, 108.9 creatures/sec. Fitness: best=3067.6, avg=1623.6, new=(qd-mutate=1090.8, qd-large-mutate=1046.8, curl-left=1132.7, template-m1-balanced=976.7, curl-right=893.5). MAP-Elites(8x8, morphologies=3): occupied=47, pending=192, in flight=38
19:24:02: 4408x RT, 73.5 creatures/sec. Fitness: best=3067.6, avg=1623.6, new=(qd-large-mutate=1158.6, qd-mutate=1054.8, curl-left=780.2, template-m1-balanced=1263.2, curl-right=847.2). MAP-Elites(8x8, morphologies=3): occupied=47, pending=192, in flight=38
19:24:04: 6492x RT, 108.2 creatures/sec. Fitness: best=3067.6, avg=1623.6, new=(qd-large-mutate=1286.1, qd-mutate=1076.3, curl-left=951.0, curl-right=855.2, template-m1-balanced=1000.4). MAP-Elites(8x8, morphologies=3): occupied=47, pending=192, in flight=38
19:24:06: 6754x RT, 112.6 creatures/sec. Fitness: best=3067.6, avg=1623.6, new=(qd-mutate=1072.0, qd-large-mutate=1198.6, curl-right=1139.0, template-m1-balanced=1025.2). MAP-Elites(8x8, morphologies=3): occupied=47, pending=192, in flight=38
19:24:08: 6463x RT, 107.7 creatures/sec. Fitness: best=3067.6, avg=1623.6, new=(qd-mutate=1098.7, qd-large-mutate=1155.4, template-m1-balanced=866.8, curl-left=650.6). MAP-Elites(8x8, morphologies=3): occupied=47, pending=192, in flight=38
19:24:10: 6842x RT, 114.0 creatures/sec. Fitness: best=3067.6, avg=1623.6, new=(qd-large-mutate=1153.8, qd-mutate=1143.6, template-m1-balanced=988.3, curl-right=895.3, curl-left=882.9). MAP-Elites(8x8, morphologies=3): occupied=47, pending=192, in flight=38
19:24:12: 6607x RT, 110.1 creatures/sec. Fitness: best=3067.6, avg=1623.6, new=(qd-mutate=1058.7, curl-right=959.4, template-m1-balanced=644.7, qd-large-mutate=1110.9, curl-left=969.1). MAP-Elites(8x8, morphologies=3): occupied=47, pending=192, in flight=38
19:24:14: 6399x RT, 106.7 creatures/sec. Fitness: best=3067.6, avg=1623.6, new=(qd-mutate=1148.7, qd-large-mutate=1030.1, template-m1-balanced=943.7, curl-right=909.5, curl-left=587.5). MAP-Elites(8x8, morphologies=3): occupied=47, pending=192, in flight=38
19:24:16: 6659x RT, 111.0 creatures/sec. Fitness: best=3067.6, avg=1623.6, new=(qd-mutate=1067.5, qd-large-mutate=1138.6, template-m1-balanced=1203.2, curl-left=817.1). MAP-Elites(8x8, morphologies=3): occupied=47, pending=192, in flight=38
19:24:18: 6607x RT, 110.1 creatures/sec. Fitness: best=3067.6, avg=1623.6, new=(qd-large-mutate=1190.0, qd-mutate=1073.5, curl-left=751.1, template-m1-balanced=889.6, curl-right=843.1). MAP-Elites(8x8, morphologies=3): occupied=47, pending=192, in flight=38
19:24:20: 6759x RT, 112.6 creatures/sec. Fitness: best=3067.6, avg=1623.6, new=(qd-mutate=1094.3, qd-large-mutate=1142.1, template-m1-balanced=1039.4, curl-left=1096.9, curl-right=576.3). MAP-Elites(8x8, morphologies=3): occupied=47, pending=192, in flight=38
19:24:23: 6801x RT, 113.4 creatures/sec. Fitness: best=3067.6, avg=1623.6, new=(qd-large-mutate=1111.2, qd-mutate=1132.8, template-m1-balanced=972.8, curl-right=834.2, curl-left=898.6). MAP-Elites(8x8, morphologies=3): occupied=47, pending=192, in flight=38
19:24:25: 6676x RT, 111.3 creatures/sec. Fitness: best=3067.6, avg=1623.6, new=(qd-large-mutate=1189.4, qd-mutate=969.4, template-m1-balanced=801.7, curl-left=977.9, curl-right=572.7). MAP-Elites(8x8, morphologies=3): occupied=47, pending=192, in flight=38
19:24:27: 6487x RT, 108.1 creatures/sec. Fitness: best=3067.6, avg=1623.6, new=(qd-large-mutate=1181.0, qd-mutate=1059.5, curl-right=552.1, template-m1-balanced=616.9). MAP-Elites(8x8, morphologies=3): occupied=47, pending=192, in flight=38
19:24:29: 6720x RT, 112.0 creatures/sec. Fitness: best=3067.6, avg=1623.6, new=(qd-large-mutate=1234.3, qd-mutate=1105.2, template-m1-balanced=700.5, curl-right=889.9, curl-left=628.7). MAP-Elites(8x8, morphologies=3): occupied=47, pending=192, in flight=38
19:24:31: 6659x RT, 111.0 creatures/sec. Fitness: best=3067.6, avg=1623.6, new=(qd-mutate=1144.7, qd-large-mutate=1126.9, template-m1-balanced=1108.8, curl-right=750.1, curl-left=765.6). MAP-Elites(8x8, morphologies=3): occupied=47, pending=192, in flight=38
19:24:33: 6611x RT, 110.2 creatures/sec. Fitness: best=3067.6, avg=1623.6, new=(template-m1-balanced=946.4, qd-mutate=1048.6, qd-large-mutate=1171.6, curl-right=1012.4, curl-left=1042.5). MAP-Elites(8x8, morphologies=3): occupied=47, pending=192, in flight=38
19:24:35: 6588x RT, 109.8 creatures/sec. Fitness: best=3067.6, avg=1623.6, new=(curl-left=874.9, qd-mutate=1040.9, qd-large-mutate=1227.2, template-m1-balanced=1074.2, curl-right=944.9). MAP-Elites(8x8, morphologies=3): occupied=47, pending=192, in flight=38
19:24:37: 6792x RT, 113.2 creatures/sec. Fitness: best=3067.6, avg=1623.6, new=(qd-mutate=1151.6, qd-large-mutate=1219.7, curl-left=979.6, template-m1-balanced=650.5, curl-right=787.9). MAP-Elites(8x8, morphologies=3): occupied=47, pending=192, in flight=38
19:24:39: 6627x RT, 110.5 creatures/sec. Fitness: best=3067.6, avg=1623.6, new=(qd-mutate=1080.7, qd-large-mutate=1146.9, template-m1-balanced=1023.1, curl-left=613.2, curl-right=885.9). MAP-Elites(8x8, morphologies=3): occupied=47, pending=192, in flight=38
19:24:41: 6727x RT, 112.1 creatures/sec. Fitness: best=3067.6, avg=1630.5, new=(curl-left=850.3, qd-mutate=1128.7, curl-right=475.8, qd-large-mutate=1302.4, template-m1-balanced=991.1). MAP-Elites(8x8, morphologies=3): occupied=47, pending=192, in flight=38
5973720 bytes written to /Users/dag/projects/Machine-Evolved-credible-training/training-runs/me-v2-harmonic-qd-01-2h/config.json. 
19:24:43: 6753x RT, 112.6 creatures/sec. Fitness: best=3067.6, avg=1630.5, new=(qd-mutate=1019.3, qd-large-mutate=1198.3, curl-right=986.3, template-m1-balanced=1048.9, curl-left=695.9). MAP-Elites(8x8, morphologies=3): occupied=47, pending=192, in flight=38
19:24:45: 6573x RT, 109.6 creatures/sec. Fitness: best=3067.6, avg=1630.5, new=(qd-mutate=1062.0, qd-large-mutate=1258.1, template-m1-balanced=779.3, curl-left=956.3, curl-right=2006.0). MAP-Elites(8x8, morphologies=3): occupied=47, pending=192, in flight=38
19:24:47: 6827x RT, 113.8 creatures/sec. Fitness: best=3067.6, avg=1630.5, new=(template-m1-balanced=853.5, qd-mutate=1160.4, qd-large-mutate=1091.5, curl-right=927.4, curl-left=1000.1). MAP-Elites(8x8, morphologies=3): occupied=47, pending=192, in flight=38
19:24:49: 6838x RT, 114.0 creatures/sec. Fitness: best=3067.6, avg=1630.5, new=(qd-mutate=1130.7, qd-large-mutate=1094.4, curl-left=807.0, curl-right=923.0, template-m1-balanced=862.4). MAP-Elites(8x8, morphologies=3): occupied=47, pending=192, in flight=38
19:24:51: 6604x RT, 110.1 creatures/sec. Fitness: best=3067.6, avg=1630.5, new=(qd-mutate=1097.6, qd-large-mutate=1047.6, template-m1-balanced=927.4, curl-right=655.5, curl-left=768.3). MAP-Elites(8x8, morphologies=3): occupied=47, pending=192, in flight=38
19:24:53: 6800x RT, 113.3 creatures/sec. Fitness: best=3067.6, avg=1630.5, new=(qd-mutate=1170.1, qd-large-mutate=1110.5, template-m1-balanced=871.0, curl-right=945.0, curl-left=867.0). MAP-Elites(8x8, morphologies=3): occupied=47, pending=192, in flight=38
19:24:55: 6682x RT, 111.4 creatures/sec. Fitness: best=3067.6, avg=1630.5, new=(qd-mutate=1140.1, qd-large-mutate=1143.7, curl-left=876.7, template-m1-balanced=765.9, curl-right=439.8). MAP-Elites(8x8, morphologies=3): occupied=47, pending=192, in flight=38
19:24:58: 6745x RT, 112.4 creatures/sec. Fitness: best=3067.6, avg=1630.5, new=(qd-large-mutate=1312.5, qd-mutate=1081.2, curl-left=704.2, curl-right=793.2, template-m1-balanced=803.0). MAP-Elites(8x8, morphologies=3): occupied=47, pending=192, in flight=38
19:25:00: 6720x RT, 112.0 creatures/sec. Fitness: best=3067.6, avg=1630.5, new=(qd-mutate=1118.5, template-m1-balanced=966.0, qd-large-mutate=1139.3, curl-right=905.3, curl-left=825.2). MAP-Elites(8x8, morphologies=3): occupied=47, pending=192, in flight=38
19:25:02: 6619x RT, 110.3 creatures/sec. Fitness: best=3067.6, avg=1630.5, new=(qd-mutate=1061.6, qd-large-mutate=1297.1, curl-right=608.6, template-m1-balanced=1004.7, curl-left=820.5). MAP-Elites(8x8, morphologies=3): occupied=47, pending=192, in flight=38
19:25:04: 6847x RT, 114.1 creatures/sec. Fitness: best=3067.6, avg=1630.5, new=(qd-mutate=1121.4, curl-left=728.4, qd-large-mutate=1179.1, template-m1-balanced=1128.4). MAP-Elites(8x8, morphologies=3): occupied=47, pending=192, in flight=38
19:25:06: 6735x RT, 112.2 creatures/sec. Fitness: best=3067.6, avg=1630.5, new=(qd-mutate=1115.9, curl-left=700.7, template-m1-balanced=1058.2, qd-large-mutate=1015.1, curl-right=1029.3). MAP-Elites(8x8, morphologies=3): occupied=47, pending=192, in flight=38
19:25:08: 6786x RT, 113.1 creatures/sec. Fitness: best=3067.6, avg=1630.5, new=(qd-mutate=967.8, qd-large-mutate=978.2, curl-right=904.6, template-m1-balanced=729.5, curl-left=590.1). MAP-Elites(8x8, morphologies=3): occupied=47, pending=192, in flight=38
19:25:10: 6736x RT, 112.3 creatures/sec. Fitness: best=3067.6, avg=1630.5, new=(qd-mutate=1103.1, qd-large-mutate=1102.4, curl-right=1062.5, template-m1-balanced=1103.0). MAP-Elites(8x8, morphologies=3): occupied=47, pending=192, in flight=38
19:25:12: 6670x RT, 111.2 creatures/sec. Fitness: best=3067.6, avg=1630.5, new=(qd-mutate=1008.2, qd-large-mutate=1023.5, curl-right=871.6, template-m1-balanced=791.9, curl-left=560.1). MAP-Elites(8x8, morphologies=3): occupied=47, pending=192, in flight=38
19:25:14: 6806x RT, 113.4 creatures/sec. Fitness: best=3067.6, avg=1630.5, new=(qd-mutate=991.0, template-m1-balanced=1012.6, curl-right=720.7, qd-large-mutate=1249.3, curl-left=836.7). MAP-Elites(8x8, morphologies=3): occupied=47, pending=192, in flight=38
19:25:16: 6672x RT, 111.2 creatures/sec. Fitness: best=3067.6, avg=1630.5, new=(qd-large-mutate=988.6, qd-mutate=1102.4, template-m1-balanced=884.6, curl-left=898.6, curl-right=612.9). MAP-Elites(8x8, morphologies=3): occupied=47, pending=192, in flight=38
19:25:18: 6699x RT, 111.6 creatures/sec. Fitness: best=3067.6, avg=1630.5, new=(qd-mutate=1075.9, qd-large-mutate=1069.9, curl-left=858.3, template-m1-balanced=1202.0). MAP-Elites(8x8, morphologies=3): occupied=47, pending=192, in flight=38
19:25:20: 6724x RT, 112.1 creatures/sec. Fitness: best=3067.6, avg=1630.5, new=(qd-mutate=1047.1, template-m1-balanced=1009.7, qd-large-mutate=981.7, curl-left=816.0, curl-right=741.6). MAP-Elites(8x8, morphologies=3): occupied=47, pending=192, in flight=38
19:25:22: 6254x RT, 104.2 creatures/sec. Fitness: best=3067.6, avg=1630.5, new=(qd-mutate=1160.6, qd-large-mutate=1085.2, curl-left=990.2, template-m1-balanced=902.6, curl-right=846.1). MAP-Elites(8x8, morphologies=3): occupied=47, pending=192, in flight=38
19:25:24: 6413x RT, 106.9 creatures/sec. Fitness: best=3067.6, avg=1630.5, new=(qd-mutate=1024.2, qd-large-mutate=1135.3, curl-left=917.7, template-m1-balanced=1163.7, curl-right=694.3). MAP-Elites(8x8, morphologies=3): occupied=47, pending=192, in flight=38
19:25:26: 6555x RT, 109.2 creatures/sec. Fitness: best=3067.6, avg=1630.5, new=(qd-mutate=1037.4, qd-large-mutate=1284.8, curl-left=702.6, template-m1-balanced=1268.2, curl-right=1115.6). MAP-Elites(8x8, morphologies=3): occupied=47, pending=192, in flight=38
19:25:28: 6603x RT, 110.0 creatures/sec. Fitness: best=3067.6, avg=1630.5, new=(qd-mutate=1032.2, template-m1-balanced=939.4, qd-large-mutate=1076.9, curl-right=1031.0, curl-left=868.0). MAP-Elites(8x8, morphologies=3): occupied=47, pending=192, in flight=38
19:25:31: 6127x RT, 102.1 creatures/sec. Fitness: best=3067.6, avg=1630.5, new=(qd-mutate=1033.4, qd-large-mutate=1189.9, template-m1-balanced=1020.7, curl-left=650.6, curl-right=965.2). MAP-Elites(8x8, morphologies=3): occupied=47, pending=192, in flight=38
19:25:33: 6712x RT, 111.9 creatures/sec. Fitness: best=3067.6, avg=1630.5, new=(curl-left=951.7, qd-mutate=1063.5, curl-right=1040.5, qd-large-mutate=1093.0, template-m1-balanced=1158.9). MAP-Elites(8x8, morphologies=3): occupied=47, pending=192, in flight=38
19:25:35: 6734x RT, 112.2 creatures/sec. Fitness: best=3067.6, avg=1630.5, new=(qd-mutate=1033.4, qd-large-mutate=1059.9, template-m1-balanced=984.4, curl-left=729.9). MAP-Elites(8x8, morphologies=3): occupied=47, pending=192, in flight=38
19:25:37: 6746x RT, 112.4 creatures/sec. Fitness: best=3067.6, avg=1630.5, new=(qd-mutate=969.1, qd-large-mutate=1079.1, template-m1-balanced=866.5, curl-left=812.8, curl-right=900.2). MAP-Elites(8x8, morphologies=3): occupied=47, pending=192, in flight=38
19:25:39: 6604x RT, 110.1 creatures/sec. Fitness: best=3067.6, avg=1630.5, new=(qd-mutate=1123.9, curl-left=834.3, curl-right=1210.2, qd-large-mutate=1051.3, template-m1-balanced=780.1). MAP-Elites(8x8, morphologies=3): occupied=47, pending=192, in flight=38
19:25:41: 6780x RT, 113.0 creatures/sec. Fitness: best=3067.6, avg=1630.5, new=(template-m1-balanced=1073.4, qd-mutate=1225.3, qd-large-mutate=1020.0, curl-left=1133.3, curl-right=829.4). MAP-Elites(8x8, morphologies=3): occupied=47, pending=192, in flight=38
5952299 bytes written to /Users/dag/projects/Machine-Evolved-credible-training/training-runs/me-v2-harmonic-qd-01-2h/config.json. 
19:25:43: 6540x RT, 109.0 creatures/sec. Fitness: best=3067.6, avg=1630.5, new=(qd-mutate=1107.5, qd-large-mutate=1089.3, curl-right=776.5, template-m1-balanced=947.2, curl-left=707.8). MAP-Elites(8x8, morphologies=3): occupied=47, pending=192, in flight=38
19:25:45: 5924x RT, 98.7 creatures/sec. Fitness: best=3067.6, avg=1630.5, new=(qd-large-mutate=1212.6, qd-mutate=1084.5, template-m1-balanced=967.6, curl-left=1087.1, curl-right=878.5). MAP-Elites(8x8, morphologies=3): occupied=47, pending=192, in flight=38
19:25:47: 6827x RT, 113.8 creatures/sec. Fitness: best=3067.6, avg=1630.5, new=(qd-mutate=1055.4, qd-large-mutate=1091.4, curl-left=727.7, template-m1-balanced=687.1, curl-right=882.6). MAP-Elites(8x8, morphologies=3): occupied=47, pending=192, in flight=38
19:25:49: 6650x RT, 110.8 creatures/sec. Fitness: best=3067.6, avg=1630.5, new=(qd-mutate=1060.6, qd-large-mutate=1050.2, curl-right=634.4, curl-left=769.7). MAP-Elites(8x8, morphologies=3): occupied=47, pending=192, in flight=38
19:25:51: 6345x RT, 105.7 creatures/sec. Fitness: best=3067.6, avg=1630.5, new=(qd-large-mutate=1136.2, qd-mutate=1068.5, curl-right=1250.5, template-m1-balanced=958.1, curl-left=762.7). MAP-Elites(8x8, morphologies=3): occupied=47, pending=192, in flight=38
19:25:53: 5734x RT, 95.6 creatures/sec. Fitness: best=3067.6, avg=1630.5, new=(qd-mutate=1144.0, qd-large-mutate=1122.5, template-m1-balanced=824.4, curl-left=727.0, curl-right=890.7). MAP-Elites(8x8, morphologies=3): occupied=47, pending=192, in flight=38
19:25:55: 6642x RT, 110.7 creatures/sec. Fitness: best=3067.6, avg=1630.5, new=(qd-mutate=1039.0, qd-large-mutate=1280.0, curl-left=1051.3, template-m1-balanced=937.4, curl-right=1031.2). MAP-Elites(8x8, morphologies=3): occupied=47, pending=192, in flight=38
19:25:57: 6763x RT, 112.7 creatures/sec. Fitness: best=3067.6, avg=1630.5, new=(qd-mutate=1022.7, qd-large-mutate=1163.2, curl-left=1158.2, template-m1-balanced=1171.8, curl-right=1034.7). MAP-Elites(8x8, morphologies=3): occupied=47, pending=192, in flight=38
19:25:59: 6580x RT, 109.7 creatures/sec. Fitness: best=3067.6, avg=1630.5, new=(qd-mutate=1133.2, qd-large-mutate=1309.7, curl-right=518.0, curl-left=909.6, template-m1-balanced=735.8). MAP-Elites(8x8, morphologies=3): occupied=47, pending=192, in flight=38
19:26:02: 6695x RT, 111.6 creatures/sec. Fitness: best=3067.6, avg=1630.5, new=(qd-mutate=1104.3, qd-large-mutate=1137.2, curl-left=807.3, curl-right=848.2, template-m1-balanced=937.7). MAP-Elites(8x8, morphologies=3): occupied=47, pending=192, in flight=38
19:26:04: 6682x RT, 111.4 creatures/sec. Fitness: best=3067.6, avg=1630.5, new=(qd-large-mutate=1217.3, qd-mutate=1156.9, curl-left=1027.0, template-m1-balanced=1178.5, curl-right=738.6). MAP-Elites(8x8, morphologies=3): occupied=47, pending=192, in flight=38
19:26:06: 6648x RT, 110.8 creatures/sec. Fitness: best=3067.6, avg=1630.5, new=(qd-mutate=1133.4, qd-large-mutate=1175.9, template-m1-balanced=903.3, curl-right=889.9, curl-left=783.7). MAP-Elites(8x8, morphologies=3): occupied=47, pending=192, in flight=38
19:26:08: 6706x RT, 111.8 creatures/sec. Fitness: best=3067.6, avg=1630.5, new=(qd-mutate=1044.2, qd-large-mutate=1047.8, template-m1-balanced=1066.5, curl-right=1332.7, curl-left=716.7). MAP-Elites(8x8, morphologies=3): occupied=47, pending=192, in flight=38
19:26:10: 6475x RT, 107.9 creatures/sec. Fitness: best=3067.6, avg=1630.5, new=(qd-large-mutate=1345.4, qd-mutate=1051.0, curl-right=923.6, curl-left=920.1, template-m1-balanced=871.2). MAP-Elites(8x8, morphologies=3): occupied=47, pending=192, in flight=38
19:26:12: 6125x RT, 102.1 creatures/sec. Fitness: best=3067.6, avg=1630.5, new=(qd-large-mutate=1184.7, qd-mutate=977.1, template-m1-balanced=775.0, curl-left=817.2, curl-right=861.6). MAP-Elites(8x8, morphologies=3): occupied=47, pending=192, in flight=38
19:26:14: 6708x RT, 111.8 creatures/sec. Fitness: best=3067.6, avg=1630.5, new=(qd-mutate=1028.8, qd-large-mutate=1142.0, template-m1-balanced=954.6, curl-left=1014.0, curl-right=971.2). MAP-Elites(8x8, morphologies=3): occupied=47, pending=192, in flight=38
19:26:16: 6620x RT, 110.3 creatures/sec. Fitness: best=3067.6, avg=1630.5, new=(qd-large-mutate=1074.8, qd-mutate=1043.1, template-m1-balanced=872.3, curl-right=1017.4, curl-left=1026.5). MAP-Elites(8x8, morphologies=3): occupied=47, pending=192, in flight=38
19:26:18: 6712x RT, 111.9 creatures/sec. Fitness: best=3067.6, avg=1630.5, new=(curl-right=760.5, qd-mutate=1046.8, qd-large-mutate=1269.8, template-m1-balanced=1001.5, curl-left=764.0). MAP-Elites(8x8, morphologies=3): occupied=47, pending=192, in flight=38
19:26:20: 6730x RT, 112.2 creatures/sec. Fitness: best=3067.6, avg=1630.5, new=(qd-mutate=1112.8, qd-large-mutate=1184.7, template-m1-balanced=997.3, curl-right=1748.8, curl-left=813.2). MAP-Elites(8x8, morphologies=3): occupied=47, pending=192, in flight=38
19:26:22: 6067x RT, 101.1 creatures/sec. Fitness: best=3067.6, avg=1630.5, new=(qd-mutate=1039.5, qd-large-mutate=1146.8, template-m1-balanced=1203.6, curl-left=746.2, curl-right=982.8). MAP-Elites(8x8, morphologies=3): occupied=47, pending=192, in flight=38
19:26:24: 6617x RT, 110.3 creatures/sec. Fitness: best=3067.6, avg=1630.5, new=(curl-left=684.4, qd-mutate=1048.2, qd-large-mutate=957.7, curl-right=1071.4, template-m1-balanced=1061.0). MAP-Elites(8x8, morphologies=3): occupied=47, pending=192, in flight=38
19:26:27: 6632x RT, 110.5 creatures/sec. Fitness: best=3067.6, avg=1630.5, new=(qd-mutate=1078.6, qd-large-mutate=1035.9, curl-left=751.4, curl-right=503.1, template-m1-balanced=949.7). MAP-Elites(8x8, morphologies=3): occupied=47, pending=192, in flight=38
19:26:29: 6697x RT, 111.6 creatures/sec. Fitness: best=3067.6, avg=1630.5, new=(curl-right=933.0, qd-mutate=1081.4, qd-large-mutate=1140.5, curl-left=908.6, template-m1-balanced=1099.1). MAP-Elites(8x8, morphologies=3): occupied=47, pending=192, in flight=38
19:26:31: 6709x RT, 111.8 creatures/sec. Fitness: best=3067.6, avg=1630.5, new=(qd-mutate=1048.5, qd-large-mutate=1211.1, curl-left=930.5, curl-right=1183.6, template-m1-balanced=774.5). MAP-Elites(8x8, morphologies=3): occupied=47, pending=192, in flight=38
19:26:33: 6547x RT, 109.1 creatures/sec. Fitness: best=3067.6, avg=1630.5, new=(qd-mutate=1075.4, template-m1-balanced=986.8, curl-left=752.1, qd-large-mutate=1133.4, curl-right=1100.7). MAP-Elites(8x8, morphologies=3): occupied=47, pending=192, in flight=38
19:26:35: 6733x RT, 112.2 creatures/sec. Fitness: best=3067.6, avg=1630.5, new=(qd-mutate=1004.1, qd-large-mutate=1153.9, template-m1-balanced=829.3, curl-left=880.7, curl-right=711.3). MAP-Elites(8x8, morphologies=3): occupied=47, pending=192, in flight=38
19:26:37: 6540x RT, 109.0 creatures/sec. Fitness: best=3067.6, avg=1630.5, new=(qd-mutate=1003.6, qd-large-mutate=1174.6, template-m1-balanced=911.4, curl-right=943.9, curl-left=1004.2). MAP-Elites(8x8, morphologies=3): occupied=47, pending=192, in flight=38
19:26:39: 6693x RT, 111.6 creatures/sec. Fitness: best=3067.6, avg=1630.5, new=(qd-mutate=1077.1, template-m1-balanced=853.0, qd-large-mutate=1208.5, curl-left=920.8, curl-right=911.1). MAP-Elites(8x8, morphologies=3): occupied=47, pending=192, in flight=38
19:26:41: 6842x RT, 114.0 creatures/sec. Fitness: best=3067.6, avg=1630.5, new=(qd-mutate=1136.3, qd-large-mutate=1196.6, curl-right=719.4, curl-left=841.2, template-m1-balanced=917.6). MAP-Elites(8x8, morphologies=3): occupied=47, pending=192, in flight=38
5980843 bytes written to /Users/dag/projects/Machine-Evolved-credible-training/training-runs/me-v2-harmonic-qd-01-2h/config.json. 
19:26:43: 6569x RT, 109.5 creatures/sec. Fitness: best=3067.6, avg=1630.5, new=(qd-mutate=1052.0, qd-large-mutate=1181.8, template-m1-balanced=1086.5, curl-right=862.6, curl-left=598.5). MAP-Elites(8x8, morphologies=3): occupied=47, pending=192, in flight=38
19:26:45: 6763x RT, 112.7 creatures/sec. Fitness: best=3067.6, avg=1630.5, new=(qd-large-mutate=1105.0, qd-mutate=998.0, curl-right=940.8, template-m1-balanced=968.1, curl-left=703.6). MAP-Elites(8x8, morphologies=3): occupied=47, pending=192, in flight=38
19:26:47: 6732x RT, 112.2 creatures/sec. Fitness: best=3067.6, avg=1630.5, new=(qd-mutate=1121.8, qd-large-mutate=1046.6, template-m1-balanced=942.7, curl-left=683.7). MAP-Elites(8x8, morphologies=3): occupied=47, pending=192, in flight=38
19:26:49: 6699x RT, 111.6 creatures/sec. Fitness: best=3067.6, avg=1630.5, new=(qd-mutate=1099.0, qd-large-mutate=1193.7, template-m1-balanced=1000.0, curl-right=747.3, curl-left=989.6). MAP-Elites(8x8, morphologies=3): occupied=47, pending=192, in flight=38
19:26:51: 6770x RT, 112.8 creatures/sec. Fitness: best=3067.6, avg=1630.5, new=(curl-left=893.2, qd-mutate=1039.4, qd-large-mutate=1206.1, template-m1-balanced=951.7). MAP-Elites(8x8, morphologies=3): occupied=47, pending=192, in flight=38
19:26:53: 6710x RT, 111.8 creatures/sec. Fitness: best=3067.6, avg=1630.5, new=(qd-mutate=1076.0, curl-left=929.7, qd-large-mutate=956.3, curl-right=736.2, template-m1-balanced=954.9). MAP-Elites(8x8, morphologies=3): occupied=47, pending=192, in flight=38
19:26:55: 6772x RT, 112.9 creatures/sec. Fitness: best=3067.6, avg=1630.5, new=(qd-mutate=1048.9, qd-large-mutate=1046.5, template-m1-balanced=961.9, curl-right=794.6, curl-left=709.3). MAP-Elites(8x8, morphologies=3): occupied=47, pending=192, in flight=38
19:26:57: 6742x RT, 112.4 creatures/sec. Fitness: best=3067.6, avg=1630.5, new=(qd-large-mutate=1253.8, curl-right=795.1, qd-mutate=1106.3, template-m1-balanced=1026.8, curl-left=715.1). MAP-Elites(8x8, morphologies=3): occupied=47, pending=192, in flight=38
19:26:59: 6075x RT, 101.2 creatures/sec. Fitness: best=3067.6, avg=1630.5, new=(qd-mutate=1072.3, qd-large-mutate=974.1, template-m1-balanced=1045.0, curl-right=730.3, curl-left=639.0). MAP-Elites(8x8, morphologies=3): occupied=47, pending=192, in flight=38
19:27:01: 6721x RT, 112.0 creatures/sec. Fitness: best=3067.6, avg=1630.5, new=(qd-large-mutate=1049.3, template-m1-balanced=1161.9, qd-mutate=1095.0, curl-right=1007.2, curl-left=834.5). MAP-Elites(8x8, morphologies=3): occupied=47, pending=192, in flight=38
19:27:04: 6590x RT, 109.8 creatures/sec. Fitness: best=3067.6, avg=1630.5, new=(template-m1-balanced=968.9, qd-mutate=1118.4, qd-large-mutate=1092.7, curl-left=840.6, curl-right=449.2). MAP-Elites(8x8, morphologies=3): occupied=47, pending=192, in flight=38
19:27:06: 5582x RT, 93.0 creatures/sec. Fitness: best=3067.6, avg=1630.5, new=(qd-mutate=1048.8, qd-large-mutate=1117.8, curl-left=723.7, curl-right=819.7, template-m1-balanced=940.6). MAP-Elites(8x8, morphologies=3): occupied=47, pending=192, in flight=38
19:27:08: 1662x RT, 27.7 creatures/sec. Fitness: best=3067.6, avg=1630.5, new=(qd-large-mutate=1370.1, qd-mutate=997.4). MAP-Elites(8x8, morphologies=3): occupied=47, pending=192, in flight=38
19:27:10: 2171x RT, 36.2 creatures/sec. Fitness: best=3067.6, avg=1630.5, new=(qd-mutate=1020.2, curl-right=741.6, qd-large-mutate=1383.0, template-m1-balanced=712.4). MAP-Elites(8x8, morphologies=3): occupied=47, pending=192, in flight=38
19:27:12: 2337x RT, 38.9 creatures/sec. Fitness: best=3067.6, avg=1630.5, new=(qd-mutate=1116.6, curl-right=594.5, qd-large-mutate=1273.0, template-m1-balanced=1062.8, curl-left=1708.5). MAP-Elites(8x8, morphologies=3): occupied=47, pending=192, in flight=38
19:27:14: 2478x RT, 41.3 creatures/sec. Fitness: best=3067.6, avg=1630.5, new=(qd-large-mutate=1140.4, qd-mutate=1096.1, curl-right=698.7, curl-left=832.4, template-m1-balanced=835.5). MAP-Elites(8x8, morphologies=3): occupied=47, pending=192, in flight=38
19:27:16: 2703x RT, 45.0 creatures/sec. Fitness: best=3067.6, avg=1630.5, new=(qd-large-mutate=1281.3, qd-mutate=1153.8, curl-left=950.1, template-m1-balanced=904.6). MAP-Elites(8x8, morphologies=3): occupied=47, pending=192, in flight=38
19:27:18: 2686x RT, 44.8 creatures/sec. Fitness: best=3067.6, avg=1630.5, new=(qd-mutate=1092.2, curl-left=976.8, qd-large-mutate=1085.7, template-m1-balanced=930.3). MAP-Elites(8x8, morphologies=3): occupied=47, pending=192, in flight=38
19:27:20: 4051x RT, 67.5 creatures/sec. Fitness: best=3067.6, avg=1630.5, new=(qd-mutate=1141.5, curl-left=801.3, qd-large-mutate=1149.6, template-m1-balanced=1149.7). MAP-Elites(8x8, morphologies=3): occupied=47, pending=192, in flight=38
19:27:22: 5598x RT, 93.3 creatures/sec. Fitness: best=3067.6, avg=1630.5, new=(qd-mutate=1121.2, qd-large-mutate=1200.9, curl-right=876.4, template-m1-balanced=779.9, curl-left=875.7). MAP-Elites(8x8, morphologies=3): occupied=47, pending=192, in flight=38
19:27:24: 6115x RT, 101.9 creatures/sec. Fitness: best=3067.6, avg=1630.5, new=(qd-mutate=1036.6, qd-large-mutate=1066.0, curl-left=1100.4, template-m1-balanced=964.1, curl-right=882.1). MAP-Elites(8x8, morphologies=3): occupied=47, pending=192, in flight=38
19:27:26: 6630x RT, 110.5 creatures/sec. Fitness: best=3067.6, avg=1630.7, new=(qd-large-mutate=1168.1, qd-mutate=1034.2, template-m1-balanced=1035.6, curl-right=832.4). MAP-Elites(8x8, morphologies=3): occupied=47, pending=192, in flight=38
19:27:28: 6814x RT, 113.6 creatures/sec. Fitness: best=3067.6, avg=1630.7, new=(qd-mutate=960.8, qd-large-mutate=1205.4, curl-right=857.5, template-m1-balanced=1002.1, curl-left=578.3). MAP-Elites(8x8, morphologies=3): occupied=47, pending=192, in flight=38
19:27:30: 6562x RT, 109.4 creatures/sec. Fitness: best=3067.6, avg=1630.7, new=(qd-mutate=1112.2, curl-left=1162.1, curl-right=846.0, qd-large-mutate=1133.0, template-m1-balanced=993.1). MAP-Elites(8x8, morphologies=3): occupied=47, pending=192, in flight=38
19:27:32: 6642x RT, 110.7 creatures/sec. Fitness: best=3067.6, avg=1630.7, new=(qd-mutate=1117.0, qd-large-mutate=1269.3, curl-right=608.3, template-m1-balanced=891.8, curl-left=753.8). MAP-Elites(8x8, morphologies=3): occupied=47, pending=192, in flight=38
19:27:34: 6718x RT, 112.0 creatures/sec. Fitness: best=3067.6, avg=1630.7, new=(qd-large-mutate=1106.4, qd-mutate=1111.4, template-m1-balanced=805.6, curl-left=1065.1). MAP-Elites(8x8, morphologies=3): occupied=47, pending=192, in flight=38
19:27:36: 6613x RT, 110.2 creatures/sec. Fitness: best=3067.6, avg=1630.7, new=(qd-large-mutate=1076.0, template-m1-balanced=929.8, qd-mutate=1120.5, curl-left=824.0, curl-right=624.8). MAP-Elites(8x8, morphologies=3): occupied=47, pending=192, in flight=38
19:27:38: 6411x RT, 106.9 creatures/sec. Fitness: best=3067.6, avg=1630.7, new=(qd-large-mutate=1132.0, qd-mutate=1098.3, curl-right=750.9, template-m1-balanced=943.6). MAP-Elites(8x8, morphologies=3): occupied=47, pending=192, in flight=38
19:27:40: 6636x RT, 110.6 creatures/sec. Fitness: best=3067.6, avg=1630.7, new=(qd-large-mutate=1123.6, qd-mutate=992.5, template-m1-balanced=867.0, curl-left=620.3, curl-right=1127.7). MAP-Elites(8x8, morphologies=3): occupied=47, pending=192, in flight=38
5984561 bytes written to /Users/dag/projects/Machine-Evolved-credible-training/training-runs/me-v2-harmonic-qd-01-2h/config.json. 
19:27:43: 6421x RT, 107.0 creatures/sec. Fitness: best=3067.6, avg=1630.7, new=(qd-mutate=964.1, template-m1-balanced=882.6, qd-large-mutate=1124.0, curl-left=734.2, curl-right=1121.5). MAP-Elites(8x8, morphologies=3): occupied=47, pending=192, in flight=38
19:27:45: 6841x RT, 114.0 creatures/sec. Fitness: best=3067.6, avg=1630.7, new=(qd-mutate=1062.4, qd-large-mutate=1027.0, curl-left=1104.4, curl-right=868.6, template-m1-balanced=766.0). MAP-Elites(8x8, morphologies=3): occupied=47, pending=192, in flight=38
19:27:47: 6650x RT, 110.8 creatures/sec. Fitness: best=3067.6, avg=1630.7, new=(qd-mutate=1122.6, qd-large-mutate=1147.7, curl-left=681.3, template-m1-balanced=905.7, curl-right=833.9). MAP-Elites(8x8, morphologies=3): occupied=47, pending=192, in flight=38
19:27:49: 6749x RT, 112.5 creatures/sec. Fitness: best=3067.6, avg=1630.7, new=(qd-mutate=1144.1, template-m1-balanced=1121.4, curl-right=789.2, qd-large-mutate=1185.2, curl-left=881.9). MAP-Elites(8x8, morphologies=3): occupied=47, pending=192, in flight=38
19:27:51: 6849x RT, 114.2 creatures/sec. Fitness: best=3067.6, avg=1630.7, new=(qd-large-mutate=1114.1, qd-mutate=1103.4, curl-left=981.6, template-m1-balanced=1056.7, curl-right=870.2). MAP-Elites(8x8, morphologies=3): occupied=47, pending=192, in flight=38
19:27:53: 6289x RT, 104.8 creatures/sec. Fitness: best=3067.6, avg=1630.7, new=(qd-large-mutate=1109.4, qd-mutate=1085.6, template-m1-balanced=925.1, curl-left=764.2). MAP-Elites(8x8, morphologies=3): occupied=47, pending=192, in flight=38
19:27:55: 2134x RT, 35.6 creatures/sec. Fitness: best=3067.6, avg=1630.7, new=(template-m1-balanced=882.1, qd-mutate=1072.0, qd-large-mutate=960.8). MAP-Elites(8x8, morphologies=3): occupied=47, pending=192, in flight=38
19:27:57: 2069x RT, 34.5 creatures/sec. Fitness: best=3067.6, avg=1630.7, new=(template-m1-balanced=764.7, qd-mutate=914.3, qd-large-mutate=1079.8, curl-right=586.2). MAP-Elites(8x8, morphologies=3): occupied=47, pending=192, in flight=38
19:27:59: 2171x RT, 36.2 creatures/sec. Fitness: best=3067.6, avg=1630.7, new=(template-m1-balanced=820.8, curl-right=1062.2, qd-large-mutate=1187.6, qd-mutate=1088.8). MAP-Elites(8x8, morphologies=3): occupied=47, pending=192, in flight=38
19:28:01: 2472x RT, 41.2 creatures/sec. Fitness: best=3067.6, avg=1630.7, new=(qd-mutate=1028.2, curl-right=741.8, qd-large-mutate=910.3, template-m1-balanced=1132.8). MAP-Elites(8x8, morphologies=3): occupied=47, pending=192, in flight=38
19:28:03: 2237x RT, 37.3 creatures/sec. Fitness: best=3067.6, avg=1630.7, new=(qd-mutate=982.3, qd-large-mutate=1124.7, curl-right=770.1, template-m1-balanced=1103.7). MAP-Elites(8x8, morphologies=3): occupied=47, pending=192, in flight=38
19:28:05: 2438x RT, 40.6 creatures/sec. Fitness: best=3067.6, avg=1630.7, new=(qd-mutate=922.4, curl-right=828.7, template-m1-balanced=1057.4, qd-large-mutate=1001.5). MAP-Elites(8x8, morphologies=3): occupied=47, pending=192, in flight=38
19:28:07: 2514x RT, 41.9 creatures/sec. Fitness: best=3067.6, avg=1630.7, new=(qd-mutate=957.8, qd-large-mutate=1010.3, curl-left=859.1, template-m1-balanced=699.3). MAP-Elites(8x8, morphologies=3): occupied=47, pending=192, in flight=38
19:28:09: 3834x RT, 63.9 creatures/sec. Fitness: best=3067.6, avg=1630.7, new=(qd-large-mutate=1045.4, qd-mutate=1107.7, template-m1-balanced=921.7). MAP-Elites(8x8, morphologies=3): occupied=47, pending=192, in flight=38
19:28:11: 4245x RT, 70.8 creatures/sec. Fitness: best=3067.6, avg=1630.7, new=(qd-mutate=1023.6, qd-large-mutate=1058.0, template-m1-balanced=822.7, curl-left=617.6). MAP-Elites(8x8, morphologies=3): occupied=47, pending=192, in flight=38
19:28:13: 5319x RT, 88.6 creatures/sec. Fitness: best=3067.6, avg=1630.7, new=(curl-left=697.4, qd-mutate=1005.0, qd-large-mutate=1115.2, template-m1-balanced=1047.0). MAP-Elites(8x8, morphologies=3): occupied=47, pending=192, in flight=38
19:28:15: 6615x RT, 110.2 creatures/sec. Fitness: best=3067.6, avg=1630.7, new=(qd-mutate=984.0, qd-large-mutate=1065.6, template-m1-balanced=929.0, curl-left=708.0, curl-right=866.4). MAP-Elites(8x8, morphologies=3): occupied=47, pending=192, in flight=38
19:28:17: 6667x RT, 111.1 creatures/sec. Fitness: best=3067.6, avg=1630.7, new=(qd-mutate=1036.9, qd-large-mutate=1065.8, template-m1-balanced=1055.9, curl-left=1046.4, curl-right=565.9). MAP-Elites(8x8, morphologies=3): occupied=47, pending=192, in flight=38
19:28:19: 6611x RT, 110.2 creatures/sec. Fitness: best=3067.6, avg=1630.7, new=(qd-large-mutate=1027.5, qd-mutate=1092.3, template-m1-balanced=864.9, curl-left=892.1). MAP-Elites(8x8, morphologies=3): occupied=47, pending=192, in flight=38
19:28:21: 6705x RT, 111.8 creatures/sec. Fitness: best=3067.6, avg=1630.7, new=(qd-mutate=1069.9, qd-large-mutate=1074.8, template-m1-balanced=1063.9, curl-right=681.4). MAP-Elites(8x8, morphologies=3): occupied=47, pending=192, in flight=38
19:28:24: 6374x RT, 106.2 creatures/sec. Fitness: best=3067.6, avg=1630.7, new=(qd-mutate=1098.5, qd-large-mutate=1068.5, curl-right=719.4, template-m1-balanced=1113.2). MAP-Elites(8x8, morphologies=3): occupied=47, pending=192, in flight=38
19:28:26: 5987x RT, 99.8 creatures/sec. Fitness: best=3067.6, avg=1630.7, new=(template-m1-balanced=978.4, qd-large-mutate=1143.0, qd-mutate=1127.8, curl-right=756.2, curl-left=845.3). MAP-Elites(8x8, morphologies=3): occupied=47, pending=192, in flight=38
19:28:28: 6166x RT, 102.8 creatures/sec. Fitness: best=3067.6, avg=1630.7, new=(qd-mutate=1105.2, qd-large-mutate=1060.3, template-m1-balanced=1015.5, curl-left=1084.2). MAP-Elites(8x8, morphologies=3): occupied=47, pending=192, in flight=38
19:28:30: 2308x RT, 38.5 creatures/sec. Fitness: best=3067.6, avg=1630.7, new=(qd-mutate=1030.4, qd-large-mutate=1097.9, template-m1-balanced=1080.9). MAP-Elites(8x8, morphologies=3): occupied=47, pending=192, in flight=38
19:28:32: 1991x RT, 33.2 creatures/sec. Fitness: best=3067.6, avg=1630.7, new=(qd-large-mutate=1100.0, qd-mutate=1049.5). MAP-Elites(8x8, morphologies=3): occupied=47, pending=192, in flight=38
19:28:34: 2162x RT, 36.0 creatures/sec. Fitness: best=3067.6, avg=1630.7, new=(qd-large-mutate=1086.2, qd-mutate=1097.8, template-m1-balanced=657.3, curl-right=967.9). MAP-Elites(8x8, morphologies=3): occupied=47, pending=192, in flight=38
19:28:36: 2487x RT, 41.4 creatures/sec. Fitness: best=3067.6, avg=1630.7, new=(qd-large-mutate=1010.8, qd-mutate=1116.8, curl-right=702.7, template-m1-balanced=429.7). MAP-Elites(8x8, morphologies=3): occupied=47, pending=192, in flight=38
19:28:38: 2502x RT, 41.7 creatures/sec. Fitness: best=3067.6, avg=1630.7, new=(qd-large-mutate=1055.3, qd-mutate=1027.8, curl-left=687.8, curl-right=778.2). MAP-Elites(8x8, morphologies=3): occupied=47, pending=192, in flight=38
19:28:40: 2561x RT, 42.7 creatures/sec. Fitness: best=3067.6, avg=1630.7, new=(qd-mutate=1142.6, curl-left=963.3, qd-large-mutate=1146.6, curl-right=894.5, template-m1-balanced=852.6). MAP-Elites(8x8, morphologies=3): occupied=47, pending=192, in flight=38
19:28:42: 2639x RT, 44.0 creatures/sec. Fitness: best=3067.6, avg=1630.7, new=(qd-mutate=1044.3, qd-large-mutate=1221.5, curl-right=876.5, template-m1-balanced=893.7, curl-left=1021.3). MAP-Elites(8x8, morphologies=3): occupied=47, pending=192, in flight=38
5971346 bytes written to /Users/dag/projects/Machine-Evolved-credible-training/training-runs/me-v2-harmonic-qd-01-2h/config.json. 
19:28:44: 3814x RT, 63.6 creatures/sec. Fitness: best=3067.6, avg=1630.7, new=(qd-large-mutate=1221.7, qd-mutate=1126.7, template-m1-balanced=1347.4, curl-left=1208.3, curl-right=1142.6). MAP-Elites(8x8, morphologies=3): occupied=47, pending=192, in flight=38
19:28:46: 4901x RT, 81.7 creatures/sec. Fitness: best=3067.6, avg=1630.7, new=(qd-large-mutate=1090.4, qd-mutate=1065.0, curl-left=1020.0, curl-right=978.6, template-m1-balanced=1037.9). MAP-Elites(8x8, morphologies=3): occupied=47, pending=192, in flight=38
19:28:48: 5482x RT, 91.4 creatures/sec. Fitness: best=3067.6, avg=1630.7, new=(qd-mutate=1143.2, qd-large-mutate=1017.5, template-m1-balanced=922.1, curl-left=830.0, curl-right=767.8). MAP-Elites(8x8, morphologies=3): occupied=47, pending=192, in flight=38
19:28:50: 5911x RT, 98.5 creatures/sec. Fitness: best=3067.6, avg=1630.7, new=(qd-large-mutate=1104.7, qd-mutate=1112.9, template-m1-balanced=782.5, curl-right=985.9, curl-left=689.5). MAP-Elites(8x8, morphologies=3): occupied=47, pending=192, in flight=38
19:28:52: 6136x RT, 102.3 creatures/sec. Fitness: best=3067.6, avg=1630.7, new=(template-m1-balanced=734.0, qd-mutate=1073.7, qd-large-mutate=988.1, curl-left=957.4, curl-right=1067.3). MAP-Elites(8x8, morphologies=3): occupied=47, pending=192, in flight=38
19:28:54: 6119x RT, 102.0 creatures/sec. Fitness: best=3067.6, avg=1630.7, new=(curl-left=930.6, qd-mutate=1090.5, qd-large-mutate=1153.1, curl-right=846.3, template-m1-balanced=871.0). MAP-Elites(8x8, morphologies=3): occupied=47, pending=192, in flight=38
19:28:56: 6052x RT, 100.9 creatures/sec. Fitness: best=3067.6, avg=1630.7, new=(qd-mutate=1076.6, qd-large-mutate=1302.2, template-m1-balanced=898.8, curl-right=1073.9). MAP-Elites(8x8, morphologies=3): occupied=47, pending=192, in flight=38
19:28:58: 5992x RT, 99.9 creatures/sec. Fitness: best=3067.6, avg=1630.7, new=(template-m1-balanced=1053.3, qd-mutate=1103.0, curl-right=781.5, qd-large-mutate=992.1). MAP-Elites(8x8, morphologies=3): occupied=47, pending=192, in flight=38
19:29:00: 4916x RT, 81.9 creatures/sec. Fitness: best=3067.6, avg=1630.7, new=(qd-mutate=1128.1, qd-large-mutate=1049.6, curl-left=792.3, template-m1-balanced=1036.1). MAP-Elites(8x8, morphologies=3): occupied=47, pending=192, in flight=38
19:29:02: 2568x RT, 42.8 creatures/sec. Fitness: best=3067.6, avg=1630.7, new=(qd-mutate=1056.1, qd-large-mutate=1344.0, template-m1-balanced=1164.5, curl-left=520.3). MAP-Elites(8x8, morphologies=3): occupied=47, pending=192, in flight=38
19:29:05: 2319x RT, 38.6 creatures/sec. Fitness: best=3067.6, avg=1630.7, new=(qd-large-mutate=1137.2, qd-mutate=1173.5, curl-left=1206.3, template-m1-balanced=727.2, curl-right=649.2). MAP-Elites(8x8, morphologies=3): occupied=47, pending=192, in flight=38
19:29:07: 3591x RT, 59.8 creatures/sec. Fitness: best=3067.6, avg=1630.7, new=(qd-mutate=1032.5, qd-large-mutate=995.5, template-m1-balanced=807.8, curl-left=845.1, curl-right=1101.6). MAP-Elites(8x8, morphologies=3): occupied=47, pending=192, in flight=38
19:29:09: 3713x RT, 61.9 creatures/sec. Fitness: best=3067.6, avg=1630.7, new=(qd-mutate=1149.3, qd-large-mutate=1206.2, template-m1-balanced=823.7, curl-right=1291.2). MAP-Elites(8x8, morphologies=3): occupied=47, pending=192, in flight=38
19:29:11: 3802x RT, 63.4 creatures/sec. Fitness: best=3067.6, avg=1630.7, new=(qd-mutate=1149.1, curl-right=901.3, qd-large-mutate=1312.0, template-m1-balanced=1140.8, curl-left=887.5). MAP-Elites(8x8, morphologies=3): occupied=47, pending=192, in flight=38
19:29:13: 3489x RT, 58.1 creatures/sec. Fitness: best=3067.6, avg=1630.7, new=(qd-mutate=1089.3, qd-large-mutate=1230.5, template-m1-balanced=1196.5, curl-left=953.7). MAP-Elites(8x8, morphologies=3): occupied=47, pending=192, in flight=38
19:29:15: 2746x RT, 45.8 creatures/sec. Fitness: best=3067.6, avg=1630.7, new=(qd-mutate=1056.2, template-m1-balanced=1152.7, qd-large-mutate=1198.9, curl-left=525.9, curl-right=377.5). MAP-Elites(8x8, morphologies=3): occupied=47, pending=192, in flight=38
19:29:17: 3429x RT, 57.2 creatures/sec. Fitness: best=3067.6, avg=1630.7, new=(qd-mutate=980.4, qd-large-mutate=1041.7, curl-left=535.9, template-m1-balanced=876.5, curl-right=618.2). MAP-Elites(8x8, morphologies=3): occupied=47, pending=192, in flight=38
19:29:19: 3535x RT, 58.9 creatures/sec. Fitness: best=3067.6, avg=1630.7, new=(template-m1-balanced=881.6, qd-large-mutate=1071.2, qd-mutate=1090.0, curl-left=861.8, curl-right=698.3). MAP-Elites(8x8, morphologies=3): occupied=47, pending=192, in flight=38
19:29:21: 3502x RT, 58.4 creatures/sec. Fitness: best=3067.6, avg=1630.7, new=(qd-mutate=1163.9, qd-large-mutate=1077.8, curl-left=527.7, curl-right=1693.4, template-m1-balanced=580.6). MAP-Elites(8x8, morphologies=3): occupied=47, pending=192, in flight=38
19:29:23: 2718x RT, 45.3 creatures/sec. Fitness: best=3067.6, avg=1630.7, new=(qd-mutate=887.7, qd-large-mutate=1058.5, curl-right=1054.6, template-m1-balanced=756.0). MAP-Elites(8x8, morphologies=3): occupied=47, pending=192, in flight=38
19:29:25: 2530x RT, 42.2 creatures/sec. Fitness: best=3067.6, avg=1630.7, new=(qd-mutate=1129.6, qd-large-mutate=1062.8, template-m1-balanced=925.0, curl-right=815.3). MAP-Elites(8x8, morphologies=3): occupied=47, pending=192, in flight=38
19:29:27: 2814x RT, 46.9 creatures/sec. Fitness: best=3067.6, avg=1630.7, new=(qd-large-mutate=935.7, curl-right=588.6, qd-mutate=1019.2, template-m1-balanced=1084.0). MAP-Elites(8x8, morphologies=3): occupied=47, pending=192, in flight=38
19:29:29: 2054x RT, 34.2 creatures/sec. Fitness: best=3067.6, avg=1630.7, new=(qd-large-mutate=708.1, curl-right=832.9, qd-mutate=1010.4, template-m1-balanced=1193.0, curl-left=768.9). MAP-Elites(8x8, morphologies=3): occupied=47, pending=192, in flight=38
19:29:31: 1977x RT, 33.0 creatures/sec. Fitness: best=3067.6, avg=1630.7, new=(qd-mutate=891.1, qd-large-mutate=853.6, template-m1-balanced=1073.3, curl-right=920.9, curl-left=603.6). MAP-Elites(8x8, morphologies=3): occupied=47, pending=192, in flight=38
19:29:33: 2520x RT, 42.0 creatures/sec. Fitness: best=3067.6, avg=1630.7, new=(curl-right=952.9, qd-mutate=1060.8, qd-large-mutate=1171.0, curl-left=1116.6, template-m1-balanced=729.4). MAP-Elites(8x8, morphologies=3): occupied=47, pending=192, in flight=38
19:29:35: 4288x RT, 71.5 creatures/sec. Fitness: best=3067.6, avg=1630.7, new=(qd-large-mutate=1131.0, qd-mutate=959.4, template-m1-balanced=1212.8, curl-left=513.8). MAP-Elites(8x8, morphologies=3): occupied=47, pending=192, in flight=38
19:29:37: 3484x RT, 58.1 creatures/sec. Fitness: best=3067.6, avg=1630.7, new=(qd-mutate=1181.8, qd-large-mutate=1000.7, curl-left=1038.5, template-m1-balanced=796.0, curl-right=592.6). MAP-Elites(8x8, morphologies=3): occupied=47, pending=192, in flight=38
19:29:39: 3800x RT, 63.3 creatures/sec. Fitness: best=3067.6, avg=1630.7, new=(template-m1-balanced=1381.6, qd-mutate=956.6, curl-right=709.5, curl-left=802.9, qd-large-mutate=1136.0). MAP-Elites(8x8, morphologies=3): occupied=47, pending=192, in flight=38
19:29:42: 6611x RT, 110.2 creatures/sec. Fitness: best=3067.6, avg=1630.7, new=(qd-mutate=1008.6, qd-large-mutate=1037.3, curl-left=880.6, template-m1-balanced=939.0, curl-right=725.9). MAP-Elites(8x8, morphologies=3): occupied=47, pending=192, in flight=38
5977959 bytes written to /Users/dag/projects/Machine-Evolved-credible-training/training-runs/me-v2-harmonic-qd-01-2h/config.json. 
19:29:44: 6491x RT, 108.2 creatures/sec. Fitness: best=3067.6, avg=1630.7, new=(qd-mutate=1031.7, template-m1-balanced=959.3, qd-large-mutate=1124.6, curl-left=1191.2, curl-right=1245.6). MAP-Elites(8x8, morphologies=3): occupied=47, pending=192, in flight=38
19:29:46: 6372x RT, 106.2 creatures/sec. Fitness: best=3067.6, avg=1630.7, new=(qd-large-mutate=1200.7, curl-right=835.6, qd-mutate=1021.1, curl-left=756.0, template-m1-balanced=794.6). MAP-Elites(8x8, morphologies=3): occupied=47, pending=192, in flight=38
19:29:48: 6349x RT, 105.8 creatures/sec. Fitness: best=3067.6, avg=1630.7, new=(qd-mutate=1039.7, qd-large-mutate=1063.6, template-m1-balanced=808.0, curl-left=874.6, curl-right=1035.7). MAP-Elites(8x8, morphologies=3): occupied=47, pending=192, in flight=38
19:29:50: 6636x RT, 110.6 creatures/sec. Fitness: best=3067.6, avg=1630.7, new=(qd-mutate=1092.7, qd-large-mutate=1181.1, template-m1-balanced=763.9, curl-left=944.0, curl-right=819.2). MAP-Elites(8x8, morphologies=3): occupied=47, pending=192, in flight=38
19:29:52: 6807x RT, 113.4 creatures/sec. Fitness: best=3067.6, avg=1630.7, new=(qd-mutate=1063.8, qd-large-mutate=1115.2, curl-right=934.7, template-m1-balanced=726.5, curl-left=1083.4). MAP-Elites(8x8, morphologies=3): occupied=47, pending=192, in flight=38
19:29:54: 6513x RT, 108.5 creatures/sec. Fitness: best=3067.6, avg=1630.7, new=(qd-mutate=1033.3, qd-large-mutate=1198.9, template-m1-balanced=860.7, curl-right=1110.3, curl-left=847.9). MAP-Elites(8x8, morphologies=3): occupied=47, pending=192, in flight=38
19:29:56: 6350x RT, 105.8 creatures/sec. Fitness: best=3067.6, avg=1630.7, new=(qd-mutate=1095.5, template-m1-balanced=904.0, qd-large-mutate=1159.2, curl-left=1137.8, curl-right=762.2). MAP-Elites(8x8, morphologies=3): occupied=47, pending=192, in flight=38
19:29:58: 6763x RT, 112.7 creatures/sec. Fitness: best=3067.6, avg=1630.7, new=(qd-mutate=1209.7, qd-large-mutate=1036.7, template-m1-balanced=963.1, curl-right=909.0, curl-left=1152.3). MAP-Elites(8x8, morphologies=3): occupied=47, pending=192, in flight=38
19:30:00: 6644x RT, 110.7 creatures/sec. Fitness: best=3067.6, avg=1630.7, new=(qd-mutate=1071.8, qd-large-mutate=1218.0, template-m1-balanced=900.2, curl-right=574.0, curl-left=537.0). MAP-Elites(8x8, morphologies=3): occupied=47, pending=192, in flight=38
19:30:02: 6649x RT, 110.8 creatures/sec. Fitness: best=3067.6, avg=1630.7, new=(template-m1-balanced=896.4, qd-mutate=1048.2, qd-large-mutate=1029.1, curl-right=1153.2, curl-left=983.4). MAP-Elites(8x8, morphologies=3): occupied=47, pending=192, in flight=38
19:30:04: 6689x RT, 111.5 creatures/sec. Fitness: best=3067.6, avg=1630.7, new=(qd-mutate=976.9, qd-large-mutate=1098.2, template-m1-balanced=1117.2, curl-left=755.2, curl-right=1338.1). MAP-Elites(8x8, morphologies=3): occupied=47, pending=192, in flight=38
19:30:06: 6126x RT, 102.1 creatures/sec. Fitness: best=3067.6, avg=1630.7, new=(qd-mutate=1100.6, qd-large-mutate=1114.5, curl-left=1027.8, template-m1-balanced=962.1, curl-right=969.5). MAP-Elites(8x8, morphologies=3): occupied=47, pending=192, in flight=38
19:30:09: 6265x RT, 104.4 creatures/sec. Fitness: best=3067.6, avg=1630.7, new=(qd-mutate=1134.8, qd-large-mutate=1140.1, curl-left=554.0, template-m1-balanced=798.7, curl-right=664.3). MAP-Elites(8x8, morphologies=3): occupied=47, pending=192, in flight=38
19:30:11: 6553x RT, 109.2 creatures/sec. Fitness: best=3067.6, avg=1630.7, new=(qd-mutate=1097.5, template-m1-balanced=1485.7, qd-large-mutate=1138.7, curl-left=548.3, curl-right=499.5). MAP-Elites(8x8, morphologies=3): occupied=47, pending=192, in flight=38
19:30:13: 6721x RT, 112.0 creatures/sec. Fitness: best=3067.6, avg=1630.7, new=(qd-large-mutate=1166.1, qd-mutate=1079.4, curl-right=746.9, curl-left=777.6, template-m1-balanced=843.3). MAP-Elites(8x8, morphologies=3): occupied=47, pending=192, in flight=38
19:30:15: 6710x RT, 111.8 creatures/sec. Fitness: best=3067.6, avg=1630.7, new=(qd-mutate=1089.0, qd-large-mutate=1071.9, curl-left=855.8, curl-right=1048.2, template-m1-balanced=780.8). MAP-Elites(8x8, morphologies=3): occupied=47, pending=192, in flight=38
19:30:17: 6524x RT, 108.7 creatures/sec. Fitness: best=3067.6, avg=1630.7, new=(qd-mutate=1061.9, qd-large-mutate=1164.8, curl-left=686.7, template-m1-balanced=1110.0, curl-right=874.8). MAP-Elites(8x8, morphologies=3): occupied=47, pending=192, in flight=38
19:30:19: 6415x RT, 106.9 creatures/sec. Fitness: best=3067.6, avg=1630.7, new=(qd-large-mutate=1112.5, qd-mutate=1126.9, template-m1-balanced=863.2, curl-left=858.0, curl-right=834.2). MAP-Elites(8x8, morphologies=3): occupied=47, pending=192, in flight=38
19:30:21: 4831x RT, 80.5 creatures/sec. Fitness: best=3067.6, avg=1630.7, new=(qd-mutate=1096.3, curl-left=730.7, qd-large-mutate=1126.2, curl-right=933.8, template-m1-balanced=571.5). MAP-Elites(8x8, morphologies=3): occupied=47, pending=192, in flight=38
19:30:23: 4078x RT, 68.0 creatures/sec. Fitness: best=3067.6, avg=1630.7, new=(qd-mutate=945.8, curl-left=921.7, qd-large-mutate=1133.4, template-m1-balanced=879.2, curl-right=570.0). MAP-Elites(8x8, morphologies=3): occupied=47, pending=192, in flight=38
19:30:25: 2668x RT, 44.5 creatures/sec. Fitness: best=3067.6, avg=1630.7, new=(qd-mutate=1066.4, curl-left=905.6, qd-large-mutate=1074.2, template-m1-balanced=674.2, curl-right=584.1). MAP-Elites(8x8, morphologies=3): occupied=47, pending=192, in flight=38
19:30:27: 3118x RT, 52.0 creatures/sec. Fitness: best=3067.6, avg=1630.7, new=(qd-mutate=1122.5, template-m1-balanced=784.1, qd-large-mutate=1202.1, curl-right=717.1). MAP-Elites(8x8, morphologies=3): occupied=47, pending=192, in flight=38
19:30:29: 3450x RT, 57.5 creatures/sec. Fitness: best=3067.6, avg=1630.7, new=(qd-mutate=1138.7, template-m1-balanced=983.8, qd-large-mutate=1123.1, curl-right=583.8). MAP-Elites(8x8, morphologies=3): occupied=47, pending=192, in flight=38
19:30:31: 3475x RT, 57.9 creatures/sec. Fitness: best=3067.6, avg=1630.7, new=(qd-large-mutate=1209.1, qd-mutate=1138.7, curl-right=1282.3, template-m1-balanced=1044.9). MAP-Elites(8x8, morphologies=3): occupied=47, pending=192, in flight=38
19:30:33: 3419x RT, 57.0 creatures/sec. Fitness: best=3067.6, avg=1630.7, new=(qd-mutate=1126.4, template-m1-balanced=1029.4, qd-large-mutate=1240.8, curl-left=862.0, curl-right=1462.5). MAP-Elites(8x8, morphologies=3): occupied=47, pending=192, in flight=38
19:30:35: 3689x RT, 61.5 creatures/sec. Fitness: best=3067.6, avg=1630.7, new=(qd-mutate=1062.5, curl-right=841.8, qd-large-mutate=930.8, template-m1-balanced=1263.1). MAP-Elites(8x8, morphologies=3): occupied=47, pending=192, in flight=38
19:30:37: 3304x RT, 55.1 creatures/sec. Fitness: best=3067.6, avg=1630.7, new=(qd-large-mutate=1042.4, qd-mutate=1103.5, template-m1-balanced=997.6, curl-right=1002.6). MAP-Elites(8x8, morphologies=3): occupied=47, pending=192, in flight=38
19:30:39: 3288x RT, 54.8 creatures/sec. Fitness: best=3067.6, avg=1630.7, new=(qd-mutate=1093.1, curl-right=827.2, qd-large-mutate=1227.4, template-m1-balanced=790.1). MAP-Elites(8x8, morphologies=3): occupied=47, pending=192, in flight=38
19:30:41: 3233x RT, 53.9 creatures/sec. Fitness: best=3067.6, avg=1630.7, new=(qd-mutate=1117.9, qd-large-mutate=1032.7, template-m1-balanced=715.4, curl-left=710.1, curl-right=723.0). MAP-Elites(8x8, morphologies=3): occupied=47, pending=192, in flight=38
5982432 bytes written to /Users/dag/projects/Machine-Evolved-credible-training/training-runs/me-v2-harmonic-qd-01-2h/config.json. 
19:30:43: 3442x RT, 57.4 creatures/sec. Fitness: best=3067.6, avg=1630.7, new=(qd-large-mutate=1102.5, qd-mutate=1030.3, template-m1-balanced=795.6, curl-left=703.8, curl-right=1008.1). MAP-Elites(8x8, morphologies=3): occupied=47, pending=192, in flight=38
19:30:45: 3318x RT, 55.3 creatures/sec. Fitness: best=3067.6, avg=1630.7, new=(qd-mutate=1042.2, qd-large-mutate=1269.7, curl-right=993.0, template-m1-balanced=991.9). MAP-Elites(8x8, morphologies=3): occupied=47, pending=192, in flight=38
19:30:47: 3428x RT, 57.1 creatures/sec. Fitness: best=3067.6, avg=1630.7, new=(qd-mutate=1035.7, qd-large-mutate=1022.5, curl-right=865.7, template-m1-balanced=759.7). MAP-Elites(8x8, morphologies=3): occupied=47, pending=192, in flight=38
19:30:49: 3222x RT, 53.7 creatures/sec. Fitness: best=3067.6, avg=1630.7, new=(qd-mutate=973.1, qd-large-mutate=1122.9, template-m1-balanced=964.4, curl-right=787.7, curl-left=601.5). MAP-Elites(8x8, morphologies=3): occupied=47, pending=192, in flight=38
19:30:52: 2949x RT, 49.2 creatures/sec. Fitness: best=3067.6, avg=1630.7, new=(qd-mutate=1111.9, qd-large-mutate=929.9, template-m1-balanced=730.1, curl-left=730.5, curl-right=1149.7). MAP-Elites(8x8, morphologies=3): occupied=47, pending=192, in flight=38
19:30:54: 3072x RT, 51.2 creatures/sec. Fitness: best=3067.6, avg=1630.7, new=(qd-mutate=1016.5, curl-right=930.9, template-m1-balanced=1047.2, qd-large-mutate=1303.4, curl-left=1144.6). MAP-Elites(8x8, morphologies=3): occupied=47, pending=192, in flight=38
19:30:56: 3090x RT, 51.5 creatures/sec. Fitness: best=3067.6, avg=1630.7, new=(qd-mutate=1124.4, qd-large-mutate=1126.5, curl-right=875.8, template-m1-balanced=768.4). MAP-Elites(8x8, morphologies=3): occupied=47, pending=192, in flight=38
19:30:58: 2187x RT, 36.5 creatures/sec. Fitness: best=3067.6, avg=1630.7, new=(qd-mutate=1106.4, qd-large-mutate=1344.1, curl-right=971.0, curl-left=849.4). MAP-Elites(8x8, morphologies=3): occupied=47, pending=192, in flight=38
19:31:00: 2612x RT, 43.5 creatures/sec. Fitness: best=3067.6, avg=1630.7, new=(qd-large-mutate=945.8, qd-mutate=1199.9, curl-left=800.9, curl-right=637.7, template-m1-balanced=692.8). MAP-Elites(8x8, morphologies=3): occupied=47, pending=192, in flight=38
19:31:02: 4454x RT, 74.2 creatures/sec. Fitness: best=3067.6, avg=1630.7, new=(qd-large-mutate=1234.3, qd-mutate=1148.1, curl-left=755.3, template-m1-balanced=1284.5, curl-right=732.8). MAP-Elites(8x8, morphologies=3): occupied=47, pending=192, in flight=38
19:31:04: 4772x RT, 79.5 creatures/sec. Fitness: best=3067.6, avg=1630.7, new=(qd-large-mutate=1060.4, qd-mutate=1042.1, curl-left=1075.0, curl-right=839.3, template-m1-balanced=832.0). MAP-Elites(8x8, morphologies=3): occupied=47, pending=192, in flight=38
19:31:06: 5325x RT, 88.8 creatures/sec. Fitness: best=3067.6, avg=1630.7, new=(qd-mutate=1151.2, template-m1-balanced=1178.3, qd-large-mutate=974.4, curl-right=1064.2, curl-left=890.4). MAP-Elites(8x8, morphologies=3): occupied=47, pending=192, in flight=38
19:31:08: 4181x RT, 69.7 creatures/sec. Fitness: best=3067.6, avg=1630.7, new=(qd-mutate=1114.9, qd-large-mutate=1000.8, template-m1-balanced=1315.6, curl-left=1714.1, curl-right=605.3). MAP-Elites(8x8, morphologies=3): occupied=47, pending=192, in flight=38
19:31:10: 4615x RT, 76.9 creatures/sec. Fitness: best=3067.6, avg=1630.7, new=(qd-mutate=989.8, qd-large-mutate=1100.1, curl-right=751.3, template-m1-balanced=398.2, curl-left=586.7). MAP-Elites(8x8, morphologies=3): occupied=47, pending=192, in flight=38
19:31:12: 4922x RT, 82.0 creatures/sec. Fitness: best=3067.6, avg=1630.7, new=(qd-mutate=1044.8, qd-large-mutate=1112.9, template-m1-balanced=1089.2, curl-left=852.9). MAP-Elites(8x8, morphologies=3): occupied=47, pending=192, in flight=38
19:31:14: 4468x RT, 74.5 creatures/sec. Fitness: best=3067.6, avg=1630.7, new=(qd-mutate=1087.2, qd-large-mutate=1048.8, curl-left=871.1, template-m1-balanced=845.5, curl-right=618.5). MAP-Elites(8x8, morphologies=3): occupied=47, pending=192, in flight=38
19:31:16: 6767x RT, 112.8 creatures/sec. Fitness: best=3067.6, avg=1630.7, new=(qd-mutate=1171.9, qd-large-mutate=1008.8, curl-right=899.9, template-m1-balanced=987.5, curl-left=849.7). MAP-Elites(8x8, morphologies=3): occupied=47, pending=192, in flight=38
19:31:18: 6784x RT, 113.1 creatures/sec. Fitness: best=3067.6, avg=1630.7, new=(qd-mutate=1154.5, qd-large-mutate=1007.6, template-m1-balanced=1301.8, curl-right=1153.2, curl-left=909.7). MAP-Elites(8x8, morphologies=3): occupied=47, pending=192, in flight=38
19:31:20: 6565x RT, 109.4 creatures/sec. Fitness: best=3067.6, avg=1630.7, new=(qd-mutate=985.6, template-m1-balanced=826.6, qd-large-mutate=1032.1, curl-right=849.1, curl-left=797.6). MAP-Elites(8x8, morphologies=3): occupied=47, pending=192, in flight=38
19:31:22: 6682x RT, 111.4 creatures/sec. Fitness: best=3067.6, avg=1630.7, new=(qd-mutate=1010.0, curl-right=654.7, qd-large-mutate=1244.5, template-m1-balanced=930.3, curl-left=756.3). MAP-Elites(8x8, morphologies=3): occupied=47, pending=192, in flight=38
19:31:25: 6712x RT, 111.9 creatures/sec. Fitness: best=3067.6, avg=1633.8, new=(curl-left=822.4, qd-mutate=1077.2, qd-large-mutate=1170.6, template-m1-balanced=1051.2, curl-right=1068.5). MAP-Elites(8x8, morphologies=3): occupied=47, pending=192, in flight=38
19:31:27: 6263x RT, 104.4 creatures/sec. Fitness: best=3067.6, avg=1633.8, new=(qd-mutate=1019.6, qd-large-mutate=1199.0, curl-right=833.0, template-m1-balanced=944.5, curl-left=903.6). MAP-Elites(8x8, morphologies=3): occupied=47, pending=192, in flight=38
19:31:29: 6808x RT, 113.5 creatures/sec. Fitness: best=3067.6, avg=1633.8, new=(qd-mutate=1078.7, qd-large-mutate=1268.3, template-m1-balanced=982.6, curl-right=836.4, curl-left=725.9). MAP-Elites(8x8, morphologies=3): occupied=47, pending=192, in flight=38
19:31:31: 6467x RT, 107.8 creatures/sec. Fitness: best=3067.6, avg=1633.8, new=(qd-large-mutate=1029.8, qd-mutate=1140.8, curl-left=878.7, curl-right=632.5, template-m1-balanced=969.1). MAP-Elites(8x8, morphologies=3): occupied=47, pending=192, in flight=38
19:31:33: 6189x RT, 103.2 creatures/sec. Fitness: best=3067.6, avg=1633.8, new=(template-m1-balanced=903.5, qd-mutate=1153.2, curl-right=886.4, qd-large-mutate=1176.6, curl-left=751.7). MAP-Elites(8x8, morphologies=3): occupied=47, pending=192, in flight=38
19:31:35: 5788x RT, 96.5 creatures/sec. Fitness: best=3067.6, avg=1633.8, new=(qd-mutate=1103.5, qd-large-mutate=1099.5, curl-right=613.9, template-m1-balanced=893.8, curl-left=1116.9). MAP-Elites(8x8, morphologies=3): occupied=47, pending=192, in flight=38
19:31:37: 4729x RT, 78.8 creatures/sec. Fitness: best=3067.6, avg=1633.8, new=(qd-mutate=1014.9, curl-left=642.0, qd-large-mutate=1040.2, curl-right=576.5, template-m1-balanced=870.1). MAP-Elites(8x8, morphologies=3): occupied=47, pending=192, in flight=38
19:31:39: 2149x RT, 35.8 creatures/sec. Fitness: best=3067.6, avg=1633.8, new=(qd-mutate=1069.9, qd-large-mutate=1180.9, curl-left=1018.9, template-m1-balanced=1045.6, curl-right=1195.6). MAP-Elites(8x8, morphologies=3): occupied=47, pending=192, in flight=38
19:31:41: 3566x RT, 59.4 creatures/sec. Fitness: best=3067.6, avg=1633.8, new=(qd-mutate=1126.6, qd-large-mutate=1169.8, template-m1-balanced=876.6, curl-left=655.2). MAP-Elites(8x8, morphologies=3): occupied=47, pending=192, in flight=38
5968363 bytes written to /Users/dag/projects/Machine-Evolved-credible-training/training-runs/me-v2-harmonic-qd-01-2h/config.json. 
19:31:43: 4043x RT, 67.4 creatures/sec. Fitness: best=3067.6, avg=1633.8, new=(qd-mutate=1062.1, qd-large-mutate=1184.7, template-m1-balanced=1120.5, curl-left=922.0, curl-right=1112.0). MAP-Elites(8x8, morphologies=3): occupied=47, pending=192, in flight=38
19:31:45: 3954x RT, 65.9 creatures/sec. Fitness: best=3067.6, avg=1633.8, new=(qd-mutate=1121.2, qd-large-mutate=994.7, curl-left=880.0, template-m1-balanced=907.1, curl-right=658.2). MAP-Elites(8x8, morphologies=3): occupied=47, pending=192, in flight=38
19:31:47: 4109x RT, 68.5 creatures/sec. Fitness: best=3067.6, avg=1633.8, new=(qd-mutate=926.5, template-m1-balanced=1196.4, qd-large-mutate=1303.3, curl-right=1098.4, curl-left=918.5). MAP-Elites(8x8, morphologies=3): occupied=47, pending=192, in flight=38
19:31:49: 3560x RT, 59.3 creatures/sec. Fitness: best=3067.6, avg=1633.8, new=(qd-large-mutate=1139.3, qd-mutate=1163.5, curl-left=601.0, template-m1-balanced=960.6, curl-right=1498.8). MAP-Elites(8x8, morphologies=3): occupied=47, pending=192, in flight=38
19:31:51: 3791x RT, 63.2 creatures/sec. Fitness: best=3067.6, avg=1633.8, new=(qd-mutate=1083.4, qd-large-mutate=1159.5, template-m1-balanced=1062.2, curl-left=972.0, curl-right=788.9). MAP-Elites(8x8, morphologies=3): occupied=47, pending=192, in flight=38
19:31:53: 3813x RT, 63.6 creatures/sec. Fitness: best=3067.6, avg=1633.8, new=(qd-mutate=1114.5, qd-large-mutate=1181.4, curl-right=606.9, template-m1-balanced=943.3). MAP-Elites(8x8, morphologies=3): occupied=47, pending=192, in flight=38
19:31:55: 3155x RT, 52.6 creatures/sec. Fitness: best=3067.6, avg=1633.8, new=(curl-left=897.0, qd-mutate=1087.1, qd-large-mutate=939.8, template-m1-balanced=1203.4, curl-right=1253.4). MAP-Elites(8x8, morphologies=3): occupied=47, pending=192, in flight=38
19:31:58: 3527x RT, 58.8 creatures/sec. Fitness: best=3067.6, avg=1633.8, new=(qd-mutate=1118.8, qd-large-mutate=1137.3, template-m1-balanced=732.5, curl-right=715.2, curl-left=748.9). MAP-Elites(8x8, morphologies=3): occupied=47, pending=192, in flight=38
19:32:00: 3604x RT, 60.1 creatures/sec. Fitness: best=3067.6, avg=1633.8, new=(curl-left=639.8, qd-mutate=1111.4, qd-large-mutate=1019.7, template-m1-balanced=821.0, curl-right=909.9). MAP-Elites(8x8, morphologies=3): occupied=47, pending=192, in flight=38
19:32:02: 3187x RT, 53.1 creatures/sec. Fitness: best=3067.6, avg=1633.8, new=(qd-mutate=1094.5, qd-large-mutate=1245.3, template-m1-balanced=1464.8, curl-right=878.5). MAP-Elites(8x8, morphologies=3): occupied=47, pending=192, in flight=38
19:32:04: 3136x RT, 52.3 creatures/sec. Fitness: best=3067.6, avg=1633.8, new=(qd-mutate=1088.5, qd-large-mutate=1047.0, template-m1-balanced=1007.2, curl-left=899.2). MAP-Elites(8x8, morphologies=3): occupied=47, pending=192, in flight=38
19:32:06: 3061x RT, 51.0 creatures/sec. Fitness: best=3067.6, avg=1633.8, new=(qd-mutate=1204.8, curl-left=903.6, curl-right=699.4, qd-large-mutate=1175.5, template-m1-balanced=680.0). MAP-Elites(8x8, morphologies=3): occupied=47, pending=192, in flight=38
19:32:08: 2935x RT, 48.9 creatures/sec. Fitness: best=3067.6, avg=1633.8, new=(qd-mutate=1189.2, qd-large-mutate=913.6, curl-left=880.1, template-m1-balanced=744.2, curl-right=1092.2). MAP-Elites(8x8, morphologies=3): occupied=47, pending=192, in flight=38
19:32:10: 3197x RT, 53.3 creatures/sec. Fitness: best=3067.6, avg=1633.8, new=(qd-mutate=1083.6, curl-left=945.0, template-m1-balanced=684.1, qd-large-mutate=1104.5, curl-right=861.0). MAP-Elites(8x8, morphologies=3): occupied=47, pending=192, in flight=38
19:32:12: 2813x RT, 46.9 creatures/sec. Fitness: best=3067.6, avg=1633.8, new=(qd-mutate=984.7, qd-large-mutate=1080.8, template-m1-balanced=978.9, curl-right=597.0, curl-left=950.4). MAP-Elites(8x8, morphologies=3): occupied=47, pending=192, in flight=38
19:32:14: 4526x RT, 75.4 creatures/sec. Fitness: best=3067.6, avg=1633.8, new=(qd-large-mutate=1048.2, qd-mutate=1002.2, curl-left=890.3, curl-right=667.0, template-m1-balanced=896.9). MAP-Elites(8x8, morphologies=3): occupied=47, pending=192, in flight=38
19:32:16: 4725x RT, 78.8 creatures/sec. Fitness: best=3067.6, avg=1633.8, new=(qd-mutate=1103.1, template-m1-balanced=908.6, curl-left=1136.1, qd-large-mutate=1103.9, curl-right=807.4). MAP-Elites(8x8, morphologies=3): occupied=47, pending=192, in flight=38
19:32:18: 5054x RT, 84.2 creatures/sec. Fitness: best=3067.6, avg=1633.8, new=(qd-large-mutate=1231.3, qd-mutate=1007.8, curl-left=841.8, template-m1-balanced=638.1, curl-right=828.9). MAP-Elites(8x8, morphologies=3): occupied=47, pending=192, in flight=38
19:32:20: 4491x RT, 74.8 creatures/sec. Fitness: best=3067.6, avg=1633.8, new=(qd-mutate=985.7, qd-large-mutate=1040.9, curl-right=838.7, template-m1-balanced=790.8). MAP-Elites(8x8, morphologies=3): occupied=47, pending=192, in flight=38
19:32:22: 4590x RT, 76.5 creatures/sec. Fitness: best=3067.6, avg=1633.8, new=(qd-mutate=1113.3, qd-large-mutate=1119.6, template-m1-balanced=1052.9, curl-right=501.7, curl-left=953.1). MAP-Elites(8x8, morphologies=3): occupied=47, pending=192, in flight=38
19:32:24: 4865x RT, 81.1 creatures/sec. Fitness: best=3067.6, avg=1633.8, new=(qd-large-mutate=1159.9, qd-mutate=1097.8, template-m1-balanced=1070.0, curl-left=1082.5, curl-right=865.4). MAP-Elites(8x8, morphologies=3): occupied=47, pending=192, in flight=38
19:32:27: 5095x RT, 84.9 creatures/sec. Fitness: best=3067.6, avg=1633.8, new=(qd-mutate=1103.5, qd-large-mutate=1151.8, curl-right=1042.8, template-m1-balanced=1029.8, curl-left=959.7). MAP-Elites(8x8, morphologies=3): occupied=47, pending=192, in flight=38
19:32:29: 2871x RT, 47.9 creatures/sec. Fitness: best=3067.6, avg=1633.8, new=(qd-large-mutate=1201.4, qd-mutate=1185.6, curl-left=1253.7, curl-right=724.7). MAP-Elites(8x8, morphologies=3): occupied=47, pending=192, in flight=38
19:32:31: 3414x RT, 56.9 creatures/sec. Fitness: best=3067.6, avg=1633.8, new=(qd-mutate=1126.4, template-m1-balanced=783.7, qd-large-mutate=1162.5, curl-left=485.8, curl-right=1013.3). MAP-Elites(8x8, morphologies=3): occupied=47, pending=192, in flight=38
19:32:33: 3657x RT, 61.0 creatures/sec. Fitness: best=3067.6, avg=1633.8, new=(qd-mutate=1126.6, qd-large-mutate=1276.9, template-m1-balanced=685.7, curl-left=1048.7). MAP-Elites(8x8, morphologies=3): occupied=47, pending=192, in flight=38
19:32:35: 3997x RT, 66.6 creatures/sec. Fitness: best=3067.6, avg=1633.8, new=(qd-mutate=1034.2, curl-left=843.6, qd-large-mutate=1089.1, template-m1-balanced=1195.7, curl-right=887.7). MAP-Elites(8x8, morphologies=3): occupied=47, pending=192, in flight=38
19:32:37: 4089x RT, 68.1 creatures/sec. Fitness: best=3067.6, avg=1635.3, new=(qd-mutate=1096.3, qd-large-mutate=1114.8, curl-right=600.6, curl-left=1324.1, template-m1-balanced=1411.4). MAP-Elites(8x8, morphologies=3): occupied=47, pending=192, in flight=38
19:32:39: 3851x RT, 64.2 creatures/sec. Fitness: best=3067.6, avg=1635.3, new=(qd-mutate=1105.8, qd-large-mutate=1282.2, curl-left=583.3, curl-right=1021.6). MAP-Elites(8x8, morphologies=3): occupied=47, pending=192, in flight=38
19:32:41: 3384x RT, 56.4 creatures/sec. Fitness: best=3067.6, avg=1635.3, new=(qd-large-mutate=1188.8, qd-mutate=1102.3, curl-left=744.1, curl-right=731.6). MAP-Elites(8x8, morphologies=3): occupied=47, pending=192, in flight=38
5961302 bytes written to /Users/dag/projects/Machine-Evolved-credible-training/training-runs/me-v2-harmonic-qd-01-2h/config.json. 
19:32:43: 3745x RT, 62.4 creatures/sec. Fitness: best=3067.6, avg=1635.3, new=(qd-large-mutate=1113.3, template-m1-balanced=1017.6, qd-mutate=1055.9, curl-left=831.0, curl-right=582.3). MAP-Elites(8x8, morphologies=3): occupied=47, pending=192, in flight=38
19:32:45: 3232x RT, 53.9 creatures/sec. Fitness: best=3067.6, avg=1635.3, new=(qd-mutate=1142.9, qd-large-mutate=1157.1, curl-left=1025.9, template-m1-balanced=524.3). MAP-Elites(8x8, morphologies=3): occupied=47, pending=192, in flight=38
19:32:47: 3186x RT, 53.1 creatures/sec. Fitness: best=3067.6, avg=1635.3, new=(qd-mutate=1027.1, qd-large-mutate=1122.5, template-m1-balanced=948.8, curl-left=677.8). MAP-Elites(8x8, morphologies=3): occupied=47, pending=192, in flight=38
19:32:49: 2408x RT, 40.1 creatures/sec. Fitness: best=3067.6, avg=1635.3, new=(qd-mutate=1192.1, qd-large-mutate=1105.4, curl-left=1199.8, template-m1-balanced=927.5, curl-right=711.8). MAP-Elites(8x8, morphologies=3): occupied=47, pending=192, in flight=38
19:32:51: 2518x RT, 42.0 creatures/sec. Fitness: best=3067.6, avg=1635.3, new=(qd-mutate=955.9, qd-large-mutate=1259.9, curl-left=597.0, curl-right=842.6). MAP-Elites(8x8, morphologies=3): occupied=47, pending=192, in flight=38
19:32:53: 2842x RT, 47.4 creatures/sec. Fitness: best=3067.6, avg=1635.3, new=(curl-left=1128.9, qd-large-mutate=1186.1, qd-mutate=1045.5, curl-right=841.0, template-m1-balanced=1199.7). MAP-Elites(8x8, morphologies=3): occupied=47, pending=192, in flight=38
19:32:55: 2287x RT, 38.1 creatures/sec. Fitness: best=3067.6, avg=1635.3, new=(qd-mutate=960.6, curl-left=958.7, template-m1-balanced=1097.9, qd-large-mutate=1160.9, curl-right=706.6). MAP-Elites(8x8, morphologies=3): occupied=47, pending=192, in flight=38
19:32:57: 2353x RT, 39.2 creatures/sec. Fitness: best=3067.6, avg=1635.3, new=(qd-mutate=1116.3, qd-large-mutate=1117.2, template-m1-balanced=775.2, curl-right=644.3, curl-left=727.2). MAP-Elites(8x8, morphologies=3): occupied=47, pending=192, in flight=38
19:32:59: 2698x RT, 45.0 creatures/sec. Fitness: best=3067.6, avg=1635.3, new=(qd-mutate=1084.6, template-m1-balanced=1056.2, qd-large-mutate=1134.3, curl-right=898.0, curl-left=846.2). MAP-Elites(8x8, morphologies=3): occupied=47, pending=192, in flight=38
19:33:01: 3953x RT, 65.9 creatures/sec. Fitness: best=3067.6, avg=1635.3, new=(qd-mutate=1113.0, curl-left=802.6, qd-large-mutate=1223.6, template-m1-balanced=1051.2, curl-right=573.9). MAP-Elites(8x8, morphologies=3): occupied=47, pending=192, in flight=38
19:33:04: 3537x RT, 58.9 creatures/sec. Fitness: best=3067.6, avg=1635.3, new=(qd-large-mutate=1100.8, qd-mutate=1091.0, curl-left=757.0, curl-right=666.3). MAP-Elites(8x8, morphologies=3): occupied=47, pending=192, in flight=38
19:33:06: 4210x RT, 70.2 creatures/sec. Fitness: best=3067.6, avg=1635.3, new=(qd-mutate=981.4, qd-large-mutate=975.6, curl-left=801.4, curl-right=1041.3, template-m1-balanced=1182.4). MAP-Elites(8x8, morphologies=3): occupied=47, pending=192, in flight=38
19:33:08: 4607x RT, 76.8 creatures/sec. Fitness: best=3067.6, avg=1635.3, new=(qd-large-mutate=1120.6, qd-mutate=1033.9, template-m1-balanced=957.0, curl-right=1228.9, curl-left=425.3). MAP-Elites(8x8, morphologies=3): occupied=47, pending=192, in flight=38
19:33:10: 3632x RT, 60.5 creatures/sec. Fitness: best=3067.6, avg=1635.3, new=(qd-mutate=1139.1, qd-large-mutate=1201.1, curl-right=809.4, curl-left=768.0). MAP-Elites(8x8, morphologies=3): occupied=47, pending=192, in flight=38
19:33:12: 6172x RT, 102.9 creatures/sec. Fitness: best=3067.6, avg=1635.3, new=(qd-mutate=1033.4, qd-large-mutate=1174.2, template-m1-balanced=981.8, curl-right=1042.9). MAP-Elites(8x8, morphologies=3): occupied=47, pending=192, in flight=38
19:33:14: 5267x RT, 87.8 creatures/sec. Fitness: best=3067.6, avg=1637.5, new=(qd-mutate=1057.2, qd-large-mutate=1212.6, template-m1-balanced=1351.3, curl-right=649.7, curl-left=813.5). MAP-Elites(8x8, morphologies=3): occupied=47, pending=192, in flight=38
19:33:16: 3690x RT, 61.5 creatures/sec. Fitness: best=3067.6, avg=1637.5, new=(qd-mutate=1049.4, qd-large-mutate=1138.1, curl-left=1001.2, template-m1-balanced=986.0, curl-right=713.1). MAP-Elites(8x8, morphologies=3): occupied=47, pending=192, in flight=38
19:33:18: 2979x RT, 49.6 creatures/sec. Fitness: best=3067.6, avg=1637.5, new=(qd-mutate=1122.5, qd-large-mutate=1291.2, curl-right=1000.9, template-m1-balanced=721.2, curl-left=1393.6). MAP-Elites(8x8, morphologies=3): occupied=47, pending=192, in flight=38
19:33:20: 3837x RT, 63.9 creatures/sec. Fitness: best=3067.6, avg=1637.5, new=(qd-mutate=1009.5, qd-large-mutate=1025.2, template-m1-balanced=861.1, curl-right=899.3, curl-left=890.5). MAP-Elites(8x8, morphologies=3): occupied=47, pending=192, in flight=38
19:33:22: 3927x RT, 65.4 creatures/sec. Fitness: best=3067.6, avg=1637.5, new=(qd-mutate=1035.9, qd-large-mutate=1112.9, curl-left=712.5, template-m1-balanced=1215.3, curl-right=1160.5). MAP-Elites(8x8, morphologies=3): occupied=47, pending=192, in flight=38
19:33:24: 4047x RT, 67.5 creatures/sec. Fitness: best=3067.6, avg=1637.5, new=(qd-mutate=1059.5, qd-large-mutate=1231.2, template-m1-balanced=1202.2, curl-left=1017.3, curl-right=534.2). MAP-Elites(8x8, morphologies=3): occupied=47, pending=192, in flight=38
19:33:26: 3880x RT, 64.7 creatures/sec. Fitness: best=3067.6, avg=1637.5, new=(qd-mutate=1081.1, qd-large-mutate=960.5, curl-right=920.4, template-m1-balanced=866.7, curl-left=828.7). MAP-Elites(8x8, morphologies=3): occupied=47, pending=192, in flight=38
19:33:28: 3630x RT, 60.5 creatures/sec. Fitness: best=3067.6, avg=1637.5, new=(qd-mutate=1087.1, qd-large-mutate=1020.2, template-m1-balanced=1032.0, curl-left=570.9, curl-right=535.1). MAP-Elites(8x8, morphologies=3): occupied=47, pending=192, in flight=38
19:33:30: 3510x RT, 58.5 creatures/sec. Fitness: best=3067.6, avg=1637.5, new=(qd-mutate=1087.5, qd-large-mutate=1118.9, template-m1-balanced=972.5, curl-left=944.8, curl-right=629.5). MAP-Elites(8x8, morphologies=3): occupied=47, pending=192, in flight=38
19:33:32: 3468x RT, 57.8 creatures/sec. Fitness: best=3067.6, avg=1637.5, new=(qd-mutate=1041.9, qd-large-mutate=1030.0, curl-left=885.5, curl-right=737.6, template-m1-balanced=1413.3). MAP-Elites(8x8, morphologies=3): occupied=47, pending=192, in flight=38
19:33:35: 3501x RT, 58.3 creatures/sec. Fitness: best=3067.6, avg=1637.5, new=(qd-mutate=1118.3, qd-large-mutate=1258.2, curl-right=733.1, curl-left=586.4, template-m1-balanced=729.2). MAP-Elites(8x8, morphologies=3): occupied=47, pending=192, in flight=38
19:33:37: 3610x RT, 60.2 creatures/sec. Fitness: best=3067.6, avg=1637.5, new=(qd-mutate=954.2, qd-large-mutate=1148.0, template-m1-balanced=1179.0, curl-right=734.5). MAP-Elites(8x8, morphologies=3): occupied=47, pending=192, in flight=38
19:33:39: 3445x RT, 57.4 creatures/sec. Fitness: best=3067.6, avg=1637.5, new=(qd-mutate=1144.2, qd-large-mutate=948.3, template-m1-balanced=851.0, curl-right=455.9). MAP-Elites(8x8, morphologies=3): occupied=47, pending=192, in flight=38
19:33:41: 3632x RT, 60.5 creatures/sec. Fitness: best=3067.6, avg=1637.5, new=(template-m1-balanced=1129.0, qd-mutate=1141.1, curl-left=630.6, qd-large-mutate=1243.2, curl-right=696.2). MAP-Elites(8x8, morphologies=3): occupied=47, pending=192, in flight=38
5973458 bytes written to /Users/dag/projects/Machine-Evolved-credible-training/training-runs/me-v2-harmonic-qd-01-2h/config.json. 
19:33:43: 3309x RT, 55.1 creatures/sec. Fitness: best=3067.6, avg=1637.5, new=(curl-left=626.6, qd-mutate=1154.3, qd-large-mutate=955.9, template-m1-balanced=1021.1, curl-right=1112.2). MAP-Elites(8x8, morphologies=3): occupied=47, pending=192, in flight=38
19:33:45: 3685x RT, 61.4 creatures/sec. Fitness: best=3067.6, avg=1637.5, new=(qd-mutate=1021.9, curl-left=889.5, curl-right=798.4, qd-large-mutate=1083.8, template-m1-balanced=870.3). MAP-Elites(8x8, morphologies=3): occupied=47, pending=192, in flight=38
19:33:47: 2969x RT, 49.5 creatures/sec. Fitness: best=3067.6, avg=1637.5, new=(qd-mutate=1049.5, curl-right=565.1, qd-large-mutate=1155.1, template-m1-balanced=802.6, curl-left=492.6). MAP-Elites(8x8, morphologies=3): occupied=47, pending=192, in flight=38
19:33:49: 2903x RT, 48.4 creatures/sec. Fitness: best=3067.6, avg=1637.5, new=(qd-large-mutate=1096.9, qd-mutate=1142.4, template-m1-balanced=1146.5, curl-left=1053.0, curl-right=685.7). MAP-Elites(8x8, morphologies=3): occupied=47, pending=192, in flight=38
19:33:51: 4476x RT, 74.6 creatures/sec. Fitness: best=3067.6, avg=1637.5, new=(qd-mutate=1033.3, qd-large-mutate=1083.9, template-m1-balanced=905.1, curl-right=1244.6, curl-left=1195.3). MAP-Elites(8x8, morphologies=3): occupied=47, pending=192, in flight=38
19:33:53: 4991x RT, 83.2 creatures/sec. Fitness: best=3067.6, avg=1637.5, new=(qd-large-mutate=1181.6, curl-left=843.5, qd-mutate=1079.3, curl-right=810.9, template-m1-balanced=776.3). MAP-Elites(8x8, morphologies=3): occupied=47, pending=192, in flight=38
19:33:55: 5313x RT, 88.5 creatures/sec. Fitness: best=3067.6, avg=1637.5, new=(qd-mutate=1033.7, curl-right=734.8, qd-large-mutate=1078.7, template-m1-balanced=1038.3, curl-left=868.8). MAP-Elites(8x8, morphologies=3): occupied=47, pending=192, in flight=38
19:33:57: 4471x RT, 74.5 creatures/sec. Fitness: best=3067.6, avg=1637.5, new=(template-m1-balanced=973.2, qd-large-mutate=1117.9, qd-mutate=969.1, curl-left=533.0, curl-right=1365.6). MAP-Elites(8x8, morphologies=3): occupied=47, pending=192, in flight=38
19:33:59: 4858x RT, 81.0 creatures/sec. Fitness: best=3067.6, avg=1637.5, new=(qd-large-mutate=1225.6, qd-mutate=1051.5, template-m1-balanced=1155.9, curl-left=805.6, curl-right=833.0). MAP-Elites(8x8, morphologies=3): occupied=47, pending=192, in flight=38
19:34:01: 4956x RT, 82.6 creatures/sec. Fitness: best=3067.6, avg=1637.5, new=(qd-mutate=1099.8, qd-large-mutate=1216.3, template-m1-balanced=1358.5, curl-left=761.4, curl-right=1005.6). MAP-Elites(8x8, morphologies=3): occupied=47, pending=192, in flight=38
19:34:03: 4415x RT, 73.6 creatures/sec. Fitness: best=3067.6, avg=1637.5, new=(qd-mutate=1157.5, qd-large-mutate=1070.6, curl-right=715.5, template-m1-balanced=732.8). MAP-Elites(8x8, morphologies=3): occupied=47, pending=192, in flight=38
19:34:05: 6786x RT, 113.1 creatures/sec. Fitness: best=3067.6, avg=1637.5, new=(template-m1-balanced=934.2, qd-mutate=1069.8, qd-large-mutate=1140.2, curl-left=1202.9). MAP-Elites(8x8, morphologies=3): occupied=47, pending=192, in flight=38
19:34:07: 6763x RT, 112.7 creatures/sec. Fitness: best=3067.6, avg=1637.5, new=(qd-large-mutate=1104.3, qd-mutate=1103.0, template-m1-balanced=844.7, curl-left=961.8, curl-right=626.3). MAP-Elites(8x8, morphologies=3): occupied=47, pending=192, in flight=38
19:34:09: 6948x RT, 115.8 creatures/sec. Fitness: best=3067.6, avg=1637.5, new=(curl-left=859.3, qd-mutate=1076.6, qd-large-mutate=1177.1, template-m1-balanced=840.7, curl-right=980.6). MAP-Elites(8x8, morphologies=3): occupied=47, pending=192, in flight=38
19:34:12: 6700x RT, 111.7 creatures/sec. Fitness: best=3067.6, avg=1637.5, new=(qd-mutate=1092.1, qd-large-mutate=1215.5, template-m1-balanced=747.2, curl-right=892.1, curl-left=710.7). MAP-Elites(8x8, morphologies=3): occupied=47, pending=192, in flight=38
19:34:14: 6764x RT, 112.7 creatures/sec. Fitness: best=3067.6, avg=1637.5, new=(qd-mutate=1108.8, curl-left=844.6, qd-large-mutate=1109.8, template-m1-balanced=1272.3, curl-right=827.0). MAP-Elites(8x8, morphologies=3): occupied=47, pending=192, in flight=38
19:34:16: 6659x RT, 111.0 creatures/sec. Fitness: best=3067.6, avg=1637.5, new=(qd-mutate=1155.7, template-m1-balanced=879.6, qd-large-mutate=1236.7, curl-right=964.7, curl-left=884.5). MAP-Elites(8x8, morphologies=3): occupied=47, pending=192, in flight=38
19:34:18: 6976x RT, 116.3 creatures/sec. Fitness: best=3067.6, avg=1637.5, new=(qd-mutate=1139.0, template-m1-balanced=972.9, qd-large-mutate=1234.2, curl-left=672.5, curl-right=838.0). MAP-Elites(8x8, morphologies=3): occupied=47, pending=192, in flight=38
19:34:20: 6903x RT, 115.1 creatures/sec. Fitness: best=3067.6, avg=1637.5, new=(qd-mutate=1050.3, curl-right=814.2, qd-large-mutate=1046.4, template-m1-balanced=881.0, curl-left=717.2). MAP-Elites(8x8, morphologies=3): occupied=47, pending=192, in flight=38
19:34:22: 6773x RT, 112.9 creatures/sec. Fitness: best=3067.6, avg=1637.5, new=(qd-mutate=970.8, qd-large-mutate=1175.3, curl-left=855.7, template-m1-balanced=996.4, curl-right=975.7). MAP-Elites(8x8, morphologies=3): occupied=47, pending=192, in flight=38
19:34:24: 6880x RT, 114.7 creatures/sec. Fitness: best=3067.6, avg=1637.5, new=(qd-mutate=975.6, template-m1-balanced=977.0, qd-large-mutate=1070.0, curl-left=774.6, curl-right=1172.6). MAP-Elites(8x8, morphologies=3): occupied=47, pending=192, in flight=38
19:34:26: 6873x RT, 114.5 creatures/sec. Fitness: best=3067.6, avg=1637.5, new=(qd-mutate=1153.0, template-m1-balanced=1051.1, qd-large-mutate=1083.6, curl-left=903.0, curl-right=1091.2). MAP-Elites(8x8, morphologies=3): occupied=47, pending=192, in flight=38
19:34:28: 6825x RT, 113.7 creatures/sec. Fitness: best=3067.6, avg=1637.5, new=(qd-mutate=1111.5, qd-large-mutate=1049.2, template-m1-balanced=898.0, curl-right=1250.1). MAP-Elites(8x8, morphologies=3): occupied=47, pending=192, in flight=38
19:34:30: 6991x RT, 116.5 creatures/sec. Fitness: best=3067.6, avg=1637.5, new=(qd-mutate=1087.3, qd-large-mutate=1122.2, curl-right=1088.8, template-m1-balanced=960.1, curl-left=763.2). MAP-Elites(8x8, morphologies=3): occupied=47, pending=192, in flight=38
19:34:32: 6714x RT, 111.9 creatures/sec. Fitness: best=3067.6, avg=1637.5, new=(qd-mutate=1111.8, curl-right=1032.7, curl-left=745.0, qd-large-mutate=1106.7, template-m1-balanced=510.7). MAP-Elites(8x8, morphologies=3): occupied=47, pending=192, in flight=38
19:34:34: 6726x RT, 112.1 creatures/sec. Fitness: best=3067.6, avg=1637.5, new=(qd-mutate=1054.3, qd-large-mutate=1193.8, curl-left=1123.6, curl-right=690.7, template-m1-balanced=942.8). MAP-Elites(8x8, morphologies=3): occupied=47, pending=192, in flight=38
19:34:36: 6017x RT, 100.3 creatures/sec. Fitness: best=3067.6, avg=1637.5, new=(qd-mutate=1108.9, curl-left=829.2, qd-large-mutate=1145.3, template-m1-balanced=936.2, curl-right=1008.0). MAP-Elites(8x8, morphologies=3): occupied=47, pending=192, in flight=38
19:34:38: 6225x RT, 103.7 creatures/sec. Fitness: best=3067.6, avg=1637.5, new=(qd-mutate=1137.8, template-m1-balanced=1132.6, qd-large-mutate=1000.9, curl-right=798.2, curl-left=1318.2). MAP-Elites(8x8, morphologies=3): occupied=47, pending=192, in flight=38
19:34:40: 6268x RT, 104.5 creatures/sec. Fitness: best=3067.6, avg=1637.5, new=(qd-large-mutate=1152.0, qd-mutate=1160.3, curl-right=581.2, curl-left=997.1, template-m1-balanced=830.5). MAP-Elites(8x8, morphologies=3): occupied=47, pending=192, in flight=38
5968508 bytes written to /Users/dag/projects/Machine-Evolved-credible-training/training-runs/me-v2-harmonic-qd-01-2h/config.json. 
19:34:43: 5999x RT, 100.0 creatures/sec. Fitness: best=3067.6, avg=1637.5, new=(qd-mutate=1030.0, qd-large-mutate=1229.8, template-m1-balanced=906.9, curl-left=1088.8, curl-right=703.5). MAP-Elites(8x8, morphologies=3): occupied=47, pending=192, in flight=38
19:34:45: 6475x RT, 107.9 creatures/sec. Fitness: best=3067.6, avg=1637.5, new=(qd-mutate=1073.4, qd-large-mutate=1141.0, template-m1-balanced=927.5, curl-right=831.9, curl-left=870.0). MAP-Elites(8x8, morphologies=3): occupied=47, pending=192, in flight=38
19:34:47: 6260x RT, 104.3 creatures/sec. Fitness: best=3067.6, avg=1637.5, new=(curl-left=865.6, qd-mutate=1042.0, qd-large-mutate=1299.6, curl-right=785.6, template-m1-balanced=871.8). MAP-Elites(8x8, morphologies=3): occupied=47, pending=192, in flight=38
19:34:49: 6271x RT, 104.5 creatures/sec. Fitness: best=3067.6, avg=1637.5, new=(qd-mutate=1113.3, qd-large-mutate=1057.2, curl-right=727.7, template-m1-balanced=917.5, curl-left=621.2). MAP-Elites(8x8, morphologies=3): occupied=47, pending=192, in flight=38
19:34:51: 6193x RT, 103.2 creatures/sec. Fitness: best=3067.6, avg=1637.5, new=(qd-large-mutate=1120.2, qd-mutate=1105.0, template-m1-balanced=810.7, curl-right=556.5). MAP-Elites(8x8, morphologies=3): occupied=47, pending=192, in flight=38
19:34:53: 6275x RT, 104.6 creatures/sec. Fitness: best=3067.6, avg=1637.5, new=(qd-mutate=1080.1, qd-large-mutate=1240.8, template-m1-balanced=926.3, curl-left=1015.6, curl-right=869.3). MAP-Elites(8x8, morphologies=3): occupied=47, pending=192, in flight=38
19:34:55: 6356x RT, 105.9 creatures/sec. Fitness: best=3067.6, avg=1637.5, new=(qd-mutate=1059.3, qd-large-mutate=1226.8, template-m1-balanced=1366.5, curl-right=796.9, curl-left=803.0). MAP-Elites(8x8, morphologies=3): occupied=47, pending=192, in flight=38
19:34:57: 6416x RT, 106.9 creatures/sec. Fitness: best=3067.6, avg=1637.5, new=(qd-mutate=1059.5, template-m1-balanced=1006.6, qd-large-mutate=1145.1, curl-left=942.7). MAP-Elites(8x8, morphologies=3): occupied=47, pending=192, in flight=38
19:34:59: 6124x RT, 102.1 creatures/sec. Fitness: best=3067.6, avg=1637.5, new=(qd-mutate=1049.5, qd-large-mutate=985.8, curl-left=873.2, template-m1-balanced=1030.3, curl-right=993.4). MAP-Elites(8x8, morphologies=3): occupied=47, pending=192, in flight=38
19:35:01: 6387x RT, 106.5 creatures/sec. Fitness: best=3067.6, avg=1637.5, new=(qd-large-mutate=1177.5, qd-mutate=1048.5, curl-right=671.5, template-m1-balanced=693.4, curl-left=751.7). MAP-Elites(8x8, morphologies=3): occupied=47, pending=192, in flight=38
19:35:03: 6275x RT, 104.6 creatures/sec. Fitness: best=3067.6, avg=1637.5, new=(qd-mutate=1111.4, curl-right=890.3, qd-large-mutate=1304.3, curl-left=1054.0, template-m1-balanced=919.9). MAP-Elites(8x8, morphologies=3): occupied=47, pending=192, in flight=38
19:35:05: 6748x RT, 112.5 creatures/sec. Fitness: best=3067.6, avg=1637.5, new=(qd-mutate=1127.1, qd-large-mutate=1293.4, curl-left=639.2, template-m1-balanced=1017.2, curl-right=1106.1). MAP-Elites(8x8, morphologies=3): occupied=47, pending=192, in flight=38
19:35:07: 6878x RT, 114.6 creatures/sec. Fitness: best=3067.6, avg=1637.5, new=(qd-mutate=1118.5, qd-large-mutate=1109.2, curl-left=725.2, template-m1-balanced=973.4). MAP-Elites(8x8, morphologies=3): occupied=47, pending=192, in flight=38
19:35:10: 6808x RT, 113.5 creatures/sec. Fitness: best=3067.6, avg=1637.5, new=(qd-mutate=1098.8, qd-large-mutate=1079.5, template-m1-balanced=985.0, curl-left=846.2, curl-right=745.1). MAP-Elites(8x8, morphologies=3): occupied=47, pending=192, in flight=38
19:35:12: 6922x RT, 115.4 creatures/sec. Fitness: best=3067.6, avg=1637.5, new=(qd-mutate=1090.0, template-m1-balanced=809.3, qd-large-mutate=1097.5, curl-right=840.6, curl-left=877.5). MAP-Elites(8x8, morphologies=3): occupied=47, pending=192, in flight=38
19:35:14: 6929x RT, 115.5 creatures/sec. Fitness: best=3067.6, avg=1637.5, new=(qd-mutate=1111.1, curl-left=645.2, template-m1-balanced=890.5, qd-large-mutate=1231.2, curl-right=824.9). MAP-Elites(8x8, morphologies=3): occupied=47, pending=192, in flight=38
19:35:16: 6806x RT, 113.4 creatures/sec. Fitness: best=3067.6, avg=1637.5, new=(qd-mutate=1020.7, qd-large-mutate=1130.5, curl-right=965.5, curl-left=1496.8, template-m1-balanced=611.8). MAP-Elites(8x8, morphologies=3): occupied=47, pending=192, in flight=38
19:35:18: 6942x RT, 115.7 creatures/sec. Fitness: best=3067.6, avg=1637.5, new=(qd-mutate=1145.2, qd-large-mutate=1057.3, template-m1-balanced=1160.1, curl-right=1185.7, curl-left=830.9). MAP-Elites(8x8, morphologies=3): occupied=47, pending=192, in flight=38
19:35:20: 6820x RT, 113.7 creatures/sec. Fitness: best=3067.6, avg=1637.5, new=(qd-large-mutate=1208.9, qd-mutate=1020.0, template-m1-balanced=995.4, curl-right=1032.7). MAP-Elites(8x8, morphologies=3): occupied=47, pending=192, in flight=38
19:35:22: 6771x RT, 112.8 creatures/sec. Fitness: best=3067.6, avg=1637.5, new=(qd-mutate=996.5, qd-large-mutate=987.1, template-m1-balanced=752.9, curl-right=781.3). MAP-Elites(8x8, morphologies=3): occupied=47, pending=192, in flight=38
19:35:24: 6992x RT, 116.5 creatures/sec. Fitness: best=3067.6, avg=1637.5, new=(template-m1-balanced=1030.9, qd-mutate=1068.8, curl-right=1089.3, qd-large-mutate=1195.1, curl-left=829.2). MAP-Elites(8x8, morphologies=3): occupied=47, pending=192, in flight=38
19:35:26: 6800x RT, 113.3 creatures/sec. Fitness: best=3067.6, avg=1637.5, new=(qd-mutate=1032.9, qd-large-mutate=1284.1, curl-left=641.5, template-m1-balanced=1046.4). MAP-Elites(8x8, morphologies=3): occupied=47, pending=192, in flight=38
19:35:28: 6584x RT, 109.7 creatures/sec. Fitness: best=3067.6, avg=1637.5, new=(qd-mutate=1126.2, qd-large-mutate=1205.5, curl-left=903.0, curl-right=931.6, template-m1-balanced=1201.1). MAP-Elites(8x8, morphologies=3): occupied=47, pending=192, in flight=38
19:35:30: 6390x RT, 106.5 creatures/sec. Fitness: best=3067.6, avg=1637.5, new=(qd-mutate=1054.5, qd-large-mutate=1019.2, template-m1-balanced=878.4, curl-left=803.0, curl-right=926.4). MAP-Elites(8x8, morphologies=3): occupied=47, pending=192, in flight=38
19:35:32: 6723x RT, 112.0 creatures/sec. Fitness: best=3067.6, avg=1637.5, new=(qd-mutate=1126.8, template-m1-balanced=1024.5, curl-right=1193.2, qd-large-mutate=1204.0, curl-left=1146.7). MAP-Elites(8x8, morphologies=3): occupied=47, pending=192, in flight=38
19:35:34: 7030x RT, 117.2 creatures/sec. Fitness: best=3067.6, avg=1637.5, new=(qd-large-mutate=1123.7, qd-mutate=1031.8, curl-right=1071.4, template-m1-balanced=992.4, curl-left=667.4). MAP-Elites(8x8, morphologies=3): occupied=47, pending=192, in flight=38
19:35:36: 6751x RT, 112.5 creatures/sec. Fitness: best=3067.6, avg=1637.5, new=(qd-mutate=1026.3, curl-right=977.6, qd-large-mutate=1238.8, curl-left=1021.1, template-m1-balanced=978.6). MAP-Elites(8x8, morphologies=3): occupied=47, pending=192, in flight=38
19:35:38: 5941x RT, 99.0 creatures/sec. Fitness: best=3067.6, avg=1637.5, new=(qd-mutate=1022.1, qd-large-mutate=1130.0, curl-left=938.4, template-m1-balanced=910.2, curl-right=1231.5). MAP-Elites(8x8, morphologies=3): occupied=47, pending=192, in flight=38
19:35:41: 4699x RT, 78.3 creatures/sec. Fitness: best=3067.6, avg=1637.5, new=(qd-large-mutate=1163.1, qd-mutate=1148.5, curl-left=986.4, template-m1-balanced=1029.2). MAP-Elites(8x8, morphologies=3): occupied=47, pending=192, in flight=38
19:35:43: 6700x RT, 111.7 creatures/sec. Fitness: best=3067.6, avg=1637.5, new=(qd-mutate=1121.0, qd-large-mutate=1172.3, template-m1-balanced=1098.7, curl-right=733.4, curl-left=1048.0). MAP-Elites(8x8, morphologies=3): occupied=47, pending=192, in flight=38
5976175 bytes written to /Users/dag/projects/Machine-Evolved-credible-training/training-runs/me-v2-harmonic-qd-01-2h/config.json. 
19:35:45: 5136x RT, 85.6 creatures/sec. Fitness: best=3067.6, avg=1637.5, new=(qd-mutate=1052.7, qd-large-mutate=910.5, curl-left=860.7, template-m1-balanced=1631.4, curl-right=876.5). MAP-Elites(8x8, morphologies=3): occupied=47, pending=192, in flight=38
19:35:47: 4607x RT, 76.8 creatures/sec. Fitness: best=3067.6, avg=1637.5, new=(curl-right=925.6, qd-mutate=1030.9, qd-large-mutate=1103.2, template-m1-balanced=724.6, curl-left=795.1). MAP-Elites(8x8, morphologies=3): occupied=47, pending=192, in flight=38
19:35:49: 5834x RT, 97.2 creatures/sec. Fitness: best=3067.6, avg=1637.5, new=(qd-mutate=1206.0, qd-large-mutate=1241.2, curl-left=924.7, template-m1-balanced=930.3, curl-right=625.5). MAP-Elites(8x8, morphologies=3): occupied=47, pending=192, in flight=38
19:35:51: 6069x RT, 101.1 creatures/sec. Fitness: best=3067.6, avg=1637.5, new=(qd-mutate=1150.1, qd-large-mutate=1222.2, curl-right=811.2, curl-left=1109.4, template-m1-balanced=1060.0). MAP-Elites(8x8, morphologies=3): occupied=47, pending=192, in flight=38
19:35:53: 5721x RT, 95.3 creatures/sec. Fitness: best=3067.6, avg=1637.5, new=(qd-mutate=1053.5, curl-left=676.4, qd-large-mutate=1193.1, template-m1-balanced=1042.4, curl-right=827.9). MAP-Elites(8x8, morphologies=3): occupied=47, pending=192, in flight=38
19:35:55: 6824x RT, 113.7 creatures/sec. Fitness: best=3067.6, avg=1637.5, new=(qd-mutate=1115.8, curl-right=875.4, qd-large-mutate=1151.8, template-m1-balanced=959.1, curl-left=687.9). MAP-Elites(8x8, morphologies=3): occupied=47, pending=192, in flight=38
19:35:57: 5044x RT, 84.1 creatures/sec. Fitness: best=3067.6, avg=1637.5, new=(qd-mutate=1155.0, curl-right=954.4, template-m1-balanced=1008.3, qd-large-mutate=1012.8, curl-left=925.3). MAP-Elites(8x8, morphologies=3): occupied=47, pending=192, in flight=38
19:35:59: 4495x RT, 74.9 creatures/sec. Fitness: best=3067.6, avg=1637.5, new=(qd-mutate=1020.7, template-m1-balanced=1225.7, qd-large-mutate=1085.3, curl-right=508.0). MAP-Elites(8x8, morphologies=3): occupied=47, pending=192, in flight=38
19:36:01: 5287x RT, 88.1 creatures/sec. Fitness: best=3067.6, avg=1637.5, new=(qd-mutate=1054.8, qd-large-mutate=1265.9, template-m1-balanced=953.6, curl-right=1079.5, curl-left=907.5). MAP-Elites(8x8, morphologies=3): occupied=47, pending=192, in flight=38
19:36:03: 5248x RT, 87.5 creatures/sec. Fitness: best=3067.6, avg=1637.5, new=(qd-mutate=1041.7, qd-large-mutate=1139.9, template-m1-balanced=887.0, curl-right=883.6). MAP-Elites(8x8, morphologies=3): occupied=47, pending=192, in flight=38
19:36:05: 5046x RT, 84.1 creatures/sec. Fitness: best=3067.6, avg=1637.5, new=(qd-mutate=1081.9, qd-large-mutate=1184.0, template-m1-balanced=1072.5, curl-right=809.2, curl-left=811.2). MAP-Elites(8x8, morphologies=3): occupied=47, pending=192, in flight=38
19:36:07: 5019x RT, 83.7 creatures/sec. Fitness: best=3067.6, avg=1637.5, new=(qd-mutate=897.2, qd-large-mutate=1013.0, curl-left=618.4, template-m1-balanced=929.5, curl-right=702.5). MAP-Elites(8x8, morphologies=3): occupied=47, pending=192, in flight=38
19:36:09: 4945x RT, 82.4 creatures/sec. Fitness: best=3067.6, avg=1637.5, new=(qd-mutate=1038.5, qd-large-mutate=1147.3, curl-right=397.6, curl-left=879.3, template-m1-balanced=689.7). MAP-Elites(8x8, morphologies=3): occupied=47, pending=192, in flight=38
19:36:11: 4996x RT, 83.3 creatures/sec. Fitness: best=3067.6, avg=1637.5, new=(qd-mutate=1155.4, qd-large-mutate=1133.3, curl-left=1021.0, template-m1-balanced=982.4, curl-right=745.1). MAP-Elites(8x8, morphologies=3): occupied=47, pending=192, in flight=38
19:36:13: 5167x RT, 86.1 creatures/sec. Fitness: best=3067.6, avg=1637.5, new=(qd-mutate=1115.2, template-m1-balanced=979.5, curl-right=766.5, qd-large-mutate=1187.0, curl-left=510.7). MAP-Elites(8x8, morphologies=3): occupied=47, pending=192, in flight=38
19:36:16: 6315x RT, 105.2 creatures/sec. Fitness: best=3067.6, avg=1637.5, new=(qd-mutate=978.7, curl-left=618.7, qd-large-mutate=997.2, curl-right=649.0, template-m1-balanced=868.4). MAP-Elites(8x8, morphologies=3): occupied=47, pending=192, in flight=38
19:36:18: 5814x RT, 96.9 creatures/sec. Fitness: best=3067.6, avg=1637.5, new=(qd-mutate=1068.0, qd-large-mutate=1043.8, curl-left=764.1, curl-right=804.6, template-m1-balanced=940.9). MAP-Elites(8x8, morphologies=3): occupied=47, pending=192, in flight=38
19:36:20: 6632x RT, 110.5 creatures/sec. Fitness: best=3067.6, avg=1637.5, new=(qd-mutate=1145.7, template-m1-balanced=1087.9, qd-large-mutate=1054.6, curl-left=938.6, curl-right=1121.9). MAP-Elites(8x8, morphologies=3): occupied=47, pending=192, in flight=38
19:36:22: 5187x RT, 86.5 creatures/sec. Fitness: best=3067.6, avg=1637.5, new=(qd-mutate=1105.8, qd-large-mutate=1239.9, curl-left=683.0, curl-right=765.9, template-m1-balanced=1122.0). MAP-Elites(8x8, morphologies=3): occupied=47, pending=192, in flight=38
19:36:24: 4861x RT, 81.0 creatures/sec. Fitness: best=3067.6, avg=1637.5, new=(qd-mutate=1010.8, qd-large-mutate=1189.3, curl-right=911.5, template-m1-balanced=1227.6). MAP-Elites(8x8, morphologies=3): occupied=47, pending=192, in flight=38
19:36:26: 5472x RT, 91.2 creatures/sec. Fitness: best=3067.6, avg=1637.5, new=(qd-mutate=1043.2, qd-large-mutate=1094.1, template-m1-balanced=834.3, curl-right=1367.4, curl-left=621.2). MAP-Elites(8x8, morphologies=3): occupied=47, pending=192, in flight=38
19:36:28: 5192x RT, 86.5 creatures/sec. Fitness: best=3067.6, avg=1637.5, new=(qd-mutate=1075.7, qd-large-mutate=1095.8, template-m1-balanced=764.9, curl-left=818.2). MAP-Elites(8x8, morphologies=3): occupied=47, pending=192, in flight=38
19:36:30: 5038x RT, 84.0 creatures/sec. Fitness: best=3067.6, avg=1637.5, new=(qd-large-mutate=1217.8, template-m1-balanced=903.6, qd-mutate=1000.7, curl-left=720.5, curl-right=697.4). MAP-Elites(8x8, morphologies=3): occupied=47, pending=192, in flight=38
19:36:32: 5072x RT, 84.5 creatures/sec. Fitness: best=3067.6, avg=1637.5, new=(qd-mutate=1000.8, qd-large-mutate=1013.8, template-m1-balanced=1003.2, curl-right=1139.8, curl-left=1077.5). MAP-Elites(8x8, morphologies=3): occupied=47, pending=192, in flight=38
19:36:34: 5044x RT, 84.1 creatures/sec. Fitness: best=3067.6, avg=1637.5, new=(qd-mutate=1160.3, qd-large-mutate=997.3, curl-right=636.9, template-m1-balanced=865.2). MAP-Elites(8x8, morphologies=3): occupied=47, pending=192, in flight=38
19:36:36: 5524x RT, 92.1 creatures/sec. Fitness: best=3067.6, avg=1637.5, new=(qd-mutate=1101.2, qd-large-mutate=1199.5, template-m1-balanced=758.7). MAP-Elites(8x8, morphologies=3): occupied=47, pending=192, in flight=38
19:36:38: 6792x RT, 113.2 creatures/sec. Fitness: best=3067.6, avg=1637.5, new=(qd-mutate=1007.7, qd-large-mutate=1121.1, template-m1-balanced=966.4, curl-right=588.3, curl-left=972.2). MAP-Elites(8x8, morphologies=3): occupied=47, pending=192, in flight=38
19:36:40: 6676x RT, 111.3 creatures/sec. Fitness: best=3067.6, avg=1637.5, new=(curl-right=691.6, qd-mutate=1030.9, template-m1-balanced=811.3, qd-large-mutate=1039.9, curl-left=1007.4). MAP-Elites(8x8, morphologies=3): occupied=47, pending=192, in flight=38
19:36:42: 6942x RT, 115.7 creatures/sec. Fitness: best=3067.6, avg=1637.5, new=(qd-mutate=1183.7, qd-large-mutate=1180.4, curl-left=845.5, curl-right=1182.3). MAP-Elites(8x8, morphologies=3): occupied=47, pending=192, in flight=38
5950384 bytes written to /Users/dag/projects/Machine-Evolved-credible-training/training-runs/me-v2-harmonic-qd-01-2h/config.json. 
19:36:44: 6605x RT, 110.1 creatures/sec. Fitness: best=3067.6, avg=1637.5, new=(qd-mutate=1057.9, qd-large-mutate=1084.0, curl-left=904.6, template-m1-balanced=758.3, curl-right=990.3). MAP-Elites(8x8, morphologies=3): occupied=47, pending=192, in flight=38
19:36:47: 6868x RT, 114.5 creatures/sec. Fitness: best=3067.6, avg=1637.5, new=(qd-mutate=1078.1, curl-right=859.3, template-m1-balanced=888.0, qd-large-mutate=1135.8, curl-left=1101.8). MAP-Elites(8x8, morphologies=3): occupied=47, pending=192, in flight=38
19:36:49: 6894x RT, 114.9 creatures/sec. Fitness: best=3067.6, avg=1637.5, new=(qd-mutate=1021.0, curl-right=844.0, template-m1-balanced=970.2, qd-large-mutate=1258.0, curl-left=605.8). MAP-Elites(8x8, morphologies=3): occupied=47, pending=192, in flight=38
19:36:51: 6789x RT, 113.2 creatures/sec. Fitness: best=3067.6, avg=1637.5, new=(qd-mutate=1049.4, qd-large-mutate=1115.6, curl-left=800.9, template-m1-balanced=847.5, curl-right=1211.4). MAP-Elites(8x8, morphologies=3): occupied=47, pending=192, in flight=38
19:36:53: 6827x RT, 113.8 creatures/sec. Fitness: best=3067.6, avg=1637.5, new=(qd-mutate=1087.5, qd-large-mutate=1212.1, template-m1-balanced=987.1, curl-left=788.4). MAP-Elites(8x8, morphologies=3): occupied=47, pending=192, in flight=38
19:36:55: 6345x RT, 105.8 creatures/sec. Fitness: best=3067.6, avg=1637.5, new=(qd-mutate=1011.8, curl-left=1074.7, qd-large-mutate=1226.9, template-m1-balanced=990.1, curl-right=860.0). MAP-Elites(8x8, morphologies=3): occupied=47, pending=192, in flight=38
19:36:57: 6856x RT, 114.3 creatures/sec. Fitness: best=3067.6, avg=1637.5, new=(qd-large-mutate=1249.4, qd-mutate=1035.3, template-m1-balanced=678.4, curl-right=949.3, curl-left=945.6). MAP-Elites(8x8, morphologies=3): occupied=47, pending=192, in flight=38
19:36:59: 6865x RT, 114.4 creatures/sec. Fitness: best=3067.6, avg=1637.5, new=(qd-mutate=985.5, qd-large-mutate=1163.5, template-m1-balanced=907.6, curl-right=796.6, curl-left=463.3). MAP-Elites(8x8, morphologies=3): occupied=47, pending=192, in flight=38
19:37:01: 6845x RT, 114.1 creatures/sec. Fitness: best=3067.6, avg=1637.5, new=(qd-mutate=1119.8, qd-large-mutate=1196.3, template-m1-balanced=880.1, curl-left=892.8, curl-right=837.5). MAP-Elites(8x8, morphologies=3): occupied=47, pending=192, in flight=38
19:37:03: 6509x RT, 108.5 creatures/sec. Fitness: best=3067.6, avg=1637.5, new=(qd-mutate=1059.6, qd-large-mutate=1117.7, template-m1-balanced=937.8, curl-left=721.9, curl-right=814.4). MAP-Elites(8x8, morphologies=3): occupied=47, pending=192, in flight=38
19:37:05: 6583x RT, 109.7 creatures/sec. Fitness: best=3067.6, avg=1637.5, new=(qd-large-mutate=1172.4, qd-mutate=1066.9, curl-right=845.9, curl-left=538.2, template-m1-balanced=999.6). MAP-Elites(8x8, morphologies=3): occupied=47, pending=192, in flight=38
19:37:07: 6778x RT, 113.0 creatures/sec. Fitness: best=3067.6, avg=1637.5, new=(qd-large-mutate=1135.0, qd-mutate=978.6, curl-right=849.7, template-m1-balanced=1081.4). MAP-Elites(8x8, morphologies=3): occupied=47, pending=192, in flight=38
19:37:09: 6912x RT, 115.2 creatures/sec. Fitness: best=3067.6, avg=1637.5, new=(qd-mutate=1056.6, qd-large-mutate=1059.6, template-m1-balanced=1086.7, curl-left=777.4). MAP-Elites(8x8, morphologies=3): occupied=47, pending=192, in flight=38
19:37:11: 6700x RT, 111.7 creatures/sec. Fitness: best=3067.6, avg=1637.5, new=(qd-mutate=1127.7, qd-large-mutate=1202.4, template-m1-balanced=905.5, curl-left=599.2, curl-right=1017.2). MAP-Elites(8x8, morphologies=3): occupied=47, pending=192, in flight=38
19:37:13: 6886x RT, 114.8 creatures/sec. Fitness: best=3067.6, avg=1637.5, new=(qd-mutate=1119.4, qd-large-mutate=1233.7, template-m1-balanced=862.3, curl-right=916.1, curl-left=751.4). MAP-Elites(8x8, morphologies=3): occupied=47, pending=192, in flight=38
19:37:15: 6920x RT, 115.3 creatures/sec. Fitness: best=3067.6, avg=1637.5, new=(curl-right=762.2, qd-mutate=1055.3, template-m1-balanced=915.3, qd-large-mutate=1099.8, curl-left=578.9). MAP-Elites(8x8, morphologies=3): occupied=47, pending=192, in flight=38
19:37:18: 6832x RT, 113.9 creatures/sec. Fitness: best=3067.6, avg=1637.5, new=(qd-mutate=998.4, qd-large-mutate=1051.6, template-m1-balanced=787.6, curl-left=914.9, curl-right=1052.2). MAP-Elites(8x8, morphologies=3): occupied=47, pending=192, in flight=38
19:37:20: 6814x RT, 113.6 creatures/sec. Fitness: best=3067.6, avg=1637.5, new=(qd-mutate=1093.2, curl-left=832.0, qd-large-mutate=1180.3, curl-right=700.1, template-m1-balanced=870.5). MAP-Elites(8x8, morphologies=3): occupied=47, pending=192, in flight=38
19:37:22: 6548x RT, 109.1 creatures/sec. Fitness: best=3067.6, avg=1637.5, new=(qd-mutate=1073.5, qd-large-mutate=1011.9, template-m1-balanced=858.2, curl-left=911.3, curl-right=482.4). MAP-Elites(8x8, morphologies=3): occupied=47, pending=192, in flight=38
19:37:24: 6848x RT, 114.1 creatures/sec. Fitness: best=3067.6, avg=1637.5, new=(qd-mutate=1090.1, qd-large-mutate=1178.2, curl-right=800.0, curl-left=701.0, template-m1-balanced=898.7). MAP-Elites(8x8, morphologies=3): occupied=47, pending=192, in flight=38
19:37:26: 6859x RT, 114.3 creatures/sec. Fitness: best=3067.6, avg=1637.5, new=(curl-right=1135.3, qd-large-mutate=1113.5, qd-mutate=1003.4, curl-left=1211.7, template-m1-balanced=1003.9). MAP-Elites(8x8, morphologies=3): occupied=47, pending=192, in flight=38
19:37:28: 6605x RT, 110.1 creatures/sec. Fitness: best=3067.6, avg=1637.5, new=(qd-mutate=1143.4, qd-large-mutate=1120.1, curl-left=904.8, template-m1-balanced=803.0, curl-right=831.9). MAP-Elites(8x8, morphologies=3): occupied=47, pending=192, in flight=38
19:37:30: 6598x RT, 110.0 creatures/sec. Fitness: best=3067.6, avg=1637.5, new=(qd-mutate=1162.1, qd-large-mutate=1300.4, curl-left=824.9, template-m1-balanced=1436.8, curl-right=1002.4). MAP-Elites(8x8, morphologies=3): occupied=47, pending=192, in flight=38
19:37:32: 6935x RT, 115.6 creatures/sec. Fitness: best=3067.6, avg=1637.5, new=(qd-large-mutate=988.3, qd-mutate=1038.3, curl-left=787.7, template-m1-balanced=699.5, curl-right=765.8). MAP-Elites(8x8, morphologies=3): occupied=47, pending=192, in flight=38
19:37:34: 6769x RT, 112.8 creatures/sec. Fitness: best=3067.6, avg=1637.5, new=(qd-mutate=1113.5, qd-large-mutate=1101.1, curl-right=960.0, template-m1-balanced=952.7, curl-left=727.9). MAP-Elites(8x8, morphologies=3): occupied=47, pending=192, in flight=38
19:37:36: 6854x RT, 114.2 creatures/sec. Fitness: best=3067.6, avg=1637.5, new=(qd-large-mutate=1232.7, template-m1-balanced=770.9, qd-mutate=1033.0, curl-right=602.6, curl-left=777.8). MAP-Elites(8x8, morphologies=3): occupied=47, pending=192, in flight=38
19:37:38: 6817x RT, 113.6 creatures/sec. Fitness: best=3067.6, avg=1637.5, new=(qd-mutate=1023.2, qd-large-mutate=1121.3, curl-left=793.0, curl-right=954.0, template-m1-balanced=731.2). MAP-Elites(8x8, morphologies=3): occupied=47, pending=192, in flight=38
19:37:40: 6905x RT, 115.1 creatures/sec. Fitness: best=3067.6, avg=1637.5, new=(qd-mutate=1188.4, qd-large-mutate=1184.3, curl-left=999.8, template-m1-balanced=983.9, curl-right=1086.5). MAP-Elites(8x8, morphologies=3): occupied=47, pending=192, in flight=38
19:37:42: 6822x RT, 113.7 creatures/sec. Fitness: best=3067.6, avg=1637.5, new=(qd-large-mutate=1178.3, qd-mutate=1166.3, curl-right=1535.8, curl-left=775.6, template-m1-balanced=833.1). MAP-Elites(8x8, morphologies=3): occupied=47, pending=192, in flight=38
5963012 bytes written to /Users/dag/projects/Machine-Evolved-credible-training/training-runs/me-v2-harmonic-qd-01-2h/config.json. 
19:37:44: 6790x RT, 113.2 creatures/sec. Fitness: best=3067.6, avg=1637.5, new=(qd-mutate=1102.0, qd-large-mutate=1141.5, template-m1-balanced=1196.1, curl-right=980.5). MAP-Elites(8x8, morphologies=3): occupied=47, pending=192, in flight=38
19:37:46: 6794x RT, 113.2 creatures/sec. Fitness: best=3067.6, avg=1637.5, new=(qd-large-mutate=1335.3, qd-mutate=1058.2, curl-right=841.9, template-m1-balanced=809.2). MAP-Elites(8x8, morphologies=3): occupied=47, pending=192, in flight=38
19:37:48: 6754x RT, 112.6 creatures/sec. Fitness: best=3067.6, avg=1637.5, new=(qd-mutate=1107.6, qd-large-mutate=1117.7, curl-right=926.5, template-m1-balanced=968.6, curl-left=726.8). MAP-Elites(8x8, morphologies=3): occupied=47, pending=192, in flight=38
19:37:51: 6803x RT, 113.4 creatures/sec. Fitness: best=3067.6, avg=1637.5, new=(qd-mutate=1029.3, qd-large-mutate=1000.4, template-m1-balanced=939.2, curl-left=861.4). MAP-Elites(8x8, morphologies=3): occupied=47, pending=192, in flight=38
19:37:53: 6682x RT, 111.4 creatures/sec. Fitness: best=3067.6, avg=1637.5, new=(qd-mutate=1010.3, qd-large-mutate=1112.2, curl-left=744.0, curl-right=1045.3, template-m1-balanced=1082.9). MAP-Elites(8x8, morphologies=3): occupied=47, pending=192, in flight=38
19:37:55: 6777x RT, 112.9 creatures/sec. Fitness: best=3067.6, avg=1637.5, new=(qd-mutate=1011.0, qd-large-mutate=1277.0, curl-left=1126.8, template-m1-balanced=928.8). MAP-Elites(8x8, morphologies=3): occupied=47, pending=192, in flight=38
19:37:57: 6540x RT, 109.0 creatures/sec. Fitness: best=3067.6, avg=1637.5, new=(qd-mutate=1093.9, curl-left=888.4, qd-large-mutate=1089.6, template-m1-balanced=935.0). MAP-Elites(8x8, morphologies=3): occupied=47, pending=192, in flight=38
19:37:59: 6904x RT, 115.1 creatures/sec. Fitness: best=3067.6, avg=1637.5, new=(qd-mutate=1092.5, curl-left=785.0, qd-large-mutate=1157.5, template-m1-balanced=468.6, curl-right=815.0). MAP-Elites(8x8, morphologies=3): occupied=47, pending=192, in flight=38
19:38:01: 6789x RT, 113.2 creatures/sec. Fitness: best=3067.6, avg=1637.5, new=(qd-mutate=1092.7, qd-large-mutate=1106.5, curl-right=865.7, template-m1-balanced=899.8). MAP-Elites(8x8, morphologies=3): occupied=47, pending=192, in flight=38
19:38:03: 6684x RT, 111.4 creatures/sec. Fitness: best=3067.6, avg=1637.5, new=(qd-mutate=1063.1, qd-large-mutate=1017.4, template-m1-balanced=1142.1, curl-right=795.2, curl-left=1451.4). MAP-Elites(8x8, morphologies=3): occupied=47, pending=192, in flight=38
19:38:05: 6688x RT, 111.5 creatures/sec. Fitness: best=3067.6, avg=1637.5, new=(qd-mutate=1076.9, qd-large-mutate=1300.8, curl-right=947.1, curl-left=960.0, template-m1-balanced=912.0). MAP-Elites(8x8, morphologies=3): occupied=47, pending=192, in flight=38
19:38:07: 6727x RT, 112.1 creatures/sec. Fitness: best=3067.6, avg=1637.5, new=(qd-mutate=1043.8, qd-large-mutate=1264.4, curl-left=788.1, template-m1-balanced=944.2, curl-right=779.2). MAP-Elites(8x8, morphologies=3): occupied=47, pending=192, in flight=38
19:38:09: 6959x RT, 116.0 creatures/sec. Fitness: best=3067.6, avg=1637.5, new=(curl-left=742.0, qd-mutate=1111.1, qd-large-mutate=1021.3, template-m1-balanced=949.6). MAP-Elites(8x8, morphologies=3): occupied=47, pending=192, in flight=38
19:38:11: 6743x RT, 112.4 creatures/sec. Fitness: best=3067.6, avg=1637.5, new=(qd-mutate=1073.4, qd-large-mutate=1213.4, template-m1-balanced=963.1, curl-left=1179.6, curl-right=589.0). MAP-Elites(8x8, morphologies=3): occupied=47, pending=192, in flight=38
19:38:13: 6918x RT, 115.3 creatures/sec. Fitness: best=3067.6, avg=1637.5, new=(qd-mutate=1018.3, qd-large-mutate=1114.6, curl-right=832.8, curl-left=1371.8, template-m1-balanced=815.7). MAP-Elites(8x8, morphologies=3): occupied=47, pending=192, in flight=38
19:38:15: 6827x RT, 113.8 creatures/sec. Fitness: best=3067.6, avg=1637.5, new=(qd-mutate=1034.3, qd-large-mutate=1150.1, template-m1-balanced=1025.2, curl-right=812.3, curl-left=803.9). MAP-Elites(8x8, morphologies=3): occupied=47, pending=192, in flight=38
19:38:17: 6933x RT, 115.5 creatures/sec. Fitness: best=3067.6, avg=1637.5, new=(qd-mutate=1101.6, template-m1-balanced=619.5, qd-large-mutate=1100.1, curl-left=1149.5, curl-right=832.3). MAP-Elites(8x8, morphologies=3): occupied=47, pending=192, in flight=38
19:38:19: 6769x RT, 112.8 creatures/sec. Fitness: best=3067.6, avg=1637.5, new=(qd-mutate=1040.1, template-m1-balanced=995.4, qd-large-mutate=1051.8, curl-left=770.2, curl-right=1168.8). MAP-Elites(8x8, morphologies=3): occupied=47, pending=192, in flight=38
19:38:22: 6430x RT, 107.2 creatures/sec. Fitness: best=3067.6, avg=1641.0, new=(curl-right=553.4, qd-large-mutate=1116.9, qd-mutate=1100.6, template-m1-balanced=779.7, curl-left=898.3). MAP-Elites(8x8, morphologies=3): occupied=47, pending=192, in flight=38
19:38:24: 6816x RT, 113.6 creatures/sec. Fitness: best=3067.6, avg=1641.0, new=(qd-large-mutate=1077.7, qd-mutate=1026.7, template-m1-balanced=1012.9, curl-left=958.6, curl-right=992.8). MAP-Elites(8x8, morphologies=3): occupied=47, pending=192, in flight=38
19:38:26: 6887x RT, 114.8 creatures/sec. Fitness: best=3067.6, avg=1641.0, new=(qd-mutate=1061.9, qd-large-mutate=1083.8, template-m1-balanced=920.1, curl-left=902.7, curl-right=1122.6). MAP-Elites(8x8, morphologies=3): occupied=47, pending=192, in flight=38
19:38:28: 6791x RT, 113.2 creatures/sec. Fitness: best=3067.6, avg=1641.0, new=(qd-mutate=1115.2, qd-large-mutate=1060.1, curl-left=1273.7, template-m1-balanced=881.9, curl-right=603.9). MAP-Elites(8x8, morphologies=3): occupied=47, pending=192, in flight=38
19:38:30: 6934x RT, 115.6 creatures/sec. Fitness: best=3067.6, avg=1641.0, new=(qd-large-mutate=1150.0, qd-mutate=1012.1, template-m1-balanced=939.8, curl-right=873.6, curl-left=631.3). MAP-Elites(8x8, morphologies=3): occupied=47, pending=192, in flight=38
19:38:32: 6687x RT, 111.5 creatures/sec. Fitness: best=3067.6, avg=1641.0, new=(qd-large-mutate=1122.8, qd-mutate=1049.1, template-m1-balanced=1132.4, curl-right=984.0, curl-left=809.8). MAP-Elites(8x8, morphologies=3): occupied=47, pending=192, in flight=38
19:38:34: 6634x RT, 110.6 creatures/sec. Fitness: best=3067.6, avg=1641.0, new=(qd-mutate=1107.1, template-m1-balanced=1098.1, qd-large-mutate=1143.7, curl-right=939.0, curl-left=1034.0). MAP-Elites(8x8, morphologies=3): occupied=47, pending=192, in flight=38
19:38:36: 6986x RT, 116.4 creatures/sec. Fitness: best=3067.6, avg=1641.0, new=(qd-large-mutate=1273.0, qd-mutate=1079.8, template-m1-balanced=1011.3, curl-right=1085.0, curl-left=482.7). MAP-Elites(8x8, morphologies=3): occupied=47, pending=192, in flight=38
19:38:38: 6762x RT, 112.7 creatures/sec. Fitness: best=3067.6, avg=1642.8, new=(qd-mutate=1125.4, qd-large-mutate=1235.5, template-m1-balanced=963.0, curl-left=1085.0, curl-right=807.3). MAP-Elites(8x8, morphologies=3): occupied=47, pending=192, in flight=38
19:38:40: 6936x RT, 115.6 creatures/sec. Fitness: best=3067.6, avg=1642.8, new=(qd-large-mutate=1093.1, qd-mutate=1037.2, curl-right=852.0, curl-left=1137.8, template-m1-balanced=832.3). MAP-Elites(8x8, morphologies=3): occupied=47, pending=192, in flight=38
19:38:42: 6796x RT, 113.3 creatures/sec. Fitness: best=3067.6, avg=1642.8, new=(qd-mutate=1122.0, curl-left=967.0, template-m1-balanced=1027.1, qd-large-mutate=999.1). MAP-Elites(8x8, morphologies=3): occupied=47, pending=192, in flight=38
5978493 bytes written to /Users/dag/projects/Machine-Evolved-credible-training/training-runs/me-v2-harmonic-qd-01-2h/config.json. 
19:38:44: 6919x RT, 115.3 creatures/sec. Fitness: best=3067.6, avg=1642.8, new=(qd-large-mutate=1097.9, qd-mutate=1049.0, curl-right=791.3, curl-left=861.9, template-m1-balanced=969.6). MAP-Elites(8x8, morphologies=3): occupied=47, pending=192, in flight=38
19:38:46: 6861x RT, 114.4 creatures/sec. Fitness: best=3067.6, avg=1642.8, new=(qd-mutate=1062.5, qd-large-mutate=1152.5, curl-left=763.6, curl-right=809.5, template-m1-balanced=731.6). MAP-Elites(8x8, morphologies=3): occupied=47, pending=192, in flight=38
19:38:48: 6891x RT, 114.8 creatures/sec. Fitness: best=3067.6, avg=1642.8, new=(qd-mutate=1024.1, qd-large-mutate=1072.6, template-m1-balanced=839.5, curl-right=786.3). MAP-Elites(8x8, morphologies=3): occupied=47, pending=192, in flight=38
19:38:51: 6833x RT, 113.9 creatures/sec. Fitness: best=3067.6, avg=1642.8, new=(qd-large-mutate=1100.9, qd-mutate=1078.1, curl-right=871.5, template-m1-balanced=988.8). MAP-Elites(8x8, morphologies=3): occupied=47, pending=192, in flight=38
19:38:53: 6840x RT, 114.0 creatures/sec. Fitness: best=3067.6, avg=1642.8, new=(qd-mutate=1033.0, qd-large-mutate=1055.5, template-m1-balanced=842.6, curl-left=794.3, curl-right=832.3). MAP-Elites(8x8, morphologies=3): occupied=47, pending=192, in flight=38
19:38:55: 6855x RT, 114.3 creatures/sec. Fitness: best=3067.6, avg=1642.8, new=(qd-mutate=1112.5, qd-large-mutate=1106.4, template-m1-balanced=991.5, curl-left=1057.1, curl-right=559.7). MAP-Elites(8x8, morphologies=3): occupied=47, pending=192, in flight=38
19:38:57: 6970x RT, 116.2 creatures/sec. Fitness: best=3067.6, avg=1642.8, new=(curl-right=732.1, qd-mutate=1070.0, template-m1-balanced=928.2, qd-large-mutate=1212.6, curl-left=797.2). MAP-Elites(8x8, morphologies=3): occupied=47, pending=192, in flight=38
19:38:59: 6713x RT, 111.9 creatures/sec. Fitness: best=3067.6, avg=1642.8, new=(qd-large-mutate=1037.4, template-m1-balanced=924.0, qd-mutate=1078.3, curl-right=746.1, curl-left=686.6). MAP-Elites(8x8, morphologies=3): occupied=47, pending=192, in flight=38
19:39:01: 6997x RT, 116.6 creatures/sec. Fitness: best=3067.6, avg=1642.8, new=(qd-mutate=1017.4, qd-large-mutate=1309.5, template-m1-balanced=965.8, curl-right=1151.0, curl-left=704.1). MAP-Elites(8x8, morphologies=3): occupied=47, pending=192, in flight=38
19:39:03: 6850x RT, 114.2 creatures/sec. Fitness: best=3067.6, avg=1642.8, new=(qd-mutate=1060.7, qd-large-mutate=1147.7, curl-right=887.5, template-m1-balanced=766.5, curl-left=842.7). MAP-Elites(8x8, morphologies=3): occupied=47, pending=192, in flight=38
19:39:05: 6820x RT, 113.7 creatures/sec. Fitness: best=3067.6, avg=1642.8, new=(qd-large-mutate=1322.5, qd-mutate=1008.9, curl-right=1227.8, template-m1-balanced=1037.5, curl-left=609.9). MAP-Elites(8x8, morphologies=3): occupied=47, pending=192, in flight=38
19:39:07: 6761x RT, 112.7 creatures/sec. Fitness: best=3067.6, avg=1642.8, new=(qd-mutate=1028.8, qd-large-mutate=1056.4, curl-left=863.8, template-m1-balanced=736.8, curl-right=783.5). MAP-Elites(8x8, morphologies=3): occupied=47, pending=192, in flight=38
19:39:09: 6842x RT, 114.0 creatures/sec. Fitness: best=3067.6, avg=1642.8, new=(qd-mutate=1100.4, qd-large-mutate=1157.4, curl-right=766.0, template-m1-balanced=1077.9, curl-left=652.3). MAP-Elites(8x8, morphologies=3): occupied=47, pending=192, in flight=38
19:39:11: 6869x RT, 114.5 creatures/sec. Fitness: best=3067.6, avg=1642.8, new=(qd-mutate=1010.7, qd-large-mutate=1076.5, template-m1-balanced=1085.5, curl-right=835.7, curl-left=820.3). MAP-Elites(8x8, morphologies=3): occupied=47, pending=192, in flight=38
19:39:13: 6873x RT, 114.6 creatures/sec. Fitness: best=3067.6, avg=1642.8, new=(qd-mutate=1095.6, template-m1-balanced=1055.7, qd-large-mutate=1072.9, curl-left=826.0, curl-right=836.5). MAP-Elites(8x8, morphologies=3): occupied=47, pending=192, in flight=38
19:39:15: 6714x RT, 111.9 creatures/sec. Fitness: best=3067.6, avg=1642.8, new=(qd-large-mutate=1142.5, qd-mutate=1108.1, template-m1-balanced=952.3, curl-right=585.5). MAP-Elites(8x8, morphologies=3): occupied=47, pending=192, in flight=38
19:39:17: 6851x RT, 114.2 creatures/sec. Fitness: best=3067.6, avg=1642.8, new=(qd-large-mutate=1113.3, qd-mutate=1048.1, curl-right=550.6, template-m1-balanced=884.7, curl-left=940.1). MAP-Elites(8x8, morphologies=3): occupied=47, pending=192, in flight=38
19:39:20: 6863x RT, 114.4 creatures/sec. Fitness: best=3067.6, avg=1642.8, new=(qd-mutate=1071.6, qd-large-mutate=1203.0, template-m1-balanced=979.5, curl-left=593.1). MAP-Elites(8x8, morphologies=3): occupied=47, pending=192, in flight=38
19:39:22: 6917x RT, 115.3 creatures/sec. Fitness: best=3067.6, avg=1642.8, new=(template-m1-balanced=1092.5, qd-large-mutate=1144.6, qd-mutate=1072.2, curl-left=975.1, curl-right=984.7). MAP-Elites(8x8, morphologies=3): occupied=47, pending=192, in flight=38
19:39:24: 6876x RT, 114.6 creatures/sec. Fitness: best=3067.6, avg=1642.8, new=(template-m1-balanced=952.4, qd-mutate=1093.0, qd-large-mutate=1389.5, curl-left=861.5). MAP-Elites(8x8, morphologies=3): occupied=47, pending=192, in flight=38
19:39:26: 6652x RT, 110.9 creatures/sec. Fitness: best=3067.6, avg=1642.8, new=(qd-mutate=1050.6, qd-large-mutate=1166.1, template-m1-balanced=770.5, curl-left=1010.0, curl-right=804.0). MAP-Elites(8x8, morphologies=3): occupied=47, pending=192, in flight=38
19:39:28: 6900x RT, 115.0 creatures/sec. Fitness: best=3067.6, avg=1642.8, new=(qd-mutate=1006.8, qd-large-mutate=1157.4, curl-left=1230.7, curl-right=879.3, template-m1-balanced=746.1). MAP-Elites(8x8, morphologies=3): occupied=47, pending=192, in flight=38
19:39:30: 6726x RT, 112.1 creatures/sec. Fitness: best=3067.6, avg=1642.8, new=(qd-large-mutate=1192.1, qd-mutate=1148.7, template-m1-balanced=994.6, curl-left=675.9, curl-right=840.5). MAP-Elites(8x8, morphologies=3): occupied=47, pending=192, in flight=38
19:39:32: 6721x RT, 112.0 creatures/sec. Fitness: best=3067.6, avg=1642.8, new=(qd-mutate=1180.9, qd-large-mutate=1074.1, template-m1-balanced=938.8, curl-left=896.5, curl-right=680.0). MAP-Elites(8x8, morphologies=3): occupied=47, pending=192, in flight=38
19:39:34: 6845x RT, 114.1 creatures/sec. Fitness: best=3067.6, avg=1642.8, new=(qd-mutate=1064.9, qd-large-mutate=1201.3, template-m1-balanced=863.1, curl-left=778.2, curl-right=560.3). MAP-Elites(8x8, morphologies=3): occupied=47, pending=192, in flight=38
19:39:36: 6761x RT, 112.7 creatures/sec. Fitness: best=3067.6, avg=1642.8, new=(qd-mutate=1010.0, qd-large-mutate=1133.5, curl-left=538.8, curl-right=762.2, template-m1-balanced=1133.9). MAP-Elites(8x8, morphologies=3): occupied=47, pending=192, in flight=38
19:39:38: 6852x RT, 114.2 creatures/sec. Fitness: best=3067.6, avg=1642.8, new=(qd-mutate=1119.6, qd-large-mutate=1197.1, template-m1-balanced=831.0, curl-right=1352.9, curl-left=801.8). MAP-Elites(8x8, morphologies=3): occupied=47, pending=192, in flight=38
19:39:40: 6861x RT, 114.4 creatures/sec. Fitness: best=3067.6, avg=1642.8, new=(qd-large-mutate=1167.2, qd-mutate=1155.4, template-m1-balanced=977.0, curl-left=808.3, curl-right=1450.3). MAP-Elites(8x8, morphologies=3): occupied=47, pending=192, in flight=38
19:39:42: 6710x RT, 111.8 creatures/sec. Fitness: best=3067.6, avg=1642.8, new=(qd-large-mutate=1161.3, qd-mutate=1102.2, template-m1-balanced=1080.0, curl-left=648.7). MAP-Elites(8x8, morphologies=3): occupied=47, pending=192, in flight=38
5973017 bytes written to /Users/dag/projects/Machine-Evolved-credible-training/training-runs/me-v2-harmonic-qd-01-2h/config.json. 
19:39:44: 6854x RT, 114.2 creatures/sec. Fitness: best=3067.6, avg=1642.8, new=(qd-mutate=1077.2, template-m1-balanced=852.5, qd-large-mutate=1144.1, curl-left=873.1, curl-right=793.8). MAP-Elites(8x8, morphologies=3): occupied=47, pending=192, in flight=38
19:39:47: 6763x RT, 112.7 creatures/sec. Fitness: best=3067.6, avg=1642.8, new=(qd-mutate=995.8, qd-large-mutate=1365.2, template-m1-balanced=734.8, curl-right=998.2, curl-left=879.1). MAP-Elites(8x8, morphologies=3): occupied=47, pending=192, in flight=38
19:39:49: 6919x RT, 115.3 creatures/sec. Fitness: best=3067.6, avg=1642.8, new=(curl-left=748.3, qd-large-mutate=1114.2, qd-mutate=1015.5, template-m1-balanced=969.4, curl-right=762.4). MAP-Elites(8x8, morphologies=3): occupied=47, pending=192, in flight=38
19:39:51: 6778x RT, 113.0 creatures/sec. Fitness: best=3067.6, avg=1642.8, new=(qd-large-mutate=1126.4, curl-right=730.8, qd-mutate=1167.9, curl-left=796.8, template-m1-balanced=772.0). MAP-Elites(8x8, morphologies=3): occupied=47, pending=192, in flight=38
19:39:53: 6168x RT, 102.8 creatures/sec. Fitness: best=3067.6, avg=1642.8, new=(qd-mutate=974.4, qd-large-mutate=1016.3, template-m1-balanced=863.9, curl-right=712.9, curl-left=1325.4). MAP-Elites(8x8, morphologies=3): occupied=47, pending=192, in flight=38
19:39:55: 5468x RT, 91.1 creatures/sec. Fitness: best=3067.6, avg=1642.8, new=(qd-large-mutate=1074.0, qd-mutate=1126.4, curl-right=953.9, template-m1-balanced=1009.5, curl-left=454.3). MAP-Elites(8x8, morphologies=3): occupied=47, pending=192, in flight=38
19:39:57: 6117x RT, 101.9 creatures/sec. Fitness: best=3067.6, avg=1642.8, new=(qd-mutate=1040.2, qd-large-mutate=1190.2, template-m1-balanced=1107.9, curl-left=883.8, curl-right=1015.6). MAP-Elites(8x8, morphologies=3): occupied=47, pending=192, in flight=38
19:39:59: 6317x RT, 105.3 creatures/sec. Fitness: best=3067.6, avg=1642.8, new=(qd-large-mutate=1177.1, qd-mutate=1155.6, curl-left=1043.6, template-m1-balanced=917.9, curl-right=777.6). MAP-Elites(8x8, morphologies=3): occupied=47, pending=192, in flight=38
19:40:01: 5578x RT, 93.0 creatures/sec. Fitness: best=3067.6, avg=1642.8, new=(qd-mutate=1021.2, qd-large-mutate=1137.1, template-m1-balanced=951.9, curl-left=1009.5, curl-right=1013.0). MAP-Elites(8x8, morphologies=3): occupied=47, pending=192, in flight=38
19:40:03: 6336x RT, 105.6 creatures/sec. Fitness: best=3067.6, avg=1642.8, new=(qd-mutate=1079.1, qd-large-mutate=1063.9, template-m1-balanced=944.2, curl-left=633.9, curl-right=918.5). MAP-Elites(8x8, morphologies=3): occupied=47, pending=192, in flight=38
19:40:05: 5643x RT, 94.1 creatures/sec. Fitness: best=3067.6, avg=1642.8, new=(qd-mutate=1074.8, qd-large-mutate=1160.9, curl-right=786.1, curl-left=897.0, template-m1-balanced=823.4). MAP-Elites(8x8, morphologies=3): occupied=47, pending=192, in flight=38
19:40:07: 6586x RT, 109.8 creatures/sec. Fitness: best=3067.6, avg=1642.8, new=(qd-large-mutate=1145.7, qd-mutate=1135.9, template-m1-balanced=1018.5). MAP-Elites(8x8, morphologies=3): occupied=47, pending=192, in flight=38
19:40:09: 6305x RT, 105.1 creatures/sec. Fitness: best=3067.6, avg=1642.8, new=(qd-large-mutate=1165.6, template-m1-balanced=1092.5, qd-mutate=1044.5). MAP-Elites(8x8, morphologies=3): occupied=47, pending=192, in flight=38
19:40:11: 5115x RT, 85.3 creatures/sec. Fitness: best=3067.6, avg=1642.8, new=(qd-mutate=1087.4, qd-large-mutate=1169.4, template-m1-balanced=855.0). MAP-Elites(8x8, morphologies=3): occupied=47, pending=192, in flight=38
19:40:13: 5555x RT, 92.6 creatures/sec. Fitness: best=3067.6, avg=1642.8, new=(qd-mutate=1191.9, template-m1-balanced=913.0, qd-large-mutate=1248.0, curl-left=770.1, curl-right=1268.5). MAP-Elites(8x8, morphologies=3): occupied=47, pending=192, in flight=38
19:40:15: 6347x RT, 105.8 creatures/sec. Fitness: best=3067.6, avg=1642.8, new=(curl-right=678.5, qd-mutate=1132.0, qd-large-mutate=1238.7, template-m1-balanced=1073.8, curl-left=687.7). MAP-Elites(8x8, morphologies=3): occupied=47, pending=192, in flight=38
19:40:18: 6462x RT, 107.7 creatures/sec. Fitness: best=3067.6, avg=1642.8, new=(qd-mutate=1120.0, curl-left=619.0, template-m1-balanced=1099.4, qd-large-mutate=1143.0, curl-right=929.1). MAP-Elites(8x8, morphologies=3): occupied=47, pending=192, in flight=38
19:40:20: 6569x RT, 109.5 creatures/sec. Fitness: best=3067.6, avg=1642.8, new=(qd-mutate=1032.2, qd-large-mutate=1128.0, template-m1-balanced=1187.5, curl-left=910.8, curl-right=877.2). MAP-Elites(8x8, morphologies=3): occupied=47, pending=192, in flight=38
19:40:22: 6191x RT, 103.2 creatures/sec. Fitness: best=3067.6, avg=1642.8, new=(qd-mutate=1034.4, qd-large-mutate=1305.4, curl-right=745.7, curl-left=610.7, template-m1-balanced=1011.4). MAP-Elites(8x8, morphologies=3): occupied=47, pending=192, in flight=38
19:40:24: 6485x RT, 108.1 creatures/sec. Fitness: best=3067.6, avg=1642.8, new=(qd-large-mutate=1099.7, qd-mutate=1089.6, curl-right=1019.3, template-m1-balanced=1228.1, curl-left=936.2). MAP-Elites(8x8, morphologies=3): occupied=47, pending=192, in flight=38
19:40:26: 6395x RT, 106.6 creatures/sec. Fitness: best=3067.6, avg=1642.8, new=(qd-mutate=1031.8, qd-large-mutate=1245.1, template-m1-balanced=940.6, curl-left=840.2, curl-right=1202.2). MAP-Elites(8x8, morphologies=3): occupied=47, pending=192, in flight=38
19:40:28: 6319x RT, 105.3 creatures/sec. Fitness: best=3067.6, avg=1642.8, new=(qd-mutate=1088.6, qd-large-mutate=1073.4, template-m1-balanced=1086.0, curl-right=700.9). MAP-Elites(8x8, morphologies=3): occupied=47, pending=192, in flight=38
19:40:30: 5677x RT, 94.6 creatures/sec. Fitness: best=3067.6, avg=1642.8, new=(qd-mutate=1140.5, qd-large-mutate=1107.3, template-m1-balanced=1217.2, curl-right=880.1, curl-left=791.5). MAP-Elites(8x8, morphologies=3): occupied=47, pending=192, in flight=38
19:40:32: 6732x RT, 112.2 creatures/sec. Fitness: best=3067.6, avg=1642.8, new=(qd-large-mutate=1160.3, qd-mutate=1183.4, curl-left=721.2, template-m1-balanced=1038.4, curl-right=787.2). MAP-Elites(8x8, morphologies=3): occupied=47, pending=192, in flight=38
19:40:34: 6620x RT, 110.3 creatures/sec. Fitness: best=3067.6, avg=1642.8, new=(qd-large-mutate=1138.2, qd-mutate=1183.8, curl-left=1065.4, curl-right=944.9, template-m1-balanced=1082.8). MAP-Elites(8x8, morphologies=3): occupied=47, pending=192, in flight=38
19:40:36: 6573x RT, 109.6 creatures/sec. Fitness: best=3067.6, avg=1642.8, new=(qd-mutate=1086.6, qd-large-mutate=927.8, template-m1-balanced=1162.5, curl-right=693.4, curl-left=787.6). MAP-Elites(8x8, morphologies=3): occupied=47, pending=192, in flight=38
19:40:38: 6625x RT, 110.4 creatures/sec. Fitness: best=3067.6, avg=1642.8, new=(qd-large-mutate=1302.5, qd-mutate=1147.5, template-m1-balanced=774.9, curl-left=775.4). MAP-Elites(8x8, morphologies=3): occupied=47, pending=192, in flight=38
19:40:40: 6340x RT, 105.7 creatures/sec. Fitness: best=3067.6, avg=1642.8, new=(qd-mutate=1098.4, qd-large-mutate=1171.6, curl-left=606.3, template-m1-balanced=1061.6, curl-right=480.9). MAP-Elites(8x8, morphologies=3): occupied=47, pending=192, in flight=38
19:40:42: 6693x RT, 111.6 creatures/sec. Fitness: best=3067.6, avg=1642.8, new=(qd-large-mutate=1089.2, qd-mutate=1116.8, curl-right=752.9, template-m1-balanced=1040.9, curl-left=1981.6). MAP-Elites(8x8, morphologies=3): occupied=47, pending=192, in flight=38
5979603 bytes written to /Users/dag/projects/Machine-Evolved-credible-training/training-runs/me-v2-harmonic-qd-01-2h/config.json. 
19:40:44: 6328x RT, 105.5 creatures/sec. Fitness: best=3067.6, avg=1642.8, new=(qd-large-mutate=1133.2, qd-mutate=1173.0, curl-right=839.5, template-m1-balanced=871.2, curl-left=742.0). MAP-Elites(8x8, morphologies=3): occupied=47, pending=192, in flight=38
19:40:46: 6597x RT, 110.0 creatures/sec. Fitness: best=3067.6, avg=1642.8, new=(qd-mutate=1113.6, qd-large-mutate=1036.4, curl-right=825.7, template-m1-balanced=706.9). MAP-Elites(8x8, morphologies=3): occupied=47, pending=192, in flight=38
19:40:49: 6692x RT, 111.5 creatures/sec. Fitness: best=3067.6, avg=1642.8, new=(qd-mutate=1030.9, qd-large-mutate=1130.6, template-m1-balanced=943.2, curl-right=853.4, curl-left=986.1). MAP-Elites(8x8, morphologies=3): occupied=47, pending=192, in flight=38
19:40:51: 6270x RT, 104.5 creatures/sec. Fitness: best=3067.6, avg=1642.8, new=(qd-large-mutate=1105.0, qd-mutate=1162.3, template-m1-balanced=1369.9, curl-right=938.7, curl-left=602.3). MAP-Elites(8x8, morphologies=3): occupied=47, pending=192, in flight=38
19:40:53: 6633x RT, 110.6 creatures/sec. Fitness: best=3067.6, avg=1642.8, new=(qd-large-mutate=1085.2, qd-mutate=1080.0, curl-left=1011.1, curl-right=976.4, template-m1-balanced=895.5). MAP-Elites(8x8, morphologies=3): occupied=47, pending=192, in flight=38
19:40:55: 6720x RT, 112.0 creatures/sec. Fitness: best=3067.6, avg=1642.8, new=(qd-large-mutate=1088.7, qd-mutate=1103.5, curl-left=918.1, template-m1-balanced=806.9, curl-right=701.7). MAP-Elites(8x8, morphologies=3): occupied=47, pending=192, in flight=38
19:40:57: 6495x RT, 108.3 creatures/sec. Fitness: best=3067.6, avg=1642.8, new=(qd-large-mutate=1254.4, qd-mutate=1105.1, template-m1-balanced=986.2, curl-right=801.0). MAP-Elites(8x8, morphologies=3): occupied=47, pending=192, in flight=38
19:40:59: 6811x RT, 113.5 creatures/sec. Fitness: best=3067.6, avg=1642.8, new=(qd-large-mutate=1045.7, qd-mutate=1126.9, template-m1-balanced=1079.2, curl-right=1195.5, curl-left=635.1). MAP-Elites(8x8, morphologies=3): occupied=47, pending=192, in flight=38
19:41:01: 6060x RT, 101.0 creatures/sec. Fitness: best=3067.6, avg=1642.8, new=(curl-left=1038.4, qd-mutate=1144.0, qd-large-mutate=1237.3, curl-right=903.6, template-m1-balanced=844.5). MAP-Elites(8x8, morphologies=3): occupied=47, pending=192, in flight=38
19:41:03: 5990x RT, 99.8 creatures/sec. Fitness: best=3067.6, avg=1642.8, new=(qd-mutate=1009.7, qd-large-mutate=1109.3, curl-right=825.7, curl-left=674.4, template-m1-balanced=848.5). MAP-Elites(8x8, morphologies=3): occupied=47, pending=192, in flight=38
19:41:05: 6204x RT, 103.4 creatures/sec. Fitness: best=3067.6, avg=1642.8, new=(qd-large-mutate=1165.6, qd-mutate=1084.5, curl-left=816.8, template-m1-balanced=946.3). MAP-Elites(8x8, morphologies=3): occupied=47, pending=192, in flight=38
19:41:07: 5461x RT, 91.0 creatures/sec. Fitness: best=3067.6, avg=1642.8, new=(qd-mutate=988.9, qd-large-mutate=1093.7, curl-right=1070.4, template-m1-balanced=1112.4). MAP-Elites(8x8, morphologies=3): occupied=47, pending=192, in flight=38
19:41:09: 6519x RT, 108.7 creatures/sec. Fitness: best=3067.6, avg=1642.8, new=(qd-mutate=1102.7, qd-large-mutate=1246.7, curl-right=1230.4, template-m1-balanced=1109.7, curl-left=782.1). MAP-Elites(8x8, morphologies=3): occupied=47, pending=192, in flight=38
19:41:11: 6588x RT, 109.8 creatures/sec. Fitness: best=3067.6, avg=1642.8, new=(qd-mutate=1094.1, template-m1-balanced=1015.2, qd-large-mutate=1133.5, curl-left=1100.4). MAP-Elites(8x8, morphologies=3): occupied=47, pending=192, in flight=38
19:41:13: 6455x RT, 107.6 creatures/sec. Fitness: best=3067.6, avg=1642.8, new=(qd-large-mutate=1137.4, qd-mutate=1102.5, curl-left=661.0, template-m1-balanced=960.5, curl-right=928.0). MAP-Elites(8x8, morphologies=3): occupied=47, pending=192, in flight=38
19:41:15: 6749x RT, 112.5 creatures/sec. Fitness: best=3067.6, avg=1642.8, new=(qd-large-mutate=1183.0, qd-mutate=1012.0, template-m1-balanced=849.6, curl-right=781.4, curl-left=739.3). MAP-Elites(8x8, morphologies=3): occupied=47, pending=192, in flight=38
19:41:17: 6673x RT, 111.2 creatures/sec. Fitness: best=3067.6, avg=1642.8, new=(qd-mutate=1042.7, qd-large-mutate=1226.2, curl-right=892.0, curl-left=1152.2). MAP-Elites(8x8, morphologies=3): occupied=47, pending=192, in flight=38
19:41:19: 6525x RT, 108.7 creatures/sec. Fitness: best=3067.6, avg=1642.8, new=(qd-mutate=1072.1, curl-left=918.2, qd-large-mutate=1204.7, curl-right=1005.7). MAP-Elites(8x8, morphologies=3): occupied=47, pending=192, in flight=38
19:41:21: 6625x RT, 110.4 creatures/sec. Fitness: best=3067.6, avg=1642.8, new=(qd-mutate=994.4, qd-large-mutate=1062.2, curl-right=872.4, template-m1-balanced=734.8, curl-left=772.9). MAP-Elites(8x8, morphologies=3): occupied=47, pending=192, in flight=38
19:41:24: 6728x RT, 112.1 creatures/sec. Fitness: best=3067.6, avg=1642.8, new=(qd-large-mutate=1123.9, qd-mutate=1100.0, template-m1-balanced=835.0, curl-left=1154.4). MAP-Elites(8x8, morphologies=3): occupied=47, pending=192, in flight=38
19:41:26: 6796x RT, 113.3 creatures/sec. Fitness: best=3067.6, avg=1642.8, new=(qd-mutate=1059.3, qd-large-mutate=1068.2, template-m1-balanced=988.1, curl-right=791.4, curl-left=723.5). MAP-Elites(8x8, morphologies=3): occupied=47, pending=192, in flight=38
19:41:28: 6384x RT, 106.4 creatures/sec. Fitness: best=3067.6, avg=1642.8, new=(qd-mutate=979.6, curl-left=822.5, qd-large-mutate=1082.5, template-m1-balanced=1222.8, curl-right=974.9). MAP-Elites(8x8, morphologies=3): occupied=47, pending=192, in flight=38
19:41:30: 6853x RT, 114.2 creatures/sec. Fitness: best=3067.6, avg=1642.8, new=(qd-mutate=1073.8, qd-large-mutate=1235.9, curl-right=973.3, curl-left=1125.0, template-m1-balanced=928.4). MAP-Elites(8x8, morphologies=3): occupied=47, pending=192, in flight=38
19:41:32: 6584x RT, 109.7 creatures/sec. Fitness: best=3067.6, avg=1642.8, new=(qd-mutate=1136.4, qd-large-mutate=1036.9, template-m1-balanced=952.1, curl-left=739.8). MAP-Elites(8x8, morphologies=3): occupied=47, pending=192, in flight=38
19:41:34: 6673x RT, 111.2 creatures/sec. Fitness: best=3067.6, avg=1642.8, new=(qd-mutate=1052.5, qd-large-mutate=1060.3, curl-left=986.1, template-m1-balanced=736.8, curl-right=521.3). MAP-Elites(8x8, morphologies=3): occupied=47, pending=192, in flight=38
19:41:36: 6776x RT, 112.9 creatures/sec. Fitness: best=3067.6, avg=1642.8, new=(template-m1-balanced=778.5, qd-mutate=1055.7, qd-large-mutate=1057.5, curl-left=877.0, curl-right=791.5). MAP-Elites(8x8, morphologies=3): occupied=47, pending=192, in flight=38
19:41:38: 6560x RT, 109.3 creatures/sec. Fitness: best=3067.6, avg=1642.8, new=(qd-mutate=1131.4, template-m1-balanced=764.6, curl-right=903.1, qd-large-mutate=1162.9). MAP-Elites(8x8, morphologies=3): occupied=47, pending=192, in flight=38
19:41:40: 6523x RT, 108.7 creatures/sec. Fitness: best=3067.6, avg=1642.8, new=(qd-large-mutate=1174.9, qd-mutate=1017.1, curl-left=885.4, template-m1-balanced=906.7, curl-right=1099.9). MAP-Elites(8x8, morphologies=3): occupied=47, pending=192, in flight=38
19:41:42: 6558x RT, 109.3 creatures/sec. Fitness: best=3067.6, avg=1642.8, new=(qd-mutate=1077.1, qd-large-mutate=1052.2, template-m1-balanced=1111.2, curl-left=966.1, curl-right=979.0). MAP-Elites(8x8, morphologies=3): occupied=47, pending=192, in flight=38
5970495 bytes written to /Users/dag/projects/Machine-Evolved-credible-training/training-runs/me-v2-harmonic-qd-01-2h/config.json. 
19:41:44: 6591x RT, 109.9 creatures/sec. Fitness: best=3067.6, avg=1642.8, new=(qd-large-mutate=1007.9, qd-mutate=1053.5, template-m1-balanced=1018.0, curl-right=417.7, curl-left=1546.4). MAP-Elites(8x8, morphologies=3): occupied=47, pending=192, in flight=38
19:41:46: 6711x RT, 111.9 creatures/sec. Fitness: best=3067.6, avg=1642.8, new=(qd-mutate=1095.9, qd-large-mutate=1154.6, template-m1-balanced=1072.8, curl-right=956.1). MAP-Elites(8x8, morphologies=3): occupied=47, pending=192, in flight=38
19:41:48: 6710x RT, 111.8 creatures/sec. Fitness: best=3067.6, avg=1642.8, new=(qd-mutate=1022.6, curl-right=1085.3, template-m1-balanced=737.6, qd-large-mutate=1063.3, curl-left=879.8). MAP-Elites(8x8, morphologies=3): occupied=47, pending=192, in flight=38
19:41:50: 6467x RT, 107.8 creatures/sec. Fitness: best=3067.6, avg=1642.8, new=(qd-mutate=1030.2, qd-large-mutate=1057.1, curl-right=847.2, curl-left=692.8, template-m1-balanced=873.8). MAP-Elites(8x8, morphologies=3): occupied=47, pending=192, in flight=38
19:41:52: 6790x RT, 113.2 creatures/sec. Fitness: best=3067.6, avg=1642.8, new=(qd-mutate=1127.2, qd-large-mutate=1131.7, template-m1-balanced=978.5, curl-right=935.4, curl-left=895.1). MAP-Elites(8x8, morphologies=3): occupied=47, pending=192, in flight=38
19:41:54: 6586x RT, 109.8 creatures/sec. Fitness: best=3067.6, avg=1642.8, new=(qd-mutate=1172.5, template-m1-balanced=988.1, qd-large-mutate=1311.2, curl-right=1071.6, curl-left=814.5). MAP-Elites(8x8, morphologies=3): occupied=47, pending=192, in flight=38
19:41:56: 6473x RT, 107.9 creatures/sec. Fitness: best=3067.6, avg=1642.8, new=(qd-large-mutate=1004.3, qd-mutate=1001.6, curl-left=889.1, template-m1-balanced=1061.9, curl-right=951.9). MAP-Elites(8x8, morphologies=3): occupied=47, pending=192, in flight=38
19:41:59: 6719x RT, 112.0 creatures/sec. Fitness: best=3067.6, avg=1642.8, new=(qd-mutate=1043.4, template-m1-balanced=845.4, qd-large-mutate=1125.8, curl-right=909.8, curl-left=754.3). MAP-Elites(8x8, morphologies=3): occupied=47, pending=192, in flight=38
19:42:01: 6668x RT, 111.1 creatures/sec. Fitness: best=3067.6, avg=1642.8, new=(qd-large-mutate=1135.3, qd-mutate=1078.5, template-m1-balanced=1121.6, curl-right=709.0, curl-left=821.3). MAP-Elites(8x8, morphologies=3): occupied=47, pending=192, in flight=38
19:42:03: 6264x RT, 104.4 creatures/sec. Fitness: best=3067.6, avg=1642.8, new=(qd-mutate=1190.5, template-m1-balanced=905.0, qd-large-mutate=1182.7, curl-right=737.9). MAP-Elites(8x8, morphologies=3): occupied=47, pending=192, in flight=38
19:42:05: 6232x RT, 103.9 creatures/sec. Fitness: best=3067.6, avg=1642.8, new=(qd-mutate=1114.8, qd-large-mutate=1159.1, curl-left=998.4, template-m1-balanced=1016.5, curl-right=850.8). MAP-Elites(8x8, morphologies=3): occupied=47, pending=192, in flight=38
19:42:07: 6640x RT, 110.7 creatures/sec. Fitness: best=3067.6, avg=1642.8, new=(qd-mutate=1068.3, qd-large-mutate=1143.7, curl-right=837.6, template-m1-balanced=802.6, curl-left=945.3). MAP-Elites(8x8, morphologies=3): occupied=47, pending=192, in flight=38
19:42:09: 6765x RT, 112.8 creatures/sec. Fitness: best=3067.6, avg=1642.8, new=(qd-mutate=1017.5, template-m1-balanced=1034.4, qd-large-mutate=1007.7, curl-right=802.6, curl-left=630.0). MAP-Elites(8x8, morphologies=3): occupied=47, pending=192, in flight=38
19:42:11: 6720x RT, 112.0 creatures/sec. Fitness: best=3067.6, avg=1642.8, new=(qd-mutate=1003.6, qd-large-mutate=1094.7, curl-left=713.8, curl-right=923.4, template-m1-balanced=1062.0). MAP-Elites(8x8, morphologies=3): occupied=47, pending=192, in flight=38
19:42:13: 6181x RT, 103.0 creatures/sec. Fitness: best=3067.6, avg=1642.8, new=(qd-mutate=958.6, curl-left=931.2, qd-large-mutate=1095.3, template-m1-balanced=974.5, curl-right=637.5). MAP-Elites(8x8, morphologies=3): occupied=47, pending=192, in flight=38
19:42:15: 6074x RT, 101.2 creatures/sec. Fitness: best=3067.6, avg=1642.8, new=(qd-mutate=1066.6, template-m1-balanced=726.8, qd-large-mutate=1258.5). MAP-Elites(8x8, morphologies=3): occupied=47, pending=192, in flight=38
19:42:17: 6149x RT, 102.5 creatures/sec. Fitness: best=3067.6, avg=1642.8, new=(qd-mutate=1069.6, qd-large-mutate=1110.3, curl-right=833.1, template-m1-balanced=868.3, curl-left=750.9). MAP-Elites(8x8, morphologies=3): occupied=47, pending=192, in flight=38
19:42:19: 6178x RT, 103.0 creatures/sec. Fitness: best=3067.6, avg=1642.8, new=(qd-mutate=1078.1, qd-large-mutate=964.0, curl-right=1021.4). MAP-Elites(8x8, morphologies=3): occupied=47, pending=192, in flight=38
19:42:21: 6099x RT, 101.7 creatures/sec. Fitness: best=3067.6, avg=1642.8, new=(qd-mutate=1084.1, qd-large-mutate=1114.3, curl-left=942.8, curl-right=929.8, template-m1-balanced=1015.0). MAP-Elites(8x8, morphologies=3): occupied=47, pending=192, in flight=38
19:42:23: 6268x RT, 104.5 creatures/sec. Fitness: best=3067.6, avg=1642.8, new=(qd-mutate=1089.0, qd-large-mutate=1184.8, curl-left=937.4, curl-right=770.4, template-m1-balanced=975.0). MAP-Elites(8x8, morphologies=3): occupied=47, pending=192, in flight=38
19:42:25: 6194x RT, 103.2 creatures/sec. Fitness: best=3067.6, avg=1642.8, new=(qd-large-mutate=1244.1, qd-mutate=1120.3, template-m1-balanced=1047.9, curl-right=793.5, curl-left=643.3). MAP-Elites(8x8, morphologies=3): occupied=47, pending=192, in flight=38
19:42:27: 5990x RT, 99.8 creatures/sec. Fitness: best=3067.6, avg=1642.8, new=(qd-large-mutate=1002.8, qd-mutate=1045.9, curl-right=1024.6, template-m1-balanced=1258.7, curl-left=680.7). MAP-Elites(8x8, morphologies=3): occupied=47, pending=192, in flight=38
19:42:30: 5472x RT, 91.2 creatures/sec. Fitness: best=3067.6, avg=1642.8, new=(qd-mutate=988.0, qd-large-mutate=1192.8, curl-left=821.2, template-m1-balanced=1220.1, curl-right=1145.0). MAP-Elites(8x8, morphologies=3): occupied=47, pending=192, in flight=38
19:42:32: 5823x RT, 97.1 creatures/sec. Fitness: best=3067.6, avg=1642.8, new=(template-m1-balanced=795.9, qd-mutate=1015.0, qd-large-mutate=1233.0, curl-right=1533.1, curl-left=984.1). MAP-Elites(8x8, morphologies=3): occupied=47, pending=192, in flight=38
19:42:34: 6626x RT, 110.4 creatures/sec. Fitness: best=3067.6, avg=1642.8, new=(template-m1-balanced=933.2, qd-mutate=1094.3, qd-large-mutate=1046.8, curl-left=943.9). MAP-Elites(8x8, morphologies=3): occupied=47, pending=192, in flight=38
19:42:36: 6787x RT, 113.1 creatures/sec. Fitness: best=3067.6, avg=1642.8, new=(template-m1-balanced=1003.2, qd-mutate=1122.9, qd-large-mutate=1045.6, curl-right=718.5, curl-left=892.7). MAP-Elites(8x8, morphologies=3): occupied=47, pending=192, in flight=38
19:42:38: 6695x RT, 111.6 creatures/sec. Fitness: best=3067.6, avg=1642.8, new=(qd-mutate=1115.1, qd-large-mutate=1001.2, template-m1-balanced=1007.9, curl-right=812.5, curl-left=792.0). MAP-Elites(8x8, morphologies=3): occupied=47, pending=192, in flight=38
19:42:40: 6454x RT, 107.6 creatures/sec. Fitness: best=3067.6, avg=1642.8, new=(qd-mutate=1081.0, curl-left=928.1, qd-large-mutate=1054.3, curl-right=875.6, template-m1-balanced=939.3). MAP-Elites(8x8, morphologies=3): occupied=47, pending=192, in flight=38
19:42:42: 6667x RT, 111.1 creatures/sec. Fitness: best=3067.6, avg=1642.8, new=(qd-mutate=1142.5, curl-left=1013.4, qd-large-mutate=997.5, template-m1-balanced=807.1, curl-right=910.2). MAP-Elites(8x8, morphologies=3): occupied=47, pending=192, in flight=38
5962870 bytes written to /Users/dag/projects/Machine-Evolved-credible-training/training-runs/me-v2-harmonic-qd-01-2h/config.json. 
19:42:44: 6699x RT, 111.6 creatures/sec. Fitness: best=3067.6, avg=1642.8, new=(qd-mutate=978.8, curl-left=816.1, qd-large-mutate=1094.1, curl-right=994.4, template-m1-balanced=942.3). MAP-Elites(8x8, morphologies=3): occupied=47, pending=192, in flight=38
19:42:46: 6760x RT, 112.7 creatures/sec. Fitness: best=3067.6, avg=1642.8, new=(template-m1-balanced=818.2, qd-mutate=1146.9, curl-left=974.3, qd-large-mutate=1229.5, curl-right=794.3). MAP-Elites(8x8, morphologies=3): occupied=47, pending=192, in flight=38
19:42:48: 6640x RT, 110.7 creatures/sec. Fitness: best=3067.6, avg=1642.8, new=(qd-mutate=1123.8, template-m1-balanced=1016.4, qd-large-mutate=1260.6, curl-left=914.1, curl-right=1016.6). MAP-Elites(8x8, morphologies=3): occupied=47, pending=192, in flight=38
19:42:50: 6839x RT, 114.0 creatures/sec. Fitness: best=3067.6, avg=1642.8, new=(template-m1-balanced=944.1, qd-large-mutate=1113.0, curl-right=1116.8, qd-mutate=1096.1, curl-left=874.0). MAP-Elites(8x8, morphologies=3): occupied=47, pending=192, in flight=38
19:42:52: 6548x RT, 109.1 creatures/sec. Fitness: best=3067.6, avg=1642.8, new=(qd-mutate=977.8, curl-left=798.5, qd-large-mutate=1200.5, curl-right=656.1, template-m1-balanced=1019.3). MAP-Elites(8x8, morphologies=3): occupied=47, pending=192, in flight=38
19:42:54: 6704x RT, 111.7 creatures/sec. Fitness: best=3067.6, avg=1642.8, new=(qd-mutate=1004.3, qd-large-mutate=1214.6, curl-right=746.3, curl-left=737.4, template-m1-balanced=569.7). MAP-Elites(8x8, morphologies=3): occupied=47, pending=192, in flight=38
19:42:56: 6777x RT, 112.9 creatures/sec. Fitness: best=3067.6, avg=1642.8, new=(curl-right=1082.6, template-m1-balanced=935.8, qd-mutate=1013.9, qd-large-mutate=1135.5, curl-left=933.1). MAP-Elites(8x8, morphologies=3): occupied=47, pending=192, in flight=38
19:42:58: 6596x RT, 109.9 creatures/sec. Fitness: best=3067.6, avg=1642.8, new=(template-m1-balanced=957.3, qd-mutate=1071.6, qd-large-mutate=1201.4, curl-left=681.3). MAP-Elites(8x8, morphologies=3): occupied=47, pending=192, in flight=38
19:43:00: 6774x RT, 112.9 creatures/sec. Fitness: best=3067.6, avg=1642.8, new=(qd-mutate=1075.3, template-m1-balanced=792.3, qd-large-mutate=1125.9, curl-right=790.4, curl-left=714.4). MAP-Elites(8x8, morphologies=3): occupied=47, pending=192, in flight=38
19:43:02: 6710x RT, 111.8 creatures/sec. Fitness: best=3067.6, avg=1642.8, new=(qd-mutate=1107.9, qd-large-mutate=1305.8, curl-right=661.9, template-m1-balanced=966.6). MAP-Elites(8x8, morphologies=3): occupied=47, pending=192, in flight=38
19:43:04: 6531x RT, 108.9 creatures/sec. Fitness: best=3067.6, avg=1642.8, new=(qd-large-mutate=1190.2, qd-mutate=1027.4, template-m1-balanced=957.0, curl-left=601.0, curl-right=1082.8). MAP-Elites(8x8, morphologies=3): occupied=47, pending=192, in flight=38
19:43:07: 6623x RT, 110.4 creatures/sec. Fitness: best=3067.6, avg=1642.8, new=(qd-mutate=1088.5, qd-large-mutate=970.1, curl-left=880.4, curl-right=785.7, template-m1-balanced=1236.5). MAP-Elites(8x8, morphologies=3): occupied=47, pending=192, in flight=38
19:43:09: 6558x RT, 109.3 creatures/sec. Fitness: best=3067.6, avg=1642.8, new=(qd-mutate=1090.2, qd-large-mutate=1147.7, template-m1-balanced=804.4, curl-right=692.9, curl-left=1077.5). MAP-Elites(8x8, morphologies=3): occupied=47, pending=192, in flight=38
19:43:11: 6844x RT, 114.1 creatures/sec. Fitness: best=3067.6, avg=1642.8, new=(template-m1-balanced=809.0, qd-mutate=1050.0, qd-large-mutate=991.8, curl-right=979.4, curl-left=984.5). MAP-Elites(8x8, morphologies=3): occupied=47, pending=192, in flight=38
19:43:13: 6487x RT, 108.1 creatures/sec. Fitness: best=3067.6, avg=1642.8, new=(qd-large-mutate=1165.3, qd-mutate=1068.7, template-m1-balanced=801.3, curl-right=1014.4, curl-left=921.1). MAP-Elites(8x8, morphologies=3): occupied=47, pending=192, in flight=38
19:43:15: 6599x RT, 110.0 creatures/sec. Fitness: best=3067.6, avg=1642.8, new=(qd-mutate=1116.6, qd-large-mutate=1185.7, template-m1-balanced=1046.0, curl-left=1189.9, curl-right=775.8). MAP-Elites(8x8, morphologies=3): occupied=47, pending=192, in flight=38
19:43:17: 6857x RT, 114.3 creatures/sec. Fitness: best=3067.6, avg=1642.8, new=(qd-mutate=1124.4, curl-right=925.9, qd-large-mutate=1100.4, template-m1-balanced=1044.2, curl-left=947.3). MAP-Elites(8x8, morphologies=3): occupied=47, pending=192, in flight=38
19:43:19: 6626x RT, 110.4 creatures/sec. Fitness: best=3067.6, avg=1642.8, new=(qd-mutate=1071.4, qd-large-mutate=1134.8, curl-left=1133.0, template-m1-balanced=843.0, curl-right=1005.4). MAP-Elites(8x8, morphologies=3): occupied=47, pending=192, in flight=38
19:43:21: 6767x RT, 112.8 creatures/sec. Fitness: best=3067.6, avg=1642.8, new=(qd-large-mutate=1041.0, qd-mutate=1030.0, curl-left=1255.5, template-m1-balanced=967.6, curl-right=926.8). MAP-Elites(8x8, morphologies=3): occupied=47, pending=192, in flight=38
19:43:23: 6408x RT, 106.8 creatures/sec. Fitness: best=3067.6, avg=1642.8, new=(template-m1-balanced=975.9, qd-mutate=1029.1, curl-right=1225.3, qd-large-mutate=1116.1, curl-left=939.2). MAP-Elites(8x8, morphologies=3): occupied=47, pending=192, in flight=38
19:43:25: 6279x RT, 104.6 creatures/sec. Fitness: best=3067.6, avg=1642.8, new=(curl-right=1036.0, qd-large-mutate=1067.8, template-m1-balanced=826.9, qd-mutate=995.2, curl-left=908.7). MAP-Elites(8x8, morphologies=3): occupied=47, pending=192, in flight=38
19:43:27: 5804x RT, 96.7 creatures/sec. Fitness: best=3067.6, avg=1642.8, new=(qd-mutate=1056.9, qd-large-mutate=1031.6, curl-right=718.4, template-m1-balanced=902.5). MAP-Elites(8x8, morphologies=3): occupied=47, pending=192, in flight=38
19:43:29: 5727x RT, 95.4 creatures/sec. Fitness: best=3067.6, avg=1642.8, new=(qd-mutate=1149.0, qd-large-mutate=1094.7, template-m1-balanced=1068.8, curl-left=922.7, curl-right=1313.6). MAP-Elites(8x8, morphologies=3): occupied=47, pending=192, in flight=38
19:43:31: 6343x RT, 105.7 creatures/sec. Fitness: best=3067.6, avg=1642.8, new=(qd-large-mutate=1169.6, qd-mutate=1080.4, curl-left=1456.3, template-m1-balanced=846.3, curl-right=926.3). MAP-Elites(8x8, morphologies=3): occupied=47, pending=192, in flight=38
19:43:33: 6457x RT, 107.6 creatures/sec. Fitness: best=3067.6, avg=1642.8, new=(qd-large-mutate=1123.3, qd-mutate=1057.9, template-m1-balanced=811.8, curl-left=719.8, curl-right=673.7). MAP-Elites(8x8, morphologies=3): occupied=47, pending=192, in flight=38
19:43:35: 6492x RT, 108.2 creatures/sec. Fitness: best=3067.6, avg=1642.8, new=(qd-mutate=1096.2, qd-large-mutate=1216.2, curl-right=1025.5, template-m1-balanced=917.3, curl-left=836.1). MAP-Elites(8x8, morphologies=3): occupied=47, pending=192, in flight=38
19:43:37: 6476x RT, 107.9 creatures/sec. Fitness: best=3067.6, avg=1642.8, new=(qd-mutate=1053.8, qd-large-mutate=1404.8, template-m1-balanced=952.9, curl-left=869.0, curl-right=862.9). MAP-Elites(8x8, morphologies=3): occupied=47, pending=192, in flight=38
19:43:39: 6587x RT, 109.8 creatures/sec. Fitness: best=3067.6, avg=1642.8, new=(qd-mutate=1148.2, qd-large-mutate=1057.2, template-m1-balanced=753.0, curl-right=1514.3, curl-left=1543.8). MAP-Elites(8x8, morphologies=3): occupied=47, pending=192, in flight=38
19:43:42: 6497x RT, 108.3 creatures/sec. Fitness: best=3067.6, avg=1642.8, new=(qd-mutate=1029.3, qd-large-mutate=1117.4, curl-right=956.6, curl-left=1233.5, template-m1-balanced=964.3). MAP-Elites(8x8, morphologies=3): occupied=47, pending=192, in flight=38
5974055 bytes written to /Users/dag/projects/Machine-Evolved-credible-training/training-runs/me-v2-harmonic-qd-01-2h/config.json. 
19:43:44: 6455x RT, 107.6 creatures/sec. Fitness: best=3067.6, avg=1642.8, new=(qd-mutate=1067.4, qd-large-mutate=1045.1, template-m1-balanced=1295.4, curl-right=1032.7, curl-left=680.4). MAP-Elites(8x8, morphologies=3): occupied=47, pending=192, in flight=38
19:43:46: 6395x RT, 106.6 creatures/sec. Fitness: best=3067.6, avg=1642.8, new=(qd-large-mutate=1088.9, qd-mutate=1126.6, curl-right=973.1, template-m1-balanced=1114.9). MAP-Elites(8x8, morphologies=3): occupied=47, pending=192, in flight=38
19:43:48: 6487x RT, 108.1 creatures/sec. Fitness: best=3067.6, avg=1642.8, new=(qd-large-mutate=1153.6, qd-mutate=1054.5, curl-right=972.7, template-m1-balanced=895.3, curl-left=902.5). MAP-Elites(8x8, morphologies=3): occupied=47, pending=192, in flight=38
19:43:50: 6545x RT, 109.1 creatures/sec. Fitness: best=3067.6, avg=1642.8, new=(qd-mutate=1268.2, qd-large-mutate=1066.0, template-m1-balanced=845.2, curl-left=772.6). MAP-Elites(8x8, morphologies=3): occupied=47, pending=192, in flight=38
19:43:52: 6490x RT, 108.2 creatures/sec. Fitness: best=3067.6, avg=1642.8, new=(qd-large-mutate=1182.7, qd-mutate=1070.8, template-m1-balanced=1177.2, curl-left=830.5). MAP-Elites(8x8, morphologies=3): occupied=47, pending=192, in flight=38
19:43:54: 6549x RT, 109.1 creatures/sec. Fitness: best=3067.6, avg=1642.8, new=(curl-right=852.2, qd-mutate=1008.9, template-m1-balanced=869.8, qd-large-mutate=1189.0, curl-left=844.7). MAP-Elites(8x8, morphologies=3): occupied=47, pending=192, in flight=38
19:43:56: 6543x RT, 109.1 creatures/sec. Fitness: best=3067.6, avg=1642.8, new=(qd-mutate=1048.1, qd-large-mutate=1199.2, template-m1-balanced=1054.9, curl-right=871.2, curl-left=716.4). MAP-Elites(8x8, morphologies=3): occupied=47, pending=192, in flight=38
19:43:58: 6548x RT, 109.1 creatures/sec. Fitness: best=3067.6, avg=1642.8, new=(qd-mutate=1017.7, qd-large-mutate=1080.2, curl-right=718.5, template-m1-balanced=974.3, curl-left=733.4). MAP-Elites(8x8, morphologies=3): occupied=47, pending=192, in flight=38
19:44:00: 6558x RT, 109.3 creatures/sec. Fitness: best=3067.6, avg=1642.8, new=(curl-right=905.1, qd-mutate=1060.5, template-m1-balanced=998.0, qd-large-mutate=999.6, curl-left=977.6). MAP-Elites(8x8, morphologies=3): occupied=47, pending=192, in flight=38
19:44:02: 6547x RT, 109.1 creatures/sec. Fitness: best=3067.6, avg=1642.8, new=(qd-large-mutate=1260.6, qd-mutate=1123.3, template-m1-balanced=732.6, curl-left=773.9, curl-right=771.3). MAP-Elites(8x8, morphologies=3): occupied=47, pending=192, in flight=38
19:44:04: 6521x RT, 108.7 creatures/sec. Fitness: best=3067.6, avg=1642.8, new=(qd-mutate=1068.9, qd-large-mutate=1230.8, curl-left=1262.9, curl-right=578.7, template-m1-balanced=870.2). MAP-Elites(8x8, morphologies=3): occupied=47, pending=192, in flight=38
19:44:06: 6577x RT, 109.6 creatures/sec. Fitness: best=3067.6, avg=1642.8, new=(curl-left=1018.6, qd-large-mutate=1025.5, qd-mutate=1094.4, curl-right=1069.7, template-m1-balanced=852.8). MAP-Elites(8x8, morphologies=3): occupied=47, pending=192, in flight=38
19:44:08: 6452x RT, 107.5 creatures/sec. Fitness: best=3067.6, avg=1642.8, new=(qd-mutate=998.3, qd-large-mutate=1089.2, curl-right=798.9, template-m1-balanced=948.6, curl-left=806.6). MAP-Elites(8x8, morphologies=3): occupied=47, pending=192, in flight=38
19:44:10: 6447x RT, 107.4 creatures/sec. Fitness: best=3067.6, avg=1642.8, new=(qd-mutate=1058.2, template-m1-balanced=950.9, qd-large-mutate=1176.3, curl-left=1008.9, curl-right=962.6). MAP-Elites(8x8, morphologies=3): occupied=47, pending=192, in flight=38
19:44:13: 6563x RT, 109.4 creatures/sec. Fitness: best=3067.6, avg=1642.8, new=(qd-mutate=1160.3, qd-large-mutate=1046.4, template-m1-balanced=985.4, curl-left=1253.9). MAP-Elites(8x8, morphologies=3): occupied=47, pending=192, in flight=38
19:44:15: 6549x RT, 109.1 creatures/sec. Fitness: best=3067.6, avg=1618.7, new=(qd-mutate=1095.6, template-m1-balanced=821.6, qd-large-mutate=1088.0, curl-right=909.1, curl-left=978.4). MAP-Elites(8x8, morphologies=3): occupied=48, pending=192, in flight=38
19:44:17: 6450x RT, 107.5 creatures/sec. Fitness: best=3067.6, avg=1618.7, new=(qd-mutate=1126.5, qd-large-mutate=1084.9, template-m1-balanced=1026.4). MAP-Elites(8x8, morphologies=3): occupied=48, pending=192, in flight=38
19:44:19: 6508x RT, 108.5 creatures/sec. Fitness: best=3067.6, avg=1618.7, new=(qd-mutate=1047.7, qd-large-mutate=999.9, template-m1-balanced=991.3, curl-right=711.8, template-m2-wheel-biased=467.7). MAP-Elites(8x8, morphologies=3): occupied=48, pending=192, in flight=38
19:44:21: 6602x RT, 110.0 creatures/sec. Fitness: best=3067.6, avg=1618.7, new=(qd-mutate=1106.7, qd-large-mutate=1135.0, curl-right=618.4, template-m2-wheel-biased=611.5, curl-left=604.5). MAP-Elites(8x8, morphologies=3): occupied=48, pending=192, in flight=38
19:44:23: 6530x RT, 108.8 creatures/sec. Fitness: best=3067.6, avg=1618.7, new=(qd-mutate=1037.5, qd-large-mutate=1206.5, template-m2-wheel-biased=787.8, curl-right=801.8, curl-left=621.9). MAP-Elites(8x8, morphologies=3): occupied=48, pending=192, in flight=38
19:44:25: 6613x RT, 110.2 creatures/sec. Fitness: best=3067.6, avg=1618.7, new=(qd-mutate=1071.6, template-m2-wheel-biased=769.1, qd-large-mutate=1071.7, curl-right=884.1, curl-left=763.3). MAP-Elites(8x8, morphologies=3): occupied=48, pending=192, in flight=38
19:44:27: 6546x RT, 109.1 creatures/sec. Fitness: best=3067.6, avg=1618.7, new=(qd-mutate=1115.0, template-m2-wheel-biased=836.8, qd-large-mutate=1249.1, curl-right=643.8, curl-left=612.7). MAP-Elites(8x8, morphologies=3): occupied=48, pending=192, in flight=38
19:44:29: 6514x RT, 108.6 creatures/sec. Fitness: best=3067.6, avg=1618.7, new=(qd-mutate=1076.1, qd-large-mutate=1004.2, template-m2-wheel-biased=1000.5, curl-right=701.0, curl-left=721.4). MAP-Elites(8x8, morphologies=3): occupied=48, pending=192, in flight=38
19:44:31: 6498x RT, 108.3 creatures/sec. Fitness: best=3067.6, avg=1618.7, new=(qd-mutate=1143.4, template-m2-wheel-biased=866.9, qd-large-mutate=1078.8, curl-left=540.0, curl-right=712.6). MAP-Elites(8x8, morphologies=3): occupied=48, pending=192, in flight=38
19:44:33: 6501x RT, 108.3 creatures/sec. Fitness: best=3067.6, avg=1618.7, new=(qd-mutate=1087.5, qd-large-mutate=1124.5, template-m2-wheel-biased=1055.6, curl-right=333.0, curl-left=736.3). MAP-Elites(8x8, morphologies=3): occupied=48, pending=192, in flight=38
19:44:35: 6545x RT, 109.1 creatures/sec. Fitness: best=3067.6, avg=1618.7, new=(qd-mutate=1117.8, qd-large-mutate=961.6, curl-left=669.8, template-m2-wheel-biased=797.0, curl-right=703.7). MAP-Elites(8x8, morphologies=3): occupied=48, pending=192, in flight=38
19:44:37: 6542x RT, 109.0 creatures/sec. Fitness: best=3067.6, avg=1618.7, new=(qd-large-mutate=1049.8, qd-mutate=1112.6, curl-right=662.6, template-m2-wheel-biased=1024.6, curl-left=704.7). MAP-Elites(8x8, morphologies=3): occupied=48, pending=192, in flight=38
19:44:39: 6510x RT, 108.5 creatures/sec. Fitness: best=3067.6, avg=1618.7, new=(qd-mutate=1116.6, curl-right=760.1, qd-large-mutate=1193.6, curl-left=720.7, template-m2-wheel-biased=982.7). MAP-Elites(8x8, morphologies=3): occupied=48, pending=192, in flight=38
19:44:42: 6559x RT, 109.3 creatures/sec. Fitness: best=3067.6, avg=1618.7, new=(qd-mutate=997.3, qd-large-mutate=1196.0, template-m2-wheel-biased=1041.7, curl-right=611.1, curl-left=422.9). MAP-Elites(8x8, morphologies=3): occupied=48, pending=192, in flight=38
5985806 bytes written to /Users/dag/projects/Machine-Evolved-credible-training/training-runs/me-v2-harmonic-qd-01-2h/config.json. 
19:44:44: 6408x RT, 106.8 creatures/sec. Fitness: best=3067.6, avg=1618.7, new=(qd-mutate=1049.2, qd-large-mutate=1165.2, template-m2-wheel-biased=795.8, curl-right=771.8, curl-left=746.1). MAP-Elites(8x8, morphologies=3): occupied=48, pending=192, in flight=38
19:44:46: 5947x RT, 99.1 creatures/sec. Fitness: best=3067.6, avg=1618.7, new=(qd-mutate=1122.5, qd-large-mutate=1017.3, template-m2-wheel-biased=691.3, curl-left=620.4, curl-right=830.3). MAP-Elites(8x8, morphologies=3): occupied=48, pending=192, in flight=38
19:44:48: 6591x RT, 109.8 creatures/sec. Fitness: best=3067.6, avg=1618.7, new=(qd-mutate=1131.5, qd-large-mutate=1031.3, template-m2-wheel-biased=812.5, curl-left=694.1, curl-right=684.9). MAP-Elites(8x8, morphologies=3): occupied=48, pending=192, in flight=38
19:44:50: 6557x RT, 109.3 creatures/sec. Fitness: best=3067.6, avg=1618.7, new=(qd-mutate=1067.4, curl-left=757.0, qd-large-mutate=1245.7, curl-right=547.7, template-m2-wheel-biased=1030.6). MAP-Elites(8x8, morphologies=3): occupied=48, pending=192, in flight=38
19:44:52: 6606x RT, 110.1 creatures/sec. Fitness: best=3067.6, avg=1618.7, new=(qd-large-mutate=1122.6, qd-mutate=1044.1, curl-right=573.5, template-m2-wheel-biased=863.9, curl-left=580.2). MAP-Elites(8x8, morphologies=3): occupied=48, pending=192, in flight=38
19:44:54: 6529x RT, 108.8 creatures/sec. Fitness: best=3067.6, avg=1618.7, new=(qd-mutate=1059.4, qd-large-mutate=1159.3, template-m2-wheel-biased=745.2, curl-right=569.4, curl-left=596.8). MAP-Elites(8x8, morphologies=3): occupied=48, pending=192, in flight=38
19:44:56: 6540x RT, 109.0 creatures/sec. Fitness: best=3067.6, avg=1618.7, new=(qd-mutate=1050.2, qd-large-mutate=1141.8, curl-right=712.3, template-m2-wheel-biased=1014.9). MAP-Elites(8x8, morphologies=3): occupied=48, pending=192, in flight=38
19:44:58: 6508x RT, 108.5 creatures/sec. Fitness: best=3067.6, avg=1618.7, new=(qd-mutate=1019.1, qd-large-mutate=1122.8, template-m2-wheel-biased=1210.9, curl-right=596.2). MAP-Elites(8x8, morphologies=3): occupied=48, pending=192, in flight=38
19:45:00: 6542x RT, 109.0 creatures/sec. Fitness: best=3067.6, avg=1618.7, new=(qd-mutate=1081.7, qd-large-mutate=1118.8, template-m2-wheel-biased=908.5, curl-right=607.6, curl-left=667.3). MAP-Elites(8x8, morphologies=3): occupied=48, pending=192, in flight=38
19:45:02: 6544x RT, 109.1 creatures/sec. Fitness: best=3067.6, avg=1618.7, new=(qd-mutate=1032.1, qd-large-mutate=1204.4, template-m2-wheel-biased=843.3, curl-right=696.4, curl-left=820.4). MAP-Elites(8x8, morphologies=3): occupied=48, pending=192, in flight=38
19:45:04: 6566x RT, 109.4 creatures/sec. Fitness: best=3067.6, avg=1618.7, new=(qd-large-mutate=990.5, qd-mutate=1016.8, curl-left=862.8, curl-right=1136.4, template-m2-wheel-biased=1091.4). MAP-Elites(8x8, morphologies=3): occupied=48, pending=192, in flight=38
19:45:06: 6586x RT, 109.8 creatures/sec. Fitness: best=3067.6, avg=1618.7, new=(qd-large-mutate=987.1, qd-mutate=1027.3, curl-right=720.1, template-m2-wheel-biased=651.9, curl-left=764.5). MAP-Elites(8x8, morphologies=3): occupied=48, pending=192, in flight=38
19:45:08: 6318x RT, 105.3 creatures/sec. Fitness: best=3067.6, avg=1618.7, new=(qd-mutate=1156.7, curl-right=585.9, qd-large-mutate=1242.7, template-m2-wheel-biased=870.3, curl-left=786.3). MAP-Elites(8x8, morphologies=3): occupied=48, pending=192, in flight=38
19:45:11: 6538x RT, 109.0 creatures/sec. Fitness: best=3067.6, avg=1618.7, new=(template-m2-wheel-biased=1132.8, qd-large-mutate=1172.4, qd-mutate=1043.7, curl-right=700.2, curl-left=912.6). MAP-Elites(8x8, morphologies=3): occupied=48, pending=192, in flight=38
19:45:13: 6304x RT, 105.1 creatures/sec. Fitness: best=3067.6, avg=1618.7, new=(qd-large-mutate=1166.3, qd-mutate=1142.7, curl-left=710.3, template-m2-wheel-biased=991.9, curl-right=643.9). MAP-Elites(8x8, morphologies=3): occupied=48, pending=192, in flight=38
19:45:15: 6444x RT, 107.4 creatures/sec. Fitness: best=3067.6, avg=1618.7, new=(curl-left=777.1, qd-mutate=1051.3, qd-large-mutate=1144.8, template-m2-wheel-biased=1011.2, curl-right=697.2). MAP-Elites(8x8, morphologies=3): occupied=48, pending=192, in flight=38
19:45:17: 6398x RT, 106.6 creatures/sec. Fitness: best=3067.6, avg=1618.7, new=(qd-mutate=1102.2, qd-large-mutate=1075.4, curl-left=892.6, template-m2-wheel-biased=791.2, curl-right=1215.9). MAP-Elites(8x8, morphologies=3): occupied=48, pending=192, in flight=38
19:45:19: 6623x RT, 110.4 creatures/sec. Fitness: best=3067.6, avg=1618.7, new=(qd-mutate=1092.2, qd-large-mutate=1064.8, curl-left=837.8, template-m2-wheel-biased=1016.0, curl-right=616.7). MAP-Elites(8x8, morphologies=3): occupied=48, pending=192, in flight=38
19:45:21: 6525x RT, 108.7 creatures/sec. Fitness: best=3067.6, avg=1618.7, new=(template-m2-wheel-biased=881.8, qd-mutate=1137.1, qd-large-mutate=1091.7, curl-right=597.3, curl-left=776.8). MAP-Elites(8x8, morphologies=3): occupied=48, pending=192, in flight=38
19:45:23: 6594x RT, 109.9 creatures/sec. Fitness: best=3067.6, avg=1618.7, new=(qd-mutate=1081.9, qd-large-mutate=1075.9, curl-left=906.2, curl-right=744.8, template-m2-wheel-biased=743.0). MAP-Elites(8x8, morphologies=3): occupied=48, pending=192, in flight=38
19:45:25: 6413x RT, 106.9 creatures/sec. Fitness: best=3067.6, avg=1618.7, new=(qd-large-mutate=1250.3, qd-mutate=978.8, template-m2-wheel-biased=672.1, curl-left=756.4, curl-right=596.3). MAP-Elites(8x8, morphologies=3): occupied=48, pending=192, in flight=38
19:45:27: 6403x RT, 106.7 creatures/sec. Fitness: best=3067.6, avg=1618.7, new=(qd-mutate=1081.6, qd-large-mutate=997.7, template-m2-wheel-biased=870.3, curl-left=623.0, curl-right=832.3). MAP-Elites(8x8, morphologies=3): occupied=48, pending=192, in flight=38
19:45:29: 6362x RT, 106.0 creatures/sec. Fitness: best=3067.6, avg=1618.7, new=(qd-mutate=1037.4, qd-large-mutate=1001.4, curl-right=750.7, curl-left=702.2, template-m2-wheel-biased=677.6). MAP-Elites(8x8, morphologies=3): occupied=48, pending=192, in flight=38
19:45:31: 6605x RT, 110.1 creatures/sec. Fitness: best=3067.6, avg=1618.7, new=(qd-large-mutate=1165.5, qd-mutate=1034.3, curl-left=752.3, curl-right=835.6, template-m2-wheel-biased=1001.8). MAP-Elites(8x8, morphologies=3): occupied=48, pending=192, in flight=38
19:45:33: 6572x RT, 109.5 creatures/sec. Fitness: best=3067.6, avg=1618.7, new=(qd-mutate=1077.2, qd-large-mutate=1066.9, curl-right=861.0, template-m2-wheel-biased=848.4, curl-left=666.1). MAP-Elites(8x8, morphologies=3): occupied=48, pending=192, in flight=38
19:45:35: 6574x RT, 109.6 creatures/sec. Fitness: best=3067.6, avg=1618.7, new=(qd-large-mutate=1123.2, qd-mutate=1101.7, template-m2-wheel-biased=1162.7, curl-right=742.4, curl-left=801.8). MAP-Elites(8x8, morphologies=3): occupied=48, pending=192, in flight=38
19:45:37: 6547x RT, 109.1 creatures/sec. Fitness: best=3067.6, avg=1618.7, new=(qd-large-mutate=1088.0, qd-mutate=1116.1, template-m2-wheel-biased=924.9, curl-right=746.7, curl-left=565.7). MAP-Elites(8x8, morphologies=3): occupied=48, pending=192, in flight=38
19:45:40: 6580x RT, 109.7 creatures/sec. Fitness: best=3067.6, avg=1618.7, new=(qd-mutate=1050.7, qd-large-mutate=1243.6, curl-right=965.9, template-m2-wheel-biased=735.0, curl-left=738.4). MAP-Elites(8x8, morphologies=3): occupied=48, pending=192, in flight=38
19:45:42: 6625x RT, 110.4 creatures/sec. Fitness: best=3067.6, avg=1618.7, new=(qd-mutate=1015.4, curl-right=912.7, qd-large-mutate=1202.9, template-m2-wheel-biased=834.3, curl-left=518.5). MAP-Elites(8x8, morphologies=3): occupied=48, pending=192, in flight=38
5989580 bytes written to /Users/dag/projects/Machine-Evolved-credible-training/training-runs/me-v2-harmonic-qd-01-2h/config.json. 
19:45:44: 6523x RT, 108.7 creatures/sec. Fitness: best=3067.6, avg=1618.7, new=(qd-large-mutate=1076.3, qd-mutate=1080.3, curl-left=653.4, template-m2-wheel-biased=827.8, curl-right=421.2). MAP-Elites(8x8, morphologies=3): occupied=48, pending=192, in flight=38
19:45:46: 6642x RT, 110.7 creatures/sec. Fitness: best=3067.6, avg=1618.7, new=(qd-large-mutate=1063.8, qd-mutate=986.5, curl-left=648.2, curl-right=685.7, template-m2-wheel-biased=775.0). MAP-Elites(8x8, morphologies=3): occupied=48, pending=192, in flight=38
19:45:48: 6600x RT, 110.0 creatures/sec. Fitness: best=3067.6, avg=1618.7, new=(qd-mutate=1089.5, curl-left=787.8, qd-large-mutate=1175.5, template-m2-wheel-biased=1013.8, curl-right=313.2). MAP-Elites(8x8, morphologies=3): occupied=48, pending=192, in flight=38
19:45:50: 6541x RT, 109.0 creatures/sec. Fitness: best=3067.6, avg=1618.7, new=(qd-mutate=1125.3, template-m2-wheel-biased=855.9, qd-large-mutate=1247.1, curl-right=812.2, curl-left=757.6). MAP-Elites(8x8, morphologies=3): occupied=48, pending=192, in flight=38
19:45:52: 6604x RT, 110.1 creatures/sec. Fitness: best=3067.6, avg=1618.7, new=(qd-mutate=1047.8, qd-large-mutate=1104.6, template-m2-wheel-biased=1103.2, curl-left=829.1, curl-right=1189.6). MAP-Elites(8x8, morphologies=3): occupied=48, pending=192, in flight=38
19:45:54: 6586x RT, 109.8 creatures/sec. Fitness: best=3067.6, avg=1618.7, new=(qd-large-mutate=1197.0, template-m2-wheel-biased=911.6, qd-mutate=998.2, curl-right=700.8, curl-left=690.3). MAP-Elites(8x8, morphologies=3): occupied=48, pending=192, in flight=38
19:45:56: 6562x RT, 109.4 creatures/sec. Fitness: best=3067.6, avg=1618.7, new=(qd-mutate=1091.0, template-m2-wheel-biased=825.6, qd-large-mutate=1101.7, curl-right=933.7, curl-left=711.2). MAP-Elites(8x8, morphologies=3): occupied=48, pending=192, in flight=38
19:45:58: 6483x RT, 108.1 creatures/sec. Fitness: best=3067.6, avg=1618.7, new=(qd-mutate=1112.7, qd-large-mutate=1239.4, template-m2-wheel-biased=825.1, curl-right=581.5, curl-left=765.6). MAP-Elites(8x8, morphologies=3): occupied=48, pending=192, in flight=38
19:46:00: 6566x RT, 109.4 creatures/sec. Fitness: best=3067.6, avg=1618.7, new=(qd-mutate=1043.2, qd-large-mutate=1129.9, curl-right=675.9, curl-left=574.6, template-m2-wheel-biased=789.3). MAP-Elites(8x8, morphologies=3): occupied=48, pending=192, in flight=38
19:46:02: 6582x RT, 109.7 creatures/sec. Fitness: best=3067.6, avg=1618.7, new=(qd-mutate=1142.3, qd-large-mutate=1010.9, template-m2-wheel-biased=1143.6, curl-right=763.1, curl-left=791.5). MAP-Elites(8x8, morphologies=3): occupied=48, pending=192, in flight=38
19:46:04: 6603x RT, 110.1 creatures/sec. Fitness: best=3067.6, avg=1618.7, new=(qd-large-mutate=1152.1, qd-mutate=1002.6, curl-right=756.4, curl-left=438.0). MAP-Elites(8x8, morphologies=3): occupied=48, pending=192, in flight=38
19:46:06: 6535x RT, 108.9 creatures/sec. Fitness: best=3067.6, avg=1618.7, new=(qd-mutate=1022.8, qd-large-mutate=1162.2, curl-left=788.7, template-m2-wheel-biased=1063.7, curl-right=936.8). MAP-Elites(8x8, morphologies=3): occupied=48, pending=192, in flight=38
19:46:08: 6614x RT, 110.2 creatures/sec. Fitness: best=3067.6, avg=1618.7, new=(qd-mutate=1018.4, template-m2-wheel-biased=847.2, qd-large-mutate=1187.0, curl-left=735.9, curl-right=733.5). MAP-Elites(8x8, morphologies=3): occupied=48, pending=192, in flight=38
19:46:10: 6529x RT, 108.8 creatures/sec. Fitness: best=3067.6, avg=1618.7, new=(qd-large-mutate=1183.2, qd-mutate=1150.8, template-m2-wheel-biased=769.6, curl-right=897.8). MAP-Elites(8x8, morphologies=3): occupied=48, pending=192, in flight=38
19:46:13: 6621x RT, 110.4 creatures/sec. Fitness: best=3067.6, avg=1618.7, new=(curl-right=719.1, qd-large-mutate=1051.4, qd-mutate=1047.7, template-m2-wheel-biased=797.0, curl-left=942.0). MAP-Elites(8x8, morphologies=3): occupied=48, pending=192, in flight=38
19:46:15: 6571x RT, 109.5 creatures/sec. Fitness: best=3067.6, avg=1618.7, new=(qd-large-mutate=1095.8, qd-mutate=1077.1, template-m2-wheel-biased=774.8, curl-left=777.5, curl-right=591.5). MAP-Elites(8x8, morphologies=3): occupied=48, pending=192, in flight=38
19:46:17: 6447x RT, 107.4 creatures/sec. Fitness: best=3067.6, avg=1618.7, new=(qd-mutate=1045.4, qd-large-mutate=1204.3, template-m2-wheel-biased=752.0, curl-left=601.0, curl-right=497.3). MAP-Elites(8x8, morphologies=3): occupied=48, pending=192, in flight=38
19:46:19: 6584x RT, 109.7 creatures/sec. Fitness: best=3067.6, avg=1618.7, new=(qd-mutate=1003.5, curl-left=731.1, qd-large-mutate=1210.2, curl-right=1560.4, template-m2-wheel-biased=825.2). MAP-Elites(8x8, morphologies=3): occupied=48, pending=192, in flight=38
19:46:21: 6495x RT, 108.3 creatures/sec. Fitness: best=3067.6, avg=1618.7, new=(qd-mutate=1056.5, qd-large-mutate=1211.2, template-m2-wheel-biased=615.0, curl-left=720.2). MAP-Elites(8x8, morphologies=3): occupied=48, pending=192, in flight=38
19:46:23: 6410x RT, 106.8 creatures/sec. Fitness: best=3067.6, avg=1618.7, new=(qd-large-mutate=1159.8, qd-mutate=1112.5, template-m2-wheel-biased=691.6, curl-right=775.2). MAP-Elites(8x8, morphologies=3): occupied=48, pending=192, in flight=38
19:46:25: 6469x RT, 107.8 creatures/sec. Fitness: best=3067.6, avg=1618.7, new=(qd-large-mutate=1249.2, qd-mutate=1136.9, template-m2-wheel-biased=1054.5, curl-right=649.0, curl-left=856.4). MAP-Elites(8x8, morphologies=3): occupied=48, pending=192, in flight=38
19:46:27: 6605x RT, 110.1 creatures/sec. Fitness: best=3067.6, avg=1618.7, new=(template-m2-wheel-biased=631.0, qd-mutate=1060.3, qd-large-mutate=1187.5, curl-right=605.6, curl-left=673.6). MAP-Elites(8x8, morphologies=3): occupied=48, pending=192, in flight=38
19:46:29: 6449x RT, 107.5 creatures/sec. Fitness: best=3067.6, avg=1618.7, new=(template-m2-wheel-biased=877.0, qd-large-mutate=1077.7, qd-mutate=1054.4, curl-left=845.7, curl-right=1391.4). MAP-Elites(8x8, morphologies=3): occupied=48, pending=192, in flight=38
19:46:31: 6447x RT, 107.4 creatures/sec. Fitness: best=3067.6, avg=1620.1, new=(qd-large-mutate=994.2, qd-mutate=1069.7, curl-left=877.9, curl-right=961.2, template-m2-wheel-biased=1010.0). MAP-Elites(8x8, morphologies=3): occupied=48, pending=192, in flight=38
19:46:33: 6635x RT, 110.6 creatures/sec. Fitness: best=3067.6, avg=1620.1, new=(qd-mutate=1063.2, template-m2-wheel-biased=789.2, curl-right=711.3, qd-large-mutate=1129.9, curl-left=624.5). MAP-Elites(8x8, morphologies=3): occupied=48, pending=192, in flight=38
19:46:35: 6587x RT, 109.8 creatures/sec. Fitness: best=3067.6, avg=1620.1, new=(template-m2-wheel-biased=672.5, qd-large-mutate=1041.5, curl-right=719.3, qd-mutate=1016.6, curl-left=650.0). MAP-Elites(8x8, morphologies=3): occupied=48, pending=192, in flight=38
19:46:37: 5474x RT, 91.2 creatures/sec. Fitness: best=3067.6, avg=1620.1, new=(qd-mutate=1123.4, template-m2-wheel-biased=952.7, qd-large-mutate=1172.2, curl-right=629.4, curl-left=633.9). MAP-Elites(8x8, morphologies=3): occupied=48, pending=192, in flight=38
19:46:39: 4231x RT, 70.5 creatures/sec. Fitness: best=3067.6, avg=1620.1, new=(qd-mutate=1055.6, curl-left=873.6, qd-large-mutate=1066.8). MAP-Elites(8x8, morphologies=3): occupied=48, pending=192, in flight=38
19:46:42: 4483x RT, 74.7 creatures/sec. Fitness: best=3067.6, avg=1620.1, new=(qd-mutate=1090.0, template-m2-wheel-biased=611.7, qd-large-mutate=1160.8, curl-right=639.7). MAP-Elites(8x8, morphologies=3): occupied=48, pending=192, in flight=38
5985914 bytes written to /Users/dag/projects/Machine-Evolved-credible-training/training-runs/me-v2-harmonic-qd-01-2h/config.json. 
19:46:44: 4839x RT, 80.7 creatures/sec. Fitness: best=3067.6, avg=1620.1, new=(qd-mutate=1175.6, qd-large-mutate=1349.2, template-m2-wheel-biased=954.9, curl-right=488.3). MAP-Elites(8x8, morphologies=3): occupied=48, pending=192, in flight=38
19:46:46: 4803x RT, 80.1 creatures/sec. Fitness: best=3067.6, avg=1620.1, new=(qd-mutate=1154.3, curl-right=434.4, template-m2-wheel-biased=872.9, qd-large-mutate=1222.7, curl-left=1143.1). MAP-Elites(8x8, morphologies=3): occupied=48, pending=192, in flight=38
19:46:48: 4400x RT, 73.3 creatures/sec. Fitness: best=3067.6, avg=1620.1, new=(qd-large-mutate=1184.2, qd-mutate=995.0, template-m2-wheel-biased=913.2). MAP-Elites(8x8, morphologies=3): occupied=48, pending=192, in flight=38
19:46:50: 3984x RT, 66.4 creatures/sec. Fitness: best=3067.6, avg=1620.1, new=(qd-large-mutate=1098.1, template-m2-wheel-biased=857.2, qd-mutate=1141.9, curl-left=782.5, curl-right=902.9). MAP-Elites(8x8, morphologies=3): occupied=48, pending=192, in flight=38
19:46:52: 4354x RT, 72.6 creatures/sec. Fitness: best=3067.6, avg=1620.1, new=(qd-mutate=1011.7, qd-large-mutate=1151.4, template-m2-wheel-biased=1089.2, curl-left=573.3). MAP-Elites(8x8, morphologies=3): occupied=48, pending=192, in flight=38
19:46:54: 4765x RT, 79.4 creatures/sec. Fitness: best=3067.6, avg=1620.1, new=(qd-large-mutate=1318.5, qd-mutate=1083.5, curl-right=819.0, curl-left=698.9, template-m2-wheel-biased=659.1). MAP-Elites(8x8, morphologies=3): occupied=48, pending=192, in flight=38
19:46:56: 4822x RT, 80.4 creatures/sec. Fitness: best=3067.6, avg=1620.1, new=(qd-mutate=1113.3, qd-large-mutate=1164.5, curl-right=759.4, curl-left=652.7, template-m2-wheel-biased=746.6). MAP-Elites(8x8, morphologies=3): occupied=48, pending=192, in flight=38
19:46:58: 4562x RT, 76.0 creatures/sec. Fitness: best=3067.6, avg=1620.1, new=(qd-mutate=1022.4, qd-large-mutate=1181.3, template-m2-wheel-biased=744.8, curl-left=726.1, curl-right=890.3). MAP-Elites(8x8, morphologies=3): occupied=48, pending=192, in flight=38
19:47:00: 4926x RT, 82.1 creatures/sec. Fitness: best=3067.6, avg=1620.1, new=(qd-mutate=985.6, curl-left=598.3, template-m2-wheel-biased=1080.6, qd-large-mutate=1095.7, curl-right=715.3). MAP-Elites(8x8, morphologies=3): occupied=48, pending=192, in flight=38
19:47:02: 4909x RT, 81.8 creatures/sec. Fitness: best=3067.6, avg=1620.1, new=(qd-mutate=1140.8, qd-large-mutate=1160.9, template-m2-wheel-biased=904.0). MAP-Elites(8x8, morphologies=3): occupied=48, pending=192, in flight=38
19:47:04: 4803x RT, 80.0 creatures/sec. Fitness: best=3067.6, avg=1620.1, new=(qd-mutate=1116.9, template-m2-wheel-biased=726.1, qd-large-mutate=1094.7, curl-right=636.9, curl-left=699.1). MAP-Elites(8x8, morphologies=3): occupied=48, pending=192, in flight=38
19:47:07: 4690x RT, 78.2 creatures/sec. Fitness: best=3067.6, avg=1620.1, new=(qd-mutate=1098.4, curl-left=648.0, template-m2-wheel-biased=625.3, qd-large-mutate=1217.6). MAP-Elites(8x8, morphologies=3): occupied=48, pending=192, in flight=38
19:47:09: 4259x RT, 71.0 creatures/sec. Fitness: best=3067.6, avg=1620.1, new=(qd-large-mutate=1128.4, qd-mutate=1019.4, template-m2-wheel-biased=866.9, curl-right=743.7, curl-left=703.8). MAP-Elites(8x8, morphologies=3): occupied=48, pending=192, in flight=38
19:47:11: 4650x RT, 77.5 creatures/sec. Fitness: best=3067.6, avg=1620.1, new=(qd-large-mutate=1331.7, qd-mutate=1062.0, curl-right=798.4, curl-left=499.4, template-m2-wheel-biased=818.3). MAP-Elites(8x8, morphologies=3): occupied=48, pending=192, in flight=38
19:47:13: 4749x RT, 79.2 creatures/sec. Fitness: best=3067.6, avg=1621.3, new=(qd-large-mutate=1072.3, qd-mutate=1147.7, template-m2-wheel-biased=621.6, curl-right=672.4). MAP-Elites(8x8, morphologies=3): occupied=48, pending=192, in flight=38
19:47:15: 4697x RT, 78.3 creatures/sec. Fitness: best=3067.6, avg=1621.3, new=(qd-large-mutate=1142.8, qd-mutate=1057.4, template-m2-wheel-biased=985.1, curl-right=810.8, curl-left=527.8). MAP-Elites(8x8, morphologies=3): occupied=48, pending=192, in flight=38
19:47:17: 4663x RT, 77.7 creatures/sec. Fitness: best=3067.6, avg=1621.3, new=(qd-large-mutate=1129.9, qd-mutate=1067.7, curl-left=662.4, curl-right=580.2). MAP-Elites(8x8, morphologies=3): occupied=48, pending=192, in flight=38
19:47:19: 4734x RT, 78.9 creatures/sec. Fitness: best=3067.6, avg=1621.3, new=(qd-mutate=1074.3, template-m2-wheel-biased=729.2, qd-large-mutate=1115.8, curl-right=820.6, curl-left=1040.8). MAP-Elites(8x8, morphologies=3): occupied=48, pending=192, in flight=38
19:47:21: 4669x RT, 77.8 creatures/sec. Fitness: best=3067.6, avg=1621.3, new=(qd-large-mutate=1070.7, template-m2-wheel-biased=751.2, qd-mutate=1036.6, curl-right=1156.5). MAP-Elites(8x8, morphologies=3): occupied=48, pending=192, in flight=38
19:47:23: 4511x RT, 75.2 creatures/sec. Fitness: best=3067.6, avg=1621.3, new=(qd-mutate=1075.9, qd-large-mutate=990.0, template-m2-wheel-biased=626.4, curl-right=698.4). MAP-Elites(8x8, morphologies=3): occupied=48, pending=192, in flight=38
19:47:25: 4220x RT, 70.3 creatures/sec. Fitness: best=3067.6, avg=1621.3, new=(qd-large-mutate=1444.9, qd-mutate=1013.5, template-m2-wheel-biased=722.5, curl-right=817.4). MAP-Elites(8x8, morphologies=3): occupied=48, pending=192, in flight=38
19:47:27: 3580x RT, 59.7 creatures/sec. Fitness: best=3067.6, avg=1621.3, new=(qd-mutate=1021.0, qd-large-mutate=1008.5, template-m2-wheel-biased=1027.4, curl-left=630.0). MAP-Elites(8x8, morphologies=3): occupied=48, pending=192, in flight=38
19:47:29: 2073x RT, 34.6 creatures/sec. Fitness: best=3067.6, avg=1621.3, new=(qd-mutate=964.9, qd-large-mutate=1267.7, template-m2-wheel-biased=755.1, curl-left=818.3). MAP-Elites(8x8, morphologies=3): occupied=48, pending=192, in flight=38
19:47:31: 1870x RT, 31.2 creatures/sec. Fitness: best=3067.6, avg=1621.3, new=(qd-large-mutate=950.5, qd-mutate=991.7, template-m2-wheel-biased=521.4, curl-left=1298.8). MAP-Elites(8x8, morphologies=3): occupied=48, pending=192, in flight=38
19:47:33: 3246x RT, 54.1 creatures/sec. Fitness: best=3067.6, avg=1621.3, new=(qd-mutate=1040.9, qd-large-mutate=1101.3, template-m2-wheel-biased=869.3, curl-left=708.3). MAP-Elites(8x8, morphologies=3): occupied=48, pending=192, in flight=38
19:47:35: 3677x RT, 61.3 creatures/sec. Fitness: best=3067.6, avg=1621.3, new=(curl-left=857.7, qd-large-mutate=1261.2, qd-mutate=1071.9, template-m2-wheel-biased=936.3). MAP-Elites(8x8, morphologies=3): occupied=48, pending=192, in flight=38
19:47:38: 2942x RT, 49.0 creatures/sec. Fitness: best=3067.6, avg=1621.3, new=(qd-large-mutate=1168.2, qd-mutate=1078.2, template-m2-wheel-biased=1001.4, curl-left=805.8). MAP-Elites(8x8, morphologies=3): occupied=48, pending=192, in flight=38
19:47:40: 2504x RT, 41.7 creatures/sec. Fitness: best=3067.6, avg=1621.3, new=(qd-mutate=1000.9, curl-left=685.9, qd-large-mutate=1058.5, template-m2-wheel-biased=499.2, curl-right=577.8). MAP-Elites(8x8, morphologies=3): occupied=48, pending=192, in flight=38
19:47:42: 2438x RT, 40.6 creatures/sec. Fitness: best=3067.6, avg=1621.3, new=(qd-mutate=1135.1, template-m2-wheel-biased=534.0, curl-right=881.2, qd-large-mutate=1260.5, curl-left=985.8). MAP-Elites(8x8, morphologies=3): occupied=48, pending=192, in flight=38
5981663 bytes written to /Users/dag/projects/Machine-Evolved-credible-training/training-runs/me-v2-harmonic-qd-01-2h/config.json. 
19:47:44: 3400x RT, 56.7 creatures/sec. Fitness: best=3067.6, avg=1621.3, new=(qd-mutate=930.1, curl-right=506.6, qd-large-mutate=1114.4, template-m2-wheel-biased=1063.0). MAP-Elites(8x8, morphologies=3): occupied=48, pending=192, in flight=38
19:47:46: 3452x RT, 57.5 creatures/sec. Fitness: best=3067.6, avg=1621.3, new=(qd-mutate=1094.5, template-m2-wheel-biased=978.8, qd-large-mutate=961.6, curl-right=960.5, curl-left=867.5). MAP-Elites(8x8, morphologies=3): occupied=48, pending=192, in flight=38
19:47:48: 2825x RT, 47.1 creatures/sec. Fitness: best=3067.6, avg=1621.3, new=(qd-mutate=1023.7, template-m2-wheel-biased=976.3, qd-large-mutate=1104.6, curl-right=978.7, curl-left=918.0). MAP-Elites(8x8, morphologies=3): occupied=48, pending=192, in flight=38
19:47:50: 3069x RT, 51.2 creatures/sec. Fitness: best=3067.6, avg=1621.3, new=(qd-mutate=1090.0, qd-large-mutate=1100.3, template-m2-wheel-biased=656.8, curl-right=589.7, curl-left=596.2). MAP-Elites(8x8, morphologies=3): occupied=48, pending=192, in flight=38
19:47:52: 2896x RT, 48.3 creatures/sec. Fitness: best=3067.6, avg=1621.3, new=(qd-mutate=1012.3, curl-left=528.7, qd-large-mutate=1105.3, template-m2-wheel-biased=1074.5). MAP-Elites(8x8, morphologies=3): occupied=48, pending=192, in flight=38
19:47:54: 3456x RT, 57.6 creatures/sec. Fitness: best=3067.6, avg=1621.3, new=(qd-mutate=1187.6, qd-large-mutate=1102.9, template-m2-wheel-biased=1295.4, curl-left=610.7, curl-right=561.6). MAP-Elites(8x8, morphologies=3): occupied=48, pending=192, in flight=38
19:47:56: 3016x RT, 50.3 creatures/sec. Fitness: best=3067.6, avg=1621.3, new=(qd-mutate=906.1, qd-large-mutate=1189.1, curl-left=921.1, curl-right=1071.5, template-m2-wheel-biased=1183.3). MAP-Elites(8x8, morphologies=3): occupied=48, pending=192, in flight=38
19:47:58: 2716x RT, 45.3 creatures/sec. Fitness: best=3067.6, avg=1621.3, new=(qd-mutate=1071.1, qd-large-mutate=1102.0, curl-right=657.5, template-m2-wheel-biased=883.3, curl-left=1004.9). MAP-Elites(8x8, morphologies=3): occupied=48, pending=192, in flight=38
19:48:00: 4507x RT, 75.1 creatures/sec. Fitness: best=3067.6, avg=1621.3, new=(qd-mutate=1064.1, qd-large-mutate=1055.2, template-m2-wheel-biased=832.2, curl-left=675.8). MAP-Elites(8x8, morphologies=3): occupied=48, pending=192, in flight=38
19:48:02: 4921x RT, 82.0 creatures/sec. Fitness: best=3067.6, avg=1621.3, new=(qd-mutate=1084.3, qd-large-mutate=1179.5, template-m2-wheel-biased=831.3). MAP-Elites(8x8, morphologies=3): occupied=48, pending=192, in flight=38
19:48:04: 3708x RT, 61.8 creatures/sec. Fitness: best=3067.6, avg=1621.3, new=(qd-mutate=1099.7, template-m2-wheel-biased=857.5, qd-large-mutate=1092.3, curl-right=552.5, curl-left=721.9). MAP-Elites(8x8, morphologies=3): occupied=48, pending=192, in flight=38
19:48:06: 4231x RT, 70.5 creatures/sec. Fitness: best=3067.6, avg=1621.3, new=(qd-mutate=1093.5, qd-large-mutate=1183.8, template-m2-wheel-biased=890.3, curl-right=821.6, curl-left=621.8). MAP-Elites(8x8, morphologies=3): occupied=48, pending=192, in flight=38
19:48:08: 4830x RT, 80.5 creatures/sec. Fitness: best=3067.6, avg=1621.3, new=(qd-mutate=1125.5, curl-left=625.6, qd-large-mutate=993.1, template-m2-wheel-biased=713.7, curl-right=875.4). MAP-Elites(8x8, morphologies=3): occupied=48, pending=192, in flight=38
19:48:10: 4666x RT, 77.8 creatures/sec. Fitness: best=3067.6, avg=1621.3, new=(qd-mutate=1085.6, qd-large-mutate=1205.2, curl-left=492.2, curl-right=696.5, template-m2-wheel-biased=775.0). MAP-Elites(8x8, morphologies=3): occupied=48, pending=192, in flight=38
19:48:12: 3852x RT, 64.2 creatures/sec. Fitness: best=3067.6, avg=1621.3, new=(template-m2-wheel-biased=856.4, qd-mutate=1060.0, qd-large-mutate=1063.8). MAP-Elites(8x8, morphologies=3): occupied=48, pending=192, in flight=38
19:48:14: 4019x RT, 67.0 creatures/sec. Fitness: best=3067.6, avg=1621.3, new=(qd-large-mutate=975.1, qd-mutate=1132.5, template-m2-wheel-biased=789.9). MAP-Elites(8x8, morphologies=3): occupied=48, pending=192, in flight=38
19:48:17: 4197x RT, 70.0 creatures/sec. Fitness: best=3067.6, avg=1621.3, new=(template-m2-wheel-biased=608.9, qd-mutate=1057.7, qd-large-mutate=1036.3, curl-left=675.2). MAP-Elites(8x8, morphologies=3): occupied=48, pending=192, in flight=38
19:48:19: 4221x RT, 70.3 creatures/sec. Fitness: best=3067.6, avg=1621.3, new=(qd-mutate=1179.9, qd-large-mutate=985.5, curl-left=931.3, template-m2-wheel-biased=451.7, curl-right=889.6). MAP-Elites(8x8, morphologies=3): occupied=48, pending=192, in flight=38
19:48:21: 3936x RT, 65.6 creatures/sec. Fitness: best=3067.6, avg=1621.3, new=(qd-mutate=1137.3, qd-large-mutate=1051.5, curl-right=848.1, template-m2-wheel-biased=768.0). MAP-Elites(8x8, morphologies=3): occupied=48, pending=192, in flight=38
19:48:23: 4475x RT, 74.6 creatures/sec. Fitness: best=3067.6, avg=1621.3, new=(qd-mutate=1108.7, template-m2-wheel-biased=968.7, qd-large-mutate=1162.6, curl-right=911.1, curl-left=306.1). MAP-Elites(8x8, morphologies=3): occupied=48, pending=192, in flight=38
19:48:25: 4835x RT, 80.6 creatures/sec. Fitness: best=3067.6, avg=1621.3, new=(curl-right=733.8, qd-mutate=1013.9, curl-left=280.9, qd-large-mutate=1129.5, template-m2-wheel-biased=1174.0). MAP-Elites(8x8, morphologies=3): occupied=48, pending=192, in flight=38
19:48:27: 4790x RT, 79.8 creatures/sec. Fitness: best=3067.6, avg=1621.3, new=(template-m2-wheel-biased=876.4, qd-mutate=1148.0, qd-large-mutate=970.5, curl-right=776.0). MAP-Elites(8x8, morphologies=3): occupied=48, pending=192, in flight=38
19:48:29: 4751x RT, 79.2 creatures/sec. Fitness: best=3067.6, avg=1621.3, new=(qd-large-mutate=1250.1, qd-mutate=1099.5, template-m2-wheel-biased=1118.0, curl-right=443.7, curl-left=691.5). MAP-Elites(8x8, morphologies=3): occupied=48, pending=192, in flight=38
19:48:31: 4291x RT, 71.5 creatures/sec. Fitness: best=3067.6, avg=1625.2, new=(qd-mutate=1175.4, qd-large-mutate=977.0, curl-right=675.7, curl-left=821.9, template-m2-wheel-biased=756.1). MAP-Elites(8x8, morphologies=3): occupied=48, pending=192, in flight=38
19:48:33: 4506x RT, 75.1 creatures/sec. Fitness: best=3067.6, avg=1625.2, new=(qd-mutate=1146.2, qd-large-mutate=1053.8, curl-right=571.5, template-m2-wheel-biased=956.4, curl-left=889.8). MAP-Elites(8x8, morphologies=3): occupied=48, pending=192, in flight=38
19:48:35: 4402x RT, 73.4 creatures/sec. Fitness: best=3067.6, avg=1625.2, new=(qd-mutate=1146.1, qd-large-mutate=1002.8, template-m2-wheel-biased=872.9, curl-right=638.0, curl-left=1198.9). MAP-Elites(8x8, morphologies=3): occupied=48, pending=192, in flight=38
19:48:37: 4011x RT, 66.8 creatures/sec. Fitness: best=3067.6, avg=1625.2, new=(qd-large-mutate=1172.2, qd-mutate=991.1, curl-left=571.9, curl-right=767.3, template-m2-wheel-biased=777.5). MAP-Elites(8x8, morphologies=3): occupied=48, pending=192, in flight=38
19:48:39: 3951x RT, 65.9 creatures/sec. Fitness: best=3067.6, avg=1625.2, new=(qd-mutate=1029.3, template-m2-wheel-biased=968.7, qd-large-mutate=1144.0, curl-right=515.4, curl-left=1078.1). MAP-Elites(8x8, morphologies=3): occupied=48, pending=192, in flight=38
19:48:41: 3278x RT, 54.6 creatures/sec. Fitness: best=3067.6, avg=1625.2, new=(qd-mutate=1063.2, qd-large-mutate=1232.9, template-m2-wheel-biased=938.4, curl-right=747.5). MAP-Elites(8x8, morphologies=3): occupied=48, pending=192, in flight=38
5985708 bytes written to /Users/dag/projects/Machine-Evolved-credible-training/training-runs/me-v2-harmonic-qd-01-2h/config.json. 
19:48:44: 2051x RT, 34.2 creatures/sec. Fitness: best=3067.6, avg=1625.2, new=(qd-mutate=1076.4, curl-right=1271.3, qd-large-mutate=1037.4, template-m2-wheel-biased=1272.1). MAP-Elites(8x8, morphologies=3): occupied=48, pending=192, in flight=38
19:48:46: 2314x RT, 38.6 creatures/sec. Fitness: best=3067.6, avg=1625.2, new=(qd-mutate=1121.1, curl-right=620.9, qd-large-mutate=887.3, template-m2-wheel-biased=564.1). MAP-Elites(8x8, morphologies=3): occupied=48, pending=192, in flight=38
19:48:48: 3348x RT, 55.8 creatures/sec. Fitness: best=3067.6, avg=1625.2, new=(qd-mutate=1158.6, qd-large-mutate=1129.0, template-m2-wheel-biased=761.1, curl-left=525.4, curl-right=985.6). MAP-Elites(8x8, morphologies=3): occupied=48, pending=192, in flight=38
19:48:50: 3376x RT, 56.3 creatures/sec. Fitness: best=3067.6, avg=1625.2, new=(qd-mutate=1092.0, qd-large-mutate=1188.2, curl-right=849.8, curl-left=989.8, template-m2-wheel-biased=670.2). MAP-Elites(8x8, morphologies=3): occupied=48, pending=192, in flight=38
19:48:52: 3337x RT, 55.6 creatures/sec. Fitness: best=3067.6, avg=1625.2, new=(qd-mutate=1067.0, template-m2-wheel-biased=821.7, qd-large-mutate=963.3). MAP-Elites(8x8, morphologies=3): occupied=48, pending=192, in flight=38
19:48:54: 3302x RT, 55.0 creatures/sec. Fitness: best=3067.6, avg=1625.2, new=(qd-large-mutate=1081.3, qd-mutate=1073.9, template-m2-wheel-biased=805.0, curl-left=835.4). MAP-Elites(8x8, morphologies=3): occupied=48, pending=192, in flight=38
19:48:56: 3066x RT, 51.1 creatures/sec. Fitness: best=3067.6, avg=1625.2, new=(qd-mutate=1199.8, qd-large-mutate=1165.3, template-m2-wheel-biased=514.5). MAP-Elites(8x8, morphologies=3): occupied=48, pending=192, in flight=38
19:48:58: 2519x RT, 42.0 creatures/sec. Fitness: best=3067.6, avg=1625.2, new=(qd-large-mutate=1195.7, qd-mutate=1181.9, curl-left=1013.5, template-m2-wheel-biased=721.9, curl-right=1055.6). MAP-Elites(8x8, morphologies=3): occupied=48, pending=192, in flight=38
19:49:00: 1187x RT, 19.8 creatures/sec. Fitness: best=3067.6, avg=1625.2, new=(qd-mutate=1053.8, qd-large-mutate=1100.4, curl-right=837.1, template-m2-wheel-biased=1020.2). MAP-Elites(8x8, morphologies=3): occupied=48, pending=192, in flight=38
19:49:02: 2027x RT, 33.8 creatures/sec. Fitness: best=3067.6, avg=1625.2, new=(qd-mutate=1037.4, qd-large-mutate=1141.6, curl-right=475.4, template-m2-wheel-biased=509.5). MAP-Elites(8x8, morphologies=3): occupied=48, pending=192, in flight=38
19:49:04: 2053x RT, 34.2 creatures/sec. Fitness: best=3067.6, avg=1625.2, new=(qd-mutate=1110.8, qd-large-mutate=1044.4, curl-left=775.0, template-m2-wheel-biased=751.1, curl-right=883.2). MAP-Elites(8x8, morphologies=3): occupied=48, pending=192, in flight=38
19:49:06: 3756x RT, 62.6 creatures/sec. Fitness: best=3067.6, avg=1625.2, new=(qd-mutate=1105.7, template-m2-wheel-biased=796.3, qd-large-mutate=1099.3, curl-left=630.0, curl-right=656.3). MAP-Elites(8x8, morphologies=3): occupied=48, pending=192, in flight=38
19:49:08: 4750x RT, 79.2 creatures/sec. Fitness: best=3067.6, avg=1625.2, new=(qd-mutate=1199.6, curl-left=695.0, qd-large-mutate=1096.7, template-m2-wheel-biased=707.8, curl-right=729.3). MAP-Elites(8x8, morphologies=3): occupied=48, pending=192, in flight=38
19:49:11: 4524x RT, 75.4 creatures/sec. Fitness: best=3067.6, avg=1625.2, new=(qd-mutate=1071.7, qd-large-mutate=1246.1, curl-left=691.4, template-m2-wheel-biased=722.8). MAP-Elites(8x8, morphologies=3): occupied=48, pending=192, in flight=38
19:49:13: 4211x RT, 70.2 creatures/sec. Fitness: best=3067.6, avg=1625.2, new=(qd-mutate=1051.5, qd-large-mutate=1169.1, curl-left=781.7, template-m2-wheel-biased=833.6, curl-right=1115.2). MAP-Elites(8x8, morphologies=3): occupied=48, pending=192, in flight=38
19:49:15: 4441x RT, 74.0 creatures/sec. Fitness: best=3067.6, avg=1625.2, new=(curl-left=929.5, qd-mutate=1147.9, qd-large-mutate=1122.9, template-m2-wheel-biased=711.7, curl-right=680.5). MAP-Elites(8x8, morphologies=3): occupied=48, pending=192, in flight=38
19:49:17: 4496x RT, 74.9 creatures/sec. Fitness: best=3067.6, avg=1625.2, new=(qd-mutate=1090.8, qd-large-mutate=1153.0, template-m2-wheel-biased=984.1, curl-left=640.3). MAP-Elites(8x8, morphologies=3): occupied=48, pending=192, in flight=38
19:49:19: 4570x RT, 76.2 creatures/sec. Fitness: best=3067.6, avg=1625.2, new=(qd-mutate=1006.2, qd-large-mutate=1214.8, template-m2-wheel-biased=554.0, curl-left=833.4, curl-right=504.1). MAP-Elites(8x8, morphologies=3): occupied=48, pending=192, in flight=38
19:49:21: 4274x RT, 71.2 creatures/sec. Fitness: best=3067.6, avg=1625.2, new=(qd-mutate=998.4, qd-large-mutate=1093.7, curl-right=1155.3, curl-left=1121.8, template-m2-wheel-biased=909.6). MAP-Elites(8x8, morphologies=3): occupied=48, pending=192, in flight=38
19:49:23: 3740x RT, 62.3 creatures/sec. Fitness: best=3067.6, avg=1625.2, new=(qd-mutate=1164.3, qd-large-mutate=1018.6, template-m2-wheel-biased=721.8, curl-left=787.1, curl-right=669.8). MAP-Elites(8x8, morphologies=3): occupied=48, pending=192, in flight=38
19:49:25: 2188x RT, 36.5 creatures/sec. Fitness: best=3067.6, avg=1625.2, new=(qd-mutate=1174.9, curl-right=1123.3, template-m2-wheel-biased=826.9, qd-large-mutate=975.3, curl-left=760.6). MAP-Elites(8x8, morphologies=3): occupied=48, pending=192, in flight=38
19:49:27: 1647x RT, 27.5 creatures/sec. Fitness: best=3067.6, avg=1625.2, new=(qd-mutate=1183.1, qd-large-mutate=1277.2, curl-left=932.5, template-m2-wheel-biased=730.5). MAP-Elites(8x8, morphologies=3): occupied=48, pending=192, in flight=38
19:49:29: 2481x RT, 41.3 creatures/sec. Fitness: best=3067.6, avg=1625.2, new=(qd-mutate=987.8, template-m2-wheel-biased=703.2, qd-large-mutate=1065.5, curl-left=713.9, curl-right=448.4). MAP-Elites(8x8, morphologies=3): occupied=48, pending=192, in flight=38
19:49:31: 3203x RT, 53.4 creatures/sec. Fitness: best=3067.6, avg=1625.2, new=(qd-mutate=991.2, curl-right=724.8, template-m2-wheel-biased=907.1, curl-left=748.3, qd-large-mutate=904.8). MAP-Elites(8x8, morphologies=3): occupied=48, pending=192, in flight=38
19:49:33: 3088x RT, 51.5 creatures/sec. Fitness: best=3067.6, avg=1625.2, new=(qd-mutate=942.6, qd-large-mutate=1276.7, curl-left=822.3, template-m2-wheel-biased=859.8, curl-right=622.7). MAP-Elites(8x8, morphologies=3): occupied=48, pending=192, in flight=38
19:49:35: 3149x RT, 52.5 creatures/sec. Fitness: best=3067.6, avg=1625.2, new=(qd-mutate=1061.7, qd-large-mutate=970.4, template-m2-wheel-biased=906.3, curl-right=774.6, curl-left=650.8). MAP-Elites(8x8, morphologies=3): occupied=48, pending=192, in flight=38
19:49:37: 2544x RT, 42.4 creatures/sec. Fitness: best=3067.6, avg=1625.2, new=(qd-mutate=1014.0, qd-large-mutate=1189.8, curl-left=705.5, curl-right=992.5, template-m2-wheel-biased=532.9). MAP-Elites(8x8, morphologies=3): occupied=48, pending=192, in flight=38
19:49:39: 2968x RT, 49.5 creatures/sec. Fitness: best=3067.6, avg=1625.2, new=(qd-mutate=1096.8, qd-large-mutate=1154.9, curl-left=658.5, template-m2-wheel-biased=923.6, curl-right=416.7). MAP-Elites(8x8, morphologies=3): occupied=48, pending=192, in flight=38
19:49:41: 2808x RT, 46.8 creatures/sec. Fitness: best=3067.6, avg=1625.2, new=(qd-mutate=1036.3, template-m2-wheel-biased=650.8, qd-large-mutate=991.7, curl-right=821.4, curl-left=612.8). MAP-Elites(8x8, morphologies=3): occupied=48, pending=192, in flight=38
19:49:43: 2708x RT, 45.1 creatures/sec. Fitness: best=3067.6, avg=1625.2, new=(template-m2-wheel-biased=867.5, qd-large-mutate=1366.4, qd-mutate=1090.0, curl-right=1121.1). MAP-Elites(8x8, morphologies=3): occupied=48, pending=192, in flight=38
5982040 bytes written to /Users/dag/projects/Machine-Evolved-credible-training/training-runs/me-v2-harmonic-qd-01-2h/config.json. 
19:49:45: 3360x RT, 56.0 creatures/sec. Fitness: best=3067.6, avg=1625.2, new=(qd-mutate=1123.4, qd-large-mutate=1050.1, template-m2-wheel-biased=746.0, curl-right=504.0, curl-left=580.7). MAP-Elites(8x8, morphologies=3): occupied=48, pending=192, in flight=38
19:49:47: 2405x RT, 40.1 creatures/sec. Fitness: best=3067.6, avg=1625.2, new=(qd-mutate=1175.5, qd-large-mutate=1370.3, curl-left=1007.3, curl-right=614.4). MAP-Elites(8x8, morphologies=3): occupied=48, pending=192, in flight=38
19:49:49: 1118x RT, 18.6 creatures/sec. Fitness: best=3067.6, avg=1625.2, new=(qd-mutate=1091.0, qd-large-mutate=1154.6, curl-left=1416.7). MAP-Elites(8x8, morphologies=3): occupied=48, pending=192, in flight=38
19:49:52: 1204x RT, 20.1 creatures/sec. Fitness: best=3067.6, avg=1625.2, new=(qd-mutate=969.3, qd-large-mutate=936.9, template-m2-wheel-biased=1210.7, curl-left=1160.1). MAP-Elites(8x8, morphologies=3): occupied=48, pending=192, in flight=38
19:49:54: 2981x RT, 49.7 creatures/sec. Fitness: best=3067.6, avg=1625.2, new=(qd-large-mutate=1179.4, qd-mutate=1092.5, template-m2-wheel-biased=750.6, curl-left=650.2, curl-right=567.1). MAP-Elites(8x8, morphologies=3): occupied=48, pending=192, in flight=38
19:49:56: 2675x RT, 44.6 creatures/sec. Fitness: best=3067.6, avg=1625.2, new=(qd-mutate=1049.4, qd-large-mutate=1226.8, template-m2-wheel-biased=763.2, curl-left=786.3, curl-right=783.2). MAP-Elites(8x8, morphologies=3): occupied=48, pending=192, in flight=38
19:49:58: 1619x RT, 27.0 creatures/sec. Fitness: best=3067.6, avg=1625.2, new=(qd-mutate=996.2, qd-large-mutate=1241.2, template-m2-wheel-biased=974.0, curl-left=745.1). MAP-Elites(8x8, morphologies=3): occupied=48, pending=192, in flight=38
19:50:00: 2534x RT, 42.2 creatures/sec. Fitness: best=3067.6, avg=1625.2, new=(qd-large-mutate=1274.5, qd-mutate=1038.6, template-m2-wheel-biased=405.6, curl-left=444.2, curl-right=725.9). MAP-Elites(8x8, morphologies=3): occupied=48, pending=192, in flight=38
19:50:02: 2210x RT, 36.8 creatures/sec. Fitness: best=3067.6, avg=1625.2, new=(qd-large-mutate=1337.0, qd-mutate=1091.0, curl-right=858.7, template-m2-wheel-biased=698.0, curl-left=329.0). MAP-Elites(8x8, morphologies=3): occupied=48, pending=192, in flight=38
19:50:04: 2238x RT, 37.3 creatures/sec. Fitness: best=3067.6, avg=1625.2, new=(qd-large-mutate=1157.8, qd-mutate=1145.1, template-m2-wheel-biased=928.9, curl-left=706.8, curl-right=1308.8). MAP-Elites(8x8, morphologies=3): occupied=48, pending=192, in flight=38
19:50:06: 1648x RT, 27.5 creatures/sec. Fitness: best=3067.6, avg=1625.2, new=(qd-mutate=1099.5, qd-large-mutate=1071.6, curl-right=550.3, template-m2-wheel-biased=664.9). MAP-Elites(8x8, morphologies=3): occupied=48, pending=192, in flight=38
19:50:08: 2303x RT, 38.4 creatures/sec. Fitness: best=3067.6, avg=1625.2, new=(qd-mutate=1142.5, template-m2-wheel-biased=1280.9, qd-large-mutate=980.1). MAP-Elites(8x8, morphologies=3): occupied=48, pending=192, in flight=38
19:50:10: 2439x RT, 40.7 creatures/sec. Fitness: best=3067.6, avg=1625.2, new=(qd-mutate=1067.3, qd-large-mutate=1260.3, template-m2-wheel-biased=993.9). MAP-Elites(8x8, morphologies=3): occupied=48, pending=192, in flight=38
19:50:12: 3877x RT, 64.6 creatures/sec. Fitness: best=3067.6, avg=1625.2, new=(qd-mutate=1015.6, qd-large-mutate=1268.0, curl-right=452.4, template-m2-wheel-biased=842.8). MAP-Elites(8x8, morphologies=3): occupied=48, pending=192, in flight=38
19:50:14: 4935x RT, 82.3 creatures/sec. Fitness: best=3067.6, avg=1625.2, new=(qd-mutate=1023.9, qd-large-mutate=1017.9, template-m2-wheel-biased=871.4, curl-left=785.4, curl-right=484.5). MAP-Elites(8x8, morphologies=3): occupied=48, pending=192, in flight=38
19:50:16: 4679x RT, 78.0 creatures/sec. Fitness: best=3067.6, avg=1625.2, new=(qd-mutate=1157.5, curl-right=582.7, qd-large-mutate=1300.7, template-m2-wheel-biased=869.0, curl-left=647.9). MAP-Elites(8x8, morphologies=3): occupied=48, pending=192, in flight=38
19:50:18: 3907x RT, 65.1 creatures/sec. Fitness: best=3067.6, avg=1625.2, new=(qd-mutate=966.4, qd-large-mutate=1212.5, template-m2-wheel-biased=759.1, curl-left=689.5, curl-right=895.5). MAP-Elites(8x8, morphologies=3): occupied=48, pending=192, in flight=38
19:50:20: 4003x RT, 66.7 creatures/sec. Fitness: best=3067.6, avg=1625.2, new=(qd-mutate=1052.4, qd-large-mutate=1079.9, curl-right=632.4, curl-left=1035.3, template-m2-wheel-biased=812.7). MAP-Elites(8x8, morphologies=3): occupied=48, pending=192, in flight=38
19:50:22: 4157x RT, 69.3 creatures/sec. Fitness: best=3067.6, avg=1625.9, new=(qd-mutate=1121.3, qd-large-mutate=1133.1, curl-left=666.7, curl-right=568.1, template-m2-wheel-biased=828.6). MAP-Elites(8x8, morphologies=3): occupied=48, pending=192, in flight=38
19:50:24: 4684x RT, 78.1 creatures/sec. Fitness: best=3067.6, avg=1625.9, new=(qd-mutate=1025.8, curl-right=825.3, qd-large-mutate=1005.5, template-m2-wheel-biased=851.7, curl-left=699.8). MAP-Elites(8x8, morphologies=3): occupied=48, pending=192, in flight=38
19:50:27: 4660x RT, 77.7 creatures/sec. Fitness: best=3067.6, avg=1625.9, new=(qd-mutate=1147.5, qd-large-mutate=1183.0, template-m2-wheel-biased=882.6). MAP-Elites(8x8, morphologies=3): occupied=48, pending=192, in flight=38
19:50:29: 4788x RT, 79.8 creatures/sec. Fitness: best=3067.6, avg=1625.9, new=(qd-mutate=1008.3, qd-large-mutate=1089.5, curl-left=849.3, template-m2-wheel-biased=907.3). MAP-Elites(8x8, morphologies=3): occupied=48, pending=192, in flight=38
19:50:31: 4464x RT, 74.4 creatures/sec. Fitness: best=3067.6, avg=1625.9, new=(qd-mutate=928.0, qd-large-mutate=1251.0, curl-left=406.5, template-m2-wheel-biased=857.4, curl-right=772.3). MAP-Elites(8x8, morphologies=3): occupied=48, pending=192, in flight=38
19:50:33: 4159x RT, 69.3 creatures/sec. Fitness: best=3067.6, avg=1625.9, new=(qd-large-mutate=1008.2, qd-mutate=1213.0, curl-left=1034.9, curl-right=2191.1, template-m2-wheel-biased=670.2). MAP-Elites(8x8, morphologies=3): occupied=48, pending=192, in flight=38
19:50:35: 3197x RT, 53.3 creatures/sec. Fitness: best=3067.6, avg=1625.9, new=(qd-mutate=1079.9, qd-large-mutate=1184.8, template-m2-wheel-biased=987.7, curl-right=605.8, curl-left=540.0). MAP-Elites(8x8, morphologies=3): occupied=48, pending=192, in flight=38
19:50:37: 3422x RT, 57.0 creatures/sec. Fitness: best=3067.6, avg=1625.9, new=(qd-mutate=1114.9, curl-left=764.9, qd-large-mutate=1132.6, template-m2-wheel-biased=777.5, curl-right=984.7). MAP-Elites(8x8, morphologies=3): occupied=48, pending=192, in flight=38
19:50:39: 4396x RT, 73.3 creatures/sec. Fitness: best=3067.6, avg=1625.9, new=(curl-left=773.5, qd-mutate=932.0, qd-large-mutate=1183.0, template-m2-wheel-biased=689.8, curl-right=776.7). MAP-Elites(8x8, morphologies=3): occupied=48, pending=192, in flight=38
19:50:41: 4552x RT, 75.9 creatures/sec. Fitness: best=3067.6, avg=1625.9, new=(qd-mutate=984.5, template-m2-wheel-biased=619.3, curl-right=641.4, qd-large-mutate=1116.5, curl-left=749.8). MAP-Elites(8x8, morphologies=3): occupied=48, pending=192, in flight=38
19:50:43: 4531x RT, 75.5 creatures/sec. Fitness: best=3067.6, avg=1625.9, new=(qd-large-mutate=1077.7, qd-mutate=1079.7, curl-right=555.1, curl-left=828.1, template-m2-wheel-biased=1050.0). MAP-Elites(8x8, morphologies=3): occupied=48, pending=192, in flight=38
5982041 bytes written to /Users/dag/projects/Machine-Evolved-credible-training/training-runs/me-v2-harmonic-qd-01-2h/config.json. 
19:50:45: 4509x RT, 75.1 creatures/sec. Fitness: best=3067.6, avg=1625.9, new=(qd-mutate=1030.3, qd-large-mutate=1051.8, template-m2-wheel-biased=817.1, curl-right=1046.9). MAP-Elites(8x8, morphologies=3): occupied=48, pending=192, in flight=38
19:50:47: 4682x RT, 78.0 creatures/sec. Fitness: best=3067.6, avg=1625.9, new=(qd-mutate=947.5, template-m2-wheel-biased=899.8, qd-large-mutate=1086.6, curl-right=619.7, curl-left=735.8). MAP-Elites(8x8, morphologies=3): occupied=48, pending=192, in flight=38
19:50:49: 4618x RT, 77.0 creatures/sec. Fitness: best=3067.6, avg=1625.9, new=(qd-mutate=1106.3, qd-large-mutate=1152.0, template-m2-wheel-biased=985.4, curl-right=657.4, curl-left=613.3). MAP-Elites(8x8, morphologies=3): occupied=48, pending=192, in flight=38
19:50:51: 4531x RT, 75.5 creatures/sec. Fitness: best=3067.6, avg=1625.9, new=(curl-left=599.1, qd-large-mutate=928.6, qd-mutate=1039.4, template-m2-wheel-biased=769.9, curl-right=592.9). MAP-Elites(8x8, morphologies=3): occupied=48, pending=192, in flight=38
19:50:54: 4185x RT, 69.8 creatures/sec. Fitness: best=3067.6, avg=1625.9, new=(qd-mutate=1034.8, qd-large-mutate=1157.3, curl-right=859.6, template-m2-wheel-biased=1108.2, curl-left=848.6). MAP-Elites(8x8, morphologies=3): occupied=48, pending=192, in flight=38
19:50:56: 672x RT, 11.2 creatures/sec. Fitness: best=3067.6, avg=1625.9, new=(qd-mutate=853.3, qd-large-mutate=695.1, template-m2-wheel-biased=1088.0, curl-right=723.4, curl-left=481.9). MAP-Elites(8x8, morphologies=3): occupied=48, pending=192, in flight=38
19:50:58: 470x RT, 7.8 creatures/sec. Fitness: best=3067.6, avg=1625.9, new=(curl-left=922.9, qd-mutate=1028.5, qd-large-mutate=1275.2). MAP-Elites(8x8, morphologies=3): occupied=48, pending=192, in flight=38
19:51:00: 358x RT, 6.0 creatures/sec. Fitness: best=3067.6, avg=1625.9, new=(qd-large-mutate=1153.4, qd-mutate=1231.5, template-m2-wheel-biased=733.2, curl-right=639.0). MAP-Elites(8x8, morphologies=3): occupied=48, pending=192, in flight=38
19:51:02: 406x RT, 6.8 creatures/sec. Fitness: best=3067.6, avg=1625.9, new=(qd-mutate=879.7, curl-left=748.1, template-m2-wheel-biased=1153.4, qd-large-mutate=1572.0). MAP-Elites(8x8, morphologies=3): occupied=48, pending=192, in flight=38
19:51:04: 735x RT, 12.3 creatures/sec. Fitness: best=3067.6, avg=1627.0, new=(qd-mutate=975.5, qd-large-mutate=917.3, template-m2-wheel-biased=1290.8, curl-right=762.4, curl-left=1168.4). MAP-Elites(8x8, morphologies=3): occupied=48, pending=192, in flight=38
19:51:06: 796x RT, 13.3 creatures/sec. Fitness: best=3067.6, avg=1627.0, new=(qd-large-mutate=896.1, qd-mutate=1194.9, template-m2-wheel-biased=1080.0, curl-left=847.1, curl-right=478.3). MAP-Elites(8x8, morphologies=3): occupied=48, pending=192, in flight=38
19:51:08: 530x RT, 8.8 creatures/sec. Fitness: best=3067.6, avg=1627.0, new=(qd-mutate=1352.6, qd-large-mutate=908.9, template-m2-wheel-biased=960.3). MAP-Elites(8x8, morphologies=3): occupied=48, pending=192, in flight=38
19:51:10: 709x RT, 11.8 creatures/sec. Fitness: best=3067.6, avg=1627.0, new=(template-m2-wheel-biased=655.0, qd-mutate=1043.5, curl-right=423.5, qd-large-mutate=1994.3, curl-left=504.5). MAP-Elites(8x8, morphologies=3): occupied=48, pending=192, in flight=38
19:51:12: 672x RT, 11.2 creatures/sec. Fitness: best=3067.6, avg=1627.0, new=(qd-mutate=1119.8, qd-large-mutate=637.8, curl-right=863.8, template-m2-wheel-biased=438.7). MAP-Elites(8x8, morphologies=3): occupied=48, pending=192, in flight=38
19:51:14: 446x RT, 7.4 creatures/sec. Fitness: best=3067.6, avg=1627.0, new=(qd-mutate=1047.5, curl-left=458.4). MAP-Elites(8x8, morphologies=3): occupied=48, pending=192, in flight=38
19:51:16: 712x RT, 11.9 creatures/sec. Fitness: best=3067.6, avg=1627.0, new=(curl-left=674.6, qd-mutate=1119.2, qd-large-mutate=1392.5, template-m2-wheel-biased=1596.6). MAP-Elites(8x8, morphologies=3): occupied=48, pending=192, in flight=38
19:51:18: 583x RT, 9.7 creatures/sec. Fitness: best=3067.6, avg=1627.0, new=(qd-mutate=890.8, template-m2-wheel-biased=1023.7, curl-left=736.5, curl-right=557.4, qd-large-mutate=1651.3). MAP-Elites(8x8, morphologies=3): occupied=48, pending=192, in flight=38
19:51:20: 765x RT, 12.8 creatures/sec. Fitness: best=3067.6, avg=1627.0, new=(qd-mutate=1067.6, qd-large-mutate=561.7, curl-right=747.7, template-m2-wheel-biased=800.3). MAP-Elites(8x8, morphologies=3): occupied=48, pending=192, in flight=38
19:51:22: 656x RT, 10.9 creatures/sec. Fitness: best=3067.6, avg=1627.0, new=(qd-mutate=864.6, template-m2-wheel-biased=1318.3, curl-left=1151.1, qd-large-mutate=666.0). MAP-Elites(8x8, morphologies=3): occupied=48, pending=192, in flight=38
19:51:24: 730x RT, 12.2 creatures/sec. Fitness: best=3067.6, avg=1627.0, new=(qd-mutate=921.6, curl-right=654.3, qd-large-mutate=1125.8, template-m2-wheel-biased=800.7). MAP-Elites(8x8, morphologies=3): occupied=48, pending=192, in flight=38
19:51:26: 776x RT, 12.9 creatures/sec. Fitness: best=3067.6, avg=1627.0, new=(qd-large-mutate=661.9, qd-mutate=1029.9, curl-right=777.5). MAP-Elites(8x8, morphologies=3): occupied=48, pending=192, in flight=38
19:51:28: 649x RT, 10.8 creatures/sec. Fitness: best=3067.6, avg=1627.0, new=(qd-mutate=1185.7, qd-large-mutate=1341.6, curl-right=999.2). MAP-Elites(8x8, morphologies=3): occupied=48, pending=192, in flight=38
19:51:30: 1151x RT, 19.2 creatures/sec. Fitness: best=3067.6, avg=1627.0, new=(qd-mutate=1161.2, qd-large-mutate=874.4, curl-right=555.3, template-m2-wheel-biased=236.3). MAP-Elites(8x8, morphologies=3): occupied=48, pending=192, in flight=38
