Listening on 127.0.0.1:9999
--> new robust best creature found through template-m1-balanced! Fitness=435.646299949929 domains=[546.106262, 542.748718, 385.881287]
--> new robust best creature found through curl-right! Fitness=480.29041314834376 domains=[392.236267, 607.434021, 770.52771]
--> new robust best creature found through template-m0-champion-proportions! Fitness=670.914992526747 domains=[705.541748, 594.753296, 993.655823]
--> new robust best creature found through template-m0-champion-proportions! Fitness=690.8458930284055 domains=[864.337341, 603.22937, 904.788757]
--> new robust best creature found through curl-right! Fitness=819.4717230778456 domains=[825.103577, 1274.798462, 725.232117]
21:32:51: 5893x RT, 98.2 creatures/sec. Fitness: best=819.5, avg=595.6, new=(curl-left=547.9, template-m1-balanced=594.0, template-m0-champion-proportions=679.9, curl-right=691.3, template-m2-wheel-biased=570.8). MAP-Elites(8x8, morphologies=3): occupied=13, pending=384, in flight=40
--> new robust best creature found through curl-right! Fitness=820.1652063291344 domains=[1273.837524, 618.786316, 1352.435669]
21:32:53: 4519x RT, 75.3 creatures/sec. Fitness: best=820.2, avg=611.2, new=(curl-right=581.2, template-m1-balanced=631.3, curl-left=620.6, template-m2-wheel-biased=625.2, template-m0-champion-proportions=764.8). MAP-Elites(8x8, morphologies=3): occupied=15, pending=384, in flight=40
21:32:55: 3606x RT, 60.1 creatures/sec. Fitness: best=820.2, avg=621.4, new=(template-m0-champion-proportions=851.1, curl-left=627.8, curl-right=638.3, template-m2-wheel-biased=697.4, template-m1-balanced=688.5). MAP-Elites(8x8, morphologies=3): occupied=16, pending=384, in flight=40
--> new robust best creature found through curl-right! Fitness=876.4965175950049 domains=[1177.166016, 1222.366455, 734.416199]
--> new robust best creature found through template-m0-champion-proportions! Fitness=958.1171388511182 domains=[1141.007324, 920.404846, 940.345703]
21:32:57: 3470x RT, 57.8 creatures/sec. Fitness: best=958.1, avg=647.1, new=(curl-left=637.8, curl-right=599.0, template-m1-balanced=626.5, template-m2-wheel-biased=710.2, template-m0-champion-proportions=747.9). MAP-Elites(8x8, morphologies=3): occupied=17, pending=384, in flight=40
21:32:59: 2958x RT, 49.3 creatures/sec. Fitness: best=958.1, avg=637.6, new=(curl-left=593.5, template-m2-wheel-biased=543.9, curl-right=600.6, template-m1-balanced=717.1, template-m0-champion-proportions=603.3). MAP-Elites(8x8, morphologies=3): occupied=19, pending=384, in flight=41
21:33:01: 3289x RT, 54.8 creatures/sec. Fitness: best=958.1, avg=653.4, new=(curl-left=593.5, template-m2-wheel-biased=570.7, template-m1-balanced=674.3, curl-right=610.8, template-m0-champion-proportions=586.8). MAP-Elites(8x8, morphologies=3): occupied=20, pending=384, in flight=40
21:33:04: 3291x RT, 54.8 creatures/sec. Fitness: best=958.1, avg=657.9, new=(curl-left=617.2, curl-right=600.5, template-m0-champion-proportions=696.0, template-m1-balanced=634.5, template-m2-wheel-biased=681.7). MAP-Elites(8x8, morphologies=3): occupied=20, pending=384, in flight=40
--> new robust best creature found through template-m0-champion-proportions! Fitness=1005.9697656318947 domains=[932.243835, 1040.342163, 1297.771973]
21:33:06: 3429x RT, 57.1 creatures/sec. Fitness: best=1006.0, avg=677.8, new=(curl-right=658.6, template-m0-champion-proportions=835.8, template-m1-balanced=693.5, curl-left=627.5, template-m2-wheel-biased=564.8). MAP-Elites(8x8, morphologies=3): occupied=20, pending=384, in flight=40
21:33:08: 3295x RT, 54.9 creatures/sec. Fitness: best=1006.0, avg=682.4, new=(curl-right=645.2, template-m1-balanced=684.5, template-m2-wheel-biased=569.8, curl-left=527.9, template-m0-champion-proportions=543.9, qd-mutate=682.5). MAP-Elites(8x8, morphologies=3): occupied=20, pending=384, in flight=40
21:33:10: 3474x RT, 57.9 creatures/sec. Fitness: best=1006.0, avg=685.8, new=(template-m2-wheel-biased=614.6, template-m0-champion-proportions=869.3, qd-mutate=597.6, curl-left=700.4, template-m1-balanced=842.8, curl-right=661.7). MAP-Elites(8x8, morphologies=3): occupied=20, pending=384, in flight=40
21:33:12: 3283x RT, 54.7 creatures/sec. Fitness: best=1006.0, avg=679.0, new=(qd-mutate=645.7). MAP-Elites(8x8, morphologies=3): occupied=21, pending=384, in flight=40
21:33:14: 3302x RT, 55.0 creatures/sec. Fitness: best=1006.0, avg=682.8, new=(qd-mutate=639.4). MAP-Elites(8x8, morphologies=3): occupied=21, pending=384, in flight=40
21:33:16: 3326x RT, 55.4 creatures/sec. Fitness: best=1006.0, avg=687.5, new=(qd-mutate=607.2). MAP-Elites(8x8, morphologies=3): occupied=21, pending=384, in flight=40
21:33:18: 3392x RT, 56.5 creatures/sec. Fitness: best=1006.0, avg=689.0, new=(qd-mutate=628.6). MAP-Elites(8x8, morphologies=3): occupied=21, pending=384, in flight=40
21:33:20: 3456x RT, 57.6 creatures/sec. Fitness: best=1006.0, avg=689.0, new=(qd-mutate=618.4). MAP-Elites(8x8, morphologies=3): occupied=21, pending=384, in flight=40
21:33:22: 3413x RT, 56.9 creatures/sec. Fitness: best=1006.0, avg=698.5, new=(qd-mutate=612.1). MAP-Elites(8x8, morphologies=3): occupied=22, pending=384, in flight=40
21:33:24: 3373x RT, 56.2 creatures/sec. Fitness: best=1006.0, avg=709.1, new=(qd-mutate=592.2). MAP-Elites(8x8, morphologies=3): occupied=22, pending=384, in flight=40
21:33:26: 3399x RT, 56.6 creatures/sec. Fitness: best=1006.0, avg=688.8, new=(qd-mutate=623.6). MAP-Elites(8x8, morphologies=3): occupied=23, pending=384, in flight=40
21:33:28: 3378x RT, 56.3 creatures/sec. Fitness: best=1006.0, avg=688.8, new=(qd-mutate=638.6). MAP-Elites(8x8, morphologies=3): occupied=23, pending=384, in flight=40
21:33:31: 3424x RT, 57.1 creatures/sec. Fitness: best=1006.0, avg=688.8, new=(qd-mutate=606.1). MAP-Elites(8x8, morphologies=3): occupied=23, pending=384, in flight=40
--> new robust best creature found through qd-mutate! Fitness=1207.768213383827 domains=[1279.845093, 1287.937134, 1170.586548]
21:33:33: 3559x RT, 59.3 creatures/sec. Fitness: best=1207.8, avg=704.3, new=(qd-mutate=605.4). MAP-Elites(8x8, morphologies=3): occupied=23, pending=384, in flight=40
21:33:35: 3646x RT, 60.8 creatures/sec. Fitness: best=1207.8, avg=721.5, new=(qd-mutate=612.1). MAP-Elites(8x8, morphologies=3): occupied=23, pending=384, in flight=40
21:33:37: 3641x RT, 60.7 creatures/sec. Fitness: best=1207.8, avg=721.5, new=(qd-mutate=688.0). MAP-Elites(8x8, morphologies=3): occupied=23, pending=384, in flight=40
21:33:39: 3807x RT, 63.4 creatures/sec. Fitness: best=1207.8, avg=721.5, new=(qd-mutate=637.6). MAP-Elites(8x8, morphologies=3): occupied=23, pending=384, in flight=40
21:33:41: 3770x RT, 62.8 creatures/sec. Fitness: best=1207.8, avg=722.7, new=(qd-mutate=653.7). MAP-Elites(8x8, morphologies=3): occupied=23, pending=384, in flight=40
21:33:43: 3870x RT, 64.5 creatures/sec. Fitness: best=1207.8, avg=722.7, new=(qd-mutate=611.0). MAP-Elites(8x8, morphologies=3): occupied=23, pending=384, in flight=40
21:33:45: 4039x RT, 67.3 creatures/sec. Fitness: best=1207.8, avg=725.7, new=(qd-mutate=593.4). MAP-Elites(8x8, morphologies=3): occupied=23, pending=384, in flight=40
21:33:47: 4061x RT, 67.7 creatures/sec. Fitness: best=1207.8, avg=729.4, new=(qd-mutate=642.5). MAP-Elites(8x8, morphologies=3): occupied=23, pending=384, in flight=40
21:33:49: 4207x RT, 70.1 creatures/sec. Fitness: best=1207.8, avg=729.9, new=(qd-mutate=632.3). MAP-Elites(8x8, morphologies=3): occupied=23, pending=384, in flight=40
4234165 bytes written to /Users/dag/projects/Machine-Evolved-credible-training/training-runs/me-v2-harmonic-qd-01-double-gravity-double-population-8w/config.json. 
21:33:51: 4213x RT, 70.2 creatures/sec. Fitness: best=1207.8, avg=736.8, new=(qd-mutate=639.9). MAP-Elites(8x8, morphologies=3): occupied=23, pending=384, in flight=40
21:33:53: 4383x RT, 73.1 creatures/sec. Fitness: best=1207.8, avg=737.7, new=(qd-mutate=615.4). MAP-Elites(8x8, morphologies=3): occupied=23, pending=384, in flight=40
21:33:55: 4472x RT, 74.5 creatures/sec. Fitness: best=1207.8, avg=753.7, new=(qd-mutate=658.0). MAP-Elites(8x8, morphologies=3): occupied=23, pending=384, in flight=40
21:33:57: 4636x RT, 77.3 creatures/sec. Fitness: best=1207.8, avg=757.8, new=(qd-mutate=615.5). MAP-Elites(8x8, morphologies=3): occupied=23, pending=384, in flight=40
21:33:59: 4627x RT, 77.1 creatures/sec. Fitness: best=1207.8, avg=758.6, new=(qd-mutate=619.3). MAP-Elites(8x8, morphologies=3): occupied=23, pending=384, in flight=40
21:34:01: 4706x RT, 78.4 creatures/sec. Fitness: best=1207.8, avg=759.8, new=(qd-mutate=654.0). MAP-Elites(8x8, morphologies=3): occupied=23, pending=384, in flight=40
21:34:03: 4761x RT, 79.3 creatures/sec. Fitness: best=1207.8, avg=759.8, new=(qd-mutate=630.7). MAP-Elites(8x8, morphologies=3): occupied=23, pending=384, in flight=40
21:34:06: 4839x RT, 80.6 creatures/sec. Fitness: best=1207.8, avg=766.2, new=(qd-mutate=617.1). MAP-Elites(8x8, morphologies=3): occupied=23, pending=384, in flight=40
21:34:08: 4969x RT, 82.8 creatures/sec. Fitness: best=1207.8, avg=773.2, new=(qd-mutate=630.3). MAP-Elites(8x8, morphologies=3): occupied=24, pending=384, in flight=40
21:34:10: 4924x RT, 82.1 creatures/sec. Fitness: best=1207.8, avg=773.2, new=(qd-mutate=619.1). MAP-Elites(8x8, morphologies=3): occupied=24, pending=384, in flight=40
21:34:12: 5126x RT, 85.4 creatures/sec. Fitness: best=1207.8, avg=774.4, new=(qd-mutate=615.2). MAP-Elites(8x8, morphologies=3): occupied=24, pending=384, in flight=40
21:34:14: 5279x RT, 88.0 creatures/sec. Fitness: best=1207.8, avg=777.1, new=(qd-mutate=650.0). MAP-Elites(8x8, morphologies=3): occupied=24, pending=384, in flight=40
21:34:16: 5215x RT, 86.9 creatures/sec. Fitness: best=1207.8, avg=780.1, new=(qd-mutate=616.1). MAP-Elites(8x8, morphologies=3): occupied=24, pending=384, in flight=40
21:34:18: 5186x RT, 86.4 creatures/sec. Fitness: best=1207.8, avg=782.3, new=(qd-mutate=661.3). MAP-Elites(8x8, morphologies=3): occupied=24, pending=384, in flight=40
21:34:20: 5088x RT, 84.8 creatures/sec. Fitness: best=1207.8, avg=782.3, new=(qd-mutate=616.4). MAP-Elites(8x8, morphologies=3): occupied=24, pending=384, in flight=40
21:34:22: 5575x RT, 92.9 creatures/sec. Fitness: best=1207.8, avg=782.3, new=(qd-mutate=665.0). MAP-Elites(8x8, morphologies=3): occupied=24, pending=384, in flight=40
21:34:24: 5600x RT, 93.3 creatures/sec. Fitness: best=1207.8, avg=782.3, new=(qd-mutate=688.2). MAP-Elites(8x8, morphologies=3): occupied=24, pending=384, in flight=40
21:34:26: 5188x RT, 86.5 creatures/sec. Fitness: best=1207.8, avg=782.3, new=(qd-mutate=670.5). MAP-Elites(8x8, morphologies=3): occupied=24, pending=384, in flight=40
21:34:28: 5525x RT, 92.1 creatures/sec. Fitness: best=1207.8, avg=798.4, new=(qd-mutate=643.0). MAP-Elites(8x8, morphologies=3): occupied=24, pending=384, in flight=40
21:34:30: 5764x RT, 96.1 creatures/sec. Fitness: best=1207.8, avg=801.4, new=(qd-mutate=683.0). MAP-Elites(8x8, morphologies=3): occupied=24, pending=384, in flight=40
21:34:32: 5714x RT, 95.2 creatures/sec. Fitness: best=1207.8, avg=810.4, new=(qd-mutate=643.5). MAP-Elites(8x8, morphologies=3): occupied=24, pending=384, in flight=40
21:34:34: 5608x RT, 93.5 creatures/sec. Fitness: best=1207.8, avg=816.1, new=(qd-mutate=668.4). MAP-Elites(8x8, morphologies=3): occupied=24, pending=384, in flight=40
21:34:36: 5213x RT, 86.9 creatures/sec. Fitness: best=1207.8, avg=816.9, new=(qd-mutate=604.3). MAP-Elites(8x8, morphologies=3): occupied=24, pending=384, in flight=40
21:34:39: 5593x RT, 93.2 creatures/sec. Fitness: best=1207.8, avg=816.9, new=(qd-mutate=617.6). MAP-Elites(8x8, morphologies=3): occupied=24, pending=384, in flight=40
21:34:41: 5837x RT, 97.3 creatures/sec. Fitness: best=1207.8, avg=816.9, new=(qd-mutate=666.6). MAP-Elites(8x8, morphologies=3): occupied=24, pending=384, in flight=40
21:34:43: 5781x RT, 96.4 creatures/sec. Fitness: best=1207.8, avg=821.3, new=(qd-mutate=659.2). MAP-Elites(8x8, morphologies=3): occupied=24, pending=384, in flight=40
21:34:45: 5745x RT, 95.8 creatures/sec. Fitness: best=1207.8, avg=822.6, new=(qd-mutate=638.9). MAP-Elites(8x8, morphologies=3): occupied=24, pending=384, in flight=40
21:34:47: 5818x RT, 97.0 creatures/sec. Fitness: best=1207.8, avg=822.6, new=(qd-mutate=656.9). MAP-Elites(8x8, morphologies=3): occupied=24, pending=384, in flight=40
21:34:49: 5778x RT, 96.3 creatures/sec. Fitness: best=1207.8, avg=822.6, new=(qd-mutate=619.6). MAP-Elites(8x8, morphologies=3): occupied=24, pending=384, in flight=40
4885308 bytes written to /Users/dag/projects/Machine-Evolved-credible-training/training-runs/me-v2-harmonic-qd-01-double-gravity-double-population-8w/config.json. 
21:34:51: 5856x RT, 97.6 creatures/sec. Fitness: best=1207.8, avg=830.1, new=(qd-mutate=661.9). MAP-Elites(8x8, morphologies=3): occupied=24, pending=384, in flight=40
21:34:53: 5796x RT, 96.6 creatures/sec. Fitness: best=1207.8, avg=830.1, new=(qd-mutate=647.8). MAP-Elites(8x8, morphologies=3): occupied=24, pending=384, in flight=40
21:34:55: 5700x RT, 95.0 creatures/sec. Fitness: best=1207.8, avg=830.9, new=(qd-mutate=629.7). MAP-Elites(8x8, morphologies=3): occupied=24, pending=384, in flight=40
21:34:57: 5785x RT, 96.4 creatures/sec. Fitness: best=1207.8, avg=837.0, new=(qd-mutate=665.3). MAP-Elites(8x8, morphologies=3): occupied=24, pending=384, in flight=40
21:34:59: 5782x RT, 96.4 creatures/sec. Fitness: best=1207.8, avg=837.0, new=(qd-mutate=639.2). MAP-Elites(8x8, morphologies=3): occupied=24, pending=384, in flight=40
21:35:01: 5781x RT, 96.4 creatures/sec. Fitness: best=1207.8, avg=837.0, new=(qd-mutate=623.4). MAP-Elites(8x8, morphologies=3): occupied=24, pending=384, in flight=40
21:35:03: 5629x RT, 93.8 creatures/sec. Fitness: best=1207.8, avg=837.2, new=(qd-mutate=668.3). MAP-Elites(8x8, morphologies=3): occupied=24, pending=384, in flight=40
21:35:05: 5779x RT, 96.3 creatures/sec. Fitness: best=1207.8, avg=834.8, new=(qd-mutate=629.9). MAP-Elites(8x8, morphologies=3): occupied=25, pending=384, in flight=40
21:35:07: 5541x RT, 92.3 creatures/sec. Fitness: best=1207.8, avg=834.9, new=(qd-mutate=659.3). MAP-Elites(8x8, morphologies=3): occupied=25, pending=384, in flight=40
21:35:09: 5240x RT, 87.3 creatures/sec. Fitness: best=1207.8, avg=838.5, new=(qd-mutate=646.9). MAP-Elites(8x8, morphologies=3): occupied=25, pending=384, in flight=40
21:35:12: 5609x RT, 93.5 creatures/sec. Fitness: best=1207.8, avg=838.5, new=(qd-mutate=626.1). MAP-Elites(8x8, morphologies=3): occupied=25, pending=384, in flight=40
21:35:14: 5791x RT, 96.5 creatures/sec. Fitness: best=1207.8, avg=838.5, new=(qd-mutate=660.4). MAP-Elites(8x8, morphologies=3): occupied=25, pending=384, in flight=40
21:35:16: 5822x RT, 97.0 creatures/sec. Fitness: best=1207.8, avg=838.5, new=(qd-mutate=633.4). MAP-Elites(8x8, morphologies=3): occupied=25, pending=384, in flight=40
21:35:18: 5647x RT, 94.1 creatures/sec. Fitness: best=1207.8, avg=838.5, new=(qd-mutate=659.6). MAP-Elites(8x8, morphologies=3): occupied=25, pending=384, in flight=40
21:35:20: 5507x RT, 91.8 creatures/sec. Fitness: best=1207.8, avg=838.5, new=(qd-mutate=672.9). MAP-Elites(8x8, morphologies=3): occupied=25, pending=384, in flight=40
21:35:22: 5757x RT, 96.0 creatures/sec. Fitness: best=1207.8, avg=838.5, new=(qd-mutate=629.2). MAP-Elites(8x8, morphologies=3): occupied=25, pending=384, in flight=40
21:35:24: 5784x RT, 96.4 creatures/sec. Fitness: best=1207.8, avg=838.5, new=(qd-mutate=636.9). MAP-Elites(8x8, morphologies=3): occupied=25, pending=384, in flight=40
21:35:26: 5855x RT, 97.6 creatures/sec. Fitness: best=1207.8, avg=838.5, new=(qd-mutate=643.7). MAP-Elites(8x8, morphologies=3): occupied=25, pending=384, in flight=40
21:35:28: 5589x RT, 93.2 creatures/sec. Fitness: best=1207.8, avg=838.5, new=(qd-mutate=644.4). MAP-Elites(8x8, morphologies=3): occupied=25, pending=384, in flight=40
21:35:30: 5871x RT, 97.8 creatures/sec. Fitness: best=1207.8, avg=838.5, new=(qd-mutate=630.2). MAP-Elites(8x8, morphologies=3): occupied=25, pending=384, in flight=40
21:35:32: 5143x RT, 85.7 creatures/sec. Fitness: best=1207.8, avg=839.5, new=(qd-mutate=663.5). MAP-Elites(8x8, morphologies=3): occupied=25, pending=384, in flight=40
21:35:34: 5496x RT, 91.6 creatures/sec. Fitness: best=1207.8, avg=843.4, new=(qd-mutate=638.3). MAP-Elites(8x8, morphologies=3): occupied=25, pending=384, in flight=40
21:35:36: 5773x RT, 96.2 creatures/sec. Fitness: best=1207.8, avg=843.4, new=(qd-mutate=612.2). MAP-Elites(8x8, morphologies=3): occupied=25, pending=384, in flight=40
21:35:38: 5779x RT, 96.3 creatures/sec. Fitness: best=1207.8, avg=843.4, new=(qd-mutate=657.3). MAP-Elites(8x8, morphologies=3): occupied=25, pending=384, in flight=40
21:35:40: 5620x RT, 93.7 creatures/sec. Fitness: best=1207.8, avg=843.4, new=(qd-mutate=624.8). MAP-Elites(8x8, morphologies=3): occupied=25, pending=384, in flight=40
21:35:43: 5833x RT, 97.2 creatures/sec. Fitness: best=1207.8, avg=843.4, new=(qd-mutate=637.0). MAP-Elites(8x8, morphologies=3): occupied=25, pending=384, in flight=40
21:35:45: 5786x RT, 96.4 creatures/sec. Fitness: best=1207.8, avg=843.4, new=(qd-mutate=624.9). MAP-Elites(8x8, morphologies=3): occupied=25, pending=384, in flight=40
21:35:47: 5752x RT, 95.9 creatures/sec. Fitness: best=1207.8, avg=843.4, new=(qd-mutate=639.6). MAP-Elites(8x8, morphologies=3): occupied=25, pending=384, in flight=40
21:35:49: 5778x RT, 96.3 creatures/sec. Fitness: best=1207.8, avg=853.1, new=(qd-mutate=645.2). MAP-Elites(8x8, morphologies=3): occupied=25, pending=384, in flight=40
5654740 bytes written to /Users/dag/projects/Machine-Evolved-credible-training/training-runs/me-v2-harmonic-qd-01-double-gravity-double-population-8w/config.json. 
21:35:51: 5741x RT, 95.7 creatures/sec. Fitness: best=1207.8, avg=853.1, new=(qd-mutate=623.4). MAP-Elites(8x8, morphologies=3): occupied=25, pending=384, in flight=40
21:35:53: 5780x RT, 96.3 creatures/sec. Fitness: best=1207.8, avg=853.1, new=(qd-mutate=658.9). MAP-Elites(8x8, morphologies=3): occupied=25, pending=384, in flight=40
21:35:55: 5766x RT, 96.1 creatures/sec. Fitness: best=1207.8, avg=858.6, new=(qd-mutate=627.5). MAP-Elites(8x8, morphologies=3): occupied=25, pending=384, in flight=40
21:35:57: 5750x RT, 95.8 creatures/sec. Fitness: best=1207.8, avg=858.6, new=(qd-mutate=654.1). MAP-Elites(8x8, morphologies=3): occupied=25, pending=384, in flight=40
21:35:59: 5781x RT, 96.3 creatures/sec. Fitness: best=1207.8, avg=858.6, new=(qd-mutate=595.7). MAP-Elites(8x8, morphologies=3): occupied=25, pending=384, in flight=40
21:36:01: 5731x RT, 95.5 creatures/sec. Fitness: best=1207.8, avg=858.6, new=(qd-mutate=663.9). MAP-Elites(8x8, morphologies=3): occupied=25, pending=384, in flight=40
21:36:03: 5721x RT, 95.3 creatures/sec. Fitness: best=1207.8, avg=858.6, new=(qd-mutate=637.2). MAP-Elites(8x8, morphologies=3): occupied=25, pending=384, in flight=40
21:36:05: 5766x RT, 96.1 creatures/sec. Fitness: best=1207.8, avg=858.6, new=(qd-mutate=667.2). MAP-Elites(8x8, morphologies=3): occupied=25, pending=384, in flight=40
21:36:07: 5719x RT, 95.3 creatures/sec. Fitness: best=1207.8, avg=858.6, new=(qd-mutate=599.4). MAP-Elites(8x8, morphologies=3): occupied=25, pending=384, in flight=40
21:36:09: 5794x RT, 96.6 creatures/sec. Fitness: best=1207.8, avg=858.7, new=(qd-mutate=642.0). MAP-Elites(8x8, morphologies=3): occupied=25, pending=384, in flight=40
21:36:11: 5780x RT, 96.3 creatures/sec. Fitness: best=1207.8, avg=862.3, new=(qd-mutate=631.7). MAP-Elites(8x8, morphologies=3): occupied=25, pending=384, in flight=40
21:36:13: 5737x RT, 95.6 creatures/sec. Fitness: best=1207.8, avg=862.3, new=(qd-mutate=629.1). MAP-Elites(8x8, morphologies=3): occupied=25, pending=384, in flight=40
21:36:15: 5798x RT, 96.6 creatures/sec. Fitness: best=1207.8, avg=862.3, new=(qd-mutate=658.6). MAP-Elites(8x8, morphologies=3): occupied=25, pending=384, in flight=40
21:36:18: 5680x RT, 94.7 creatures/sec. Fitness: best=1207.8, avg=862.3, new=(qd-mutate=640.6). MAP-Elites(8x8, morphologies=3): occupied=25, pending=384, in flight=40
--> new robust best creature found through qd-mutate! Fitness=1227.4848347527902 domains=[1499.682495, 1161.006104, 1244.320679]
21:36:20: 5724x RT, 95.4 creatures/sec. Fitness: best=1227.5, avg=875.7, new=(qd-mutate=653.3). MAP-Elites(8x8, morphologies=3): occupied=25, pending=384, in flight=40
21:36:22: 5840x RT, 97.3 creatures/sec. Fitness: best=1227.5, avg=875.7, new=(qd-mutate=634.8). MAP-Elites(8x8, morphologies=3): occupied=25, pending=384, in flight=40
21:36:24: 5680x RT, 94.7 creatures/sec. Fitness: best=1227.5, avg=875.7, new=(qd-mutate=681.2). MAP-Elites(8x8, morphologies=3): occupied=25, pending=384, in flight=40
21:36:26: 5787x RT, 96.4 creatures/sec. Fitness: best=1227.5, avg=875.7, new=(qd-mutate=646.7). MAP-Elites(8x8, morphologies=3): occupied=25, pending=384, in flight=40
21:36:28: 5746x RT, 95.8 creatures/sec. Fitness: best=1227.5, avg=875.7, new=(qd-mutate=640.2). MAP-Elites(8x8, morphologies=3): occupied=25, pending=384, in flight=40
21:36:30: 5732x RT, 95.5 creatures/sec. Fitness: best=1227.5, avg=875.7, new=(qd-mutate=610.9). MAP-Elites(8x8, morphologies=3): occupied=25, pending=384, in flight=40
21:36:32: 5733x RT, 95.6 creatures/sec. Fitness: best=1227.5, avg=878.6, new=(qd-mutate=609.8). MAP-Elites(8x8, morphologies=3): occupied=25, pending=384, in flight=40
21:36:34: 5791x RT, 96.5 creatures/sec. Fitness: best=1227.5, avg=878.6, new=(qd-mutate=683.2). MAP-Elites(8x8, morphologies=3): occupied=25, pending=384, in flight=40
21:36:36: 5712x RT, 95.2 creatures/sec. Fitness: best=1227.5, avg=878.6, new=(qd-mutate=627.5). MAP-Elites(8x8, morphologies=3): occupied=25, pending=384, in flight=40
21:36:38: 5817x RT, 96.9 creatures/sec. Fitness: best=1227.5, avg=878.6, new=(qd-mutate=659.3). MAP-Elites(8x8, morphologies=3): occupied=25, pending=384, in flight=40
21:36:40: 5713x RT, 95.2 creatures/sec. Fitness: best=1227.5, avg=887.7, new=(qd-mutate=631.9). MAP-Elites(8x8, morphologies=3): occupied=25, pending=384, in flight=40
21:36:42: 5747x RT, 95.8 creatures/sec. Fitness: best=1227.5, avg=887.7, new=(qd-mutate=643.3). MAP-Elites(8x8, morphologies=3): occupied=25, pending=384, in flight=40
21:36:44: 5744x RT, 95.7 creatures/sec. Fitness: best=1227.5, avg=887.7, new=(qd-mutate=676.5). MAP-Elites(8x8, morphologies=3): occupied=25, pending=384, in flight=40
21:36:46: 5784x RT, 96.4 creatures/sec. Fitness: best=1227.5, avg=888.5, new=(qd-mutate=682.0). MAP-Elites(8x8, morphologies=3): occupied=25, pending=384, in flight=40
21:36:48: 5760x RT, 96.0 creatures/sec. Fitness: best=1227.5, avg=888.5, new=(qd-mutate=639.8). MAP-Elites(8x8, morphologies=3): occupied=25, pending=384, in flight=40
6347783 bytes written to /Users/dag/projects/Machine-Evolved-credible-training/training-runs/me-v2-harmonic-qd-01-double-gravity-double-population-8w/config.json. 
21:36:51: 5636x RT, 93.9 creatures/sec. Fitness: best=1227.5, avg=891.6, new=(qd-mutate=631.4). MAP-Elites(8x8, morphologies=3): occupied=25, pending=384, in flight=40
21:36:53: 5787x RT, 96.5 creatures/sec. Fitness: best=1227.5, avg=891.6, new=(qd-mutate=627.1). MAP-Elites(8x8, morphologies=3): occupied=25, pending=384, in flight=40
21:36:55: 5771x RT, 96.2 creatures/sec. Fitness: best=1227.5, avg=891.6, new=(qd-mutate=623.7). MAP-Elites(8x8, morphologies=3): occupied=25, pending=384, in flight=40
21:36:57: 5708x RT, 95.1 creatures/sec. Fitness: best=1227.5, avg=891.6, new=(qd-mutate=651.3). MAP-Elites(8x8, morphologies=3): occupied=25, pending=384, in flight=40
21:36:59: 5714x RT, 95.2 creatures/sec. Fitness: best=1227.5, avg=891.6, new=(qd-mutate=623.9). MAP-Elites(8x8, morphologies=3): occupied=25, pending=384, in flight=40
21:37:01: 5759x RT, 96.0 creatures/sec. Fitness: best=1227.5, avg=891.6, new=(qd-mutate=671.5). MAP-Elites(8x8, morphologies=3): occupied=25, pending=384, in flight=40
21:37:03: 5784x RT, 96.4 creatures/sec. Fitness: best=1227.5, avg=891.6, new=(qd-mutate=666.8). MAP-Elites(8x8, morphologies=3): occupied=25, pending=384, in flight=40
21:37:05: 5740x RT, 95.7 creatures/sec. Fitness: best=1227.5, avg=891.6, new=(qd-mutate=635.5). MAP-Elites(8x8, morphologies=3): occupied=25, pending=384, in flight=40
21:37:07: 5740x RT, 95.7 creatures/sec. Fitness: best=1227.5, avg=891.8, new=(qd-mutate=679.9). MAP-Elites(8x8, morphologies=3): occupied=25, pending=384, in flight=40
21:37:09: 5776x RT, 96.3 creatures/sec. Fitness: best=1227.5, avg=891.8, new=(qd-mutate=678.8). MAP-Elites(8x8, morphologies=3): occupied=25, pending=384, in flight=40
--> new robust best creature found through qd-mutate! Fitness=1243.8763029510126 domains=[1174.282349, 1426.19104, 1353.039551]
21:37:11: 5788x RT, 96.5 creatures/sec. Fitness: best=1243.9, avg=903.9, new=(qd-mutate=678.3). MAP-Elites(8x8, morphologies=3): occupied=25, pending=384, in flight=40
21:37:13: 5699x RT, 95.0 creatures/sec. Fitness: best=1243.9, avg=904.0, new=(qd-mutate=633.0). MAP-Elites(8x8, morphologies=3): occupied=25, pending=384, in flight=40
21:37:15: 5749x RT, 95.8 creatures/sec. Fitness: best=1243.9, avg=904.0, new=(qd-mutate=675.6). MAP-Elites(8x8, morphologies=3): occupied=25, pending=384, in flight=40
21:37:17: 5715x RT, 95.2 creatures/sec. Fitness: best=1243.9, avg=904.0, new=(qd-mutate=634.4). MAP-Elites(8x8, morphologies=3): occupied=25, pending=384, in flight=40
21:37:19: 5810x RT, 96.8 creatures/sec. Fitness: best=1243.9, avg=904.0, new=(qd-mutate=689.3). MAP-Elites(8x8, morphologies=3): occupied=25, pending=384, in flight=40
21:37:21: 5726x RT, 95.4 creatures/sec. Fitness: best=1243.9, avg=904.0, new=(qd-mutate=641.4). MAP-Elites(8x8, morphologies=3): occupied=25, pending=384, in flight=40
21:37:23: 5792x RT, 96.5 creatures/sec. Fitness: best=1243.9, avg=904.0, new=(qd-mutate=632.2). MAP-Elites(8x8, morphologies=3): occupied=25, pending=384, in flight=40
21:37:25: 5708x RT, 95.1 creatures/sec. Fitness: best=1243.9, avg=904.0, new=(qd-mutate=663.5). MAP-Elites(8x8, morphologies=3): occupied=25, pending=384, in flight=40
21:37:28: 5712x RT, 95.2 creatures/sec. Fitness: best=1243.9, avg=904.0, new=(qd-mutate=633.4). MAP-Elites(8x8, morphologies=3): occupied=25, pending=384, in flight=40
21:37:30: 5823x RT, 97.1 creatures/sec. Fitness: best=1243.9, avg=904.0, new=(qd-mutate=610.4). MAP-Elites(8x8, morphologies=3): occupied=25, pending=384, in flight=40
21:37:32: 5736x RT, 95.6 creatures/sec. Fitness: best=1243.9, avg=909.5, new=(qd-mutate=632.9). MAP-Elites(8x8, morphologies=3): occupied=25, pending=384, in flight=40
21:37:34: 5740x RT, 95.7 creatures/sec. Fitness: best=1243.9, avg=909.5, new=(qd-mutate=652.6). MAP-Elites(8x8, morphologies=3): occupied=25, pending=384, in flight=40
21:37:36: 5774x RT, 96.2 creatures/sec. Fitness: best=1243.9, avg=909.5, new=(qd-mutate=667.0). MAP-Elites(8x8, morphologies=3): occupied=25, pending=384, in flight=40
21:37:38: 5742x RT, 95.7 creatures/sec. Fitness: best=1243.9, avg=909.5, new=(qd-mutate=641.3). MAP-Elites(8x8, morphologies=3): occupied=25, pending=384, in flight=40
--> new robust best creature found through qd-mutate! Fitness=1524.6619283511648 domains=[1599.167969, 1534.807129, 1503.878784]
21:37:40: 5760x RT, 96.0 creatures/sec. Fitness: best=1524.7, avg=922.2, new=(qd-mutate=669.3). MAP-Elites(8x8, morphologies=3): occupied=25, pending=384, in flight=40
21:37:42: 5753x RT, 95.9 creatures/sec. Fitness: best=1524.7, avg=922.2, new=(qd-mutate=667.2). MAP-Elites(8x8, morphologies=3): occupied=25, pending=384, in flight=40
21:37:44: 5771x RT, 96.2 creatures/sec. Fitness: best=1524.7, avg=922.2, new=(qd-mutate=648.6). MAP-Elites(8x8, morphologies=3): occupied=25, pending=384, in flight=40
21:37:46: 5765x RT, 96.1 creatures/sec. Fitness: best=1524.7, avg=922.4, new=(qd-mutate=679.7). MAP-Elites(8x8, morphologies=3): occupied=25, pending=384, in flight=40
21:37:48: 5750x RT, 95.8 creatures/sec. Fitness: best=1524.7, avg=922.4, new=(qd-mutate=703.2). MAP-Elites(8x8, morphologies=3): occupied=25, pending=384, in flight=40
7061411 bytes written to /Users/dag/projects/Machine-Evolved-credible-training/training-runs/me-v2-harmonic-qd-01-double-gravity-double-population-8w/config.json. 
21:37:50: 5722x RT, 95.4 creatures/sec. Fitness: best=1524.7, avg=922.4, new=(qd-mutate=649.5). MAP-Elites(8x8, morphologies=3): occupied=25, pending=384, in flight=40
21:37:52: 5744x RT, 95.7 creatures/sec. Fitness: best=1524.7, avg=919.1, new=(qd-mutate=649.3). MAP-Elites(8x8, morphologies=3): occupied=26, pending=384, in flight=40
21:37:54: 5717x RT, 95.3 creatures/sec. Fitness: best=1524.7, avg=919.1, new=(qd-mutate=656.9). MAP-Elites(8x8, morphologies=3): occupied=26, pending=384, in flight=40
21:37:56: 5701x RT, 95.0 creatures/sec. Fitness: best=1524.7, avg=919.2, new=(qd-mutate=636.5). MAP-Elites(8x8, morphologies=3): occupied=26, pending=384, in flight=40
21:37:58: 5777x RT, 96.3 creatures/sec. Fitness: best=1524.7, avg=919.2, new=(qd-mutate=717.7). MAP-Elites(8x8, morphologies=3): occupied=26, pending=384, in flight=40
21:38:00: 5758x RT, 96.0 creatures/sec. Fitness: best=1524.7, avg=919.2, new=(qd-mutate=676.6). MAP-Elites(8x8, morphologies=3): occupied=26, pending=384, in flight=40
21:38:02: 5615x RT, 93.6 creatures/sec. Fitness: best=1524.7, avg=919.2, new=(qd-mutate=645.4). MAP-Elites(8x8, morphologies=3): occupied=26, pending=384, in flight=40
21:38:04: 5793x RT, 96.5 creatures/sec. Fitness: best=1524.7, avg=919.2, new=(qd-mutate=690.3). MAP-Elites(8x8, morphologies=3): occupied=26, pending=384, in flight=40
21:38:06: 5687x RT, 94.8 creatures/sec. Fitness: best=1524.7, avg=919.2, new=(qd-mutate=646.5). MAP-Elites(8x8, morphologies=3): occupied=26, pending=384, in flight=40
21:38:08: 5775x RT, 96.2 creatures/sec. Fitness: best=1524.7, avg=919.2, new=(qd-mutate=674.5). MAP-Elites(8x8, morphologies=3): occupied=26, pending=384, in flight=40
21:38:11: 5655x RT, 94.2 creatures/sec. Fitness: best=1524.7, avg=921.0, new=(qd-mutate=698.3). MAP-Elites(8x8, morphologies=3): occupied=26, pending=384, in flight=40
21:38:13: 5660x RT, 94.3 creatures/sec. Fitness: best=1524.7, avg=921.0, new=(qd-mutate=670.2). MAP-Elites(8x8, morphologies=3): occupied=26, pending=384, in flight=40
21:38:15: 5822x RT, 97.0 creatures/sec. Fitness: best=1524.7, avg=923.5, new=(qd-mutate=658.7). MAP-Elites(8x8, morphologies=3): occupied=26, pending=384, in flight=40
21:38:17: 5686x RT, 94.8 creatures/sec. Fitness: best=1524.7, avg=927.5, new=(qd-mutate=648.0). MAP-Elites(8x8, morphologies=3): occupied=26, pending=384, in flight=40
21:38:19: 5746x RT, 95.8 creatures/sec. Fitness: best=1524.7, avg=927.5, new=(qd-mutate=647.6). MAP-Elites(8x8, morphologies=3): occupied=26, pending=384, in flight=40
21:38:21: 5727x RT, 95.4 creatures/sec. Fitness: best=1524.7, avg=927.5, new=(qd-mutate=661.9). MAP-Elites(8x8, morphologies=3): occupied=26, pending=384, in flight=40
21:38:23: 5745x RT, 95.7 creatures/sec. Fitness: best=1524.7, avg=932.2, new=(qd-mutate=665.1). MAP-Elites(8x8, morphologies=3): occupied=26, pending=384, in flight=40
21:38:25: 5730x RT, 95.5 creatures/sec. Fitness: best=1524.7, avg=932.2, new=(qd-mutate=637.4). MAP-Elites(8x8, morphologies=3): occupied=26, pending=384, in flight=40
21:38:27: 5669x RT, 94.5 creatures/sec. Fitness: best=1524.7, avg=932.2, new=(qd-mutate=654.1). MAP-Elites(8x8, morphologies=3): occupied=26, pending=384, in flight=40
21:38:29: 5737x RT, 95.6 creatures/sec. Fitness: best=1524.7, avg=932.2, new=(qd-mutate=636.9). MAP-Elites(8x8, morphologies=3): occupied=26, pending=384, in flight=40
21:38:31: 5756x RT, 95.9 creatures/sec. Fitness: best=1524.7, avg=932.4, new=(qd-mutate=692.8). MAP-Elites(8x8, morphologies=3): occupied=26, pending=384, in flight=40
21:38:33: 5722x RT, 95.4 creatures/sec. Fitness: best=1524.7, avg=932.4, new=(qd-mutate=695.7). MAP-Elites(8x8, morphologies=3): occupied=26, pending=384, in flight=40
21:38:35: 5757x RT, 95.9 creatures/sec. Fitness: best=1524.7, avg=932.4, new=(qd-mutate=675.0). MAP-Elites(8x8, morphologies=3): occupied=26, pending=384, in flight=40
21:38:37: 5701x RT, 95.0 creatures/sec. Fitness: best=1524.7, avg=932.4, new=(qd-mutate=692.4). MAP-Elites(8x8, morphologies=3): occupied=26, pending=384, in flight=40
21:38:39: 5762x RT, 96.0 creatures/sec. Fitness: best=1524.7, avg=932.4, new=(qd-mutate=645.3). MAP-Elites(8x8, morphologies=3): occupied=26, pending=384, in flight=40
21:38:41: 5760x RT, 96.0 creatures/sec. Fitness: best=1524.7, avg=938.2, new=(qd-mutate=644.0). MAP-Elites(8x8, morphologies=3): occupied=26, pending=384, in flight=40
21:38:43: 5722x RT, 95.4 creatures/sec. Fitness: best=1524.7, avg=938.2, new=(qd-mutate=637.4). MAP-Elites(8x8, morphologies=3): occupied=26, pending=384, in flight=40
21:38:46: 5753x RT, 95.9 creatures/sec. Fitness: best=1524.7, avg=938.2, new=(qd-mutate=653.9). MAP-Elites(8x8, morphologies=3): occupied=26, pending=384, in flight=40
21:38:48: 5756x RT, 95.9 creatures/sec. Fitness: best=1524.7, avg=938.2, new=(qd-mutate=634.6). MAP-Elites(8x8, morphologies=3): occupied=26, pending=384, in flight=40
7524032 bytes written to /Users/dag/projects/Machine-Evolved-credible-training/training-runs/me-v2-harmonic-qd-01-double-gravity-double-population-8w/config.json. 
21:38:50: 5721x RT, 95.3 creatures/sec. Fitness: best=1524.7, avg=938.2, new=(qd-mutate=678.4). MAP-Elites(8x8, morphologies=3): occupied=26, pending=384, in flight=40
21:38:52: 5639x RT, 94.0 creatures/sec. Fitness: best=1524.7, avg=917.6, new=(qd-mutate=664.6). MAP-Elites(8x8, morphologies=3): occupied=27, pending=384, in flight=40
21:38:54: 5760x RT, 96.0 creatures/sec. Fitness: best=1524.7, avg=917.6, new=(qd-mutate=664.8). MAP-Elites(8x8, morphologies=3): occupied=27, pending=384, in flight=40
21:38:56: 5750x RT, 95.8 creatures/sec. Fitness: best=1524.7, avg=917.6, new=(qd-mutate=654.7). MAP-Elites(8x8, morphologies=3): occupied=27, pending=384, in flight=40
21:38:58: 5697x RT, 94.9 creatures/sec. Fitness: best=1524.7, avg=917.6, new=(qd-mutate=634.1). MAP-Elites(8x8, morphologies=3): occupied=27, pending=384, in flight=40
21:39:00: 5723x RT, 95.4 creatures/sec. Fitness: best=1524.7, avg=917.6, new=(qd-mutate=671.3). MAP-Elites(8x8, morphologies=3): occupied=27, pending=384, in flight=40
21:39:02: 5826x RT, 97.1 creatures/sec. Fitness: best=1524.7, avg=917.6, new=(qd-mutate=681.1). MAP-Elites(8x8, morphologies=3): occupied=27, pending=384, in flight=40
21:39:04: 5737x RT, 95.6 creatures/sec. Fitness: best=1524.7, avg=917.6, new=(qd-mutate=666.5). MAP-Elites(8x8, morphologies=3): occupied=27, pending=384, in flight=40
21:39:06: 5730x RT, 95.5 creatures/sec. Fitness: best=1524.7, avg=917.6, new=(qd-mutate=622.4). MAP-Elites(8x8, morphologies=3): occupied=27, pending=384, in flight=40
21:39:08: 5670x RT, 94.5 creatures/sec. Fitness: best=1524.7, avg=917.6, new=(qd-mutate=639.9). MAP-Elites(8x8, morphologies=3): occupied=27, pending=384, in flight=40
21:39:10: 5728x RT, 95.5 creatures/sec. Fitness: best=1524.7, avg=917.6, new=(qd-mutate=653.3). MAP-Elites(8x8, morphologies=3): occupied=27, pending=384, in flight=40
21:39:12: 5705x RT, 95.1 creatures/sec. Fitness: best=1524.7, avg=917.6, new=(qd-mutate=704.9). MAP-Elites(8x8, morphologies=3): occupied=27, pending=384, in flight=40
21:39:14: 5616x RT, 93.6 creatures/sec. Fitness: best=1524.7, avg=917.6, new=(qd-mutate=688.2). MAP-Elites(8x8, morphologies=3): occupied=27, pending=384, in flight=40
21:39:16: 5789x RT, 96.5 creatures/sec. Fitness: best=1524.7, avg=917.6, new=(qd-mutate=664.6). MAP-Elites(8x8, morphologies=3): occupied=27, pending=384, in flight=40
21:39:19: 5686x RT, 94.8 creatures/sec. Fitness: best=1524.7, avg=917.6, new=(qd-mutate=646.6). MAP-Elites(8x8, morphologies=3): occupied=27, pending=384, in flight=40
21:39:21: 5702x RT, 95.0 creatures/sec. Fitness: best=1524.7, avg=922.6, new=(qd-mutate=635.0). MAP-Elites(8x8, morphologies=3): occupied=27, pending=384, in flight=40
21:39:23: 5728x RT, 95.5 creatures/sec. Fitness: best=1524.7, avg=922.6, new=(qd-mutate=641.7). MAP-Elites(8x8, morphologies=3): occupied=27, pending=384, in flight=40
21:39:25: 5741x RT, 95.7 creatures/sec. Fitness: best=1524.7, avg=922.6, new=(qd-mutate=683.4). MAP-Elites(8x8, morphologies=3): occupied=27, pending=384, in flight=40
21:39:27: 5712x RT, 95.2 creatures/sec. Fitness: best=1524.7, avg=922.6, new=(qd-mutate=672.6). MAP-Elites(8x8, morphologies=3): occupied=27, pending=384, in flight=40
21:39:29: 5683x RT, 94.7 creatures/sec. Fitness: best=1524.7, avg=922.6, new=(qd-mutate=682.9). MAP-Elites(8x8, morphologies=3): occupied=27, pending=384, in flight=40
21:39:31: 5739x RT, 95.6 creatures/sec. Fitness: best=1524.7, avg=922.6, new=(qd-mutate=682.5). MAP-Elites(8x8, morphologies=3): occupied=27, pending=384, in flight=40
21:39:33: 5764x RT, 96.1 creatures/sec. Fitness: best=1524.7, avg=922.6, new=(qd-mutate=679.1). MAP-Elites(8x8, morphologies=3): occupied=27, pending=384, in flight=40
21:39:35: 5700x RT, 95.0 creatures/sec. Fitness: best=1524.7, avg=922.6, new=(qd-mutate=647.1). MAP-Elites(8x8, morphologies=3): occupied=27, pending=384, in flight=40
21:39:37: 5734x RT, 95.6 creatures/sec. Fitness: best=1524.7, avg=922.6, new=(qd-mutate=637.5). MAP-Elites(8x8, morphologies=3): occupied=27, pending=384, in flight=40
21:39:39: 5802x RT, 96.7 creatures/sec. Fitness: best=1524.7, avg=922.6, new=(qd-mutate=666.3). MAP-Elites(8x8, morphologies=3): occupied=27, pending=384, in flight=40
21:39:41: 5667x RT, 94.5 creatures/sec. Fitness: best=1524.7, avg=922.6, new=(qd-mutate=656.8). MAP-Elites(8x8, morphologies=3): occupied=27, pending=384, in flight=40
21:39:43: 5717x RT, 95.3 creatures/sec. Fitness: best=1524.7, avg=922.6, new=(qd-mutate=728.1). MAP-Elites(8x8, morphologies=3): occupied=27, pending=384, in flight=40
21:39:45: 5758x RT, 96.0 creatures/sec. Fitness: best=1524.7, avg=922.6, new=(qd-mutate=656.4). MAP-Elites(8x8, morphologies=3): occupied=27, pending=384, in flight=40
21:39:47: 5764x RT, 96.1 creatures/sec. Fitness: best=1524.7, avg=922.6, new=(qd-mutate=634.3). MAP-Elites(8x8, morphologies=3): occupied=27, pending=384, in flight=40
21:39:49: 5736x RT, 95.6 creatures/sec. Fitness: best=1524.7, avg=922.6, new=(qd-mutate=648.5). MAP-Elites(8x8, morphologies=3): occupied=27, pending=384, in flight=40
7579771 bytes written to /Users/dag/projects/Machine-Evolved-credible-training/training-runs/me-v2-harmonic-qd-01-double-gravity-double-population-8w/config.json. 
21:39:51: 5694x RT, 94.9 creatures/sec. Fitness: best=1524.7, avg=925.1, new=(qd-mutate=677.0). MAP-Elites(8x8, morphologies=3): occupied=27, pending=384, in flight=40
21:39:53: 5732x RT, 95.5 creatures/sec. Fitness: best=1524.7, avg=925.1, new=(qd-mutate=669.8). MAP-Elites(8x8, morphologies=3): occupied=27, pending=384, in flight=40
21:39:55: 5683x RT, 94.7 creatures/sec. Fitness: best=1524.7, avg=929.4, new=(qd-mutate=712.1). MAP-Elites(8x8, morphologies=3): occupied=27, pending=384, in flight=40
21:39:57: 5747x RT, 95.8 creatures/sec. Fitness: best=1524.7, avg=929.4, new=(qd-mutate=687.5). MAP-Elites(8x8, morphologies=3): occupied=27, pending=384, in flight=40
21:39:59: 5749x RT, 95.8 creatures/sec. Fitness: best=1524.7, avg=929.4, new=(qd-mutate=643.9). MAP-Elites(8x8, morphologies=3): occupied=27, pending=384, in flight=40
21:40:01: 5800x RT, 96.7 creatures/sec. Fitness: best=1524.7, avg=929.4, new=(qd-mutate=679.5). MAP-Elites(8x8, morphologies=3): occupied=27, pending=384, in flight=40
21:40:03: 5654x RT, 94.2 creatures/sec. Fitness: best=1524.7, avg=929.4, new=(qd-mutate=617.5). MAP-Elites(8x8, morphologies=3): occupied=27, pending=384, in flight=40
21:40:06: 5769x RT, 96.2 creatures/sec. Fitness: best=1524.7, avg=929.4, new=(qd-mutate=632.7). MAP-Elites(8x8, morphologies=3): occupied=27, pending=384, in flight=40
21:40:08: 5684x RT, 94.7 creatures/sec. Fitness: best=1524.7, avg=934.6, new=(qd-mutate=621.5). MAP-Elites(8x8, morphologies=3): occupied=27, pending=384, in flight=40
21:40:10: 5744x RT, 95.7 creatures/sec. Fitness: best=1524.7, avg=938.9, new=(qd-mutate=671.6). MAP-Elites(8x8, morphologies=3): occupied=27, pending=384, in flight=40
21:40:12: 5677x RT, 94.6 creatures/sec. Fitness: best=1524.7, avg=938.9, new=(qd-mutate=707.7). MAP-Elites(8x8, morphologies=3): occupied=27, pending=384, in flight=40
21:40:14: 5683x RT, 94.7 creatures/sec. Fitness: best=1524.7, avg=938.9, new=(qd-mutate=672.2). MAP-Elites(8x8, morphologies=3): occupied=27, pending=384, in flight=40
21:40:16: 5721x RT, 95.4 creatures/sec. Fitness: best=1524.7, avg=938.9, new=(qd-mutate=646.2). MAP-Elites(8x8, morphologies=3): occupied=27, pending=384, in flight=40
21:40:18: 5712x RT, 95.2 creatures/sec. Fitness: best=1524.7, avg=938.9, new=(qd-mutate=631.4). MAP-Elites(8x8, morphologies=3): occupied=27, pending=384, in flight=40
21:40:20: 5764x RT, 96.1 creatures/sec. Fitness: best=1524.7, avg=938.9, new=(qd-mutate=649.2). MAP-Elites(8x8, morphologies=3): occupied=27, pending=384, in flight=40
21:40:22: 5749x RT, 95.8 creatures/sec. Fitness: best=1524.7, avg=938.9, new=(qd-mutate=694.9). MAP-Elites(8x8, morphologies=3): occupied=27, pending=384, in flight=40
21:40:24: 5738x RT, 95.6 creatures/sec. Fitness: best=1524.7, avg=938.9, new=(qd-mutate=661.7). MAP-Elites(8x8, morphologies=3): occupied=27, pending=384, in flight=40
21:40:26: 5739x RT, 95.6 creatures/sec. Fitness: best=1524.7, avg=938.9, new=(qd-mutate=631.1). MAP-Elites(8x8, morphologies=3): occupied=27, pending=384, in flight=40
21:40:28: 5459x RT, 91.0 creatures/sec. Fitness: best=1524.7, avg=938.9, new=(qd-mutate=666.0). MAP-Elites(8x8, morphologies=3): occupied=27, pending=384, in flight=40
21:40:30: 5826x RT, 97.1 creatures/sec. Fitness: best=1524.7, avg=938.9, new=(qd-mutate=678.4). MAP-Elites(8x8, morphologies=3): occupied=27, pending=384, in flight=40
21:40:32: 5698x RT, 95.0 creatures/sec. Fitness: best=1524.7, avg=938.9, new=(qd-mutate=681.1). MAP-Elites(8x8, morphologies=3): occupied=27, pending=384, in flight=40
21:40:34: 5641x RT, 94.0 creatures/sec. Fitness: best=1524.7, avg=938.9, new=(qd-mutate=680.5). MAP-Elites(8x8, morphologies=3): occupied=27, pending=384, in flight=40
21:40:36: 5699x RT, 95.0 creatures/sec. Fitness: best=1524.7, avg=938.9, new=(qd-mutate=693.7). MAP-Elites(8x8, morphologies=3): occupied=27, pending=384, in flight=40
21:40:38: 5737x RT, 95.6 creatures/sec. Fitness: best=1524.7, avg=938.9, new=(qd-mutate=653.1). MAP-Elites(8x8, morphologies=3): occupied=27, pending=384, in flight=40
21:40:40: 5679x RT, 94.7 creatures/sec. Fitness: best=1524.7, avg=938.9, new=(qd-mutate=659.6). MAP-Elites(8x8, morphologies=3): occupied=27, pending=384, in flight=40
21:40:43: 5805x RT, 96.7 creatures/sec. Fitness: best=1524.7, avg=938.9, new=(qd-mutate=678.1). MAP-Elites(8x8, morphologies=3): occupied=27, pending=384, in flight=40
21:40:45: 5726x RT, 95.4 creatures/sec. Fitness: best=1524.7, avg=938.9, new=(qd-mutate=665.9). MAP-Elites(8x8, morphologies=3): occupied=27, pending=384, in flight=40
21:40:47: 5765x RT, 96.1 creatures/sec. Fitness: best=1524.7, avg=938.9, new=(qd-mutate=679.4). MAP-Elites(8x8, morphologies=3): occupied=27, pending=384, in flight=40
21:40:49: 5721x RT, 95.3 creatures/sec. Fitness: best=1524.7, avg=938.9, new=(qd-mutate=651.0). MAP-Elites(8x8, morphologies=3): occupied=27, pending=384, in flight=40
7592477 bytes written to /Users/dag/projects/Machine-Evolved-credible-training/training-runs/me-v2-harmonic-qd-01-double-gravity-double-population-8w/config.json. 
21:40:51: 5744x RT, 95.7 creatures/sec. Fitness: best=1524.7, avg=938.9, new=(qd-mutate=695.5). MAP-Elites(8x8, morphologies=3): occupied=27, pending=384, in flight=40
21:40:53: 5744x RT, 95.7 creatures/sec. Fitness: best=1524.7, avg=938.9, new=(qd-mutate=713.3). MAP-Elites(8x8, morphologies=3): occupied=27, pending=384, in flight=40
21:40:55: 5698x RT, 95.0 creatures/sec. Fitness: best=1524.7, avg=938.9, new=(qd-mutate=635.3). MAP-Elites(8x8, morphologies=3): occupied=27, pending=384, in flight=40
21:40:57: 5777x RT, 96.3 creatures/sec. Fitness: best=1524.7, avg=938.9, new=(qd-mutate=710.5). MAP-Elites(8x8, morphologies=3): occupied=27, pending=384, in flight=40
21:40:59: 5726x RT, 95.4 creatures/sec. Fitness: best=1524.7, avg=938.9, new=(qd-mutate=673.5). MAP-Elites(8x8, morphologies=3): occupied=27, pending=384, in flight=40
21:41:01: 5729x RT, 95.5 creatures/sec. Fitness: best=1524.7, avg=938.9, new=(qd-mutate=625.1). MAP-Elites(8x8, morphologies=3): occupied=27, pending=384, in flight=40
21:41:03: 5728x RT, 95.5 creatures/sec. Fitness: best=1524.7, avg=939.9, new=(qd-mutate=670.2). MAP-Elites(8x8, morphologies=3): occupied=27, pending=384, in flight=40
21:41:05: 5744x RT, 95.7 creatures/sec. Fitness: best=1524.7, avg=939.9, new=(qd-mutate=715.5). MAP-Elites(8x8, morphologies=3): occupied=27, pending=384, in flight=40
21:41:07: 5540x RT, 92.3 creatures/sec. Fitness: best=1524.7, avg=939.9, new=(qd-mutate=658.4). MAP-Elites(8x8, morphologies=3): occupied=27, pending=384, in flight=40
21:41:09: 5728x RT, 95.5 creatures/sec. Fitness: best=1524.7, avg=939.9, new=(qd-mutate=703.4). MAP-Elites(8x8, morphologies=3): occupied=27, pending=384, in flight=40
21:41:11: 5481x RT, 91.4 creatures/sec. Fitness: best=1524.7, avg=939.9, new=(qd-mutate=647.9). MAP-Elites(8x8, morphologies=3): occupied=27, pending=384, in flight=40
21:41:14: 5371x RT, 89.5 creatures/sec. Fitness: best=1524.7, avg=942.2, new=(qd-mutate=694.6). MAP-Elites(8x8, morphologies=3): occupied=27, pending=384, in flight=40
21:41:16: 5588x RT, 93.1 creatures/sec. Fitness: best=1524.7, avg=942.2, new=(qd-mutate=646.2). MAP-Elites(8x8, morphologies=3): occupied=27, pending=384, in flight=40
21:41:18: 5427x RT, 90.5 creatures/sec. Fitness: best=1524.7, avg=942.2, new=(qd-mutate=670.1). MAP-Elites(8x8, morphologies=3): occupied=27, pending=384, in flight=40
21:41:20: 5629x RT, 93.8 creatures/sec. Fitness: best=1524.7, avg=942.2, new=(qd-mutate=625.8). MAP-Elites(8x8, morphologies=3): occupied=27, pending=384, in flight=40
21:41:22: 5674x RT, 94.6 creatures/sec. Fitness: best=1524.7, avg=942.2, new=(qd-mutate=646.4). MAP-Elites(8x8, morphologies=3): occupied=27, pending=384, in flight=40
21:41:24: 5393x RT, 89.9 creatures/sec. Fitness: best=1524.7, avg=942.2, new=(qd-mutate=682.1). MAP-Elites(8x8, morphologies=3): occupied=27, pending=384, in flight=40
21:41:26: 5578x RT, 93.0 creatures/sec. Fitness: best=1524.7, avg=942.2, new=(qd-mutate=670.2). MAP-Elites(8x8, morphologies=3): occupied=27, pending=384, in flight=40
21:41:28: 5641x RT, 94.0 creatures/sec. Fitness: best=1524.7, avg=942.2, new=(qd-mutate=704.2). MAP-Elites(8x8, morphologies=3): occupied=27, pending=384, in flight=40
21:41:30: 5511x RT, 91.9 creatures/sec. Fitness: best=1524.7, avg=942.2, new=(qd-mutate=641.3). MAP-Elites(8x8, morphologies=3): occupied=27, pending=384, in flight=40
21:41:32: 5616x RT, 93.6 creatures/sec. Fitness: best=1524.7, avg=942.2, new=(qd-mutate=691.8). MAP-Elites(8x8, morphologies=3): occupied=27, pending=384, in flight=40
21:41:34: 5199x RT, 86.7 creatures/sec. Fitness: best=1524.7, avg=942.2, new=(qd-mutate=687.5). MAP-Elites(8x8, morphologies=3): occupied=27, pending=384, in flight=40
21:41:36: 4997x RT, 83.3 creatures/sec. Fitness: best=1524.7, avg=942.2, new=(qd-mutate=652.4). MAP-Elites(8x8, morphologies=3): occupied=27, pending=384, in flight=40
21:41:38: 5023x RT, 83.7 creatures/sec. Fitness: best=1524.7, avg=942.2, new=(qd-mutate=653.7). MAP-Elites(8x8, morphologies=3): occupied=27, pending=384, in flight=40
21:41:40: 5161x RT, 86.0 creatures/sec. Fitness: best=1524.7, avg=942.2, new=(qd-mutate=667.9). MAP-Elites(8x8, morphologies=3): occupied=27, pending=384, in flight=40
21:41:42: 5644x RT, 94.1 creatures/sec. Fitness: best=1524.7, avg=942.2, new=(qd-mutate=705.2). MAP-Elites(8x8, morphologies=3): occupied=27, pending=384, in flight=40
21:41:44: 5344x RT, 89.1 creatures/sec. Fitness: best=1524.7, avg=942.2, new=(qd-mutate=684.8). MAP-Elites(8x8, morphologies=3): occupied=27, pending=384, in flight=40
21:41:46: 5251x RT, 87.5 creatures/sec. Fitness: best=1524.7, avg=942.2, new=(qd-mutate=663.5). MAP-Elites(8x8, morphologies=3): occupied=27, pending=384, in flight=40
21:41:48: 5656x RT, 94.3 creatures/sec. Fitness: best=1524.7, avg=942.2, new=(qd-mutate=667.0). MAP-Elites(8x8, morphologies=3): occupied=27, pending=384, in flight=40
7587964 bytes written to /Users/dag/projects/Machine-Evolved-credible-training/training-runs/me-v2-harmonic-qd-01-double-gravity-double-population-8w/config.json. 
21:41:51: 5213x RT, 86.9 creatures/sec. Fitness: best=1524.7, avg=942.2, new=(qd-mutate=675.3). MAP-Elites(8x8, morphologies=3): occupied=27, pending=384, in flight=40
21:41:53: 5588x RT, 93.1 creatures/sec. Fitness: best=1524.7, avg=942.2, new=(qd-mutate=645.8). MAP-Elites(8x8, morphologies=3): occupied=27, pending=384, in flight=40
21:41:55: 5203x RT, 86.7 creatures/sec. Fitness: best=1524.7, avg=942.2, new=(qd-mutate=662.6). MAP-Elites(8x8, morphologies=3): occupied=27, pending=384, in flight=40
21:41:57: 5280x RT, 88.0 creatures/sec. Fitness: best=1524.7, avg=942.2, new=(qd-mutate=651.1). MAP-Elites(8x8, morphologies=3): occupied=27, pending=384, in flight=40
21:41:59: 5577x RT, 93.0 creatures/sec. Fitness: best=1524.7, avg=944.4, new=(qd-mutate=642.5). MAP-Elites(8x8, morphologies=3): occupied=27, pending=384, in flight=40
21:42:01: 4797x RT, 80.0 creatures/sec. Fitness: best=1524.7, avg=944.4, new=(qd-mutate=673.9). MAP-Elites(8x8, morphologies=3): occupied=27, pending=384, in flight=40
21:42:03: 4484x RT, 74.7 creatures/sec. Fitness: best=1524.7, avg=944.4, new=(qd-mutate=655.4). MAP-Elites(8x8, morphologies=3): occupied=27, pending=384, in flight=40
21:42:05: 4497x RT, 74.9 creatures/sec. Fitness: best=1524.7, avg=944.4, new=(qd-mutate=664.4). MAP-Elites(8x8, morphologies=3): occupied=27, pending=384, in flight=40
21:42:07: 4254x RT, 70.9 creatures/sec. Fitness: best=1524.7, avg=944.4, new=(qd-mutate=666.8). MAP-Elites(8x8, morphologies=3): occupied=27, pending=384, in flight=40
21:42:09: 4132x RT, 68.9 creatures/sec. Fitness: best=1524.7, avg=944.4, new=(qd-mutate=643.8). MAP-Elites(8x8, morphologies=3): occupied=27, pending=384, in flight=40
21:42:11: 3838x RT, 64.0 creatures/sec. Fitness: best=1524.7, avg=944.4, new=(qd-mutate=655.1). MAP-Elites(8x8, morphologies=3): occupied=27, pending=384, in flight=40
21:42:13: 3521x RT, 58.7 creatures/sec. Fitness: best=1524.7, avg=944.4, new=(qd-mutate=633.1). MAP-Elites(8x8, morphologies=3): occupied=27, pending=384, in flight=40
21:42:15: 3391x RT, 56.5 creatures/sec. Fitness: best=1524.7, avg=944.4, new=(qd-mutate=665.7). MAP-Elites(8x8, morphologies=3): occupied=27, pending=384, in flight=40
21:42:18: 3325x RT, 55.4 creatures/sec. Fitness: best=1524.7, avg=944.4, new=(qd-mutate=608.8). MAP-Elites(8x8, morphologies=3): occupied=27, pending=384, in flight=40
21:42:20: 3434x RT, 57.2 creatures/sec. Fitness: best=1524.7, avg=944.4, new=(qd-mutate=667.8). MAP-Elites(8x8, morphologies=3): occupied=27, pending=384, in flight=40
21:42:22: 3331x RT, 55.5 creatures/sec. Fitness: best=1524.7, avg=957.5, new=(qd-mutate=679.9). MAP-Elites(8x8, morphologies=3): occupied=27, pending=384, in flight=40
21:42:24: 3427x RT, 57.1 creatures/sec. Fitness: best=1524.7, avg=957.5, new=(qd-mutate=672.6). MAP-Elites(8x8, morphologies=3): occupied=27, pending=384, in flight=40
21:42:26: 3140x RT, 52.3 creatures/sec. Fitness: best=1524.7, avg=957.5, new=(qd-mutate=699.4). MAP-Elites(8x8, morphologies=3): occupied=27, pending=384, in flight=40
21:42:28: 3448x RT, 57.5 creatures/sec. Fitness: best=1524.7, avg=957.5, new=(qd-mutate=650.7). MAP-Elites(8x8, morphologies=3): occupied=27, pending=384, in flight=40
21:42:30: 3376x RT, 56.3 creatures/sec. Fitness: best=1524.7, avg=957.5, new=(qd-mutate=598.1). MAP-Elites(8x8, morphologies=3): occupied=27, pending=384, in flight=40
21:42:32: 3403x RT, 56.7 creatures/sec. Fitness: best=1524.7, avg=957.5, new=(qd-mutate=657.3). MAP-Elites(8x8, morphologies=3): occupied=27, pending=384, in flight=40
21:42:34: 3320x RT, 55.3 creatures/sec. Fitness: best=1524.7, avg=957.5, new=(qd-mutate=717.0). MAP-Elites(8x8, morphologies=3): occupied=27, pending=384, in flight=40
21:42:36: 3440x RT, 57.3 creatures/sec. Fitness: best=1524.7, avg=957.5, new=(qd-mutate=645.7). MAP-Elites(8x8, morphologies=3): occupied=27, pending=384, in flight=40
21:42:38: 3377x RT, 56.3 creatures/sec. Fitness: best=1524.7, avg=957.5, new=(qd-mutate=683.0). MAP-Elites(8x8, morphologies=3): occupied=27, pending=384, in flight=40
21:42:40: 3433x RT, 57.2 creatures/sec. Fitness: best=1524.7, avg=957.5, new=(qd-mutate=656.9). MAP-Elites(8x8, morphologies=3): occupied=27, pending=384, in flight=40
21:42:42: 3325x RT, 55.4 creatures/sec. Fitness: best=1524.7, avg=957.5, new=(qd-mutate=687.9). MAP-Elites(8x8, morphologies=3): occupied=27, pending=384, in flight=40
21:42:44: 2898x RT, 48.3 creatures/sec. Fitness: best=1524.7, avg=957.5, new=(qd-mutate=676.9). MAP-Elites(8x8, morphologies=3): occupied=27, pending=384, in flight=40
21:42:46: 3222x RT, 53.7 creatures/sec. Fitness: best=1524.7, avg=957.5, new=(qd-mutate=712.5). MAP-Elites(8x8, morphologies=3): occupied=27, pending=384, in flight=40
21:42:48: 3178x RT, 53.0 creatures/sec. Fitness: best=1524.7, avg=957.5, new=(qd-mutate=710.8). MAP-Elites(8x8, morphologies=3): occupied=27, pending=384, in flight=40
7564967 bytes written to /Users/dag/projects/Machine-Evolved-credible-training/training-runs/me-v2-harmonic-qd-01-double-gravity-double-population-8w/config.json. 
21:42:50: 3379x RT, 56.3 creatures/sec. Fitness: best=1524.7, avg=957.5, new=(qd-mutate=673.3). MAP-Elites(8x8, morphologies=3): occupied=27, pending=384, in flight=40
21:42:52: 3401x RT, 56.7 creatures/sec. Fitness: best=1524.7, avg=957.5, new=(qd-mutate=673.3). MAP-Elites(8x8, morphologies=3): occupied=27, pending=384, in flight=40
21:42:55: 3418x RT, 57.0 creatures/sec. Fitness: best=1524.7, avg=957.5, new=(qd-mutate=669.5). MAP-Elites(8x8, morphologies=3): occupied=27, pending=384, in flight=40
21:42:57: 3409x RT, 56.8 creatures/sec. Fitness: best=1524.7, avg=957.6, new=(qd-mutate=693.2). MAP-Elites(8x8, morphologies=3): occupied=27, pending=384, in flight=40
21:42:59: 3079x RT, 51.3 creatures/sec. Fitness: best=1524.7, avg=957.6, new=(qd-mutate=630.0). MAP-Elites(8x8, morphologies=3): occupied=27, pending=384, in flight=40
21:43:01: 3129x RT, 52.1 creatures/sec. Fitness: best=1524.7, avg=957.6, new=(qd-mutate=656.1). MAP-Elites(8x8, morphologies=3): occupied=27, pending=384, in flight=40
21:43:03: 3149x RT, 52.5 creatures/sec. Fitness: best=1524.7, avg=957.6, new=(qd-mutate=700.9). MAP-Elites(8x8, morphologies=3): occupied=27, pending=384, in flight=40
21:43:05: 3333x RT, 55.6 creatures/sec. Fitness: best=1524.7, avg=957.6, new=(qd-mutate=684.4). MAP-Elites(8x8, morphologies=3): occupied=27, pending=384, in flight=40
21:43:07: 3405x RT, 56.8 creatures/sec. Fitness: best=1524.7, avg=957.6, new=(qd-mutate=678.7). MAP-Elites(8x8, morphologies=3): occupied=27, pending=384, in flight=40
21:43:09: 3418x RT, 57.0 creatures/sec. Fitness: best=1524.7, avg=957.6, new=(qd-mutate=705.5). MAP-Elites(8x8, morphologies=3): occupied=27, pending=384, in flight=40
21:43:11: 3476x RT, 57.9 creatures/sec. Fitness: best=1524.7, avg=957.6, new=(qd-mutate=706.8). MAP-Elites(8x8, morphologies=3): occupied=27, pending=384, in flight=40
21:43:13: 3413x RT, 56.9 creatures/sec. Fitness: best=1524.7, avg=957.6, new=(qd-mutate=702.3). MAP-Elites(8x8, morphologies=3): occupied=27, pending=384, in flight=40
21:43:15: 3470x RT, 57.8 creatures/sec. Fitness: best=1524.7, avg=957.6, new=(qd-mutate=648.9). MAP-Elites(8x8, morphologies=3): occupied=27, pending=384, in flight=40
21:43:17: 3444x RT, 57.4 creatures/sec. Fitness: best=1524.7, avg=957.6, new=(qd-mutate=660.3). MAP-Elites(8x8, morphologies=3): occupied=27, pending=384, in flight=40
21:43:19: 3486x RT, 58.1 creatures/sec. Fitness: best=1524.7, avg=957.6, new=(qd-mutate=661.2). MAP-Elites(8x8, morphologies=3): occupied=27, pending=384, in flight=40
21:43:21: 3412x RT, 56.9 creatures/sec. Fitness: best=1524.7, avg=957.6, new=(qd-mutate=691.8). MAP-Elites(8x8, morphologies=3): occupied=27, pending=384, in flight=40
21:43:23: 3436x RT, 57.3 creatures/sec. Fitness: best=1524.7, avg=957.6, new=(qd-mutate=625.0). MAP-Elites(8x8, morphologies=3): occupied=27, pending=384, in flight=40
21:43:25: 3454x RT, 57.6 creatures/sec. Fitness: best=1524.7, avg=957.6, new=(qd-mutate=687.0). MAP-Elites(8x8, morphologies=3): occupied=27, pending=384, in flight=40
21:43:28: 3434x RT, 57.2 creatures/sec. Fitness: best=1524.7, avg=957.6, new=(qd-mutate=701.8). MAP-Elites(8x8, morphologies=3): occupied=27, pending=384, in flight=40
21:43:30: 3382x RT, 56.4 creatures/sec. Fitness: best=1524.7, avg=957.6, new=(qd-mutate=662.1). MAP-Elites(8x8, morphologies=3): occupied=27, pending=384, in flight=40
21:43:32: 3330x RT, 55.5 creatures/sec. Fitness: best=1524.7, avg=957.6, new=(qd-mutate=682.7). MAP-Elites(8x8, morphologies=3): occupied=27, pending=384, in flight=40
21:43:34: 3159x RT, 52.7 creatures/sec. Fitness: best=1524.7, avg=957.6, new=(qd-mutate=624.2). MAP-Elites(8x8, morphologies=3): occupied=27, pending=384, in flight=40
21:43:36: 3372x RT, 56.2 creatures/sec. Fitness: best=1524.7, avg=957.6, new=(qd-mutate=643.8). MAP-Elites(8x8, morphologies=3): occupied=27, pending=384, in flight=40
21:43:38: 3179x RT, 53.0 creatures/sec. Fitness: best=1524.7, avg=957.6, new=(qd-mutate=651.5). MAP-Elites(8x8, morphologies=3): occupied=27, pending=384, in flight=40
21:43:40: 2705x RT, 45.1 creatures/sec. Fitness: best=1524.7, avg=957.6, new=(qd-mutate=622.4). MAP-Elites(8x8, morphologies=3): occupied=27, pending=384, in flight=40
21:43:42: 3083x RT, 51.4 creatures/sec. Fitness: best=1524.7, avg=960.9, new=(qd-mutate=665.1). MAP-Elites(8x8, morphologies=3): occupied=27, pending=384, in flight=40
21:43:44: 3261x RT, 54.4 creatures/sec. Fitness: best=1524.7, avg=960.9, new=(qd-mutate=625.0). MAP-Elites(8x8, morphologies=3): occupied=27, pending=384, in flight=40
21:43:46: 3346x RT, 55.8 creatures/sec. Fitness: best=1524.7, avg=961.0, new=(qd-mutate=620.9). MAP-Elites(8x8, morphologies=3): occupied=27, pending=384, in flight=40
21:43:48: 3450x RT, 57.5 creatures/sec. Fitness: best=1524.7, avg=961.0, new=(qd-mutate=693.9). MAP-Elites(8x8, morphologies=3): occupied=27, pending=384, in flight=40
7575157 bytes written to /Users/dag/projects/Machine-Evolved-credible-training/training-runs/me-v2-harmonic-qd-01-double-gravity-double-population-8w/config.json. 
21:43:50: 3320x RT, 55.3 creatures/sec. Fitness: best=1524.7, avg=961.0, new=(qd-mutate=687.0). MAP-Elites(8x8, morphologies=3): occupied=27, pending=384, in flight=40
21:43:52: 3447x RT, 57.5 creatures/sec. Fitness: best=1524.7, avg=961.0, new=(qd-mutate=705.2). MAP-Elites(8x8, morphologies=3): occupied=27, pending=384, in flight=40
21:43:55: 3353x RT, 55.9 creatures/sec. Fitness: best=1524.7, avg=961.0, new=(qd-mutate=645.2). MAP-Elites(8x8, morphologies=3): occupied=27, pending=384, in flight=40
21:43:57: 3378x RT, 56.3 creatures/sec. Fitness: best=1524.7, avg=961.0, new=(qd-mutate=696.9). MAP-Elites(8x8, morphologies=3): occupied=27, pending=384, in flight=40
21:43:59: 3488x RT, 58.1 creatures/sec. Fitness: best=1524.7, avg=961.0, new=(qd-mutate=672.6). MAP-Elites(8x8, morphologies=3): occupied=27, pending=384, in flight=40
21:44:01: 3431x RT, 57.2 creatures/sec. Fitness: best=1524.7, avg=961.0, new=(qd-mutate=680.0). MAP-Elites(8x8, morphologies=3): occupied=27, pending=384, in flight=40
21:44:03: 3413x RT, 56.9 creatures/sec. Fitness: best=1524.7, avg=961.0, new=(qd-mutate=709.5). MAP-Elites(8x8, morphologies=3): occupied=27, pending=384, in flight=40
21:44:05: 3401x RT, 56.7 creatures/sec. Fitness: best=1524.7, avg=961.0, new=(qd-mutate=676.8). MAP-Elites(8x8, morphologies=3): occupied=27, pending=384, in flight=40
21:44:07: 2972x RT, 49.5 creatures/sec. Fitness: best=1524.7, avg=961.0, new=(qd-mutate=661.3). MAP-Elites(8x8, morphologies=3): occupied=27, pending=384, in flight=40
21:44:09: 3071x RT, 51.2 creatures/sec. Fitness: best=1524.7, avg=961.0, new=(qd-mutate=704.2). MAP-Elites(8x8, morphologies=3): occupied=27, pending=384, in flight=40
21:44:11: 3229x RT, 53.8 creatures/sec. Fitness: best=1524.7, avg=961.0, new=(qd-mutate=618.7). MAP-Elites(8x8, morphologies=3): occupied=27, pending=384, in flight=41
21:44:13: 3382x RT, 56.4 creatures/sec. Fitness: best=1524.7, avg=961.0, new=(qd-mutate=662.2). MAP-Elites(8x8, morphologies=3): occupied=27, pending=384, in flight=40
21:44:15: 3486x RT, 58.1 creatures/sec. Fitness: best=1524.7, avg=961.0, new=(qd-mutate=632.1). MAP-Elites(8x8, morphologies=3): occupied=27, pending=384, in flight=40
21:44:17: 3348x RT, 55.8 creatures/sec. Fitness: best=1524.7, avg=961.0, new=(qd-mutate=672.9). MAP-Elites(8x8, morphologies=3): occupied=27, pending=384, in flight=40
21:44:19: 3359x RT, 56.0 creatures/sec. Fitness: best=1524.7, avg=961.0, new=(qd-mutate=646.2). MAP-Elites(8x8, morphologies=3): occupied=27, pending=384, in flight=40
21:44:21: 3448x RT, 57.5 creatures/sec. Fitness: best=1524.7, avg=961.0, new=(qd-mutate=650.4). MAP-Elites(8x8, morphologies=3): occupied=27, pending=384, in flight=40
21:44:24: 3364x RT, 56.1 creatures/sec. Fitness: best=1524.7, avg=961.0, new=(qd-mutate=629.5). MAP-Elites(8x8, morphologies=3): occupied=27, pending=384, in flight=40
21:44:26: 3452x RT, 57.5 creatures/sec. Fitness: best=1524.7, avg=961.0, new=(qd-mutate=653.3). MAP-Elites(8x8, morphologies=3): occupied=27, pending=384, in flight=40
21:44:28: 3369x RT, 56.1 creatures/sec. Fitness: best=1524.7, avg=961.0, new=(qd-mutate=651.2). MAP-Elites(8x8, morphologies=3): occupied=27, pending=384, in flight=40
21:44:30: 3408x RT, 56.8 creatures/sec. Fitness: best=1524.7, avg=961.0, new=(qd-mutate=640.1). MAP-Elites(8x8, morphologies=3): occupied=27, pending=384, in flight=40
21:44:32: 3433x RT, 57.2 creatures/sec. Fitness: best=1524.7, avg=961.0, new=(qd-mutate=644.7). MAP-Elites(8x8, morphologies=3): occupied=27, pending=384, in flight=40
21:44:34: 3404x RT, 56.7 creatures/sec. Fitness: best=1524.7, avg=961.0, new=(qd-mutate=734.9). MAP-Elites(8x8, morphologies=3): occupied=27, pending=384, in flight=40
21:44:36: 3439x RT, 57.3 creatures/sec. Fitness: best=1524.7, avg=961.0, new=(qd-mutate=705.2). MAP-Elites(8x8, morphologies=3): occupied=27, pending=384, in flight=40
21:44:38: 3262x RT, 54.4 creatures/sec. Fitness: best=1524.7, avg=961.0, new=(qd-mutate=640.8). MAP-Elites(8x8, morphologies=3): occupied=27, pending=384, in flight=40
21:44:40: 3271x RT, 54.5 creatures/sec. Fitness: best=1524.7, avg=961.0, new=(qd-mutate=623.3). MAP-Elites(8x8, morphologies=3): occupied=27, pending=384, in flight=40
21:44:42: 3244x RT, 54.1 creatures/sec. Fitness: best=1524.7, avg=961.0, new=(qd-mutate=638.0). MAP-Elites(8x8, morphologies=3): occupied=27, pending=384, in flight=40
21:44:44: 3331x RT, 55.5 creatures/sec. Fitness: best=1524.7, avg=961.0, new=(qd-mutate=645.6). MAP-Elites(8x8, morphologies=3): occupied=27, pending=384, in flight=40
21:44:46: 3461x RT, 57.7 creatures/sec. Fitness: best=1524.7, avg=961.0, new=(qd-mutate=675.8). MAP-Elites(8x8, morphologies=3): occupied=27, pending=384, in flight=40
21:44:48: 3414x RT, 56.9 creatures/sec. Fitness: best=1524.7, avg=961.0, new=(qd-mutate=658.0). MAP-Elites(8x8, morphologies=3): occupied=27, pending=384, in flight=40
7586865 bytes written to /Users/dag/projects/Machine-Evolved-credible-training/training-runs/me-v2-harmonic-qd-01-double-gravity-double-population-8w/config.json. 
21:44:51: 3331x RT, 55.5 creatures/sec. Fitness: best=1524.7, avg=961.0, new=(qd-mutate=690.5). MAP-Elites(8x8, morphologies=3): occupied=27, pending=384, in flight=40
21:44:53: 3329x RT, 55.5 creatures/sec. Fitness: best=1524.7, avg=961.0, new=(qd-mutate=669.5). MAP-Elites(8x8, morphologies=3): occupied=27, pending=384, in flight=40
21:44:55: 3282x RT, 54.7 creatures/sec. Fitness: best=1524.7, avg=961.0, new=(qd-mutate=642.5). MAP-Elites(8x8, morphologies=3): occupied=27, pending=384, in flight=40
21:44:57: 3487x RT, 58.1 creatures/sec. Fitness: best=1524.7, avg=961.0, new=(qd-mutate=656.7). MAP-Elites(8x8, morphologies=3): occupied=27, pending=384, in flight=40
21:44:59: 3400x RT, 56.7 creatures/sec. Fitness: best=1524.7, avg=961.0, new=(qd-mutate=694.5). MAP-Elites(8x8, morphologies=3): occupied=27, pending=384, in flight=40
21:45:01: 3299x RT, 55.0 creatures/sec. Fitness: best=1524.7, avg=961.0, new=(qd-mutate=625.8). MAP-Elites(8x8, morphologies=3): occupied=27, pending=384, in flight=41
21:45:03: 3376x RT, 56.3 creatures/sec. Fitness: best=1524.7, avg=961.0, new=(qd-mutate=701.6). MAP-Elites(8x8, morphologies=3): occupied=27, pending=384, in flight=40
21:45:05: 3427x RT, 57.1 creatures/sec. Fitness: best=1524.7, avg=961.0, new=(qd-mutate=644.4). MAP-Elites(8x8, morphologies=3): occupied=27, pending=384, in flight=40
21:45:07: 3420x RT, 57.0 creatures/sec. Fitness: best=1524.7, avg=961.0, new=(qd-mutate=589.0). MAP-Elites(8x8, morphologies=3): occupied=27, pending=384, in flight=40
21:45:09: 3396x RT, 56.6 creatures/sec. Fitness: best=1524.7, avg=961.0, new=(qd-mutate=642.8). MAP-Elites(8x8, morphologies=3): occupied=27, pending=384, in flight=40
21:45:11: 3524x RT, 58.7 creatures/sec. Fitness: best=1524.7, avg=961.0, new=(qd-mutate=696.4). MAP-Elites(8x8, morphologies=3): occupied=27, pending=384, in flight=40
21:45:13: 3304x RT, 55.1 creatures/sec. Fitness: best=1524.7, avg=961.0, new=(qd-mutate=690.2). MAP-Elites(8x8, morphologies=3): occupied=27, pending=384, in flight=40
21:45:15: 3241x RT, 54.0 creatures/sec. Fitness: best=1524.7, avg=961.0, new=(qd-mutate=680.8). MAP-Elites(8x8, morphologies=3): occupied=27, pending=384, in flight=40
21:45:18: 3405x RT, 56.7 creatures/sec. Fitness: best=1524.7, avg=961.0, new=(qd-mutate=679.7). MAP-Elites(8x8, morphologies=3): occupied=27, pending=384, in flight=40
21:45:20: 3452x RT, 57.5 creatures/sec. Fitness: best=1524.7, avg=961.0, new=(qd-mutate=652.5). MAP-Elites(8x8, morphologies=3): occupied=27, pending=384, in flight=40
21:45:22: 3466x RT, 57.8 creatures/sec. Fitness: best=1524.7, avg=961.0, new=(qd-mutate=658.9). MAP-Elites(8x8, morphologies=3): occupied=27, pending=384, in flight=40
21:45:24: 3355x RT, 55.9 creatures/sec. Fitness: best=1524.7, avg=961.0, new=(qd-mutate=733.6). MAP-Elites(8x8, morphologies=3): occupied=27, pending=384, in flight=40
21:45:26: 3462x RT, 57.7 creatures/sec. Fitness: best=1524.7, avg=961.0, new=(qd-mutate=651.9). MAP-Elites(8x8, morphologies=3): occupied=27, pending=384, in flight=40
21:45:28: 3270x RT, 54.5 creatures/sec. Fitness: best=1524.7, avg=961.0, new=(qd-mutate=644.0). MAP-Elites(8x8, morphologies=3): occupied=27, pending=384, in flight=40
21:45:30: 3474x RT, 57.9 creatures/sec. Fitness: best=1524.7, avg=961.0, new=(qd-mutate=624.3). MAP-Elites(8x8, morphologies=3): occupied=27, pending=384, in flight=40
21:45:32: 3440x RT, 57.3 creatures/sec. Fitness: best=1524.7, avg=961.0, new=(qd-mutate=662.7). MAP-Elites(8x8, morphologies=3): occupied=27, pending=384, in flight=40
21:45:34: 3247x RT, 54.1 creatures/sec. Fitness: best=1524.7, avg=961.0, new=(qd-mutate=685.5). MAP-Elites(8x8, morphologies=3): occupied=27, pending=384, in flight=40
21:45:36: 3432x RT, 57.2 creatures/sec. Fitness: best=1524.7, avg=961.0, new=(qd-mutate=670.8). MAP-Elites(8x8, morphologies=3): occupied=27, pending=384, in flight=40
21:45:38: 3352x RT, 55.9 creatures/sec. Fitness: best=1524.7, avg=961.0, new=(qd-mutate=607.3). MAP-Elites(8x8, morphologies=3): occupied=27, pending=384, in flight=40
21:45:40: 3491x RT, 58.2 creatures/sec. Fitness: best=1524.7, avg=961.0, new=(qd-mutate=635.4). MAP-Elites(8x8, morphologies=3): occupied=27, pending=384, in flight=40
21:45:42: 3395x RT, 56.6 creatures/sec. Fitness: best=1524.7, avg=961.0, new=(qd-mutate=653.3). MAP-Elites(8x8, morphologies=3): occupied=27, pending=384, in flight=40
21:45:45: 3416x RT, 56.9 creatures/sec. Fitness: best=1524.7, avg=961.0, new=(qd-mutate=681.0). MAP-Elites(8x8, morphologies=3): occupied=27, pending=384, in flight=39
21:45:47: 3302x RT, 55.0 creatures/sec. Fitness: best=1524.7, avg=961.0, new=(qd-mutate=642.6). MAP-Elites(8x8, morphologies=3): occupied=27, pending=384, in flight=40
21:45:49: 3391x RT, 56.5 creatures/sec. Fitness: best=1524.7, avg=961.0, new=(qd-mutate=644.3). MAP-Elites(8x8, morphologies=3): occupied=27, pending=384, in flight=40
7578627 bytes written to /Users/dag/projects/Machine-Evolved-credible-training/training-runs/me-v2-harmonic-qd-01-double-gravity-double-population-8w/config.json. 
21:45:51: 3496x RT, 58.3 creatures/sec. Fitness: best=1524.7, avg=961.0, new=(qd-mutate=635.3). MAP-Elites(8x8, morphologies=3): occupied=27, pending=384, in flight=40
21:45:53: 3421x RT, 57.0 creatures/sec. Fitness: best=1524.7, avg=961.0, new=(qd-mutate=660.7). MAP-Elites(8x8, morphologies=3): occupied=27, pending=384, in flight=40
21:45:55: 3491x RT, 58.2 creatures/sec. Fitness: best=1524.7, avg=961.0, new=(qd-mutate=655.6). MAP-Elites(8x8, morphologies=3): occupied=27, pending=384, in flight=40
21:45:57: 3460x RT, 57.7 creatures/sec. Fitness: best=1524.7, avg=961.0, new=(qd-mutate=669.2). MAP-Elites(8x8, morphologies=3): occupied=27, pending=384, in flight=40
21:45:59: 3391x RT, 56.5 creatures/sec. Fitness: best=1524.7, avg=961.0, new=(qd-mutate=637.5). MAP-Elites(8x8, morphologies=3): occupied=27, pending=384, in flight=40
21:46:01: 3454x RT, 57.6 creatures/sec. Fitness: best=1524.7, avg=961.0, new=(qd-mutate=635.6). MAP-Elites(8x8, morphologies=3): occupied=27, pending=384, in flight=40
21:46:03: 3541x RT, 59.0 creatures/sec. Fitness: best=1524.7, avg=961.0, new=(qd-mutate=682.8). MAP-Elites(8x8, morphologies=3): occupied=27, pending=384, in flight=40
21:46:05: 3486x RT, 58.1 creatures/sec. Fitness: best=1524.7, avg=961.0, new=(qd-mutate=661.1). MAP-Elites(8x8, morphologies=3): occupied=27, pending=384, in flight=40
21:46:07: 3487x RT, 58.1 creatures/sec. Fitness: best=1524.7, avg=961.0, new=(qd-mutate=630.5). MAP-Elites(8x8, morphologies=3): occupied=27, pending=384, in flight=40
21:46:09: 3539x RT, 59.0 creatures/sec. Fitness: best=1524.7, avg=961.0, new=(qd-mutate=631.0). MAP-Elites(8x8, morphologies=3): occupied=27, pending=384, in flight=40
21:46:11: 3476x RT, 57.9 creatures/sec. Fitness: best=1524.7, avg=961.0, new=(qd-mutate=687.7). MAP-Elites(8x8, morphologies=3): occupied=27, pending=384, in flight=40
21:46:13: 3574x RT, 59.6 creatures/sec. Fitness: best=1524.7, avg=961.0, new=(qd-mutate=697.4). MAP-Elites(8x8, morphologies=3): occupied=27, pending=384, in flight=40
21:46:16: 3522x RT, 58.7 creatures/sec. Fitness: best=1524.7, avg=961.0, new=(qd-mutate=683.5). MAP-Elites(8x8, morphologies=3): occupied=27, pending=384, in flight=40
21:46:18: 3516x RT, 58.6 creatures/sec. Fitness: best=1524.7, avg=961.0, new=(qd-mutate=639.0). MAP-Elites(8x8, morphologies=3): occupied=27, pending=384, in flight=40
21:46:20: 3412x RT, 56.9 creatures/sec. Fitness: best=1524.7, avg=961.0, new=(qd-mutate=698.6). MAP-Elites(8x8, morphologies=3): occupied=27, pending=384, in flight=40
21:46:22: 3559x RT, 59.3 creatures/sec. Fitness: best=1524.7, avg=961.0, new=(qd-mutate=734.1). MAP-Elites(8x8, morphologies=3): occupied=27, pending=384, in flight=40
21:46:24: 3483x RT, 58.1 creatures/sec. Fitness: best=1524.7, avg=961.0, new=(qd-mutate=616.0). MAP-Elites(8x8, morphologies=3): occupied=27, pending=384, in flight=40
21:46:26: 3457x RT, 57.6 creatures/sec. Fitness: best=1524.7, avg=961.0, new=(qd-mutate=724.4). MAP-Elites(8x8, morphologies=3): occupied=27, pending=384, in flight=40
21:46:28: 3505x RT, 58.4 creatures/sec. Fitness: best=1524.7, avg=961.0, new=(qd-mutate=685.3). MAP-Elites(8x8, morphologies=3): occupied=27, pending=384, in flight=40
21:46:30: 3440x RT, 57.3 creatures/sec. Fitness: best=1524.7, avg=961.0, new=(qd-mutate=673.6). MAP-Elites(8x8, morphologies=3): occupied=27, pending=384, in flight=40
21:46:32: 3119x RT, 52.0 creatures/sec. Fitness: best=1524.7, avg=961.0, new=(qd-mutate=611.1). MAP-Elites(8x8, morphologies=3): occupied=27, pending=384, in flight=40
21:46:34: 3526x RT, 58.8 creatures/sec. Fitness: best=1524.7, avg=961.0, new=(qd-mutate=682.8). MAP-Elites(8x8, morphologies=3): occupied=27, pending=384, in flight=40
21:46:36: 3365x RT, 56.1 creatures/sec. Fitness: best=1524.7, avg=961.0, new=(qd-mutate=698.5). MAP-Elites(8x8, morphologies=3): occupied=27, pending=384, in flight=40
21:46:38: 3309x RT, 55.1 creatures/sec. Fitness: best=1524.7, avg=961.0, new=(qd-mutate=603.8). MAP-Elites(8x8, morphologies=3): occupied=27, pending=384, in flight=40
21:46:40: 3554x RT, 59.2 creatures/sec. Fitness: best=1524.7, avg=961.0, new=(qd-mutate=684.5). MAP-Elites(8x8, morphologies=3): occupied=27, pending=384, in flight=40
21:46:42: 3318x RT, 55.3 creatures/sec. Fitness: best=1524.7, avg=961.0, new=(qd-mutate=644.2). MAP-Elites(8x8, morphologies=3): occupied=27, pending=384, in flight=40
21:46:44: 3446x RT, 57.4 creatures/sec. Fitness: best=1524.7, avg=961.0, new=(qd-mutate=675.5). MAP-Elites(8x8, morphologies=3): occupied=27, pending=384, in flight=40
21:46:46: 3506x RT, 58.4 creatures/sec. Fitness: best=1524.7, avg=961.0, new=(qd-mutate=708.5). MAP-Elites(8x8, morphologies=3): occupied=27, pending=384, in flight=40
21:46:48: 3521x RT, 58.7 creatures/sec. Fitness: best=1524.7, avg=961.0, new=(qd-mutate=639.2). MAP-Elites(8x8, morphologies=3): occupied=27, pending=384, in flight=40
7570263 bytes written to /Users/dag/projects/Machine-Evolved-credible-training/training-runs/me-v2-harmonic-qd-01-double-gravity-double-population-8w/config.json. 
21:46:51: 3471x RT, 57.9 creatures/sec. Fitness: best=1524.7, avg=961.0, new=(qd-mutate=644.5). MAP-Elites(8x8, morphologies=3): occupied=27, pending=384, in flight=40
21:46:53: 3557x RT, 59.3 creatures/sec. Fitness: best=1524.7, avg=961.0, new=(qd-mutate=662.2). MAP-Elites(8x8, morphologies=3): occupied=27, pending=384, in flight=40
21:46:55: 3510x RT, 58.5 creatures/sec. Fitness: best=1524.7, avg=961.0, new=(qd-mutate=668.9). MAP-Elites(8x8, morphologies=3): occupied=27, pending=384, in flight=40
21:46:57: 3653x RT, 60.9 creatures/sec. Fitness: best=1524.7, avg=961.0, new=(qd-mutate=672.5). MAP-Elites(8x8, morphologies=3): occupied=27, pending=384, in flight=40
21:46:59: 3647x RT, 60.8 creatures/sec. Fitness: best=1524.7, avg=961.0, new=(qd-mutate=683.7). MAP-Elites(8x8, morphologies=3): occupied=27, pending=384, in flight=40
21:47:01: 3714x RT, 61.9 creatures/sec. Fitness: best=1524.7, avg=961.0, new=(qd-mutate=637.9). MAP-Elites(8x8, morphologies=3): occupied=27, pending=384, in flight=40
21:47:03: 3696x RT, 61.6 creatures/sec. Fitness: best=1524.7, avg=961.0, new=(qd-mutate=665.9). MAP-Elites(8x8, morphologies=3): occupied=27, pending=384, in flight=40
21:47:05: 3751x RT, 62.5 creatures/sec. Fitness: best=1524.7, avg=961.0, new=(qd-mutate=710.9). MAP-Elites(8x8, morphologies=3): occupied=27, pending=384, in flight=40
21:47:07: 3795x RT, 63.2 creatures/sec. Fitness: best=1524.7, avg=961.0, new=(qd-mutate=655.5). MAP-Elites(8x8, morphologies=3): occupied=27, pending=384, in flight=40
21:47:09: 3786x RT, 63.1 creatures/sec. Fitness: best=1524.7, avg=961.0, new=(qd-mutate=687.1). MAP-Elites(8x8, morphologies=3): occupied=27, pending=384, in flight=40
21:47:11: 3883x RT, 64.7 creatures/sec. Fitness: best=1524.7, avg=961.0, new=(qd-mutate=620.3). MAP-Elites(8x8, morphologies=3): occupied=27, pending=384, in flight=40
21:47:13: 3909x RT, 65.2 creatures/sec. Fitness: best=1524.7, avg=961.0, new=(qd-mutate=626.8). MAP-Elites(8x8, morphologies=3): occupied=27, pending=384, in flight=40
21:47:15: 3611x RT, 60.2 creatures/sec. Fitness: best=1524.7, avg=961.0, new=(qd-mutate=663.6). MAP-Elites(8x8, morphologies=3): occupied=27, pending=384, in flight=40
21:47:17: 3923x RT, 65.4 creatures/sec. Fitness: best=1524.7, avg=961.0, new=(qd-mutate=652.0). MAP-Elites(8x8, morphologies=3): occupied=27, pending=384, in flight=40
21:47:20: 4003x RT, 66.7 creatures/sec. Fitness: best=1524.7, avg=961.0, new=(qd-mutate=686.8). MAP-Elites(8x8, morphologies=3): occupied=27, pending=384, in flight=40
21:47:22: 4064x RT, 67.7 creatures/sec. Fitness: best=1524.7, avg=961.0, new=(qd-mutate=655.6). MAP-Elites(8x8, morphologies=3): occupied=27, pending=384, in flight=40
21:47:24: 4136x RT, 68.9 creatures/sec. Fitness: best=1524.7, avg=961.0, new=(qd-mutate=675.0). MAP-Elites(8x8, morphologies=3): occupied=27, pending=384, in flight=40
21:47:26: 4055x RT, 67.6 creatures/sec. Fitness: best=1524.7, avg=961.0, new=(qd-mutate=626.5). MAP-Elites(8x8, morphologies=3): occupied=27, pending=384, in flight=40
21:47:28: 4087x RT, 68.1 creatures/sec. Fitness: best=1524.7, avg=961.0, new=(qd-mutate=672.1). MAP-Elites(8x8, morphologies=3): occupied=27, pending=384, in flight=40
21:47:30: 4122x RT, 68.7 creatures/sec. Fitness: best=1524.7, avg=961.0, new=(qd-mutate=656.0). MAP-Elites(8x8, morphologies=3): occupied=27, pending=384, in flight=40
21:47:32: 4266x RT, 71.1 creatures/sec. Fitness: best=1524.7, avg=961.0, new=(qd-mutate=664.2). MAP-Elites(8x8, morphologies=3): occupied=27, pending=384, in flight=40
21:47:34: 4065x RT, 67.7 creatures/sec. Fitness: best=1524.7, avg=964.4, new=(qd-mutate=659.6). MAP-Elites(8x8, morphologies=3): occupied=27, pending=384, in flight=40
21:47:36: 3732x RT, 62.2 creatures/sec. Fitness: best=1524.7, avg=964.4, new=(qd-mutate=634.8). MAP-Elites(8x8, morphologies=3): occupied=27, pending=384, in flight=40
21:47:38: 3787x RT, 63.1 creatures/sec. Fitness: best=1524.7, avg=964.4, new=(qd-mutate=670.9). MAP-Elites(8x8, morphologies=3): occupied=27, pending=384, in flight=40
21:47:40: 3774x RT, 62.9 creatures/sec. Fitness: best=1524.7, avg=964.4, new=(qd-mutate=624.1). MAP-Elites(8x8, morphologies=3): occupied=27, pending=384, in flight=40
21:47:42: 4078x RT, 68.0 creatures/sec. Fitness: best=1524.7, avg=964.4, new=(qd-mutate=677.6). MAP-Elites(8x8, morphologies=3): occupied=27, pending=384, in flight=40
21:47:44: 4632x RT, 77.2 creatures/sec. Fitness: best=1524.7, avg=964.4, new=(qd-mutate=738.1). MAP-Elites(8x8, morphologies=3): occupied=27, pending=384, in flight=40
21:47:46: 4414x RT, 73.6 creatures/sec. Fitness: best=1524.7, avg=964.4, new=(qd-mutate=636.3). MAP-Elites(8x8, morphologies=3): occupied=27, pending=384, in flight=40
21:47:48: 4282x RT, 71.4 creatures/sec. Fitness: best=1524.7, avg=964.4, new=(qd-mutate=624.6). MAP-Elites(8x8, morphologies=3): occupied=27, pending=384, in flight=40
7592599 bytes written to /Users/dag/projects/Machine-Evolved-credible-training/training-runs/me-v2-harmonic-qd-01-double-gravity-double-population-8w/config.json. 
21:47:51: 4802x RT, 80.0 creatures/sec. Fitness: best=1524.7, avg=964.4, new=(qd-mutate=655.8). MAP-Elites(8x8, morphologies=3): occupied=27, pending=384, in flight=40
21:47:53: 4930x RT, 82.2 creatures/sec. Fitness: best=1524.7, avg=964.4, new=(qd-mutate=645.0). MAP-Elites(8x8, morphologies=3): occupied=27, pending=384, in flight=40
21:47:55: 4913x RT, 81.9 creatures/sec. Fitness: best=1524.7, avg=964.4, new=(qd-mutate=629.3). MAP-Elites(8x8, morphologies=3): occupied=27, pending=384, in flight=40
21:47:57: 4882x RT, 81.4 creatures/sec. Fitness: best=1524.7, avg=964.4, new=(qd-mutate=667.2). MAP-Elites(8x8, morphologies=3): occupied=27, pending=384, in flight=40
21:47:59: 5130x RT, 85.5 creatures/sec. Fitness: best=1524.7, avg=964.4, new=(qd-mutate=652.2). MAP-Elites(8x8, morphologies=3): occupied=27, pending=384, in flight=40
21:48:01: 5112x RT, 85.2 creatures/sec. Fitness: best=1524.7, avg=964.4, new=(qd-mutate=694.7). MAP-Elites(8x8, morphologies=3): occupied=27, pending=384, in flight=40
21:48:03: 5151x RT, 85.9 creatures/sec. Fitness: best=1524.7, avg=966.8, new=(qd-mutate=644.3). MAP-Elites(8x8, morphologies=3): occupied=27, pending=384, in flight=40
21:48:05: 5189x RT, 86.5 creatures/sec. Fitness: best=1524.7, avg=966.8, new=(qd-mutate=648.3). MAP-Elites(8x8, morphologies=3): occupied=27, pending=384, in flight=40
21:48:07: 5386x RT, 89.8 creatures/sec. Fitness: best=1524.7, avg=966.8, new=(qd-mutate=662.1). MAP-Elites(8x8, morphologies=3): occupied=27, pending=384, in flight=40
21:48:09: 5405x RT, 90.1 creatures/sec. Fitness: best=1524.7, avg=966.8, new=(qd-mutate=689.2). MAP-Elites(8x8, morphologies=3): occupied=27, pending=384, in flight=40
21:48:11: 5412x RT, 90.2 creatures/sec. Fitness: best=1524.7, avg=966.8, new=(qd-mutate=651.6). MAP-Elites(8x8, morphologies=3): occupied=27, pending=384, in flight=40
21:48:13: 5473x RT, 91.2 creatures/sec. Fitness: best=1524.7, avg=966.8, new=(qd-mutate=655.1). MAP-Elites(8x8, morphologies=3): occupied=27, pending=384, in flight=40
21:48:15: 5483x RT, 91.4 creatures/sec. Fitness: best=1524.7, avg=966.8, new=(qd-mutate=633.5). MAP-Elites(8x8, morphologies=3): occupied=27, pending=384, in flight=40
21:48:17: 5651x RT, 94.2 creatures/sec. Fitness: best=1524.7, avg=966.8, new=(qd-mutate=652.0). MAP-Elites(8x8, morphologies=3): occupied=27, pending=384, in flight=40
21:48:20: 5653x RT, 94.2 creatures/sec. Fitness: best=1524.7, avg=966.8, new=(qd-mutate=616.8). MAP-Elites(8x8, morphologies=3): occupied=27, pending=384, in flight=40
21:48:22: 5738x RT, 95.6 creatures/sec. Fitness: best=1524.7, avg=966.8, new=(qd-mutate=634.0). MAP-Elites(8x8, morphologies=3): occupied=27, pending=384, in flight=40
21:48:24: 5857x RT, 97.6 creatures/sec. Fitness: best=1524.7, avg=966.8, new=(qd-mutate=694.6). MAP-Elites(8x8, morphologies=3): occupied=27, pending=384, in flight=40
21:48:26: 5829x RT, 97.1 creatures/sec. Fitness: best=1524.7, avg=966.8, new=(qd-mutate=709.0). MAP-Elites(8x8, morphologies=3): occupied=27, pending=384, in flight=40
21:48:28: 5822x RT, 97.0 creatures/sec. Fitness: best=1524.7, avg=966.8, new=(qd-mutate=671.7). MAP-Elites(8x8, morphologies=3): occupied=27, pending=384, in flight=40
21:48:30: 5780x RT, 96.3 creatures/sec. Fitness: best=1524.7, avg=967.0, new=(qd-mutate=653.5). MAP-Elites(8x8, morphologies=3): occupied=27, pending=384, in flight=40
21:48:32: 5758x RT, 96.0 creatures/sec. Fitness: best=1524.7, avg=967.0, new=(qd-mutate=690.8). MAP-Elites(8x8, morphologies=3): occupied=27, pending=384, in flight=40
21:48:34: 5821x RT, 97.0 creatures/sec. Fitness: best=1524.7, avg=967.0, new=(qd-mutate=656.5). MAP-Elites(8x8, morphologies=3): occupied=27, pending=384, in flight=40
21:48:36: 5824x RT, 97.1 creatures/sec. Fitness: best=1524.7, avg=967.0, new=(qd-mutate=687.7). MAP-Elites(8x8, morphologies=3): occupied=27, pending=384, in flight=40
21:48:38: 5802x RT, 96.7 creatures/sec. Fitness: best=1524.7, avg=967.0, new=(qd-mutate=681.7). MAP-Elites(8x8, morphologies=3): occupied=27, pending=384, in flight=40
21:48:40: 5801x RT, 96.7 creatures/sec. Fitness: best=1524.7, avg=967.0, new=(qd-mutate=697.7). MAP-Elites(8x8, morphologies=3): occupied=27, pending=384, in flight=40
21:48:42: 5776x RT, 96.3 creatures/sec. Fitness: best=1524.7, avg=967.0, new=(qd-mutate=673.3). MAP-Elites(8x8, morphologies=3): occupied=27, pending=384, in flight=40
21:48:44: 5706x RT, 95.1 creatures/sec. Fitness: best=1524.7, avg=967.0, new=(qd-mutate=651.8). MAP-Elites(8x8, morphologies=3): occupied=27, pending=384, in flight=40
21:48:46: 5738x RT, 95.6 creatures/sec. Fitness: best=1524.7, avg=967.0, new=(qd-mutate=625.8). MAP-Elites(8x8, morphologies=3): occupied=27, pending=384, in flight=40
21:48:48: 5827x RT, 97.1 creatures/sec. Fitness: best=1524.7, avg=967.0, new=(qd-mutate=650.9). MAP-Elites(8x8, morphologies=3): occupied=27, pending=384, in flight=40
7591603 bytes written to /Users/dag/projects/Machine-Evolved-credible-training/training-runs/me-v2-harmonic-qd-01-double-gravity-double-population-8w/config.json. 
21:48:51: 5741x RT, 95.7 creatures/sec. Fitness: best=1524.7, avg=967.0, new=(qd-mutate=643.1). MAP-Elites(8x8, morphologies=3): occupied=27, pending=384, in flight=40
21:48:53: 5809x RT, 96.8 creatures/sec. Fitness: best=1524.7, avg=967.0, new=(qd-mutate=649.9). MAP-Elites(8x8, morphologies=3): occupied=27, pending=384, in flight=40
21:48:55: 5770x RT, 96.2 creatures/sec. Fitness: best=1524.7, avg=967.0, new=(qd-mutate=666.1). MAP-Elites(8x8, morphologies=3): occupied=27, pending=384, in flight=40
21:48:57: 5782x RT, 96.4 creatures/sec. Fitness: best=1524.7, avg=967.0, new=(qd-mutate=656.9). MAP-Elites(8x8, morphologies=3): occupied=27, pending=384, in flight=40
21:48:59: 5853x RT, 97.6 creatures/sec. Fitness: best=1524.7, avg=967.0, new=(qd-mutate=700.9). MAP-Elites(8x8, morphologies=3): occupied=27, pending=384, in flight=40
21:49:01: 5796x RT, 96.6 creatures/sec. Fitness: best=1524.7, avg=967.0, new=(qd-mutate=697.9). MAP-Elites(8x8, morphologies=3): occupied=27, pending=384, in flight=40
21:49:03: 5695x RT, 94.9 creatures/sec. Fitness: best=1524.7, avg=967.0, new=(qd-mutate=659.7). MAP-Elites(8x8, morphologies=3): occupied=27, pending=384, in flight=40
21:49:05: 5635x RT, 93.9 creatures/sec. Fitness: best=1524.7, avg=967.0, new=(qd-mutate=676.7). MAP-Elites(8x8, morphologies=3): occupied=27, pending=384, in flight=40
21:49:07: 5734x RT, 95.6 creatures/sec. Fitness: best=1524.7, avg=967.0, new=(qd-mutate=680.5). MAP-Elites(8x8, morphologies=3): occupied=27, pending=384, in flight=40
21:49:09: 5579x RT, 93.0 creatures/sec. Fitness: best=1524.7, avg=967.0, new=(qd-mutate=668.8). MAP-Elites(8x8, morphologies=3): occupied=27, pending=384, in flight=40
21:49:11: 5741x RT, 95.7 creatures/sec. Fitness: best=1524.7, avg=967.0, new=(qd-mutate=671.4). MAP-Elites(8x8, morphologies=3): occupied=27, pending=384, in flight=40
21:49:13: 5743x RT, 95.7 creatures/sec. Fitness: best=1524.7, avg=967.0, new=(qd-mutate=657.2). MAP-Elites(8x8, morphologies=3): occupied=27, pending=384, in flight=40
21:49:15: 5391x RT, 89.8 creatures/sec. Fitness: best=1524.7, avg=967.0, new=(qd-mutate=660.8). MAP-Elites(8x8, morphologies=3): occupied=27, pending=384, in flight=40
21:49:17: 5702x RT, 95.0 creatures/sec. Fitness: best=1524.7, avg=967.0, new=(qd-mutate=661.7). MAP-Elites(8x8, morphologies=3): occupied=27, pending=384, in flight=40
21:49:19: 5390x RT, 89.8 creatures/sec. Fitness: best=1524.7, avg=967.0, new=(qd-mutate=607.3). MAP-Elites(8x8, morphologies=3): occupied=27, pending=384, in flight=40
21:49:22: 5327x RT, 88.8 creatures/sec. Fitness: best=1524.7, avg=967.0, new=(qd-mutate=683.7). MAP-Elites(8x8, morphologies=3): occupied=27, pending=384, in flight=40
21:49:24: 5598x RT, 93.3 creatures/sec. Fitness: best=1524.7, avg=967.0, new=(qd-mutate=666.1). MAP-Elites(8x8, morphologies=3): occupied=27, pending=384, in flight=40
21:49:26: 5658x RT, 94.3 creatures/sec. Fitness: best=1524.7, avg=967.0, new=(qd-mutate=669.1). MAP-Elites(8x8, morphologies=3): occupied=27, pending=384, in flight=40
21:49:28: 5449x RT, 90.8 creatures/sec. Fitness: best=1524.7, avg=967.0, new=(qd-mutate=683.8). MAP-Elites(8x8, morphologies=3): occupied=27, pending=384, in flight=40
21:49:30: 5622x RT, 93.7 creatures/sec. Fitness: best=1524.7, avg=967.0, new=(qd-mutate=621.7). MAP-Elites(8x8, morphologies=3): occupied=27, pending=384, in flight=40
21:49:32: 5591x RT, 93.2 creatures/sec. Fitness: best=1524.7, avg=967.0, new=(qd-mutate=694.6). MAP-Elites(8x8, morphologies=3): occupied=27, pending=384, in flight=40
21:49:34: 5661x RT, 94.3 creatures/sec. Fitness: best=1524.7, avg=967.0, new=(qd-mutate=655.9). MAP-Elites(8x8, morphologies=3): occupied=27, pending=384, in flight=40
21:49:36: 5618x RT, 93.6 creatures/sec. Fitness: best=1524.7, avg=967.0, new=(qd-mutate=677.8). MAP-Elites(8x8, morphologies=3): occupied=27, pending=384, in flight=40
21:49:38: 5615x RT, 93.6 creatures/sec. Fitness: best=1524.7, avg=967.0, new=(qd-mutate=633.4). MAP-Elites(8x8, morphologies=3): occupied=27, pending=384, in flight=40
21:49:40: 5619x RT, 93.6 creatures/sec. Fitness: best=1524.7, avg=967.0, new=(qd-mutate=658.4). MAP-Elites(8x8, morphologies=3): occupied=27, pending=384, in flight=40
21:49:42: 5291x RT, 88.2 creatures/sec. Fitness: best=1524.7, avg=967.0, new=(qd-mutate=675.3). MAP-Elites(8x8, morphologies=3): occupied=27, pending=384, in flight=40
21:49:44: 5685x RT, 94.7 creatures/sec. Fitness: best=1524.7, avg=967.0, new=(qd-mutate=681.5). MAP-Elites(8x8, morphologies=3): occupied=27, pending=384, in flight=40
21:49:46: 5681x RT, 94.7 creatures/sec. Fitness: best=1524.7, avg=967.0, new=(qd-mutate=670.5). MAP-Elites(8x8, morphologies=3): occupied=27, pending=384, in flight=40
21:49:48: 5834x RT, 97.2 creatures/sec. Fitness: best=1524.7, avg=967.0, new=(qd-mutate=656.0). MAP-Elites(8x8, morphologies=3): occupied=27, pending=384, in flight=40
7571625 bytes written to /Users/dag/projects/Machine-Evolved-credible-training/training-runs/me-v2-harmonic-qd-01-double-gravity-double-population-8w/config.json. 
21:49:50: 5804x RT, 96.7 creatures/sec. Fitness: best=1524.7, avg=967.0, new=(qd-mutate=684.7). MAP-Elites(8x8, morphologies=3): occupied=27, pending=384, in flight=40
21:49:52: 5722x RT, 95.4 creatures/sec. Fitness: best=1524.7, avg=967.0, new=(qd-mutate=696.8). MAP-Elites(8x8, morphologies=3): occupied=27, pending=384, in flight=40
21:49:55: 5668x RT, 94.5 creatures/sec. Fitness: best=1524.7, avg=967.0, new=(qd-mutate=676.3). MAP-Elites(8x8, morphologies=3): occupied=27, pending=384, in flight=40
21:49:57: 5840x RT, 97.3 creatures/sec. Fitness: best=1524.7, avg=967.0, new=(qd-mutate=667.9). MAP-Elites(8x8, morphologies=3): occupied=27, pending=384, in flight=40
21:49:59: 5700x RT, 95.0 creatures/sec. Fitness: best=1524.7, avg=967.0, new=(qd-mutate=696.6). MAP-Elites(8x8, morphologies=3): occupied=27, pending=384, in flight=40
21:50:01: 5873x RT, 97.9 creatures/sec. Fitness: best=1524.7, avg=967.0, new=(qd-mutate=674.2). MAP-Elites(8x8, morphologies=3): occupied=27, pending=384, in flight=40
21:50:03: 5725x RT, 95.4 creatures/sec. Fitness: best=1524.7, avg=967.0, new=(qd-mutate=665.0). MAP-Elites(8x8, morphologies=3): occupied=27, pending=384, in flight=40
21:50:05: 5695x RT, 94.9 creatures/sec. Fitness: best=1524.7, avg=967.0, new=(qd-mutate=686.6). MAP-Elites(8x8, morphologies=3): occupied=27, pending=384, in flight=40
21:50:07: 5478x RT, 91.3 creatures/sec. Fitness: best=1524.7, avg=967.0, new=(qd-mutate=651.6). MAP-Elites(8x8, morphologies=3): occupied=27, pending=384, in flight=40
21:50:09: 5835x RT, 97.3 creatures/sec. Fitness: best=1524.7, avg=967.0, new=(qd-mutate=687.8). MAP-Elites(8x8, morphologies=3): occupied=27, pending=384, in flight=40
21:50:11: 5362x RT, 89.4 creatures/sec. Fitness: best=1524.7, avg=967.0, new=(qd-mutate=656.2). MAP-Elites(8x8, morphologies=3): occupied=27, pending=384, in flight=40
21:50:13: 5452x RT, 90.9 creatures/sec. Fitness: best=1524.7, avg=967.0, new=(qd-mutate=656.8). MAP-Elites(8x8, morphologies=3): occupied=27, pending=384, in flight=40
21:50:15: 5543x RT, 92.4 creatures/sec. Fitness: best=1524.7, avg=967.0, new=(qd-mutate=631.8). MAP-Elites(8x8, morphologies=3): occupied=27, pending=384, in flight=40
21:50:17: 5878x RT, 98.0 creatures/sec. Fitness: best=1524.7, avg=967.0, new=(qd-mutate=680.3). MAP-Elites(8x8, morphologies=3): occupied=27, pending=384, in flight=40
21:50:19: 5667x RT, 94.4 creatures/sec. Fitness: best=1524.7, avg=958.7, new=(qd-mutate=686.8). MAP-Elites(8x8, morphologies=3): occupied=28, pending=384, in flight=40
21:50:21: 5479x RT, 91.3 creatures/sec. Fitness: best=1524.7, avg=958.7, new=(qd-mutate=646.1). MAP-Elites(8x8, morphologies=3): occupied=28, pending=384, in flight=40
21:50:23: 5156x RT, 85.9 creatures/sec. Fitness: best=1524.7, avg=958.7, new=(qd-mutate=693.4). MAP-Elites(8x8, morphologies=3): occupied=28, pending=384, in flight=40
21:50:25: 5746x RT, 95.8 creatures/sec. Fitness: best=1524.7, avg=958.7, new=(qd-mutate=651.6). MAP-Elites(8x8, morphologies=3): occupied=28, pending=384, in flight=40
21:50:27: 5732x RT, 95.5 creatures/sec. Fitness: best=1524.7, avg=958.7, new=(qd-mutate=659.1). MAP-Elites(8x8, morphologies=3): occupied=28, pending=384, in flight=40
21:50:30: 5673x RT, 94.6 creatures/sec. Fitness: best=1524.7, avg=958.7, new=(qd-mutate=651.4). MAP-Elites(8x8, morphologies=3): occupied=28, pending=384, in flight=40
21:50:32: 5478x RT, 91.3 creatures/sec. Fitness: best=1524.7, avg=958.7, new=(qd-mutate=659.6). MAP-Elites(8x8, morphologies=3): occupied=28, pending=384, in flight=40
21:50:34: 5867x RT, 97.8 creatures/sec. Fitness: best=1524.7, avg=958.7, new=(qd-mutate=664.1). MAP-Elites(8x8, morphologies=3): occupied=28, pending=384, in flight=40
21:50:36: 5797x RT, 96.6 creatures/sec. Fitness: best=1524.7, avg=958.7, new=(qd-mutate=706.7). MAP-Elites(8x8, morphologies=3): occupied=28, pending=384, in flight=40
21:50:38: 5247x RT, 87.4 creatures/sec. Fitness: best=1524.7, avg=958.7, new=(qd-mutate=671.6). MAP-Elites(8x8, morphologies=3): occupied=28, pending=384, in flight=40
21:50:40: 5198x RT, 86.6 creatures/sec. Fitness: best=1524.7, avg=958.7, new=(qd-mutate=648.1). MAP-Elites(8x8, morphologies=3): occupied=28, pending=384, in flight=40
21:50:42: 5796x RT, 96.6 creatures/sec. Fitness: best=1524.7, avg=958.7, new=(qd-mutate=629.9). MAP-Elites(8x8, morphologies=3): occupied=28, pending=384, in flight=40
21:50:44: 5566x RT, 92.8 creatures/sec. Fitness: best=1524.7, avg=958.7, new=(qd-mutate=684.4). MAP-Elites(8x8, morphologies=3): occupied=28, pending=384, in flight=40
21:50:46: 5782x RT, 96.4 creatures/sec. Fitness: best=1524.7, avg=958.7, new=(qd-mutate=710.7). MAP-Elites(8x8, morphologies=3): occupied=28, pending=384, in flight=40
21:50:48: 5333x RT, 88.9 creatures/sec. Fitness: best=1524.7, avg=958.7, new=(qd-mutate=648.8). MAP-Elites(8x8, morphologies=3): occupied=28, pending=384, in flight=40
7561829 bytes written to /Users/dag/projects/Machine-Evolved-credible-training/training-runs/me-v2-harmonic-qd-01-double-gravity-double-population-8w/config.json. 
21:50:50: 5423x RT, 90.4 creatures/sec. Fitness: best=1524.7, avg=958.7, new=(qd-mutate=661.1). MAP-Elites(8x8, morphologies=3): occupied=28, pending=384, in flight=40
21:50:52: 5684x RT, 94.7 creatures/sec. Fitness: best=1524.7, avg=958.7, new=(qd-mutate=688.8). MAP-Elites(8x8, morphologies=3): occupied=28, pending=384, in flight=40
21:50:55: 5838x RT, 97.3 creatures/sec. Fitness: best=1524.7, avg=958.7, new=(qd-mutate=657.4). MAP-Elites(8x8, morphologies=3): occupied=28, pending=384, in flight=40
21:50:57: 5679x RT, 94.6 creatures/sec. Fitness: best=1524.7, avg=958.7, new=(qd-mutate=649.9). MAP-Elites(8x8, morphologies=3): occupied=28, pending=384, in flight=40
21:50:59: 5748x RT, 95.8 creatures/sec. Fitness: best=1524.7, avg=958.7, new=(qd-mutate=647.1). MAP-Elites(8x8, morphologies=3): occupied=28, pending=384, in flight=40
21:51:01: 5734x RT, 95.6 creatures/sec. Fitness: best=1524.7, avg=958.7, new=(qd-mutate=640.3). MAP-Elites(8x8, morphologies=3): occupied=28, pending=384, in flight=40
21:51:03: 5738x RT, 95.6 creatures/sec. Fitness: best=1524.7, avg=958.7, new=(qd-mutate=689.1). MAP-Elites(8x8, morphologies=3): occupied=28, pending=384, in flight=40
21:51:05: 5793x RT, 96.6 creatures/sec. Fitness: best=1524.7, avg=958.7, new=(qd-mutate=687.4). MAP-Elites(8x8, morphologies=3): occupied=28, pending=384, in flight=40
21:51:07: 5736x RT, 95.6 creatures/sec. Fitness: best=1524.7, avg=958.7, new=(qd-mutate=660.5). MAP-Elites(8x8, morphologies=3): occupied=28, pending=384, in flight=40
21:51:09: 5742x RT, 95.7 creatures/sec. Fitness: best=1524.7, avg=958.7, new=(qd-mutate=661.8). MAP-Elites(8x8, morphologies=3): occupied=28, pending=384, in flight=40
21:51:11: 5746x RT, 95.8 creatures/sec. Fitness: best=1524.7, avg=958.7, new=(qd-mutate=697.9). MAP-Elites(8x8, morphologies=3): occupied=28, pending=384, in flight=40
21:51:13: 5727x RT, 95.5 creatures/sec. Fitness: best=1524.7, avg=958.7, new=(qd-mutate=629.4). MAP-Elites(8x8, morphologies=3): occupied=28, pending=384, in flight=40
21:51:15: 5803x RT, 96.7 creatures/sec. Fitness: best=1524.7, avg=958.7, new=(qd-mutate=659.7). MAP-Elites(8x8, morphologies=3): occupied=28, pending=384, in flight=40
21:51:17: 5757x RT, 96.0 creatures/sec. Fitness: best=1524.7, avg=958.7, new=(qd-mutate=681.0). MAP-Elites(8x8, morphologies=3): occupied=28, pending=384, in flight=40
21:51:19: 5715x RT, 95.2 creatures/sec. Fitness: best=1524.7, avg=958.7, new=(qd-mutate=668.5). MAP-Elites(8x8, morphologies=3): occupied=28, pending=384, in flight=40
21:51:21: 5779x RT, 96.3 creatures/sec. Fitness: best=1524.7, avg=958.7, new=(qd-mutate=699.3). MAP-Elites(8x8, morphologies=3): occupied=28, pending=384, in flight=40
21:51:23: 5782x RT, 96.4 creatures/sec. Fitness: best=1524.7, avg=958.7, new=(qd-mutate=680.1). MAP-Elites(8x8, morphologies=3): occupied=28, pending=384, in flight=40
21:51:25: 5524x RT, 92.1 creatures/sec. Fitness: best=1524.7, avg=958.7, new=(qd-mutate=655.9). MAP-Elites(8x8, morphologies=3): occupied=28, pending=384, in flight=40
21:51:27: 5779x RT, 96.3 creatures/sec. Fitness: best=1524.7, avg=958.7, new=(qd-mutate=686.6). MAP-Elites(8x8, morphologies=3): occupied=28, pending=384, in flight=40
21:51:29: 5767x RT, 96.1 creatures/sec. Fitness: best=1524.7, avg=958.7, new=(qd-mutate=636.9). MAP-Elites(8x8, morphologies=3): occupied=28, pending=384, in flight=40
21:51:32: 5725x RT, 95.4 creatures/sec. Fitness: best=1524.7, avg=958.7, new=(qd-mutate=657.4). MAP-Elites(8x8, morphologies=3): occupied=28, pending=384, in flight=40
21:51:34: 5763x RT, 96.1 creatures/sec. Fitness: best=1524.7, avg=958.7, new=(qd-mutate=643.8). MAP-Elites(8x8, morphologies=3): occupied=28, pending=384, in flight=40
21:51:36: 5738x RT, 95.6 creatures/sec. Fitness: best=1524.7, avg=958.7, new=(qd-mutate=673.2). MAP-Elites(8x8, morphologies=3): occupied=28, pending=384, in flight=40
21:51:38: 5726x RT, 95.4 creatures/sec. Fitness: best=1524.7, avg=958.7, new=(qd-mutate=651.8). MAP-Elites(8x8, morphologies=3): occupied=28, pending=384, in flight=40
21:51:40: 5769x RT, 96.1 creatures/sec. Fitness: best=1524.7, avg=958.7, new=(qd-mutate=648.1). MAP-Elites(8x8, morphologies=3): occupied=28, pending=384, in flight=40
21:51:42: 5688x RT, 94.8 creatures/sec. Fitness: best=1524.7, avg=958.7, new=(qd-mutate=660.5). MAP-Elites(8x8, morphologies=3): occupied=28, pending=384, in flight=40
21:51:44: 5755x RT, 95.9 creatures/sec. Fitness: best=1524.7, avg=958.7, new=(qd-mutate=693.1). MAP-Elites(8x8, morphologies=3): occupied=28, pending=384, in flight=40
21:51:46: 5735x RT, 95.6 creatures/sec. Fitness: best=1524.7, avg=958.7, new=(qd-mutate=648.4). MAP-Elites(8x8, morphologies=3): occupied=28, pending=384, in flight=40
21:51:48: 5720x RT, 95.3 creatures/sec. Fitness: best=1524.7, avg=958.7, new=(qd-mutate=678.5). MAP-Elites(8x8, morphologies=3): occupied=28, pending=384, in flight=40
7571745 bytes written to /Users/dag/projects/Machine-Evolved-credible-training/training-runs/me-v2-harmonic-qd-01-double-gravity-double-population-8w/config.json. 
21:51:50: 5424x RT, 90.4 creatures/sec. Fitness: best=1524.7, avg=958.7, new=(qd-mutate=667.8). MAP-Elites(8x8, morphologies=3): occupied=28, pending=384, in flight=40
21:51:52: 6002x RT, 100.0 creatures/sec. Fitness: best=1524.7, avg=958.7, new=(qd-mutate=633.8). MAP-Elites(8x8, morphologies=3): occupied=28, pending=384, in flight=40
21:51:54: 5610x RT, 93.5 creatures/sec. Fitness: best=1524.7, avg=958.7, new=(qd-mutate=650.2). MAP-Elites(8x8, morphologies=3): occupied=28, pending=384, in flight=40
21:51:56: 5177x RT, 86.3 creatures/sec. Fitness: best=1524.7, avg=958.7, new=(qd-mutate=653.2). MAP-Elites(8x8, morphologies=3): occupied=28, pending=384, in flight=40
21:51:58: 5246x RT, 87.4 creatures/sec. Fitness: best=1524.7, avg=958.7, new=(qd-mutate=688.8). MAP-Elites(8x8, morphologies=3): occupied=28, pending=384, in flight=40
21:52:01: 5416x RT, 90.3 creatures/sec. Fitness: best=1524.7, avg=958.7, new=(qd-mutate=679.2). MAP-Elites(8x8, morphologies=3): occupied=28, pending=384, in flight=40
21:52:03: 5687x RT, 94.8 creatures/sec. Fitness: best=1524.7, avg=958.7, new=(qd-mutate=713.5). MAP-Elites(8x8, morphologies=3): occupied=28, pending=384, in flight=40
21:52:05: 5770x RT, 96.2 creatures/sec. Fitness: best=1524.7, avg=958.7, new=(qd-mutate=677.6). MAP-Elites(8x8, morphologies=3): occupied=28, pending=384, in flight=40
21:52:07: 5947x RT, 99.1 creatures/sec. Fitness: best=1524.7, avg=958.7, new=(qd-mutate=680.6). MAP-Elites(8x8, morphologies=3): occupied=28, pending=384, in flight=40
21:52:09: 4721x RT, 78.7 creatures/sec. Fitness: best=1524.7, avg=958.7, new=(qd-mutate=657.9). MAP-Elites(8x8, morphologies=3): occupied=28, pending=384, in flight=40
21:52:11: 4775x RT, 79.6 creatures/sec. Fitness: best=1524.7, avg=958.7, new=(qd-mutate=637.9). MAP-Elites(8x8, morphologies=3): occupied=28, pending=384, in flight=40
21:52:13: 4947x RT, 82.4 creatures/sec. Fitness: best=1524.7, avg=958.7, new=(qd-mutate=620.2). MAP-Elites(8x8, morphologies=3): occupied=28, pending=384, in flight=40
21:52:15: 4666x RT, 77.8 creatures/sec. Fitness: best=1524.7, avg=958.7, new=(qd-mutate=646.9). MAP-Elites(8x8, morphologies=3): occupied=28, pending=384, in flight=40
21:52:17: 4520x RT, 75.3 creatures/sec. Fitness: best=1524.7, avg=958.7, new=(qd-mutate=672.4). MAP-Elites(8x8, morphologies=3): occupied=28, pending=384, in flight=40
21:52:19: 2365x RT, 39.4 creatures/sec. Fitness: best=1524.7, avg=958.7, new=(qd-mutate=691.1). MAP-Elites(8x8, morphologies=3): occupied=28, pending=384, in flight=40
21:52:21: 3940x RT, 65.7 creatures/sec. Fitness: best=1524.7, avg=958.7, new=(qd-mutate=668.5). MAP-Elites(8x8, morphologies=3): occupied=28, pending=384, in flight=40
21:52:24: 5928x RT, 98.8 creatures/sec. Fitness: best=1524.7, avg=958.7, new=(qd-mutate=667.3). MAP-Elites(8x8, morphologies=3): occupied=28, pending=384, in flight=40
21:52:26: 4244x RT, 70.7 creatures/sec. Fitness: best=1524.7, avg=958.7, new=(qd-mutate=681.8). MAP-Elites(8x8, morphologies=3): occupied=28, pending=384, in flight=40
21:52:28: 3050x RT, 50.8 creatures/sec. Fitness: best=1524.7, avg=958.7, new=(qd-mutate=637.9). MAP-Elites(8x8, morphologies=3): occupied=28, pending=384, in flight=40
21:52:30: 5252x RT, 87.5 creatures/sec. Fitness: best=1524.7, avg=958.7, new=(qd-mutate=642.9). MAP-Elites(8x8, morphologies=3): occupied=28, pending=384, in flight=40
21:52:32: 5500x RT, 91.7 creatures/sec. Fitness: best=1524.7, avg=958.7, new=(qd-mutate=675.9). MAP-Elites(8x8, morphologies=3): occupied=28, pending=384, in flight=40
21:52:34: 5654x RT, 94.2 creatures/sec. Fitness: best=1524.7, avg=958.7, new=(qd-mutate=666.8). MAP-Elites(8x8, morphologies=3): occupied=28, pending=384, in flight=40
21:52:36: 5482x RT, 91.4 creatures/sec. Fitness: best=1524.7, avg=958.7, new=(qd-mutate=637.6). MAP-Elites(8x8, morphologies=3): occupied=28, pending=384, in flight=40
21:52:38: 5215x RT, 86.9 creatures/sec. Fitness: best=1524.7, avg=958.7, new=(qd-mutate=668.0). MAP-Elites(8x8, morphologies=3): occupied=28, pending=384, in flight=40
21:52:40: 5306x RT, 88.4 creatures/sec. Fitness: best=1524.7, avg=958.7, new=(qd-mutate=668.6). MAP-Elites(8x8, morphologies=3): occupied=28, pending=384, in flight=40
21:52:42: 5398x RT, 90.0 creatures/sec. Fitness: best=1524.7, avg=958.7, new=(qd-mutate=633.3). MAP-Elites(8x8, morphologies=3): occupied=28, pending=384, in flight=40
21:52:44: 5881x RT, 98.0 creatures/sec. Fitness: best=1524.7, avg=958.7, new=(qd-mutate=660.8). MAP-Elites(8x8, morphologies=3): occupied=28, pending=384, in flight=40
21:52:46: 5599x RT, 93.3 creatures/sec. Fitness: best=1524.7, avg=958.7, new=(qd-mutate=683.0). MAP-Elites(8x8, morphologies=3): occupied=28, pending=384, in flight=40
21:52:48: 5205x RT, 86.8 creatures/sec. Fitness: best=1524.7, avg=958.7, new=(qd-mutate=690.8). MAP-Elites(8x8, morphologies=3): occupied=28, pending=384, in flight=40
7578867 bytes written to /Users/dag/projects/Machine-Evolved-credible-training/training-runs/me-v2-harmonic-qd-01-double-gravity-double-population-8w/config.json. 
21:52:50: 5161x RT, 86.0 creatures/sec. Fitness: best=1524.7, avg=958.7, new=(qd-mutate=672.3). MAP-Elites(8x8, morphologies=3): occupied=28, pending=384, in flight=40
21:52:52: 5698x RT, 95.0 creatures/sec. Fitness: best=1524.7, avg=958.7, new=(qd-mutate=702.1). MAP-Elites(8x8, morphologies=3): occupied=28, pending=384, in flight=40
21:52:55: 5092x RT, 84.9 creatures/sec. Fitness: best=1524.7, avg=958.7, new=(qd-mutate=682.3). MAP-Elites(8x8, morphologies=3): occupied=28, pending=384, in flight=40
21:52:57: 5140x RT, 85.7 creatures/sec. Fitness: best=1524.7, avg=958.7, new=(qd-mutate=626.8). MAP-Elites(8x8, morphologies=3): occupied=28, pending=384, in flight=40
21:52:59: 5475x RT, 91.3 creatures/sec. Fitness: best=1524.7, avg=958.7, new=(qd-mutate=652.0). MAP-Elites(8x8, morphologies=3): occupied=28, pending=384, in flight=40
21:53:01: 5787x RT, 96.4 creatures/sec. Fitness: best=1524.7, avg=958.7, new=(qd-mutate=657.1). MAP-Elites(8x8, morphologies=3): occupied=28, pending=384, in flight=40
21:53:03: 5146x RT, 85.8 creatures/sec. Fitness: best=1524.7, avg=958.7, new=(qd-mutate=676.4). MAP-Elites(8x8, morphologies=3): occupied=28, pending=384, in flight=40
21:53:05: 5713x RT, 95.2 creatures/sec. Fitness: best=1524.7, avg=958.7, new=(qd-mutate=691.9). MAP-Elites(8x8, morphologies=3): occupied=28, pending=384, in flight=40
21:53:07: 5768x RT, 96.1 creatures/sec. Fitness: best=1524.7, avg=958.7, new=(qd-mutate=668.5). MAP-Elites(8x8, morphologies=3): occupied=28, pending=384, in flight=40
21:53:09: 5279x RT, 88.0 creatures/sec. Fitness: best=1524.7, avg=958.7, new=(qd-mutate=649.7). MAP-Elites(8x8, morphologies=3): occupied=28, pending=384, in flight=40
21:53:11: 5519x RT, 92.0 creatures/sec. Fitness: best=1524.7, avg=958.7, new=(qd-mutate=640.1). MAP-Elites(8x8, morphologies=3): occupied=28, pending=384, in flight=40
21:53:13: 5697x RT, 94.9 creatures/sec. Fitness: best=1524.7, avg=958.7, new=(qd-mutate=668.0). MAP-Elites(8x8, morphologies=3): occupied=28, pending=384, in flight=40
21:53:15: 5482x RT, 91.4 creatures/sec. Fitness: best=1524.7, avg=958.7, new=(qd-mutate=640.0). MAP-Elites(8x8, morphologies=3): occupied=28, pending=384, in flight=40
21:53:17: 2261x RT, 37.7 creatures/sec. Fitness: best=1524.7, avg=958.7, new=(qd-mutate=657.1). MAP-Elites(8x8, morphologies=3): occupied=28, pending=384, in flight=40
21:53:19: 5775x RT, 96.2 creatures/sec. Fitness: best=1524.7, avg=958.7, new=(qd-mutate=663.3). MAP-Elites(8x8, morphologies=3): occupied=28, pending=384, in flight=40
21:53:21: 6079x RT, 101.3 creatures/sec. Fitness: best=1524.7, avg=958.7, new=(qd-mutate=664.9). MAP-Elites(8x8, morphologies=3): occupied=28, pending=384, in flight=40
21:53:24: 5345x RT, 89.1 creatures/sec. Fitness: best=1524.7, avg=958.7, new=(qd-mutate=705.3). MAP-Elites(8x8, morphologies=3): occupied=28, pending=384, in flight=40
21:53:26: 5445x RT, 90.7 creatures/sec. Fitness: best=1524.7, avg=958.7, new=(qd-mutate=656.2). MAP-Elites(8x8, morphologies=3): occupied=28, pending=384, in flight=40
21:53:28: 4896x RT, 81.6 creatures/sec. Fitness: best=1524.7, avg=958.7, new=(qd-mutate=667.1). MAP-Elites(8x8, morphologies=3): occupied=28, pending=384, in flight=40
21:53:30: 4915x RT, 81.9 creatures/sec. Fitness: best=1524.7, avg=958.7, new=(qd-mutate=696.9). MAP-Elites(8x8, morphologies=3): occupied=28, pending=384, in flight=40
21:53:32: 5347x RT, 89.1 creatures/sec. Fitness: best=1524.7, avg=958.7, new=(qd-mutate=671.9). MAP-Elites(8x8, morphologies=3): occupied=28, pending=384, in flight=40
21:53:34: 5280x RT, 88.0 creatures/sec. Fitness: best=1524.7, avg=958.7, new=(qd-mutate=717.2). MAP-Elites(8x8, morphologies=3): occupied=28, pending=384, in flight=40
21:53:36: 5426x RT, 90.4 creatures/sec. Fitness: best=1524.7, avg=958.7, new=(qd-mutate=697.5). MAP-Elites(8x8, morphologies=3): occupied=28, pending=384, in flight=40
21:53:38: 5390x RT, 89.8 creatures/sec. Fitness: best=1524.7, avg=958.7, new=(qd-mutate=683.2). MAP-Elites(8x8, morphologies=3): occupied=28, pending=384, in flight=40
21:53:40: 5693x RT, 94.9 creatures/sec. Fitness: best=1524.7, avg=958.7, new=(qd-mutate=641.6). MAP-Elites(8x8, morphologies=3): occupied=28, pending=384, in flight=40
21:53:42: 5659x RT, 94.3 creatures/sec. Fitness: best=1524.7, avg=958.7, new=(qd-mutate=679.9). MAP-Elites(8x8, morphologies=3): occupied=28, pending=384, in flight=40
21:53:44: 5651x RT, 94.2 creatures/sec. Fitness: best=1524.7, avg=958.7, new=(qd-mutate=662.3). MAP-Elites(8x8, morphologies=3): occupied=28, pending=384, in flight=40
21:53:46: 5637x RT, 93.9 creatures/sec. Fitness: best=1524.7, avg=958.7, new=(qd-mutate=637.2). MAP-Elites(8x8, morphologies=3): occupied=28, pending=384, in flight=40
21:53:48: 5582x RT, 93.0 creatures/sec. Fitness: best=1524.7, avg=958.7, new=(qd-mutate=655.9). MAP-Elites(8x8, morphologies=3): occupied=28, pending=384, in flight=40
7583375 bytes written to /Users/dag/projects/Machine-Evolved-credible-training/training-runs/me-v2-harmonic-qd-01-double-gravity-double-population-8w/config.json. 
21:53:50: 5248x RT, 87.5 creatures/sec. Fitness: best=1524.7, avg=958.7, new=(qd-mutate=653.5). MAP-Elites(8x8, morphologies=3): occupied=28, pending=384, in flight=40
21:53:52: 4361x RT, 72.7 creatures/sec. Fitness: best=1524.7, avg=958.7, new=(qd-mutate=705.4). MAP-Elites(8x8, morphologies=3): occupied=28, pending=384, in flight=40
21:53:54: 5455x RT, 90.9 creatures/sec. Fitness: best=1524.7, avg=958.7, new=(qd-mutate=650.9). MAP-Elites(8x8, morphologies=3): occupied=28, pending=384, in flight=40
21:53:57: 5420x RT, 90.3 creatures/sec. Fitness: best=1524.7, avg=958.7, new=(qd-mutate=671.8). MAP-Elites(8x8, morphologies=3): occupied=28, pending=384, in flight=40
21:53:59: 5590x RT, 93.2 creatures/sec. Fitness: best=1524.7, avg=958.7, new=(qd-mutate=640.8). MAP-Elites(8x8, morphologies=3): occupied=28, pending=384, in flight=40
21:54:01: 5238x RT, 87.3 creatures/sec. Fitness: best=1524.7, avg=958.7, new=(qd-mutate=643.6). MAP-Elites(8x8, morphologies=3): occupied=28, pending=384, in flight=40
21:54:03: 5114x RT, 85.2 creatures/sec. Fitness: best=1524.7, avg=958.7, new=(qd-mutate=678.8). MAP-Elites(8x8, morphologies=3): occupied=28, pending=384, in flight=40
21:54:05: 5476x RT, 91.3 creatures/sec. Fitness: best=1524.7, avg=958.7, new=(qd-mutate=656.8). MAP-Elites(8x8, morphologies=3): occupied=28, pending=384, in flight=40
21:54:07: 5586x RT, 93.1 creatures/sec. Fitness: best=1524.7, avg=958.7, new=(qd-mutate=700.2). MAP-Elites(8x8, morphologies=3): occupied=28, pending=384, in flight=40
21:54:09: 5608x RT, 93.5 creatures/sec. Fitness: best=1524.7, avg=958.7, new=(qd-mutate=683.2). MAP-Elites(8x8, morphologies=3): occupied=28, pending=384, in flight=40
21:54:11: 5658x RT, 94.3 creatures/sec. Fitness: best=1524.7, avg=958.7, new=(qd-mutate=666.1). MAP-Elites(8x8, morphologies=3): occupied=28, pending=384, in flight=40
21:54:13: 5360x RT, 89.3 creatures/sec. Fitness: best=1524.7, avg=958.7, new=(qd-mutate=672.5). MAP-Elites(8x8, morphologies=3): occupied=28, pending=384, in flight=40
21:54:15: 5187x RT, 86.5 creatures/sec. Fitness: best=1524.7, avg=958.7, new=(qd-mutate=663.1). MAP-Elites(8x8, morphologies=3): occupied=28, pending=384, in flight=40
21:54:17: 5738x RT, 95.6 creatures/sec. Fitness: best=1524.7, avg=958.7, new=(qd-mutate=627.4). MAP-Elites(8x8, morphologies=3): occupied=28, pending=384, in flight=40
21:54:19: 5853x RT, 97.6 creatures/sec. Fitness: best=1524.7, avg=958.7, new=(qd-mutate=717.2). MAP-Elites(8x8, morphologies=3): occupied=28, pending=384, in flight=40
21:54:21: 5524x RT, 92.1 creatures/sec. Fitness: best=1524.7, avg=960.1, new=(qd-mutate=658.9). MAP-Elites(8x8, morphologies=3): occupied=28, pending=384, in flight=40
21:54:23: 4971x RT, 82.9 creatures/sec. Fitness: best=1524.7, avg=960.1, new=(qd-mutate=692.2). MAP-Elites(8x8, morphologies=3): occupied=28, pending=384, in flight=40
21:54:25: 5612x RT, 93.5 creatures/sec. Fitness: best=1524.7, avg=961.0, new=(qd-mutate=683.8). MAP-Elites(8x8, morphologies=3): occupied=28, pending=384, in flight=40
21:54:27: 5643x RT, 94.0 creatures/sec. Fitness: best=1524.7, avg=961.0, new=(qd-mutate=637.3). MAP-Elites(8x8, morphologies=3): occupied=28, pending=384, in flight=40
21:54:29: 5362x RT, 89.4 creatures/sec. Fitness: best=1524.7, avg=961.0, new=(qd-mutate=672.5). MAP-Elites(8x8, morphologies=3): occupied=28, pending=384, in flight=40
21:54:32: 5680x RT, 94.7 creatures/sec. Fitness: best=1524.7, avg=961.0, new=(qd-mutate=636.7). MAP-Elites(8x8, morphologies=3): occupied=28, pending=384, in flight=40
21:54:34: 5007x RT, 83.4 creatures/sec. Fitness: best=1524.7, avg=961.0, new=(qd-mutate=647.8). MAP-Elites(8x8, morphologies=3): occupied=28, pending=384, in flight=40
21:54:36: 4566x RT, 76.1 creatures/sec. Fitness: best=1524.7, avg=952.1, new=(qd-mutate=666.0). MAP-Elites(8x8, morphologies=3): occupied=29, pending=384, in flight=40
21:54:38: 4510x RT, 75.2 creatures/sec. Fitness: best=1524.7, avg=952.1, new=(qd-mutate=726.6). MAP-Elites(8x8, morphologies=3): occupied=29, pending=384, in flight=40
21:54:40: 4591x RT, 76.5 creatures/sec. Fitness: best=1524.7, avg=952.1, new=(qd-mutate=666.9). MAP-Elites(8x8, morphologies=3): occupied=29, pending=384, in flight=40
21:54:42: 4153x RT, 69.2 creatures/sec. Fitness: best=1524.7, avg=952.1, new=(qd-mutate=587.9). MAP-Elites(8x8, morphologies=3): occupied=29, pending=384, in flight=40
21:54:44: 3865x RT, 64.4 creatures/sec. Fitness: best=1524.7, avg=952.1, new=(qd-mutate=684.8). MAP-Elites(8x8, morphologies=3): occupied=29, pending=384, in flight=40
21:54:46: 3453x RT, 57.6 creatures/sec. Fitness: best=1524.7, avg=952.1, new=(qd-mutate=657.8). MAP-Elites(8x8, morphologies=3): occupied=29, pending=384, in flight=40
21:54:48: 3336x RT, 55.6 creatures/sec. Fitness: best=1524.7, avg=952.1, new=(qd-mutate=691.9). MAP-Elites(8x8, morphologies=3): occupied=29, pending=384, in flight=40
21:54:50: 3439x RT, 57.3 creatures/sec. Fitness: best=1524.7, avg=952.1, new=(qd-mutate=670.4). MAP-Elites(8x8, morphologies=3): occupied=29, pending=384, in flight=40
7621389 bytes written to /Users/dag/projects/Machine-Evolved-credible-training/training-runs/me-v2-harmonic-qd-01-double-gravity-double-population-8w/config.json. 
21:54:52: 3332x RT, 55.5 creatures/sec. Fitness: best=1524.7, avg=952.1, new=(qd-mutate=671.6). MAP-Elites(8x8, morphologies=3): occupied=29, pending=384, in flight=40
21:54:54: 3373x RT, 56.2 creatures/sec. Fitness: best=1524.7, avg=952.1, new=(qd-mutate=702.2). MAP-Elites(8x8, morphologies=3): occupied=29, pending=384, in flight=40
21:54:56: 3325x RT, 55.4 creatures/sec. Fitness: best=1524.7, avg=952.1, new=(qd-mutate=672.1). MAP-Elites(8x8, morphologies=3): occupied=29, pending=384, in flight=40
21:54:58: 3383x RT, 56.4 creatures/sec. Fitness: best=1524.7, avg=952.1, new=(qd-mutate=646.5). MAP-Elites(8x8, morphologies=3): occupied=29, pending=384, in flight=40
21:55:01: 3482x RT, 58.0 creatures/sec. Fitness: best=1524.7, avg=952.1, new=(qd-mutate=675.0). MAP-Elites(8x8, morphologies=3): occupied=29, pending=384, in flight=40
21:55:03: 3481x RT, 58.0 creatures/sec. Fitness: best=1524.7, avg=952.1, new=(qd-mutate=713.8). MAP-Elites(8x8, morphologies=3): occupied=29, pending=384, in flight=40
21:55:05: 3384x RT, 56.4 creatures/sec. Fitness: best=1524.7, avg=952.1, new=(qd-mutate=690.7). MAP-Elites(8x8, morphologies=3): occupied=29, pending=384, in flight=40
21:55:07: 3453x RT, 57.5 creatures/sec. Fitness: best=1524.7, avg=952.1, new=(qd-mutate=617.5). MAP-Elites(8x8, morphologies=3): occupied=29, pending=384, in flight=40
21:55:09: 3491x RT, 58.2 creatures/sec. Fitness: best=1524.7, avg=952.1, new=(qd-mutate=672.8). MAP-Elites(8x8, morphologies=3): occupied=29, pending=384, in flight=40
21:55:11: 3439x RT, 57.3 creatures/sec. Fitness: best=1524.7, avg=952.1, new=(qd-mutate=657.4). MAP-Elites(8x8, morphologies=3): occupied=29, pending=384, in flight=40
21:55:13: 3493x RT, 58.2 creatures/sec. Fitness: best=1524.7, avg=952.1, new=(qd-mutate=673.5). MAP-Elites(8x8, morphologies=3): occupied=29, pending=384, in flight=40
21:55:15: 3507x RT, 58.4 creatures/sec. Fitness: best=1524.7, avg=952.1, new=(qd-mutate=669.1). MAP-Elites(8x8, morphologies=3): occupied=29, pending=384, in flight=40
21:55:17: 3373x RT, 56.2 creatures/sec. Fitness: best=1524.7, avg=952.1, new=(qd-mutate=672.6). MAP-Elites(8x8, morphologies=3): occupied=29, pending=384, in flight=40
21:55:19: 3353x RT, 55.9 creatures/sec. Fitness: best=1524.7, avg=952.1, new=(qd-mutate=667.7). MAP-Elites(8x8, morphologies=3): occupied=29, pending=384, in flight=40
21:55:21: 3463x RT, 57.7 creatures/sec. Fitness: best=1524.7, avg=952.1, new=(qd-mutate=647.3). MAP-Elites(8x8, morphologies=3): occupied=29, pending=384, in flight=40
21:55:23: 3411x RT, 56.9 creatures/sec. Fitness: best=1524.7, avg=952.1, new=(qd-mutate=715.7). MAP-Elites(8x8, morphologies=3): occupied=29, pending=384, in flight=40
21:55:25: 3400x RT, 56.7 creatures/sec. Fitness: best=1524.7, avg=952.1, new=(qd-mutate=645.5). MAP-Elites(8x8, morphologies=3): occupied=29, pending=384, in flight=40
21:55:28: 3348x RT, 55.8 creatures/sec. Fitness: best=1524.7, avg=952.1, new=(qd-mutate=742.2). MAP-Elites(8x8, morphologies=3): occupied=29, pending=384, in flight=40
21:55:30: 3457x RT, 57.6 creatures/sec. Fitness: best=1524.7, avg=952.1, new=(qd-mutate=677.0). MAP-Elites(8x8, morphologies=3): occupied=29, pending=384, in flight=40
21:55:32: 3315x RT, 55.2 creatures/sec. Fitness: best=1524.7, avg=952.1, new=(qd-mutate=670.3). MAP-Elites(8x8, morphologies=3): occupied=29, pending=384, in flight=40
21:55:34: 3356x RT, 55.9 creatures/sec. Fitness: best=1524.7, avg=952.1, new=(qd-mutate=710.4). MAP-Elites(8x8, morphologies=3): occupied=29, pending=384, in flight=40
21:55:36: 3300x RT, 55.0 creatures/sec. Fitness: best=1524.7, avg=952.1, new=(qd-mutate=711.4). MAP-Elites(8x8, morphologies=3): occupied=29, pending=384, in flight=40
21:55:38: 3547x RT, 59.1 creatures/sec. Fitness: best=1524.7, avg=952.1, new=(qd-mutate=663.5). MAP-Elites(8x8, morphologies=3): occupied=29, pending=384, in flight=40
21:55:40: 3512x RT, 58.5 creatures/sec. Fitness: best=1524.7, avg=952.1, new=(qd-mutate=609.3). MAP-Elites(8x8, morphologies=3): occupied=29, pending=384, in flight=40
21:55:42: 3576x RT, 59.6 creatures/sec. Fitness: best=1524.7, avg=952.1, new=(qd-mutate=664.2). MAP-Elites(8x8, morphologies=3): occupied=29, pending=384, in flight=40
21:55:44: 3425x RT, 57.1 creatures/sec. Fitness: best=1524.7, avg=952.1, new=(qd-mutate=636.1). MAP-Elites(8x8, morphologies=3): occupied=29, pending=384, in flight=40
21:55:46: 3480x RT, 58.0 creatures/sec. Fitness: best=1524.7, avg=952.1, new=(qd-mutate=675.3). MAP-Elites(8x8, morphologies=3): occupied=29, pending=384, in flight=40
21:55:48: 3176x RT, 52.9 creatures/sec. Fitness: best=1524.7, avg=952.1, new=(qd-mutate=694.3). MAP-Elites(8x8, morphologies=3): occupied=29, pending=384, in flight=40
21:55:50: 3094x RT, 51.6 creatures/sec. Fitness: best=1524.7, avg=952.1, new=(qd-mutate=662.6). MAP-Elites(8x8, morphologies=3): occupied=29, pending=384, in flight=39
7575033 bytes written to /Users/dag/projects/Machine-Evolved-credible-training/training-runs/me-v2-harmonic-qd-01-double-gravity-double-population-8w/config.json. 
21:55:52: 2601x RT, 43.4 creatures/sec. Fitness: best=1524.7, avg=952.1, new=(qd-mutate=715.5). MAP-Elites(8x8, morphologies=3): occupied=29, pending=384, in flight=40
21:55:54: 2070x RT, 34.5 creatures/sec. Fitness: best=1524.7, avg=952.1, new=(qd-mutate=674.1). MAP-Elites(8x8, morphologies=3): occupied=29, pending=384, in flight=40
21:55:56: 3127x RT, 52.1 creatures/sec. Fitness: best=1524.7, avg=952.1, new=(qd-mutate=697.3). MAP-Elites(8x8, morphologies=3): occupied=29, pending=384, in flight=40
21:55:58: 3103x RT, 51.7 creatures/sec. Fitness: best=1524.7, avg=952.1, new=(qd-mutate=632.7). MAP-Elites(8x8, morphologies=3): occupied=29, pending=384, in flight=40
21:56:00: 3148x RT, 52.5 creatures/sec. Fitness: best=1524.7, avg=952.1, new=(qd-mutate=669.1). MAP-Elites(8x8, morphologies=3): occupied=29, pending=384, in flight=40
21:56:03: 3186x RT, 53.1 creatures/sec. Fitness: best=1524.7, avg=952.1, new=(qd-mutate=648.6). MAP-Elites(8x8, morphologies=3): occupied=29, pending=384, in flight=40
21:56:05: 3389x RT, 56.5 creatures/sec. Fitness: best=1524.7, avg=952.1, new=(qd-mutate=628.9). MAP-Elites(8x8, morphologies=3): occupied=29, pending=384, in flight=40
21:56:07: 565x RT, 9.4 creatures/sec. Fitness: best=1524.7, avg=952.1, new=(qd-mutate=658.2). MAP-Elites(8x8, morphologies=3): occupied=29, pending=384, in flight=40
21:56:09: 3487x RT, 58.1 creatures/sec. Fitness: best=1524.7, avg=952.1, new=(qd-mutate=705.4). MAP-Elites(8x8, morphologies=3): occupied=29, pending=384, in flight=40
21:56:11: 3470x RT, 57.8 creatures/sec. Fitness: best=1524.7, avg=952.1, new=(qd-mutate=663.4). MAP-Elites(8x8, morphologies=3): occupied=29, pending=384, in flight=40
21:56:13: 3394x RT, 56.6 creatures/sec. Fitness: best=1524.7, avg=952.1, new=(qd-mutate=657.8). MAP-Elites(8x8, morphologies=3): occupied=29, pending=384, in flight=40
21:56:15: 3416x RT, 56.9 creatures/sec. Fitness: best=1524.7, avg=952.1, new=(qd-mutate=656.0). MAP-Elites(8x8, morphologies=3): occupied=29, pending=384, in flight=40
21:56:17: 3365x RT, 56.1 creatures/sec. Fitness: best=1524.7, avg=952.1, new=(qd-mutate=678.0). MAP-Elites(8x8, morphologies=3): occupied=29, pending=384, in flight=40
21:56:19: 3334x RT, 55.6 creatures/sec. Fitness: best=1524.7, avg=952.1, new=(qd-mutate=680.6). MAP-Elites(8x8, morphologies=3): occupied=29, pending=384, in flight=40
21:56:21: 3399x RT, 56.7 creatures/sec. Fitness: best=1524.7, avg=952.1, new=(qd-mutate=643.4). MAP-Elites(8x8, morphologies=3): occupied=29, pending=384, in flight=40
21:56:23: 3418x RT, 57.0 creatures/sec. Fitness: best=1524.7, avg=952.1, new=(qd-mutate=706.1). MAP-Elites(8x8, morphologies=3): occupied=29, pending=384, in flight=40
21:56:25: 3402x RT, 56.7 creatures/sec. Fitness: best=1524.7, avg=952.1, new=(qd-mutate=658.3). MAP-Elites(8x8, morphologies=3): occupied=29, pending=384, in flight=40
21:56:27: 3515x RT, 58.6 creatures/sec. Fitness: best=1524.7, avg=952.1, new=(qd-mutate=690.3). MAP-Elites(8x8, morphologies=3): occupied=29, pending=384, in flight=40
21:56:29: 3327x RT, 55.4 creatures/sec. Fitness: best=1524.7, avg=952.1, new=(qd-mutate=665.2). MAP-Elites(8x8, morphologies=3): occupied=29, pending=384, in flight=40
21:56:32: 3366x RT, 56.1 creatures/sec. Fitness: best=1524.7, avg=952.1, new=(qd-mutate=656.6). MAP-Elites(8x8, morphologies=3): occupied=29, pending=384, in flight=40
21:56:34: 3370x RT, 56.2 creatures/sec. Fitness: best=1524.7, avg=952.1, new=(qd-mutate=673.4). MAP-Elites(8x8, morphologies=3): occupied=29, pending=384, in flight=40
21:56:36: 3346x RT, 55.8 creatures/sec. Fitness: best=1524.7, avg=952.1, new=(qd-mutate=656.2). MAP-Elites(8x8, morphologies=3): occupied=29, pending=384, in flight=40
21:56:38: 3366x RT, 56.1 creatures/sec. Fitness: best=1524.7, avg=952.1, new=(qd-mutate=668.2). MAP-Elites(8x8, morphologies=3): occupied=29, pending=384, in flight=40
21:56:40: 3302x RT, 55.0 creatures/sec. Fitness: best=1524.7, avg=952.1, new=(qd-mutate=697.7). MAP-Elites(8x8, morphologies=3): occupied=29, pending=384, in flight=40
21:56:42: 3418x RT, 57.0 creatures/sec. Fitness: best=1524.7, avg=952.1, new=(qd-mutate=685.4). MAP-Elites(8x8, morphologies=3): occupied=29, pending=384, in flight=40
21:56:44: 3434x RT, 57.2 creatures/sec. Fitness: best=1524.7, avg=952.1, new=(qd-mutate=669.2). MAP-Elites(8x8, morphologies=3): occupied=29, pending=384, in flight=40
21:56:46: 3383x RT, 56.4 creatures/sec. Fitness: best=1524.7, avg=952.1, new=(qd-mutate=621.9). MAP-Elites(8x8, morphologies=3): occupied=29, pending=384, in flight=40
21:56:48: 3506x RT, 58.4 creatures/sec. Fitness: best=1524.7, avg=952.1, new=(qd-mutate=667.7). MAP-Elites(8x8, morphologies=3): occupied=29, pending=384, in flight=40
21:56:50: 3390x RT, 56.5 creatures/sec. Fitness: best=1524.7, avg=952.1, new=(qd-mutate=693.5). MAP-Elites(8x8, morphologies=3): occupied=29, pending=384, in flight=40
7618278 bytes written to /Users/dag/projects/Machine-Evolved-credible-training/training-runs/me-v2-harmonic-qd-01-double-gravity-double-population-8w/config.json. 
21:56:52: 3440x RT, 57.3 creatures/sec. Fitness: best=1524.7, avg=952.1, new=(qd-mutate=659.2). MAP-Elites(8x8, morphologies=3): occupied=29, pending=384, in flight=40
21:56:54: 3434x RT, 57.2 creatures/sec. Fitness: best=1524.7, avg=952.1, new=(qd-mutate=710.0). MAP-Elites(8x8, morphologies=3): occupied=29, pending=384, in flight=40
21:56:56: 3466x RT, 57.8 creatures/sec. Fitness: best=1524.7, avg=952.1, new=(qd-mutate=660.4). MAP-Elites(8x8, morphologies=3): occupied=29, pending=384, in flight=40
21:56:59: 3414x RT, 56.9 creatures/sec. Fitness: best=1524.7, avg=952.1, new=(qd-mutate=692.0). MAP-Elites(8x8, morphologies=3): occupied=29, pending=384, in flight=40
21:57:01: 3415x RT, 56.9 creatures/sec. Fitness: best=1524.7, avg=952.1, new=(qd-mutate=604.6). MAP-Elites(8x8, morphologies=3): occupied=29, pending=384, in flight=40
21:57:03: 3405x RT, 56.8 creatures/sec. Fitness: best=1524.7, avg=952.1, new=(qd-mutate=725.8). MAP-Elites(8x8, morphologies=3): occupied=29, pending=384, in flight=40
21:57:05: 3456x RT, 57.6 creatures/sec. Fitness: best=1524.7, avg=952.1, new=(qd-mutate=710.1). MAP-Elites(8x8, morphologies=3): occupied=29, pending=384, in flight=40
21:57:07: 3376x RT, 56.3 creatures/sec. Fitness: best=1524.7, avg=952.1, new=(qd-mutate=724.1). MAP-Elites(8x8, morphologies=3): occupied=29, pending=384, in flight=40
21:57:09: 3529x RT, 58.8 creatures/sec. Fitness: best=1524.7, avg=952.1, new=(qd-mutate=723.2). MAP-Elites(8x8, morphologies=3): occupied=29, pending=384, in flight=40
21:57:11: 3426x RT, 57.1 creatures/sec. Fitness: best=1524.7, avg=952.1, new=(qd-mutate=709.7). MAP-Elites(8x8, morphologies=3): occupied=29, pending=384, in flight=40
21:57:13: 3302x RT, 55.0 creatures/sec. Fitness: best=1524.7, avg=952.1, new=(qd-mutate=682.9). MAP-Elites(8x8, morphologies=3): occupied=29, pending=384, in flight=40
21:57:15: 3463x RT, 57.7 creatures/sec. Fitness: best=1524.7, avg=952.1, new=(qd-mutate=671.6). MAP-Elites(8x8, morphologies=3): occupied=29, pending=384, in flight=40
21:57:17: 3512x RT, 58.5 creatures/sec. Fitness: best=1524.7, avg=952.1, new=(qd-mutate=627.3). MAP-Elites(8x8, morphologies=3): occupied=29, pending=384, in flight=40
21:57:19: 3372x RT, 56.2 creatures/sec. Fitness: best=1524.7, avg=952.1, new=(qd-mutate=617.4). MAP-Elites(8x8, morphologies=3): occupied=29, pending=384, in flight=40
21:57:21: 3316x RT, 55.3 creatures/sec. Fitness: best=1524.7, avg=952.1, new=(qd-mutate=609.4). MAP-Elites(8x8, morphologies=3): occupied=29, pending=384, in flight=40
21:57:24: 3455x RT, 57.6 creatures/sec. Fitness: best=1524.7, avg=952.1, new=(qd-mutate=638.6). MAP-Elites(8x8, morphologies=3): occupied=29, pending=384, in flight=40
21:57:26: 3293x RT, 54.9 creatures/sec. Fitness: best=1524.7, avg=952.1, new=(qd-mutate=651.9). MAP-Elites(8x8, morphologies=3): occupied=29, pending=384, in flight=40
21:57:28: 3484x RT, 58.1 creatures/sec. Fitness: best=1524.7, avg=952.1, new=(qd-mutate=660.9). MAP-Elites(8x8, morphologies=3): occupied=29, pending=384, in flight=40
21:57:30: 3423x RT, 57.0 creatures/sec. Fitness: best=1524.7, avg=952.1, new=(qd-mutate=718.9). MAP-Elites(8x8, morphologies=3): occupied=29, pending=384, in flight=40
21:57:32: 3534x RT, 58.9 creatures/sec. Fitness: best=1524.7, avg=952.1, new=(qd-mutate=674.7). MAP-Elites(8x8, morphologies=3): occupied=29, pending=384, in flight=40
21:57:34: 3446x RT, 57.4 creatures/sec. Fitness: best=1524.7, avg=952.1, new=(qd-mutate=634.7). MAP-Elites(8x8, morphologies=3): occupied=29, pending=384, in flight=40
21:57:36: 3520x RT, 58.7 creatures/sec. Fitness: best=1524.7, avg=952.1, new=(qd-mutate=650.0). MAP-Elites(8x8, morphologies=3): occupied=29, pending=384, in flight=40
21:57:38: 3471x RT, 57.8 creatures/sec. Fitness: best=1524.7, avg=952.1, new=(qd-mutate=685.0). MAP-Elites(8x8, morphologies=3): occupied=29, pending=384, in flight=40
21:57:40: 3599x RT, 60.0 creatures/sec. Fitness: best=1524.7, avg=952.1, new=(qd-mutate=650.3). MAP-Elites(8x8, morphologies=3): occupied=29, pending=384, in flight=40
21:57:42: 3470x RT, 57.8 creatures/sec. Fitness: best=1524.7, avg=952.1, new=(qd-mutate=644.9). MAP-Elites(8x8, morphologies=3): occupied=29, pending=384, in flight=40
21:57:44: 3520x RT, 58.7 creatures/sec. Fitness: best=1524.7, avg=952.1, new=(qd-mutate=665.3). MAP-Elites(8x8, morphologies=3): occupied=29, pending=384, in flight=40
21:57:46: 3541x RT, 59.0 creatures/sec. Fitness: best=1524.7, avg=952.1, new=(qd-mutate=601.9). MAP-Elites(8x8, morphologies=3): occupied=29, pending=384, in flight=40
21:57:48: 3556x RT, 59.3 creatures/sec. Fitness: best=1524.7, avg=952.1, new=(qd-mutate=643.2). MAP-Elites(8x8, morphologies=3): occupied=29, pending=384, in flight=40
21:57:50: 3496x RT, 58.3 creatures/sec. Fitness: best=1524.7, avg=952.1, new=(qd-mutate=670.2). MAP-Elites(8x8, morphologies=3): occupied=29, pending=384, in flight=40
7619607 bytes written to /Users/dag/projects/Machine-Evolved-credible-training/training-runs/me-v2-harmonic-qd-01-double-gravity-double-population-8w/config.json. 
21:57:52: 3472x RT, 57.9 creatures/sec. Fitness: best=1524.7, avg=952.1, new=(qd-mutate=651.0). MAP-Elites(8x8, morphologies=3): occupied=29, pending=384, in flight=40
21:57:54: 3529x RT, 58.8 creatures/sec. Fitness: best=1524.7, avg=952.1, new=(qd-mutate=640.7). MAP-Elites(8x8, morphologies=3): occupied=29, pending=384, in flight=40
21:57:56: 3489x RT, 58.1 creatures/sec. Fitness: best=1524.7, avg=955.6, new=(qd-mutate=677.5). MAP-Elites(8x8, morphologies=3): occupied=29, pending=384, in flight=40
21:57:59: 3477x RT, 58.0 creatures/sec. Fitness: best=1524.7, avg=955.6, new=(qd-mutate=634.3). MAP-Elites(8x8, morphologies=3): occupied=29, pending=384, in flight=40
21:58:01: 3544x RT, 59.1 creatures/sec. Fitness: best=1524.7, avg=955.6, new=(qd-mutate=633.0). MAP-Elites(8x8, morphologies=3): occupied=29, pending=384, in flight=40
21:58:03: 3526x RT, 58.8 creatures/sec. Fitness: best=1524.7, avg=955.6, new=(qd-mutate=676.5). MAP-Elites(8x8, morphologies=3): occupied=29, pending=384, in flight=40
21:58:05: 3562x RT, 59.4 creatures/sec. Fitness: best=1524.7, avg=955.6, new=(qd-mutate=649.5). MAP-Elites(8x8, morphologies=3): occupied=29, pending=384, in flight=40
21:58:07: 3491x RT, 58.2 creatures/sec. Fitness: best=1524.7, avg=955.6, new=(qd-mutate=677.2). MAP-Elites(8x8, morphologies=3): occupied=29, pending=384, in flight=40
21:58:09: 3526x RT, 58.8 creatures/sec. Fitness: best=1524.7, avg=955.6, new=(qd-mutate=682.5). MAP-Elites(8x8, morphologies=3): occupied=29, pending=384, in flight=40
21:58:11: 3551x RT, 59.2 creatures/sec. Fitness: best=1524.7, avg=955.6, new=(qd-mutate=666.8). MAP-Elites(8x8, morphologies=3): occupied=29, pending=384, in flight=40
21:58:13: 3568x RT, 59.5 creatures/sec. Fitness: best=1524.7, avg=955.6, new=(qd-mutate=616.9). MAP-Elites(8x8, morphologies=3): occupied=29, pending=384, in flight=40
21:58:15: 3541x RT, 59.0 creatures/sec. Fitness: best=1524.7, avg=955.6, new=(qd-mutate=650.3). MAP-Elites(8x8, morphologies=3): occupied=29, pending=384, in flight=40
21:58:17: 3580x RT, 59.7 creatures/sec. Fitness: best=1524.7, avg=955.6, new=(qd-mutate=664.0). MAP-Elites(8x8, morphologies=3): occupied=29, pending=384, in flight=40
21:58:19: 3563x RT, 59.4 creatures/sec. Fitness: best=1524.7, avg=955.6, new=(qd-mutate=696.9). MAP-Elites(8x8, morphologies=3): occupied=29, pending=384, in flight=40
21:58:21: 3557x RT, 59.3 creatures/sec. Fitness: best=1524.7, avg=955.6, new=(qd-mutate=635.9). MAP-Elites(8x8, morphologies=3): occupied=29, pending=384, in flight=40
21:58:23: 3573x RT, 59.6 creatures/sec. Fitness: best=1524.7, avg=955.6, new=(qd-mutate=669.9). MAP-Elites(8x8, morphologies=3): occupied=29, pending=384, in flight=40
21:58:25: 3475x RT, 57.9 creatures/sec. Fitness: best=1524.7, avg=955.6, new=(qd-mutate=677.7). MAP-Elites(8x8, morphologies=3): occupied=29, pending=384, in flight=40
21:58:27: 3498x RT, 58.3 creatures/sec. Fitness: best=1524.7, avg=955.6, new=(qd-mutate=640.0). MAP-Elites(8x8, morphologies=3): occupied=29, pending=384, in flight=40
21:58:29: 3562x RT, 59.4 creatures/sec. Fitness: best=1524.7, avg=955.6, new=(qd-mutate=651.3). MAP-Elites(8x8, morphologies=3): occupied=29, pending=384, in flight=40
21:58:31: 3586x RT, 59.8 creatures/sec. Fitness: best=1524.7, avg=955.6, new=(qd-mutate=664.0). MAP-Elites(8x8, morphologies=3): occupied=29, pending=384, in flight=40
21:58:33: 3589x RT, 59.8 creatures/sec. Fitness: best=1524.7, avg=955.6, new=(qd-mutate=684.9). MAP-Elites(8x8, morphologies=3): occupied=29, pending=384, in flight=40
21:58:35: 3530x RT, 58.8 creatures/sec. Fitness: best=1524.7, avg=955.6, new=(qd-mutate=675.3). MAP-Elites(8x8, morphologies=3): occupied=29, pending=384, in flight=40
21:58:38: 3534x RT, 58.9 creatures/sec. Fitness: best=1524.7, avg=955.6, new=(qd-mutate=692.1). MAP-Elites(8x8, morphologies=3): occupied=29, pending=384, in flight=40
21:58:40: 3534x RT, 58.9 creatures/sec. Fitness: best=1524.7, avg=955.6, new=(qd-mutate=678.9). MAP-Elites(8x8, morphologies=3): occupied=29, pending=384, in flight=40
21:58:42: 3569x RT, 59.5 creatures/sec. Fitness: best=1524.7, avg=955.6, new=(qd-mutate=697.3). MAP-Elites(8x8, morphologies=3): occupied=29, pending=384, in flight=40
21:58:44: 3534x RT, 58.9 creatures/sec. Fitness: best=1524.7, avg=955.6, new=(qd-mutate=731.6). MAP-Elites(8x8, morphologies=3): occupied=29, pending=384, in flight=40
21:58:46: 3594x RT, 59.9 creatures/sec. Fitness: best=1524.7, avg=959.3, new=(qd-mutate=660.5). MAP-Elites(8x8, morphologies=3): occupied=29, pending=384, in flight=40
21:58:48: 3571x RT, 59.5 creatures/sec. Fitness: best=1524.7, avg=959.3, new=(qd-mutate=662.6). MAP-Elites(8x8, morphologies=3): occupied=29, pending=384, in flight=40
21:58:50: 3540x RT, 59.0 creatures/sec. Fitness: best=1524.7, avg=959.3, new=(qd-mutate=655.3). MAP-Elites(8x8, morphologies=3): occupied=29, pending=384, in flight=40
7585399 bytes written to /Users/dag/projects/Machine-Evolved-credible-training/training-runs/me-v2-harmonic-qd-01-double-gravity-double-population-8w/config.json. 
21:58:52: 3546x RT, 59.1 creatures/sec. Fitness: best=1524.7, avg=945.2, new=(qd-mutate=679.5). MAP-Elites(8x8, morphologies=3): occupied=30, pending=384, in flight=40
21:58:54: 3518x RT, 58.6 creatures/sec. Fitness: best=1524.7, avg=945.2, new=(qd-mutate=650.0). MAP-Elites(8x8, morphologies=3): occupied=30, pending=384, in flight=40
21:58:56: 3482x RT, 58.0 creatures/sec. Fitness: best=1524.7, avg=945.2, new=(qd-mutate=696.1). MAP-Elites(8x8, morphologies=3): occupied=30, pending=384, in flight=40
21:58:58: 3546x RT, 59.1 creatures/sec. Fitness: best=1524.7, avg=945.2, new=(qd-mutate=684.6). MAP-Elites(8x8, morphologies=3): occupied=30, pending=384, in flight=40
21:59:00: 3557x RT, 59.3 creatures/sec. Fitness: best=1524.7, avg=945.2, new=(qd-mutate=634.9). MAP-Elites(8x8, morphologies=3): occupied=30, pending=384, in flight=40
21:59:02: 3557x RT, 59.3 creatures/sec. Fitness: best=1524.7, avg=945.2, new=(qd-mutate=636.9). MAP-Elites(8x8, morphologies=3): occupied=30, pending=384, in flight=40
21:59:04: 3560x RT, 59.3 creatures/sec. Fitness: best=1524.7, avg=945.2, new=(qd-mutate=703.7). MAP-Elites(8x8, morphologies=3): occupied=30, pending=384, in flight=40
21:59:06: 3577x RT, 59.6 creatures/sec. Fitness: best=1524.7, avg=945.2, new=(qd-mutate=634.7). MAP-Elites(8x8, morphologies=3): occupied=30, pending=384, in flight=40
21:59:08: 3556x RT, 59.3 creatures/sec. Fitness: best=1524.7, avg=945.2, new=(qd-mutate=652.3). MAP-Elites(8x8, morphologies=3): occupied=30, pending=384, in flight=40
21:59:11: 3554x RT, 59.2 creatures/sec. Fitness: best=1524.7, avg=945.2, new=(qd-mutate=702.9). MAP-Elites(8x8, morphologies=3): occupied=30, pending=384, in flight=40
21:59:13: 3568x RT, 59.5 creatures/sec. Fitness: best=1524.7, avg=945.2, new=(qd-mutate=631.0). MAP-Elites(8x8, morphologies=3): occupied=30, pending=384, in flight=40
21:59:15: 3550x RT, 59.2 creatures/sec. Fitness: best=1524.7, avg=945.2, new=(qd-mutate=703.7). MAP-Elites(8x8, morphologies=3): occupied=30, pending=384, in flight=40
21:59:17: 3554x RT, 59.2 creatures/sec. Fitness: best=1524.7, avg=945.2, new=(qd-mutate=651.8). MAP-Elites(8x8, morphologies=3): occupied=30, pending=384, in flight=40
21:59:19: 3555x RT, 59.3 creatures/sec. Fitness: best=1524.7, avg=945.2, new=(qd-mutate=604.6). MAP-Elites(8x8, morphologies=3): occupied=30, pending=384, in flight=40
21:59:21: 3582x RT, 59.7 creatures/sec. Fitness: best=1524.7, avg=945.2, new=(qd-mutate=649.6). MAP-Elites(8x8, morphologies=3): occupied=30, pending=384, in flight=40
21:59:23: 3546x RT, 59.1 creatures/sec. Fitness: best=1524.7, avg=945.2, new=(qd-mutate=641.6). MAP-Elites(8x8, morphologies=3): occupied=30, pending=384, in flight=40
21:59:25: 3510x RT, 58.5 creatures/sec. Fitness: best=1524.7, avg=945.2, new=(qd-mutate=661.1). MAP-Elites(8x8, morphologies=3): occupied=30, pending=384, in flight=40
21:59:27: 3552x RT, 59.2 creatures/sec. Fitness: best=1524.7, avg=945.2, new=(qd-mutate=732.7). MAP-Elites(8x8, morphologies=3): occupied=30, pending=384, in flight=40
21:59:29: 3577x RT, 59.6 creatures/sec. Fitness: best=1524.7, avg=945.2, new=(qd-mutate=683.2). MAP-Elites(8x8, morphologies=3): occupied=30, pending=384, in flight=40
21:59:31: 3550x RT, 59.2 creatures/sec. Fitness: best=1524.7, avg=945.2, new=(qd-mutate=664.8). MAP-Elites(8x8, morphologies=3): occupied=30, pending=384, in flight=40
21:59:33: 3583x RT, 59.7 creatures/sec. Fitness: best=1524.7, avg=945.2, new=(qd-mutate=643.8). MAP-Elites(8x8, morphologies=3): occupied=30, pending=384, in flight=40
21:59:35: 3520x RT, 58.7 creatures/sec. Fitness: best=1524.7, avg=945.2, new=(qd-mutate=696.9). MAP-Elites(8x8, morphologies=3): occupied=30, pending=384, in flight=40
21:59:37: 3516x RT, 58.6 creatures/sec. Fitness: best=1524.7, avg=945.2, new=(qd-mutate=658.5). MAP-Elites(8x8, morphologies=3): occupied=30, pending=384, in flight=39
21:59:39: 3521x RT, 58.7 creatures/sec. Fitness: best=1524.7, avg=945.2, new=(qd-mutate=619.3). MAP-Elites(8x8, morphologies=3): occupied=30, pending=384, in flight=40
21:59:42: 3560x RT, 59.3 creatures/sec. Fitness: best=1524.7, avg=945.2, new=(qd-mutate=601.4). MAP-Elites(8x8, morphologies=3): occupied=30, pending=384, in flight=40
21:59:44: 3591x RT, 59.8 creatures/sec. Fitness: best=1524.7, avg=945.2, new=(qd-mutate=630.5). MAP-Elites(8x8, morphologies=3): occupied=30, pending=384, in flight=40
21:59:46: 3537x RT, 59.0 creatures/sec. Fitness: best=1524.7, avg=945.2, new=(qd-mutate=635.7). MAP-Elites(8x8, morphologies=3): occupied=30, pending=384, in flight=40
21:59:48: 3651x RT, 60.8 creatures/sec. Fitness: best=1524.7, avg=945.2, new=(qd-mutate=667.2). MAP-Elites(8x8, morphologies=3): occupied=30, pending=384, in flight=40
21:59:50: 3684x RT, 61.4 creatures/sec. Fitness: best=1524.7, avg=945.2, new=(qd-mutate=672.3). MAP-Elites(8x8, morphologies=3): occupied=30, pending=384, in flight=40
7609930 bytes written to /Users/dag/projects/Machine-Evolved-credible-training/training-runs/me-v2-harmonic-qd-01-double-gravity-double-population-8w/config.json. 
21:59:52: 3660x RT, 61.0 creatures/sec. Fitness: best=1524.7, avg=945.2, new=(qd-mutate=667.9). MAP-Elites(8x8, morphologies=3): occupied=30, pending=384, in flight=40
21:59:54: 3831x RT, 63.8 creatures/sec. Fitness: best=1524.7, avg=945.2, new=(qd-mutate=692.0). MAP-Elites(8x8, morphologies=3): occupied=30, pending=384, in flight=40
21:59:56: 3692x RT, 61.5 creatures/sec. Fitness: best=1524.7, avg=945.2, new=(qd-mutate=629.8). MAP-Elites(8x8, morphologies=3): occupied=30, pending=384, in flight=40
21:59:58: 3902x RT, 65.0 creatures/sec. Fitness: best=1524.7, avg=945.2, new=(qd-mutate=677.1). MAP-Elites(8x8, morphologies=3): occupied=30, pending=384, in flight=40
22:00:00: 3901x RT, 65.0 creatures/sec. Fitness: best=1524.7, avg=945.2, new=(qd-mutate=672.0). MAP-Elites(8x8, morphologies=3): occupied=30, pending=384, in flight=40
22:00:02: 3952x RT, 65.9 creatures/sec. Fitness: best=1524.7, avg=945.2, new=(qd-mutate=726.2). MAP-Elites(8x8, morphologies=3): occupied=30, pending=384, in flight=40
22:00:04: 4036x RT, 67.3 creatures/sec. Fitness: best=1524.7, avg=945.2, new=(qd-mutate=684.4). MAP-Elites(8x8, morphologies=3): occupied=30, pending=384, in flight=40
22:00:06: 4065x RT, 67.8 creatures/sec. Fitness: best=1524.7, avg=945.2, new=(qd-mutate=695.9). MAP-Elites(8x8, morphologies=3): occupied=30, pending=384, in flight=40
22:00:09: 4086x RT, 68.1 creatures/sec. Fitness: best=1524.7, avg=945.2, new=(qd-mutate=686.7). MAP-Elites(8x8, morphologies=3): occupied=30, pending=384, in flight=40
22:00:11: 4264x RT, 71.1 creatures/sec. Fitness: best=1524.7, avg=945.2, new=(qd-mutate=678.6). MAP-Elites(8x8, morphologies=3): occupied=30, pending=384, in flight=40
22:00:13: 4355x RT, 72.6 creatures/sec. Fitness: best=1524.7, avg=945.2, new=(qd-mutate=663.3). MAP-Elites(8x8, morphologies=3): occupied=30, pending=384, in flight=40
22:00:15: 4554x RT, 75.9 creatures/sec. Fitness: best=1524.7, avg=945.2, new=(qd-mutate=635.6). MAP-Elites(8x8, morphologies=3): occupied=30, pending=384, in flight=40
22:00:17: 4298x RT, 71.6 creatures/sec. Fitness: best=1524.7, avg=945.2, new=(qd-mutate=675.1). MAP-Elites(8x8, morphologies=3): occupied=30, pending=384, in flight=40
22:00:19: 4457x RT, 74.3 creatures/sec. Fitness: best=1524.7, avg=945.2, new=(qd-mutate=662.3). MAP-Elites(8x8, morphologies=3): occupied=30, pending=384, in flight=40
22:00:21: 4753x RT, 79.2 creatures/sec. Fitness: best=1524.7, avg=945.2, new=(qd-mutate=655.0). MAP-Elites(8x8, morphologies=3): occupied=30, pending=384, in flight=40
22:00:23: 4415x RT, 73.6 creatures/sec. Fitness: best=1524.7, avg=945.2, new=(qd-mutate=650.1). MAP-Elites(8x8, morphologies=3): occupied=30, pending=384, in flight=40
22:00:25: 4757x RT, 79.3 creatures/sec. Fitness: best=1524.7, avg=945.2, new=(qd-mutate=647.4). MAP-Elites(8x8, morphologies=3): occupied=30, pending=384, in flight=40
22:00:27: 5155x RT, 85.9 creatures/sec. Fitness: best=1524.7, avg=945.2, new=(qd-mutate=669.6). MAP-Elites(8x8, morphologies=3): occupied=30, pending=384, in flight=40
22:00:29: 4726x RT, 78.8 creatures/sec. Fitness: best=1524.7, avg=945.2, new=(qd-mutate=614.3). MAP-Elites(8x8, morphologies=3): occupied=30, pending=384, in flight=40
22:00:31: 4993x RT, 83.2 creatures/sec. Fitness: best=1524.7, avg=945.2, new=(qd-mutate=673.1). MAP-Elites(8x8, morphologies=3): occupied=30, pending=384, in flight=40
22:00:33: 5515x RT, 91.9 creatures/sec. Fitness: best=1524.7, avg=945.2, new=(qd-mutate=664.5). MAP-Elites(8x8, morphologies=3): occupied=30, pending=384, in flight=40
22:00:35: 5060x RT, 84.3 creatures/sec. Fitness: best=1524.7, avg=945.2, new=(qd-mutate=686.4). MAP-Elites(8x8, morphologies=3): occupied=30, pending=384, in flight=40
22:00:38: 5346x RT, 89.1 creatures/sec. Fitness: best=1524.7, avg=945.2, new=(qd-mutate=705.3). MAP-Elites(8x8, morphologies=3): occupied=30, pending=384, in flight=40
22:00:40: 5422x RT, 90.4 creatures/sec. Fitness: best=1524.7, avg=945.2, new=(qd-mutate=677.6). MAP-Elites(8x8, morphologies=3): occupied=30, pending=384, in flight=40
22:00:42: 5586x RT, 93.1 creatures/sec. Fitness: best=1524.7, avg=945.2, new=(qd-mutate=698.8). MAP-Elites(8x8, morphologies=3): occupied=30, pending=384, in flight=40
22:00:44: 5377x RT, 89.6 creatures/sec. Fitness: best=1524.7, avg=945.2, new=(qd-mutate=645.4). MAP-Elites(8x8, morphologies=3): occupied=30, pending=384, in flight=40
22:00:46: 5180x RT, 86.3 creatures/sec. Fitness: best=1524.7, avg=945.2, new=(qd-mutate=691.5). MAP-Elites(8x8, morphologies=3): occupied=30, pending=384, in flight=40
22:00:48: 4020x RT, 67.0 creatures/sec. Fitness: best=1524.7, avg=945.2, new=(qd-mutate=676.6). MAP-Elites(8x8, morphologies=3): occupied=30, pending=384, in flight=40
22:00:50: 4638x RT, 77.3 creatures/sec. Fitness: best=1524.7, avg=945.2, new=(qd-mutate=662.1). MAP-Elites(8x8, morphologies=3): occupied=30, pending=384, in flight=40
7606284 bytes written to /Users/dag/projects/Machine-Evolved-credible-training/training-runs/me-v2-harmonic-qd-01-double-gravity-double-population-8w/config.json. 
22:00:52: 5898x RT, 98.3 creatures/sec. Fitness: best=1524.7, avg=945.2, new=(qd-mutate=647.1). MAP-Elites(8x8, morphologies=3): occupied=30, pending=384, in flight=40
22:00:54: 5837x RT, 97.3 creatures/sec. Fitness: best=1524.7, avg=945.2, new=(qd-mutate=627.5). MAP-Elites(8x8, morphologies=3): occupied=30, pending=384, in flight=40
22:00:56: 5447x RT, 90.8 creatures/sec. Fitness: best=1524.7, avg=945.2, new=(qd-mutate=638.2). MAP-Elites(8x8, morphologies=3): occupied=30, pending=384, in flight=40
22:00:58: 5429x RT, 90.5 creatures/sec. Fitness: best=1524.7, avg=945.2, new=(qd-mutate=700.5). MAP-Elites(8x8, morphologies=3): occupied=30, pending=384, in flight=40
22:01:01: 5610x RT, 93.5 creatures/sec. Fitness: best=1524.7, avg=945.2, new=(qd-mutate=682.1). MAP-Elites(8x8, morphologies=3): occupied=30, pending=384, in flight=40
22:01:03: 5474x RT, 91.2 creatures/sec. Fitness: best=1524.7, avg=945.2, new=(qd-mutate=675.0). MAP-Elites(8x8, morphologies=3): occupied=30, pending=384, in flight=40
22:01:05: 5259x RT, 87.6 creatures/sec. Fitness: best=1524.7, avg=945.2, new=(qd-mutate=663.6). MAP-Elites(8x8, morphologies=3): occupied=30, pending=384, in flight=40
22:01:07: 5623x RT, 93.7 creatures/sec. Fitness: best=1524.7, avg=945.2, new=(qd-mutate=643.4). MAP-Elites(8x8, morphologies=3): occupied=30, pending=384, in flight=40
22:01:09: 5891x RT, 98.2 creatures/sec. Fitness: best=1524.7, avg=945.2, new=(qd-mutate=656.5). MAP-Elites(8x8, morphologies=3): occupied=30, pending=384, in flight=40
22:01:11: 5667x RT, 94.4 creatures/sec. Fitness: best=1524.7, avg=945.2, new=(qd-mutate=680.6). MAP-Elites(8x8, morphologies=3): occupied=30, pending=384, in flight=40
22:01:13: 5867x RT, 97.8 creatures/sec. Fitness: best=1524.7, avg=945.2, new=(qd-mutate=682.5). MAP-Elites(8x8, morphologies=3): occupied=30, pending=384, in flight=40
22:01:15: 5813x RT, 96.9 creatures/sec. Fitness: best=1524.7, avg=945.2, new=(qd-mutate=693.6). MAP-Elites(8x8, morphologies=3): occupied=30, pending=384, in flight=40
22:01:17: 5926x RT, 98.8 creatures/sec. Fitness: best=1524.7, avg=945.2, new=(qd-mutate=665.1). MAP-Elites(8x8, morphologies=3): occupied=30, pending=384, in flight=40
22:01:19: 5895x RT, 98.3 creatures/sec. Fitness: best=1524.7, avg=945.2, new=(qd-mutate=664.6). MAP-Elites(8x8, morphologies=3): occupied=30, pending=384, in flight=40
22:01:21: 5803x RT, 96.7 creatures/sec. Fitness: best=1524.7, avg=945.2, new=(qd-mutate=675.4). MAP-Elites(8x8, morphologies=3): occupied=30, pending=384, in flight=40
22:01:23: 5868x RT, 97.8 creatures/sec. Fitness: best=1524.7, avg=945.2, new=(qd-mutate=664.8). MAP-Elites(8x8, morphologies=3): occupied=30, pending=384, in flight=40
22:01:25: 5881x RT, 98.0 creatures/sec. Fitness: best=1524.7, avg=945.2, new=(qd-mutate=682.9). MAP-Elites(8x8, morphologies=3): occupied=30, pending=384, in flight=40
22:01:27: 5843x RT, 97.4 creatures/sec. Fitness: best=1524.7, avg=945.2, new=(qd-mutate=648.1). MAP-Elites(8x8, morphologies=3): occupied=30, pending=384, in flight=40
22:01:29: 5869x RT, 97.8 creatures/sec. Fitness: best=1524.7, avg=945.2, new=(qd-mutate=674.8). MAP-Elites(8x8, morphologies=3): occupied=30, pending=384, in flight=40
22:01:31: 5888x RT, 98.1 creatures/sec. Fitness: best=1524.7, avg=945.2, new=(qd-mutate=676.5). MAP-Elites(8x8, morphologies=3): occupied=30, pending=384, in flight=40
22:01:33: 5867x RT, 97.8 creatures/sec. Fitness: best=1524.7, avg=945.2, new=(qd-mutate=695.6). MAP-Elites(8x8, morphologies=3): occupied=30, pending=384, in flight=40
22:01:35: 5871x RT, 97.9 creatures/sec. Fitness: best=1524.7, avg=945.2, new=(qd-mutate=687.6). MAP-Elites(8x8, morphologies=3): occupied=30, pending=384, in flight=40
22:01:38: 5898x RT, 98.3 creatures/sec. Fitness: best=1524.7, avg=945.2, new=(qd-mutate=660.1). MAP-Elites(8x8, morphologies=3): occupied=30, pending=384, in flight=40
22:01:40: 5888x RT, 98.1 creatures/sec. Fitness: best=1524.7, avg=945.2, new=(qd-mutate=655.9). MAP-Elites(8x8, morphologies=3): occupied=30, pending=384, in flight=40
22:01:42: 5817x RT, 96.9 creatures/sec. Fitness: best=1524.7, avg=945.2, new=(qd-mutate=651.2). MAP-Elites(8x8, morphologies=3): occupied=30, pending=384, in flight=40
22:01:44: 5937x RT, 99.0 creatures/sec. Fitness: best=1524.7, avg=945.2, new=(qd-mutate=655.2). MAP-Elites(8x8, morphologies=3): occupied=30, pending=384, in flight=40
22:01:46: 5854x RT, 97.6 creatures/sec. Fitness: best=1524.7, avg=945.2, new=(qd-mutate=674.0). MAP-Elites(8x8, morphologies=3): occupied=30, pending=384, in flight=40
22:01:48: 5910x RT, 98.5 creatures/sec. Fitness: best=1524.7, avg=945.2, new=(qd-mutate=718.7). MAP-Elites(8x8, morphologies=3): occupied=30, pending=384, in flight=40
22:01:50: 5854x RT, 97.6 creatures/sec. Fitness: best=1524.7, avg=945.2, new=(qd-mutate=661.1). MAP-Elites(8x8, morphologies=3): occupied=30, pending=384, in flight=40
7652554 bytes written to /Users/dag/projects/Machine-Evolved-credible-training/training-runs/me-v2-harmonic-qd-01-double-gravity-double-population-8w/config.json. 
22:01:52: 5872x RT, 97.9 creatures/sec. Fitness: best=1524.7, avg=945.2, new=(qd-mutate=723.8). MAP-Elites(8x8, morphologies=3): occupied=30, pending=384, in flight=40
22:01:54: 5910x RT, 98.5 creatures/sec. Fitness: best=1524.7, avg=945.2, new=(qd-mutate=695.6). MAP-Elites(8x8, morphologies=3): occupied=30, pending=384, in flight=40
22:01:56: 5880x RT, 98.0 creatures/sec. Fitness: best=1524.7, avg=945.2, new=(qd-mutate=669.2). MAP-Elites(8x8, morphologies=3): occupied=30, pending=384, in flight=40
22:01:58: 5866x RT, 97.8 creatures/sec. Fitness: best=1524.7, avg=945.5, new=(qd-mutate=637.4). MAP-Elites(8x8, morphologies=3): occupied=30, pending=384, in flight=40
22:02:00: 5931x RT, 98.8 creatures/sec. Fitness: best=1524.7, avg=945.5, new=(qd-mutate=701.2). MAP-Elites(8x8, morphologies=3): occupied=30, pending=384, in flight=40
22:02:02: 5861x RT, 97.7 creatures/sec. Fitness: best=1524.7, avg=945.5, new=(qd-mutate=689.4). MAP-Elites(8x8, morphologies=3): occupied=30, pending=384, in flight=40
22:02:04: 5886x RT, 98.1 creatures/sec. Fitness: best=1524.7, avg=945.5, new=(qd-mutate=639.9). MAP-Elites(8x8, morphologies=3): occupied=30, pending=384, in flight=40
22:02:06: 5888x RT, 98.1 creatures/sec. Fitness: best=1524.7, avg=945.5, new=(qd-mutate=658.6). MAP-Elites(8x8, morphologies=3): occupied=30, pending=384, in flight=40
22:02:09: 5851x RT, 97.5 creatures/sec. Fitness: best=1524.7, avg=945.5, new=(qd-mutate=623.4). MAP-Elites(8x8, morphologies=3): occupied=30, pending=384, in flight=40
22:02:11: 5993x RT, 99.9 creatures/sec. Fitness: best=1524.7, avg=945.5, new=(qd-mutate=666.5). MAP-Elites(8x8, morphologies=3): occupied=30, pending=384, in flight=40
22:02:13: 5884x RT, 98.1 creatures/sec. Fitness: best=1524.7, avg=945.5, new=(qd-mutate=694.7). MAP-Elites(8x8, morphologies=3): occupied=30, pending=384, in flight=40
22:02:15: 5842x RT, 97.4 creatures/sec. Fitness: best=1524.7, avg=945.5, new=(qd-mutate=708.4). MAP-Elites(8x8, morphologies=3): occupied=30, pending=384, in flight=40
22:02:17: 5857x RT, 97.6 creatures/sec. Fitness: best=1524.7, avg=945.5, new=(qd-mutate=675.8). MAP-Elites(8x8, morphologies=3): occupied=30, pending=384, in flight=40
22:02:19: 5860x RT, 97.7 creatures/sec. Fitness: best=1524.7, avg=945.5, new=(qd-mutate=659.7). MAP-Elites(8x8, morphologies=3): occupied=30, pending=384, in flight=40
22:02:21: 5870x RT, 97.8 creatures/sec. Fitness: best=1524.7, avg=945.5, new=(qd-mutate=646.7). MAP-Elites(8x8, morphologies=3): occupied=30, pending=384, in flight=40
22:02:23: 5719x RT, 95.3 creatures/sec. Fitness: best=1524.7, avg=945.5, new=(qd-mutate=657.8). MAP-Elites(8x8, morphologies=3): occupied=30, pending=384, in flight=40
22:02:25: 5827x RT, 97.1 creatures/sec. Fitness: best=1524.7, avg=945.5, new=(qd-mutate=662.9). MAP-Elites(8x8, morphologies=3): occupied=30, pending=384, in flight=40
22:02:27: 5821x RT, 97.0 creatures/sec. Fitness: best=1524.7, avg=945.5, new=(qd-mutate=660.9). MAP-Elites(8x8, morphologies=3): occupied=30, pending=384, in flight=40
22:02:29: 5758x RT, 96.0 creatures/sec. Fitness: best=1524.7, avg=945.5, new=(qd-mutate=687.1). MAP-Elites(8x8, morphologies=3): occupied=30, pending=384, in flight=40
22:02:31: 5576x RT, 92.9 creatures/sec. Fitness: best=1524.7, avg=945.5, new=(qd-mutate=715.4). MAP-Elites(8x8, morphologies=3): occupied=30, pending=384, in flight=40
22:02:33: 5799x RT, 96.6 creatures/sec. Fitness: best=1524.7, avg=945.5, new=(qd-mutate=687.5). MAP-Elites(8x8, morphologies=3): occupied=30, pending=384, in flight=40
22:02:35: 5885x RT, 98.1 creatures/sec. Fitness: best=1524.7, avg=945.5, new=(qd-mutate=626.4). MAP-Elites(8x8, morphologies=3): occupied=30, pending=384, in flight=40
22:02:37: 5157x RT, 86.0 creatures/sec. Fitness: best=1524.7, avg=945.5, new=(qd-mutate=664.4). MAP-Elites(8x8, morphologies=3): occupied=30, pending=384, in flight=40
22:02:40: 5696x RT, 94.9 creatures/sec. Fitness: best=1524.7, avg=945.5, new=(qd-mutate=636.1). MAP-Elites(8x8, morphologies=3): occupied=30, pending=384, in flight=40
22:02:42: 2329x RT, 38.8 creatures/sec. Fitness: best=1524.7, avg=945.5, new=(qd-mutate=649.8). MAP-Elites(8x8, morphologies=3): occupied=30, pending=384, in flight=40
22:02:44: 6032x RT, 100.5 creatures/sec. Fitness: best=1524.7, avg=945.5, new=(qd-mutate=654.0). MAP-Elites(8x8, morphologies=3): occupied=30, pending=384, in flight=40
22:02:46: 5783x RT, 96.4 creatures/sec. Fitness: best=1524.7, avg=945.5, new=(qd-mutate=652.4). MAP-Elites(8x8, morphologies=3): occupied=30, pending=384, in flight=40
22:02:48: 5486x RT, 91.4 creatures/sec. Fitness: best=1524.7, avg=945.5, new=(qd-mutate=664.1). MAP-Elites(8x8, morphologies=3): occupied=30, pending=384, in flight=40
22:02:50: 5601x RT, 93.4 creatures/sec. Fitness: best=1524.7, avg=945.5, new=(qd-mutate=684.7). MAP-Elites(8x8, morphologies=3): occupied=30, pending=384, in flight=40
7609162 bytes written to /Users/dag/projects/Machine-Evolved-credible-training/training-runs/me-v2-harmonic-qd-01-double-gravity-double-population-8w/config.json. 
22:02:52: 5628x RT, 93.8 creatures/sec. Fitness: best=1524.7, avg=945.5, new=(qd-mutate=661.8). MAP-Elites(8x8, morphologies=3): occupied=30, pending=384, in flight=40
22:02:54: 5541x RT, 92.4 creatures/sec. Fitness: best=1524.7, avg=945.5, new=(qd-mutate=663.7). MAP-Elites(8x8, morphologies=3): occupied=30, pending=384, in flight=40
22:02:56: 5633x RT, 93.9 creatures/sec. Fitness: best=1524.7, avg=945.5, new=(qd-mutate=649.6). MAP-Elites(8x8, morphologies=3): occupied=30, pending=384, in flight=40
22:02:58: 5503x RT, 91.7 creatures/sec. Fitness: best=1524.7, avg=945.5, new=(qd-mutate=670.2). MAP-Elites(8x8, morphologies=3): occupied=30, pending=384, in flight=40
22:03:00: 5527x RT, 92.1 creatures/sec. Fitness: best=1524.7, avg=945.5, new=(qd-mutate=728.7). MAP-Elites(8x8, morphologies=3): occupied=30, pending=384, in flight=40
22:03:02: 5559x RT, 92.7 creatures/sec. Fitness: best=1524.7, avg=945.5, new=(qd-mutate=706.3). MAP-Elites(8x8, morphologies=3): occupied=30, pending=384, in flight=40
22:03:04: 5257x RT, 87.6 creatures/sec. Fitness: best=1524.7, avg=945.5, new=(qd-mutate=696.8). MAP-Elites(8x8, morphologies=3): occupied=30, pending=384, in flight=40
22:03:06: 5765x RT, 96.1 creatures/sec. Fitness: best=1524.7, avg=945.5, new=(qd-mutate=674.6). MAP-Elites(8x8, morphologies=3): occupied=30, pending=384, in flight=40
22:03:09: 5688x RT, 94.8 creatures/sec. Fitness: best=1524.7, avg=945.5, new=(qd-mutate=681.8). MAP-Elites(8x8, morphologies=3): occupied=30, pending=384, in flight=40
22:03:11: 5863x RT, 97.7 creatures/sec. Fitness: best=1524.7, avg=945.5, new=(qd-mutate=696.3). MAP-Elites(8x8, morphologies=3): occupied=30, pending=384, in flight=40
22:03:13: 5829x RT, 97.1 creatures/sec. Fitness: best=1524.7, avg=945.5, new=(qd-mutate=674.7). MAP-Elites(8x8, morphologies=3): occupied=30, pending=384, in flight=40
22:03:15: 5678x RT, 94.6 creatures/sec. Fitness: best=1524.7, avg=945.5, new=(qd-mutate=691.2). MAP-Elites(8x8, morphologies=3): occupied=30, pending=384, in flight=40
22:03:17: 5679x RT, 94.6 creatures/sec. Fitness: best=1524.7, avg=945.5, new=(qd-mutate=648.2). MAP-Elites(8x8, morphologies=3): occupied=30, pending=384, in flight=40
22:03:19: 5699x RT, 95.0 creatures/sec. Fitness: best=1524.7, avg=945.5, new=(qd-mutate=663.0). MAP-Elites(8x8, morphologies=3): occupied=30, pending=384, in flight=40
22:03:21: 5726x RT, 95.4 creatures/sec. Fitness: best=1524.7, avg=945.5, new=(qd-mutate=651.1). MAP-Elites(8x8, morphologies=3): occupied=30, pending=384, in flight=40
22:03:23: 5711x RT, 95.2 creatures/sec. Fitness: best=1524.7, avg=945.5, new=(qd-mutate=632.1). MAP-Elites(8x8, morphologies=3): occupied=30, pending=384, in flight=40
22:03:25: 5719x RT, 95.3 creatures/sec. Fitness: best=1524.7, avg=945.5, new=(qd-mutate=648.4). MAP-Elites(8x8, morphologies=3): occupied=30, pending=384, in flight=40
22:03:27: 5734x RT, 95.6 creatures/sec. Fitness: best=1524.7, avg=945.5, new=(qd-mutate=706.9). MAP-Elites(8x8, morphologies=3): occupied=30, pending=384, in flight=40
22:03:29: 5662x RT, 94.4 creatures/sec. Fitness: best=1524.7, avg=945.5, new=(qd-mutate=629.7). MAP-Elites(8x8, morphologies=3): occupied=30, pending=384, in flight=40
22:03:31: 5791x RT, 96.5 creatures/sec. Fitness: best=1524.7, avg=945.5, new=(qd-mutate=657.5). MAP-Elites(8x8, morphologies=3): occupied=30, pending=384, in flight=40
22:03:33: 5649x RT, 94.1 creatures/sec. Fitness: best=1524.7, avg=945.5, new=(qd-mutate=691.6). MAP-Elites(8x8, morphologies=3): occupied=30, pending=384, in flight=40
22:03:35: 5824x RT, 97.1 creatures/sec. Fitness: best=1524.7, avg=945.5, new=(qd-mutate=700.2). MAP-Elites(8x8, morphologies=3): occupied=30, pending=384, in flight=40
22:03:38: 5801x RT, 96.7 creatures/sec. Fitness: best=1524.7, avg=945.5, new=(qd-mutate=654.7). MAP-Elites(8x8, morphologies=3): occupied=30, pending=384, in flight=40
22:03:40: 5722x RT, 95.4 creatures/sec. Fitness: best=1524.7, avg=945.5, new=(qd-mutate=694.9). MAP-Elites(8x8, morphologies=3): occupied=30, pending=384, in flight=40
22:03:42: 5757x RT, 96.0 creatures/sec. Fitness: best=1524.7, avg=945.5, new=(qd-mutate=675.1). MAP-Elites(8x8, morphologies=3): occupied=30, pending=384, in flight=40
22:03:44: 5700x RT, 95.0 creatures/sec. Fitness: best=1524.7, avg=945.5, new=(qd-mutate=676.9). MAP-Elites(8x8, morphologies=3): occupied=30, pending=384, in flight=40
22:03:46: 5751x RT, 95.8 creatures/sec. Fitness: best=1524.7, avg=945.5, new=(qd-mutate=655.5). MAP-Elites(8x8, morphologies=3): occupied=30, pending=384, in flight=40
22:03:48: 5836x RT, 97.3 creatures/sec. Fitness: best=1524.7, avg=945.5, new=(qd-mutate=689.9). MAP-Elites(8x8, morphologies=3): occupied=30, pending=384, in flight=40
22:03:50: 5750x RT, 95.8 creatures/sec. Fitness: best=1524.7, avg=951.3, new=(qd-mutate=677.7). MAP-Elites(8x8, morphologies=3): occupied=30, pending=384, in flight=40
7578588 bytes written to /Users/dag/projects/Machine-Evolved-credible-training/training-runs/me-v2-harmonic-qd-01-double-gravity-double-population-8w/config.json. 
22:03:52: 5639x RT, 94.0 creatures/sec. Fitness: best=1524.7, avg=951.3, new=(qd-mutate=683.5). MAP-Elites(8x8, morphologies=3): occupied=30, pending=384, in flight=40
22:03:54: 5763x RT, 96.1 creatures/sec. Fitness: best=1524.7, avg=951.3, new=(qd-mutate=615.8). MAP-Elites(8x8, morphologies=3): occupied=30, pending=384, in flight=40
22:03:56: 5710x RT, 95.2 creatures/sec. Fitness: best=1524.7, avg=951.3, new=(qd-mutate=704.7). MAP-Elites(8x8, morphologies=3): occupied=30, pending=384, in flight=40
22:03:58: 5691x RT, 94.9 creatures/sec. Fitness: best=1524.7, avg=951.3, new=(qd-mutate=661.7). MAP-Elites(8x8, morphologies=3): occupied=30, pending=384, in flight=40
22:04:00: 5763x RT, 96.0 creatures/sec. Fitness: best=1524.7, avg=951.3, new=(qd-mutate=666.9). MAP-Elites(8x8, morphologies=3): occupied=30, pending=384, in flight=40
22:04:02: 5768x RT, 96.1 creatures/sec. Fitness: best=1524.7, avg=951.3, new=(qd-mutate=646.1). MAP-Elites(8x8, morphologies=3): occupied=30, pending=384, in flight=40
22:04:04: 5762x RT, 96.0 creatures/sec. Fitness: best=1524.7, avg=951.3, new=(qd-mutate=655.5). MAP-Elites(8x8, morphologies=3): occupied=30, pending=384, in flight=40
22:04:06: 5783x RT, 96.4 creatures/sec. Fitness: best=1524.7, avg=953.2, new=(qd-mutate=682.4). MAP-Elites(8x8, morphologies=3): occupied=30, pending=384, in flight=40
22:04:08: 5740x RT, 95.7 creatures/sec. Fitness: best=1524.7, avg=955.8, new=(qd-mutate=740.6). MAP-Elites(8x8, morphologies=3): occupied=30, pending=384, in flight=40
22:04:10: 5746x RT, 95.8 creatures/sec. Fitness: best=1524.7, avg=955.8, new=(qd-mutate=634.3). MAP-Elites(8x8, morphologies=3): occupied=30, pending=384, in flight=40
22:04:13: 5781x RT, 96.3 creatures/sec. Fitness: best=1524.7, avg=955.8, new=(qd-mutate=667.5). MAP-Elites(8x8, morphologies=3): occupied=30, pending=384, in flight=40
22:04:15: 5726x RT, 95.4 creatures/sec. Fitness: best=1524.7, avg=955.8, new=(qd-mutate=678.8). MAP-Elites(8x8, morphologies=3): occupied=30, pending=384, in flight=40
22:04:17: 5707x RT, 95.1 creatures/sec. Fitness: best=1524.7, avg=955.8, new=(qd-mutate=659.1). MAP-Elites(8x8, morphologies=3): occupied=30, pending=384, in flight=40
22:04:19: 5754x RT, 95.9 creatures/sec. Fitness: best=1524.7, avg=955.8, new=(qd-mutate=656.7). MAP-Elites(8x8, morphologies=3): occupied=30, pending=384, in flight=40
22:04:21: 5709x RT, 95.2 creatures/sec. Fitness: best=1524.7, avg=955.8, new=(qd-mutate=637.7). MAP-Elites(8x8, morphologies=3): occupied=30, pending=384, in flight=40
22:04:23: 5769x RT, 96.2 creatures/sec. Fitness: best=1524.7, avg=955.8, new=(qd-mutate=632.9). MAP-Elites(8x8, morphologies=3): occupied=30, pending=384, in flight=40
22:04:25: 5784x RT, 96.4 creatures/sec. Fitness: best=1524.7, avg=955.8, new=(qd-mutate=693.1). MAP-Elites(8x8, morphologies=3): occupied=30, pending=384, in flight=40
22:04:27: 5741x RT, 95.7 creatures/sec. Fitness: best=1524.7, avg=955.8, new=(qd-mutate=631.1). MAP-Elites(8x8, morphologies=3): occupied=30, pending=384, in flight=40
22:04:29: 5714x RT, 95.2 creatures/sec. Fitness: best=1524.7, avg=955.8, new=(qd-mutate=633.6). MAP-Elites(8x8, morphologies=3): occupied=30, pending=384, in flight=40
22:04:31: 5804x RT, 96.7 creatures/sec. Fitness: best=1524.7, avg=955.8, new=(qd-mutate=650.7). MAP-Elites(8x8, morphologies=3): occupied=30, pending=384, in flight=40
22:04:33: 5627x RT, 93.8 creatures/sec. Fitness: best=1524.7, avg=955.8, new=(qd-mutate=658.3). MAP-Elites(8x8, morphologies=3): occupied=30, pending=384, in flight=40
22:04:35: 5721x RT, 95.4 creatures/sec. Fitness: best=1524.7, avg=955.8, new=(qd-mutate=693.4). MAP-Elites(8x8, morphologies=3): occupied=30, pending=384, in flight=40
22:04:37: 5718x RT, 95.3 creatures/sec. Fitness: best=1524.7, avg=955.8, new=(qd-mutate=670.3). MAP-Elites(8x8, morphologies=3): occupied=30, pending=384, in flight=40
22:04:39: 5744x RT, 95.7 creatures/sec. Fitness: best=1524.7, avg=955.8, new=(qd-mutate=680.5). MAP-Elites(8x8, morphologies=3): occupied=30, pending=384, in flight=40
22:04:42: 5814x RT, 96.9 creatures/sec. Fitness: best=1524.7, avg=955.8, new=(qd-mutate=680.6). MAP-Elites(8x8, morphologies=3): occupied=30, pending=384, in flight=40
22:04:44: 5843x RT, 97.4 creatures/sec. Fitness: best=1524.7, avg=955.8, new=(qd-mutate=705.4). MAP-Elites(8x8, morphologies=3): occupied=30, pending=384, in flight=40
22:04:46: 5841x RT, 97.3 creatures/sec. Fitness: best=1524.7, avg=955.8, new=(qd-mutate=683.5). MAP-Elites(8x8, morphologies=3): occupied=30, pending=384, in flight=40
22:04:48: 5869x RT, 97.8 creatures/sec. Fitness: best=1524.7, avg=955.8, new=(qd-mutate=681.2). MAP-Elites(8x8, morphologies=3): occupied=30, pending=384, in flight=40
22:04:50: 5865x RT, 97.8 creatures/sec. Fitness: best=1524.7, avg=955.8, new=(qd-mutate=664.7). MAP-Elites(8x8, morphologies=3): occupied=30, pending=384, in flight=40
7599905 bytes written to /Users/dag/projects/Machine-Evolved-credible-training/training-runs/me-v2-harmonic-qd-01-double-gravity-double-population-8w/config.json. 
22:04:52: 5885x RT, 98.1 creatures/sec. Fitness: best=1524.7, avg=955.8, new=(qd-mutate=661.1). MAP-Elites(8x8, morphologies=3): occupied=30, pending=384, in flight=40
22:04:54: 5800x RT, 96.7 creatures/sec. Fitness: best=1524.7, avg=955.8, new=(qd-mutate=686.6). MAP-Elites(8x8, morphologies=3): occupied=30, pending=384, in flight=40
22:04:56: 5875x RT, 97.9 creatures/sec. Fitness: best=1524.7, avg=955.8, new=(qd-mutate=653.1). MAP-Elites(8x8, morphologies=3): occupied=30, pending=384, in flight=40
22:04:58: 5824x RT, 97.1 creatures/sec. Fitness: best=1524.7, avg=955.8, new=(qd-mutate=644.5). MAP-Elites(8x8, morphologies=3): occupied=30, pending=384, in flight=40
22:05:00: 5905x RT, 98.4 creatures/sec. Fitness: best=1524.7, avg=955.8, new=(qd-mutate=670.8). MAP-Elites(8x8, morphologies=3): occupied=30, pending=384, in flight=40
22:05:02: 5868x RT, 97.8 creatures/sec. Fitness: best=1524.7, avg=955.8, new=(qd-mutate=672.2). MAP-Elites(8x8, morphologies=3): occupied=30, pending=384, in flight=40
22:05:04: 5847x RT, 97.4 creatures/sec. Fitness: best=1524.7, avg=955.8, new=(qd-mutate=674.9). MAP-Elites(8x8, morphologies=3): occupied=30, pending=384, in flight=40
22:05:06: 5830x RT, 97.2 creatures/sec. Fitness: best=1524.7, avg=955.8, new=(qd-mutate=651.9). MAP-Elites(8x8, morphologies=3): occupied=30, pending=384, in flight=40
22:05:08: 5904x RT, 98.4 creatures/sec. Fitness: best=1524.7, avg=955.8, new=(qd-mutate=686.8). MAP-Elites(8x8, morphologies=3): occupied=30, pending=384, in flight=40
22:05:10: 5872x RT, 97.9 creatures/sec. Fitness: best=1524.7, avg=955.8, new=(qd-mutate=650.5). MAP-Elites(8x8, morphologies=3): occupied=30, pending=384, in flight=40
22:05:13: 5831x RT, 97.2 creatures/sec. Fitness: best=1524.7, avg=955.8, new=(qd-mutate=632.2). MAP-Elites(8x8, morphologies=3): occupied=30, pending=384, in flight=40
22:05:15: 5538x RT, 92.3 creatures/sec. Fitness: best=1524.7, avg=955.8, new=(qd-mutate=667.9). MAP-Elites(8x8, morphologies=3): occupied=30, pending=384, in flight=40
22:05:17: 5798x RT, 96.6 creatures/sec. Fitness: best=1524.7, avg=955.8, new=(qd-mutate=653.3). MAP-Elites(8x8, morphologies=3): occupied=30, pending=384, in flight=40
22:05:19: 5721x RT, 95.4 creatures/sec. Fitness: best=1524.7, avg=955.8, new=(qd-mutate=680.2). MAP-Elites(8x8, morphologies=3): occupied=30, pending=384, in flight=40
22:05:21: 5829x RT, 97.2 creatures/sec. Fitness: best=1524.7, avg=955.8, new=(qd-mutate=681.6). MAP-Elites(8x8, morphologies=3): occupied=30, pending=384, in flight=40
22:05:23: 5086x RT, 84.8 creatures/sec. Fitness: best=1524.7, avg=955.8, new=(qd-mutate=692.6). MAP-Elites(8x8, morphologies=3): occupied=30, pending=384, in flight=40
22:05:25: 5209x RT, 86.8 creatures/sec. Fitness: best=1524.7, avg=955.8, new=(qd-mutate=678.7). MAP-Elites(8x8, morphologies=3): occupied=30, pending=384, in flight=40
22:05:27: 4200x RT, 70.0 creatures/sec. Fitness: best=1524.7, avg=955.8, new=(qd-mutate=613.3). MAP-Elites(8x8, morphologies=3): occupied=30, pending=384, in flight=40
22:05:29: 4990x RT, 83.2 creatures/sec. Fitness: best=1524.7, avg=955.8, new=(qd-mutate=692.6). MAP-Elites(8x8, morphologies=3): occupied=30, pending=384, in flight=40
22:05:31: 5330x RT, 88.8 creatures/sec. Fitness: best=1524.7, avg=955.8, new=(qd-mutate=694.4). MAP-Elites(8x8, morphologies=3): occupied=30, pending=384, in flight=40
22:05:33: 5682x RT, 94.7 creatures/sec. Fitness: best=1524.7, avg=955.8, new=(qd-mutate=667.5). MAP-Elites(8x8, morphologies=3): occupied=30, pending=384, in flight=40
22:05:35: 5774x RT, 96.2 creatures/sec. Fitness: best=1524.7, avg=955.8, new=(qd-mutate=664.8). MAP-Elites(8x8, morphologies=3): occupied=30, pending=384, in flight=40
22:05:37: 5929x RT, 98.8 creatures/sec. Fitness: best=1524.7, avg=955.8, new=(qd-mutate=724.5). MAP-Elites(8x8, morphologies=3): occupied=30, pending=384, in flight=40
22:05:39: 5815x RT, 96.9 creatures/sec. Fitness: best=1524.7, avg=955.8, new=(qd-mutate=673.2). MAP-Elites(8x8, morphologies=3): occupied=30, pending=384, in flight=40
22:05:41: 5793x RT, 96.6 creatures/sec. Fitness: best=1524.7, avg=955.8, new=(qd-mutate=647.3). MAP-Elites(8x8, morphologies=3): occupied=30, pending=384, in flight=40
22:05:43: 5876x RT, 97.9 creatures/sec. Fitness: best=1524.7, avg=955.8, new=(qd-mutate=677.1). MAP-Elites(8x8, morphologies=3): occupied=30, pending=384, in flight=40
22:05:45: 5873x RT, 97.9 creatures/sec. Fitness: best=1524.7, avg=955.8, new=(qd-mutate=650.8). MAP-Elites(8x8, morphologies=3): occupied=30, pending=384, in flight=40
22:05:47: 5824x RT, 97.1 creatures/sec. Fitness: best=1524.7, avg=955.8, new=(qd-mutate=667.8). MAP-Elites(8x8, morphologies=3): occupied=30, pending=384, in flight=40
22:05:49: 5838x RT, 97.3 creatures/sec. Fitness: best=1524.7, avg=955.8, new=(qd-mutate=702.2). MAP-Elites(8x8, morphologies=3): occupied=30, pending=384, in flight=40
7646955 bytes written to /Users/dag/projects/Machine-Evolved-credible-training/training-runs/me-v2-harmonic-qd-01-double-gravity-double-population-8w/config.json. 
22:05:52: 5886x RT, 98.1 creatures/sec. Fitness: best=1524.7, avg=955.8, new=(qd-mutate=653.9). MAP-Elites(8x8, morphologies=3): occupied=30, pending=384, in flight=40
22:05:54: 5841x RT, 97.4 creatures/sec. Fitness: best=1524.7, avg=955.8, new=(qd-mutate=673.7). MAP-Elites(8x8, morphologies=3): occupied=30, pending=384, in flight=40
22:05:56: 5844x RT, 97.4 creatures/sec. Fitness: best=1524.7, avg=955.8, new=(qd-mutate=654.2). MAP-Elites(8x8, morphologies=3): occupied=30, pending=384, in flight=40
22:05:58: 5840x RT, 97.3 creatures/sec. Fitness: best=1524.7, avg=955.8, new=(qd-mutate=681.4). MAP-Elites(8x8, morphologies=3): occupied=30, pending=384, in flight=40
22:06:00: 5905x RT, 98.4 creatures/sec. Fitness: best=1524.7, avg=955.8, new=(qd-mutate=663.6). MAP-Elites(8x8, morphologies=3): occupied=30, pending=384, in flight=40
22:06:02: 5829x RT, 97.2 creatures/sec. Fitness: best=1524.7, avg=955.8, new=(qd-mutate=662.1). MAP-Elites(8x8, morphologies=3): occupied=30, pending=384, in flight=40
22:06:04: 5816x RT, 96.9 creatures/sec. Fitness: best=1524.7, avg=955.8, new=(qd-mutate=669.7). MAP-Elites(8x8, morphologies=3): occupied=30, pending=384, in flight=40
22:06:06: 5829x RT, 97.1 creatures/sec. Fitness: best=1524.7, avg=955.8, new=(qd-mutate=674.3). MAP-Elites(8x8, morphologies=3): occupied=30, pending=384, in flight=40
22:06:08: 5888x RT, 98.1 creatures/sec. Fitness: best=1524.7, avg=955.8, new=(qd-mutate=678.2). MAP-Elites(8x8, morphologies=3): occupied=30, pending=384, in flight=40
22:06:10: 5823x RT, 97.1 creatures/sec. Fitness: best=1524.7, avg=955.8, new=(qd-mutate=675.0). MAP-Elites(8x8, morphologies=3): occupied=30, pending=384, in flight=40
22:06:12: 5884x RT, 98.1 creatures/sec. Fitness: best=1524.7, avg=955.8, new=(qd-mutate=645.2). MAP-Elites(8x8, morphologies=3): occupied=30, pending=384, in flight=40
22:06:14: 5856x RT, 97.6 creatures/sec. Fitness: best=1524.7, avg=955.8, new=(qd-mutate=669.2). MAP-Elites(8x8, morphologies=3): occupied=30, pending=384, in flight=40
22:06:16: 5759x RT, 96.0 creatures/sec. Fitness: best=1524.7, avg=955.8, new=(qd-mutate=654.2). MAP-Elites(8x8, morphologies=3): occupied=30, pending=384, in flight=40
22:06:18: 5852x RT, 97.5 creatures/sec. Fitness: best=1524.7, avg=955.8, new=(qd-mutate=651.8). MAP-Elites(8x8, morphologies=3): occupied=30, pending=384, in flight=40
22:06:20: 5920x RT, 98.7 creatures/sec. Fitness: best=1524.7, avg=955.8, new=(qd-mutate=647.7). MAP-Elites(8x8, morphologies=3): occupied=30, pending=384, in flight=40
22:06:22: 5833x RT, 97.2 creatures/sec. Fitness: best=1524.7, avg=955.8, new=(qd-mutate=658.3). MAP-Elites(8x8, morphologies=3): occupied=30, pending=384, in flight=40
22:06:24: 5867x RT, 97.8 creatures/sec. Fitness: best=1524.7, avg=955.8, new=(qd-mutate=646.3). MAP-Elites(8x8, morphologies=3): occupied=30, pending=384, in flight=40
22:06:27: 5895x RT, 98.3 creatures/sec. Fitness: best=1524.7, avg=955.8, new=(qd-mutate=663.1). MAP-Elites(8x8, morphologies=3): occupied=30, pending=384, in flight=40
22:06:29: 5759x RT, 96.0 creatures/sec. Fitness: best=1524.7, avg=955.8, new=(qd-mutate=632.1). MAP-Elites(8x8, morphologies=3): occupied=30, pending=384, in flight=40
22:06:31: 5815x RT, 96.9 creatures/sec. Fitness: best=1524.7, avg=955.8, new=(qd-mutate=670.0). MAP-Elites(8x8, morphologies=3): occupied=30, pending=384, in flight=40
22:06:33: 5766x RT, 96.1 creatures/sec. Fitness: best=1524.7, avg=955.8, new=(qd-mutate=645.8). MAP-Elites(8x8, morphologies=3): occupied=30, pending=384, in flight=40
22:06:35: 5817x RT, 96.9 creatures/sec. Fitness: best=1524.7, avg=955.8, new=(qd-mutate=657.9). MAP-Elites(8x8, morphologies=3): occupied=30, pending=384, in flight=40
22:06:37: 5862x RT, 97.7 creatures/sec. Fitness: best=1524.7, avg=955.8, new=(qd-mutate=631.4). MAP-Elites(8x8, morphologies=3): occupied=30, pending=384, in flight=40
22:06:39: 5837x RT, 97.3 creatures/sec. Fitness: best=1524.7, avg=955.8, new=(qd-mutate=674.8). MAP-Elites(8x8, morphologies=3): occupied=30, pending=384, in flight=40
22:06:41: 5838x RT, 97.3 creatures/sec. Fitness: best=1524.7, avg=955.8, new=(qd-mutate=678.9). MAP-Elites(8x8, morphologies=3): occupied=30, pending=384, in flight=40
22:06:43: 5777x RT, 96.3 creatures/sec. Fitness: best=1524.7, avg=955.8, new=(qd-mutate=666.8). MAP-Elites(8x8, morphologies=3): occupied=30, pending=384, in flight=40
22:06:45: 5849x RT, 97.5 creatures/sec. Fitness: best=1524.7, avg=955.8, new=(qd-mutate=658.0). MAP-Elites(8x8, morphologies=3): occupied=30, pending=384, in flight=40
22:06:47: 5785x RT, 96.4 creatures/sec. Fitness: best=1524.7, avg=955.8, new=(qd-mutate=672.2). MAP-Elites(8x8, morphologies=3): occupied=30, pending=384, in flight=40
22:06:49: 5805x RT, 96.7 creatures/sec. Fitness: best=1524.7, avg=955.8, new=(qd-mutate=675.3). MAP-Elites(8x8, morphologies=3): occupied=30, pending=384, in flight=40
7596964 bytes written to /Users/dag/projects/Machine-Evolved-credible-training/training-runs/me-v2-harmonic-qd-01-double-gravity-double-population-8w/config.json. 
22:06:51: 5825x RT, 97.1 creatures/sec. Fitness: best=1524.7, avg=955.8, new=(qd-mutate=630.9). MAP-Elites(8x8, morphologies=3): occupied=30, pending=384, in flight=40
22:06:54: 5724x RT, 95.4 creatures/sec. Fitness: best=1524.7, avg=955.8, new=(qd-mutate=671.7). MAP-Elites(8x8, morphologies=3): occupied=30, pending=384, in flight=40
22:06:56: 5849x RT, 97.5 creatures/sec. Fitness: best=1524.7, avg=955.8, new=(qd-mutate=665.7). MAP-Elites(8x8, morphologies=3): occupied=30, pending=384, in flight=40
22:06:58: 5817x RT, 96.9 creatures/sec. Fitness: best=1524.7, avg=955.8, new=(qd-mutate=640.5). MAP-Elites(8x8, morphologies=3): occupied=30, pending=384, in flight=40
22:07:00: 5792x RT, 96.5 creatures/sec. Fitness: best=1524.7, avg=955.8, new=(qd-mutate=701.9). MAP-Elites(8x8, morphologies=3): occupied=30, pending=384, in flight=40
22:07:02: 5816x RT, 96.9 creatures/sec. Fitness: best=1524.7, avg=955.8, new=(qd-mutate=674.7). MAP-Elites(8x8, morphologies=3): occupied=30, pending=384, in flight=40
22:07:04: 5872x RT, 97.9 creatures/sec. Fitness: best=1524.7, avg=955.8, new=(qd-mutate=696.7). MAP-Elites(8x8, morphologies=3): occupied=30, pending=384, in flight=40
22:07:06: 5848x RT, 97.5 creatures/sec. Fitness: best=1524.7, avg=955.8, new=(qd-mutate=679.7). MAP-Elites(8x8, morphologies=3): occupied=30, pending=384, in flight=40
22:07:08: 5835x RT, 97.3 creatures/sec. Fitness: best=1524.7, avg=955.8, new=(qd-mutate=648.4). MAP-Elites(8x8, morphologies=3): occupied=30, pending=384, in flight=40
22:07:10: 5205x RT, 86.8 creatures/sec. Fitness: best=1524.7, avg=955.8, new=(qd-mutate=656.2). MAP-Elites(8x8, morphologies=3): occupied=30, pending=384, in flight=40
22:07:12: 4640x RT, 77.3 creatures/sec. Fitness: best=1524.7, avg=955.8, new=(qd-mutate=677.4). MAP-Elites(8x8, morphologies=3): occupied=30, pending=384, in flight=40
22:07:14: 5009x RT, 83.5 creatures/sec. Fitness: best=1524.7, avg=955.8, new=(qd-mutate=647.3). MAP-Elites(8x8, morphologies=3): occupied=30, pending=384, in flight=40
22:07:16: 4352x RT, 72.5 creatures/sec. Fitness: best=1524.7, avg=955.8, new=(qd-mutate=651.9). MAP-Elites(8x8, morphologies=3): occupied=30, pending=384, in flight=40
22:07:18: 4350x RT, 72.5 creatures/sec. Fitness: best=1524.7, avg=955.8, new=(qd-mutate=676.1). MAP-Elites(8x8, morphologies=3): occupied=30, pending=384, in flight=40
22:07:20: 4995x RT, 83.2 creatures/sec. Fitness: best=1524.7, avg=955.8, new=(qd-mutate=638.3). MAP-Elites(8x8, morphologies=3): occupied=30, pending=384, in flight=40
22:07:22: 4687x RT, 78.1 creatures/sec. Fitness: best=1524.7, avg=955.8, new=(qd-mutate=703.7). MAP-Elites(8x8, morphologies=3): occupied=30, pending=384, in flight=40
22:07:24: 4977x RT, 83.0 creatures/sec. Fitness: best=1524.7, avg=955.8, new=(qd-mutate=688.8). MAP-Elites(8x8, morphologies=3): occupied=30, pending=384, in flight=40
22:07:26: 5166x RT, 86.1 creatures/sec. Fitness: best=1524.7, avg=955.8, new=(qd-mutate=636.5). MAP-Elites(8x8, morphologies=3): occupied=30, pending=384, in flight=40
22:07:29: 5321x RT, 88.7 creatures/sec. Fitness: best=1524.7, avg=955.8, new=(qd-mutate=705.4). MAP-Elites(8x8, morphologies=3): occupied=30, pending=384, in flight=40
22:07:31: 5376x RT, 89.6 creatures/sec. Fitness: best=1524.7, avg=955.8, new=(qd-mutate=692.5). MAP-Elites(8x8, morphologies=3): occupied=30, pending=384, in flight=40
22:07:33: 5639x RT, 94.0 creatures/sec. Fitness: best=1524.7, avg=955.8, new=(qd-mutate=717.2). MAP-Elites(8x8, morphologies=3): occupied=30, pending=384, in flight=40
22:07:35: 5622x RT, 93.7 creatures/sec. Fitness: best=1524.7, avg=955.8, new=(qd-mutate=684.3). MAP-Elites(8x8, morphologies=3): occupied=30, pending=384, in flight=40
22:07:37: 5670x RT, 94.5 creatures/sec. Fitness: best=1524.7, avg=955.8, new=(qd-mutate=653.8). MAP-Elites(8x8, morphologies=3): occupied=30, pending=384, in flight=40
22:07:39: 5564x RT, 92.7 creatures/sec. Fitness: best=1524.7, avg=955.8, new=(qd-mutate=662.1). MAP-Elites(8x8, morphologies=3): occupied=30, pending=384, in flight=40
22:07:41: 5434x RT, 90.6 creatures/sec. Fitness: best=1524.7, avg=955.8, new=(qd-mutate=650.1). MAP-Elites(8x8, morphologies=3): occupied=30, pending=384, in flight=40
22:07:43: 5522x RT, 92.0 creatures/sec. Fitness: best=1524.7, avg=955.8, new=(qd-mutate=643.7). MAP-Elites(8x8, morphologies=3): occupied=30, pending=384, in flight=40
22:07:45: 3512x RT, 58.5 creatures/sec. Fitness: best=1524.7, avg=955.8, new=(qd-mutate=742.1). MAP-Elites(8x8, morphologies=3): occupied=30, pending=384, in flight=40
22:07:47: 2922x RT, 48.7 creatures/sec. Fitness: best=1524.7, avg=955.8, new=(qd-mutate=689.8). MAP-Elites(8x8, morphologies=3): occupied=30, pending=384, in flight=40
22:07:49: 6586x RT, 109.8 creatures/sec. Fitness: best=1524.7, avg=955.8, new=(qd-mutate=628.9). MAP-Elites(8x8, morphologies=3): occupied=30, pending=384, in flight=40
7599105 bytes written to /Users/dag/projects/Machine-Evolved-credible-training/training-runs/me-v2-harmonic-qd-01-double-gravity-double-population-8w/config.json. 
22:07:51: 5337x RT, 88.9 creatures/sec. Fitness: best=1524.7, avg=955.8, new=(qd-mutate=691.1). MAP-Elites(8x8, morphologies=3): occupied=30, pending=384, in flight=40
22:07:53: 5830x RT, 97.2 creatures/sec. Fitness: best=1524.7, avg=955.8, new=(qd-mutate=655.9). MAP-Elites(8x8, morphologies=3): occupied=30, pending=384, in flight=40
22:07:56: 5426x RT, 90.4 creatures/sec. Fitness: best=1524.7, avg=955.8, new=(qd-mutate=676.2). MAP-Elites(8x8, morphologies=3): occupied=30, pending=384, in flight=40
22:07:58: 5364x RT, 89.4 creatures/sec. Fitness: best=1524.7, avg=955.8, new=(qd-mutate=633.0). MAP-Elites(8x8, morphologies=3): occupied=30, pending=384, in flight=40
22:08:00: 5420x RT, 90.3 creatures/sec. Fitness: best=1524.7, avg=955.8, new=(qd-mutate=671.3). MAP-Elites(8x8, morphologies=3): occupied=30, pending=384, in flight=40
22:08:02: 5452x RT, 90.9 creatures/sec. Fitness: best=1524.7, avg=955.8, new=(qd-mutate=655.0). MAP-Elites(8x8, morphologies=3): occupied=30, pending=384, in flight=40
22:08:04: 5422x RT, 90.4 creatures/sec. Fitness: best=1524.7, avg=955.8, new=(qd-mutate=645.7). MAP-Elites(8x8, morphologies=3): occupied=30, pending=384, in flight=40
22:08:06: 5474x RT, 91.2 creatures/sec. Fitness: best=1524.7, avg=955.8, new=(qd-mutate=672.9). MAP-Elites(8x8, morphologies=3): occupied=30, pending=384, in flight=40
22:08:08: 5412x RT, 90.2 creatures/sec. Fitness: best=1524.7, avg=955.9, new=(qd-mutate=665.7). MAP-Elites(8x8, morphologies=3): occupied=30, pending=384, in flight=40
22:08:10: 5500x RT, 91.7 creatures/sec. Fitness: best=1524.7, avg=955.9, new=(qd-mutate=667.2). MAP-Elites(8x8, morphologies=3): occupied=30, pending=384, in flight=40
22:08:12: 5528x RT, 92.1 creatures/sec. Fitness: best=1524.7, avg=955.9, new=(qd-mutate=655.7). MAP-Elites(8x8, morphologies=3): occupied=30, pending=384, in flight=40
22:08:14: 5516x RT, 91.9 creatures/sec. Fitness: best=1524.7, avg=955.9, new=(qd-mutate=679.1). MAP-Elites(8x8, morphologies=3): occupied=30, pending=384, in flight=40
22:08:16: 5462x RT, 91.0 creatures/sec. Fitness: best=1524.7, avg=956.4, new=(qd-mutate=633.4). MAP-Elites(8x8, morphologies=3): occupied=30, pending=384, in flight=40
22:08:18: 5417x RT, 90.3 creatures/sec. Fitness: best=1524.7, avg=956.4, new=(qd-mutate=660.9). MAP-Elites(8x8, morphologies=3): occupied=30, pending=384, in flight=40
22:08:20: 5501x RT, 91.7 creatures/sec. Fitness: best=1524.7, avg=956.4, new=(qd-mutate=722.5). MAP-Elites(8x8, morphologies=3): occupied=30, pending=384, in flight=40
22:08:22: 5514x RT, 91.9 creatures/sec. Fitness: best=1524.7, avg=956.6, new=(qd-mutate=626.0). MAP-Elites(8x8, morphologies=3): occupied=30, pending=384, in flight=40
22:08:24: 5431x RT, 90.5 creatures/sec. Fitness: best=1524.7, avg=956.6, new=(qd-mutate=682.9). MAP-Elites(8x8, morphologies=3): occupied=30, pending=384, in flight=40
22:08:27: 5375x RT, 89.6 creatures/sec. Fitness: best=1524.7, avg=956.6, new=(qd-mutate=658.9). MAP-Elites(8x8, morphologies=3): occupied=30, pending=384, in flight=40
22:08:29: 5531x RT, 92.2 creatures/sec. Fitness: best=1524.7, avg=956.6, new=(qd-mutate=642.4). MAP-Elites(8x8, morphologies=3): occupied=30, pending=384, in flight=40
22:08:31: 5506x RT, 91.8 creatures/sec. Fitness: best=1524.7, avg=956.6, new=(qd-mutate=673.7). MAP-Elites(8x8, morphologies=3): occupied=30, pending=384, in flight=40
22:08:33: 5459x RT, 91.0 creatures/sec. Fitness: best=1524.7, avg=958.3, new=(qd-mutate=678.7). MAP-Elites(8x8, morphologies=3): occupied=30, pending=384, in flight=40
22:08:35: 5352x RT, 89.2 creatures/sec. Fitness: best=1524.7, avg=958.3, new=(qd-mutate=639.2). MAP-Elites(8x8, morphologies=3): occupied=30, pending=384, in flight=40
22:08:37: 5440x RT, 90.7 creatures/sec. Fitness: best=1524.7, avg=961.9, new=(qd-mutate=687.6). MAP-Elites(8x8, morphologies=3): occupied=30, pending=384, in flight=40
22:08:39: 5461x RT, 91.0 creatures/sec. Fitness: best=1524.7, avg=961.9, new=(qd-mutate=686.1). MAP-Elites(8x8, morphologies=3): occupied=30, pending=384, in flight=40
22:08:41: 5697x RT, 94.9 creatures/sec. Fitness: best=1524.7, avg=961.9, new=(qd-mutate=697.8). MAP-Elites(8x8, morphologies=3): occupied=30, pending=384, in flight=40
22:08:43: 5621x RT, 93.7 creatures/sec. Fitness: best=1524.7, avg=961.9, new=(qd-mutate=646.0). MAP-Elites(8x8, morphologies=3): occupied=30, pending=384, in flight=40
22:08:45: 5607x RT, 93.5 creatures/sec. Fitness: best=1524.7, avg=961.9, new=(qd-mutate=671.0). MAP-Elites(8x8, morphologies=3): occupied=30, pending=384, in flight=40
22:08:47: 5737x RT, 95.6 creatures/sec. Fitness: best=1524.7, avg=961.9, new=(qd-mutate=640.9). MAP-Elites(8x8, morphologies=3): occupied=30, pending=384, in flight=40
22:08:49: 5755x RT, 95.9 creatures/sec. Fitness: best=1524.7, avg=961.9, new=(qd-mutate=661.0). MAP-Elites(8x8, morphologies=3): occupied=30, pending=384, in flight=40
7603831 bytes written to /Users/dag/projects/Machine-Evolved-credible-training/training-runs/me-v2-harmonic-qd-01-double-gravity-double-population-8w/config.json. 
22:08:51: 5472x RT, 91.2 creatures/sec. Fitness: best=1524.7, avg=961.9, new=(qd-mutate=607.2). MAP-Elites(8x8, morphologies=3): occupied=30, pending=384, in flight=40
22:08:53: 5998x RT, 100.0 creatures/sec. Fitness: best=1524.7, avg=961.9, new=(qd-mutate=659.0). MAP-Elites(8x8, morphologies=3): occupied=30, pending=384, in flight=40
22:08:56: 5716x RT, 95.3 creatures/sec. Fitness: best=1524.7, avg=961.9, new=(qd-mutate=673.9). MAP-Elites(8x8, morphologies=3): occupied=30, pending=384, in flight=40
22:08:58: 5730x RT, 95.5 creatures/sec. Fitness: best=1524.7, avg=961.9, new=(qd-mutate=638.2). MAP-Elites(8x8, morphologies=3): occupied=30, pending=384, in flight=40
22:09:00: 5773x RT, 96.2 creatures/sec. Fitness: best=1524.7, avg=961.9, new=(qd-mutate=650.0). MAP-Elites(8x8, morphologies=3): occupied=30, pending=384, in flight=40
22:09:02: 5718x RT, 95.3 creatures/sec. Fitness: best=1524.7, avg=961.9, new=(qd-mutate=663.9). MAP-Elites(8x8, morphologies=3): occupied=30, pending=384, in flight=40
22:09:04: 5699x RT, 95.0 creatures/sec. Fitness: best=1524.7, avg=961.9, new=(qd-mutate=658.0). MAP-Elites(8x8, morphologies=3): occupied=30, pending=384, in flight=40
22:09:06: 5718x RT, 95.3 creatures/sec. Fitness: best=1524.7, avg=961.9, new=(qd-mutate=700.1). MAP-Elites(8x8, morphologies=3): occupied=30, pending=384, in flight=40
22:09:08: 5743x RT, 95.7 creatures/sec. Fitness: best=1524.7, avg=961.9, new=(qd-mutate=721.8). MAP-Elites(8x8, morphologies=3): occupied=30, pending=384, in flight=40
22:09:10: 5794x RT, 96.6 creatures/sec. Fitness: best=1524.7, avg=961.9, new=(qd-mutate=646.2). MAP-Elites(8x8, morphologies=3): occupied=30, pending=384, in flight=40
22:09:12: 5664x RT, 94.4 creatures/sec. Fitness: best=1524.7, avg=961.9, new=(qd-mutate=631.4). MAP-Elites(8x8, morphologies=3): occupied=30, pending=384, in flight=40
22:09:14: 5764x RT, 96.1 creatures/sec. Fitness: best=1524.7, avg=961.9, new=(qd-mutate=667.0). MAP-Elites(8x8, morphologies=3): occupied=30, pending=384, in flight=40
22:09:16: 5779x RT, 96.3 creatures/sec. Fitness: best=1524.7, avg=961.9, new=(qd-mutate=666.5). MAP-Elites(8x8, morphologies=3): occupied=30, pending=384, in flight=40
22:09:18: 5670x RT, 94.5 creatures/sec. Fitness: best=1524.7, avg=961.9, new=(qd-mutate=661.1). MAP-Elites(8x8, morphologies=3): occupied=30, pending=384, in flight=40
22:09:20: 5736x RT, 95.6 creatures/sec. Fitness: best=1524.7, avg=961.9, new=(qd-mutate=663.0). MAP-Elites(8x8, morphologies=3): occupied=30, pending=384, in flight=40
22:09:22: 5689x RT, 94.8 creatures/sec. Fitness: best=1524.7, avg=961.9, new=(qd-mutate=667.2). MAP-Elites(8x8, morphologies=3): occupied=30, pending=384, in flight=40
22:09:24: 5758x RT, 96.0 creatures/sec. Fitness: best=1524.7, avg=961.9, new=(qd-mutate=664.1). MAP-Elites(8x8, morphologies=3): occupied=30, pending=384, in flight=40
22:09:26: 5707x RT, 95.1 creatures/sec. Fitness: best=1524.7, avg=961.9, new=(qd-mutate=632.8). MAP-Elites(8x8, morphologies=3): occupied=30, pending=384, in flight=40
22:09:28: 5731x RT, 95.5 creatures/sec. Fitness: best=1524.7, avg=961.9, new=(qd-mutate=643.6). MAP-Elites(8x8, morphologies=3): occupied=30, pending=384, in flight=40
22:09:30: 5673x RT, 94.6 creatures/sec. Fitness: best=1524.7, avg=961.9, new=(qd-mutate=698.8). MAP-Elites(8x8, morphologies=3): occupied=30, pending=384, in flight=40
22:09:33: 5744x RT, 95.7 creatures/sec. Fitness: best=1524.7, avg=961.9, new=(qd-mutate=689.3). MAP-Elites(8x8, morphologies=3): occupied=30, pending=384, in flight=40
22:09:35: 5781x RT, 96.3 creatures/sec. Fitness: best=1524.7, avg=961.9, new=(qd-mutate=635.6). MAP-Elites(8x8, morphologies=3): occupied=30, pending=384, in flight=40
22:09:37: 5674x RT, 94.6 creatures/sec. Fitness: best=1524.7, avg=961.9, new=(qd-mutate=682.3). MAP-Elites(8x8, morphologies=3): occupied=30, pending=384, in flight=40
22:09:39: 5811x RT, 96.8 creatures/sec. Fitness: best=1524.7, avg=961.9, new=(qd-mutate=614.3). MAP-Elites(8x8, morphologies=3): occupied=30, pending=384, in flight=40
22:09:41: 5554x RT, 92.6 creatures/sec. Fitness: best=1524.7, avg=961.9, new=(qd-mutate=648.4). MAP-Elites(8x8, morphologies=3): occupied=30, pending=384, in flight=40
22:09:43: 5997x RT, 100.0 creatures/sec. Fitness: best=1524.7, avg=961.9, new=(qd-mutate=634.1). MAP-Elites(8x8, morphologies=3): occupied=30, pending=384, in flight=40
22:09:45: 5544x RT, 92.4 creatures/sec. Fitness: best=1524.7, avg=961.9, new=(qd-mutate=671.0). MAP-Elites(8x8, morphologies=3): occupied=30, pending=384, in flight=40
22:09:47: 5486x RT, 91.4 creatures/sec. Fitness: best=1524.7, avg=961.9, new=(qd-mutate=665.9). MAP-Elites(8x8, morphologies=3): occupied=30, pending=384, in flight=40
22:09:49: 5610x RT, 93.5 creatures/sec. Fitness: best=1524.7, avg=961.9, new=(qd-mutate=685.9). MAP-Elites(8x8, morphologies=3): occupied=30, pending=384, in flight=40
22:09:51: 5432x RT, 90.5 creatures/sec. Fitness: best=1524.7, avg=961.9, new=(qd-mutate=670.2). MAP-Elites(8x8, morphologies=3): occupied=30, pending=384, in flight=40
7614943 bytes written to /Users/dag/projects/Machine-Evolved-credible-training/training-runs/me-v2-harmonic-qd-01-double-gravity-double-population-8w/config.json. 
22:09:53: 5223x RT, 87.0 creatures/sec. Fitness: best=1524.7, avg=961.9, new=(qd-mutate=672.3). MAP-Elites(8x8, morphologies=3): occupied=30, pending=384, in flight=40
22:09:55: 4974x RT, 82.9 creatures/sec. Fitness: best=1524.7, avg=961.9, new=(qd-mutate=650.8). MAP-Elites(8x8, morphologies=3): occupied=30, pending=384, in flight=40
22:09:57: 5329x RT, 88.8 creatures/sec. Fitness: best=1524.7, avg=962.7, new=(qd-mutate=648.6). MAP-Elites(8x8, morphologies=3): occupied=30, pending=384, in flight=40
22:09:59: 5141x RT, 85.7 creatures/sec. Fitness: best=1524.7, avg=962.7, new=(qd-mutate=668.8). MAP-Elites(8x8, morphologies=3): occupied=30, pending=384, in flight=40
22:10:01: 5224x RT, 87.1 creatures/sec. Fitness: best=1524.7, avg=962.7, new=(qd-mutate=667.1). MAP-Elites(8x8, morphologies=3): occupied=30, pending=384, in flight=40
22:10:03: 5528x RT, 92.1 creatures/sec. Fitness: best=1524.7, avg=963.7, new=(qd-mutate=691.1). MAP-Elites(8x8, morphologies=3): occupied=30, pending=384, in flight=40
22:10:06: 5658x RT, 94.3 creatures/sec. Fitness: best=1524.7, avg=963.7, new=(qd-mutate=661.1). MAP-Elites(8x8, morphologies=3): occupied=30, pending=384, in flight=40
22:10:08: 5452x RT, 90.9 creatures/sec. Fitness: best=1524.7, avg=963.7, new=(qd-mutate=662.1). MAP-Elites(8x8, morphologies=3): occupied=30, pending=384, in flight=40
22:10:10: 5652x RT, 94.2 creatures/sec. Fitness: best=1524.7, avg=963.7, new=(qd-mutate=695.8). MAP-Elites(8x8, morphologies=3): occupied=30, pending=384, in flight=40
22:10:12: 5591x RT, 93.2 creatures/sec. Fitness: best=1524.7, avg=963.7, new=(qd-mutate=666.7). MAP-Elites(8x8, morphologies=3): occupied=30, pending=384, in flight=40
22:10:14: 5497x RT, 91.6 creatures/sec. Fitness: best=1524.7, avg=963.7, new=(qd-mutate=645.5). MAP-Elites(8x8, morphologies=3): occupied=30, pending=384, in flight=40
22:10:16: 5569x RT, 92.8 creatures/sec. Fitness: best=1524.7, avg=963.7, new=(qd-mutate=673.1). MAP-Elites(8x8, morphologies=3): occupied=30, pending=384, in flight=40
22:10:18: 5637x RT, 93.9 creatures/sec. Fitness: best=1524.7, avg=963.7, new=(qd-mutate=634.4). MAP-Elites(8x8, morphologies=3): occupied=30, pending=384, in flight=40
22:10:20: 5602x RT, 93.4 creatures/sec. Fitness: best=1524.7, avg=963.7, new=(qd-mutate=680.8). MAP-Elites(8x8, morphologies=3): occupied=30, pending=384, in flight=40
22:10:22: 5627x RT, 93.8 creatures/sec. Fitness: best=1524.7, avg=963.7, new=(qd-mutate=644.8). MAP-Elites(8x8, morphologies=3): occupied=30, pending=384, in flight=40
22:10:24: 5754x RT, 95.9 creatures/sec. Fitness: best=1524.7, avg=963.7, new=(qd-mutate=633.5). MAP-Elites(8x8, morphologies=3): occupied=30, pending=384, in flight=40
22:10:26: 5626x RT, 93.8 creatures/sec. Fitness: best=1524.7, avg=963.7, new=(qd-mutate=650.3). MAP-Elites(8x8, morphologies=3): occupied=30, pending=384, in flight=40
22:10:28: 5780x RT, 96.3 creatures/sec. Fitness: best=1524.7, avg=963.7, new=(qd-mutate=655.0). MAP-Elites(8x8, morphologies=3): occupied=30, pending=384, in flight=40
22:10:31: 5689x RT, 94.8 creatures/sec. Fitness: best=1524.7, avg=963.7, new=(qd-mutate=674.9). MAP-Elites(8x8, morphologies=3): occupied=30, pending=384, in flight=40
22:10:33: 5780x RT, 96.3 creatures/sec. Fitness: best=1524.7, avg=965.4, new=(qd-mutate=632.7). MAP-Elites(8x8, morphologies=3): occupied=30, pending=384, in flight=40
22:10:35: 5622x RT, 93.7 creatures/sec. Fitness: best=1524.7, avg=965.4, new=(qd-mutate=686.5). MAP-Elites(8x8, morphologies=3): occupied=30, pending=384, in flight=40
22:10:37: 5792x RT, 96.5 creatures/sec. Fitness: best=1524.7, avg=965.4, new=(qd-mutate=669.4). MAP-Elites(8x8, morphologies=3): occupied=30, pending=384, in flight=40
22:10:39: 5807x RT, 96.8 creatures/sec. Fitness: best=1524.7, avg=965.4, new=(qd-mutate=666.0). MAP-Elites(8x8, morphologies=3): occupied=30, pending=384, in flight=40
22:10:41: 5846x RT, 97.4 creatures/sec. Fitness: best=1524.7, avg=965.4, new=(qd-mutate=666.1). MAP-Elites(8x8, morphologies=3): occupied=30, pending=384, in flight=40
22:10:43: 5589x RT, 93.1 creatures/sec. Fitness: best=1524.7, avg=965.4, new=(qd-mutate=687.7). MAP-Elites(8x8, morphologies=3): occupied=30, pending=384, in flight=40
22:10:45: 5830x RT, 97.2 creatures/sec. Fitness: best=1524.7, avg=965.4, new=(qd-mutate=642.2). MAP-Elites(8x8, morphologies=3): occupied=30, pending=384, in flight=40
22:10:47: 5876x RT, 97.9 creatures/sec. Fitness: best=1524.7, avg=965.4, new=(qd-mutate=696.5). MAP-Elites(8x8, morphologies=3): occupied=30, pending=384, in flight=40
22:10:49: 5869x RT, 97.8 creatures/sec. Fitness: best=1524.7, avg=965.4, new=(qd-mutate=647.9). MAP-Elites(8x8, morphologies=3): occupied=30, pending=384, in flight=40
22:10:51: 5859x RT, 97.6 creatures/sec. Fitness: best=1524.7, avg=965.4, new=(qd-mutate=625.0). MAP-Elites(8x8, morphologies=3): occupied=30, pending=384, in flight=40
7585441 bytes written to /Users/dag/projects/Machine-Evolved-credible-training/training-runs/me-v2-harmonic-qd-01-double-gravity-double-population-8w/config.json. 
22:10:53: 5785x RT, 96.4 creatures/sec. Fitness: best=1524.7, avg=965.4, new=(qd-mutate=665.1). MAP-Elites(8x8, morphologies=3): occupied=30, pending=384, in flight=40
22:10:55: 5875x RT, 97.9 creatures/sec. Fitness: best=1524.7, avg=965.4, new=(qd-mutate=689.6). MAP-Elites(8x8, morphologies=3): occupied=30, pending=384, in flight=40
22:10:57: 5898x RT, 98.3 creatures/sec. Fitness: best=1524.7, avg=965.4, new=(qd-mutate=696.6). MAP-Elites(8x8, morphologies=3): occupied=30, pending=384, in flight=40
22:10:59: 5785x RT, 96.4 creatures/sec. Fitness: best=1524.7, avg=965.4, new=(qd-mutate=641.6). MAP-Elites(8x8, morphologies=3): occupied=30, pending=384, in flight=40
22:11:01: 5877x RT, 98.0 creatures/sec. Fitness: best=1524.7, avg=965.4, new=(qd-mutate=677.0). MAP-Elites(8x8, morphologies=3): occupied=30, pending=384, in flight=40
22:11:03: 5813x RT, 96.9 creatures/sec. Fitness: best=1524.7, avg=965.4, new=(qd-mutate=665.7). MAP-Elites(8x8, morphologies=3): occupied=30, pending=384, in flight=40
22:11:05: 5870x RT, 97.8 creatures/sec. Fitness: best=1524.7, avg=965.4, new=(qd-mutate=622.2). MAP-Elites(8x8, morphologies=3): occupied=30, pending=384, in flight=40
22:11:07: 5863x RT, 97.7 creatures/sec. Fitness: best=1524.7, avg=965.4, new=(qd-mutate=679.8). MAP-Elites(8x8, morphologies=3): occupied=30, pending=384, in flight=40
22:11:09: 5764x RT, 96.1 creatures/sec. Fitness: best=1524.7, avg=965.4, new=(qd-mutate=619.0). MAP-Elites(8x8, morphologies=3): occupied=30, pending=384, in flight=40
22:11:11: 5905x RT, 98.4 creatures/sec. Fitness: best=1524.7, avg=965.4, new=(qd-mutate=658.2). MAP-Elites(8x8, morphologies=3): occupied=30, pending=384, in flight=40
22:11:14: 5847x RT, 97.4 creatures/sec. Fitness: best=1524.7, avg=965.4, new=(qd-mutate=653.4). MAP-Elites(8x8, morphologies=3): occupied=30, pending=384, in flight=40
22:11:16: 5814x RT, 96.9 creatures/sec. Fitness: best=1524.7, avg=965.4, new=(qd-mutate=633.5). MAP-Elites(8x8, morphologies=3): occupied=30, pending=384, in flight=40
22:11:18: 5784x RT, 96.4 creatures/sec. Fitness: best=1524.7, avg=965.4, new=(qd-mutate=640.2). MAP-Elites(8x8, morphologies=3): occupied=30, pending=384, in flight=40
22:11:20: 5765x RT, 96.1 creatures/sec. Fitness: best=1524.7, avg=965.4, new=(qd-mutate=667.9). MAP-Elites(8x8, morphologies=3): occupied=30, pending=384, in flight=40
22:11:22: 5828x RT, 97.1 creatures/sec. Fitness: best=1524.7, avg=965.4, new=(qd-mutate=684.1). MAP-Elites(8x8, morphologies=3): occupied=30, pending=384, in flight=40
22:11:24: 5730x RT, 95.5 creatures/sec. Fitness: best=1524.7, avg=965.4, new=(qd-mutate=677.3). MAP-Elites(8x8, morphologies=3): occupied=30, pending=384, in flight=40
22:11:26: 5834x RT, 97.2 creatures/sec. Fitness: best=1524.7, avg=965.4, new=(qd-mutate=630.7). MAP-Elites(8x8, morphologies=3): occupied=30, pending=384, in flight=40
22:11:28: 5564x RT, 92.7 creatures/sec. Fitness: best=1524.7, avg=965.4, new=(qd-mutate=660.2). MAP-Elites(8x8, morphologies=3): occupied=30, pending=384, in flight=40
22:11:30: 4865x RT, 81.1 creatures/sec. Fitness: best=1524.7, avg=965.4, new=(qd-mutate=612.9). MAP-Elites(8x8, morphologies=3): occupied=30, pending=384, in flight=40
22:11:32: 5242x RT, 87.4 creatures/sec. Fitness: best=1524.7, avg=965.4, new=(qd-mutate=672.0). MAP-Elites(8x8, morphologies=3): occupied=30, pending=384, in flight=40
22:11:34: 5709x RT, 95.1 creatures/sec. Fitness: best=1524.7, avg=965.4, new=(qd-mutate=690.1). MAP-Elites(8x8, morphologies=3): occupied=30, pending=384, in flight=40
22:11:36: 5781x RT, 96.4 creatures/sec. Fitness: best=1524.7, avg=965.4, new=(qd-mutate=651.8). MAP-Elites(8x8, morphologies=3): occupied=30, pending=384, in flight=40
22:11:38: 5811x RT, 96.9 creatures/sec. Fitness: best=1524.7, avg=965.4, new=(qd-mutate=660.1). MAP-Elites(8x8, morphologies=3): occupied=30, pending=384, in flight=40
22:11:40: 5883x RT, 98.1 creatures/sec. Fitness: best=1524.7, avg=965.4, new=(qd-mutate=668.6). MAP-Elites(8x8, morphologies=3): occupied=30, pending=384, in flight=40
22:11:42: 5795x RT, 96.6 creatures/sec. Fitness: best=1524.7, avg=965.4, new=(qd-mutate=671.9). MAP-Elites(8x8, morphologies=3): occupied=30, pending=384, in flight=40
22:11:45: 5817x RT, 97.0 creatures/sec. Fitness: best=1524.7, avg=965.4, new=(qd-mutate=686.4). MAP-Elites(8x8, morphologies=3): occupied=30, pending=384, in flight=40
22:11:47: 5839x RT, 97.3 creatures/sec. Fitness: best=1524.7, avg=965.4, new=(qd-mutate=682.9). MAP-Elites(8x8, morphologies=3): occupied=30, pending=384, in flight=40
22:11:49: 5807x RT, 96.8 creatures/sec. Fitness: best=1524.7, avg=955.9, new=(qd-mutate=664.8). MAP-Elites(8x8, morphologies=3): occupied=31, pending=384, in flight=40
22:11:51: 5838x RT, 97.3 creatures/sec. Fitness: best=1524.7, avg=955.9, new=(qd-mutate=619.1). MAP-Elites(8x8, morphologies=3): occupied=31, pending=384, in flight=40
7608431 bytes written to /Users/dag/projects/Machine-Evolved-credible-training/training-runs/me-v2-harmonic-qd-01-double-gravity-double-population-8w/config.json. 
22:11:53: 5837x RT, 97.3 creatures/sec. Fitness: best=1524.7, avg=955.9, new=(qd-mutate=623.6). MAP-Elites(8x8, morphologies=3): occupied=31, pending=384, in flight=40
22:11:55: 5811x RT, 96.8 creatures/sec. Fitness: best=1524.7, avg=955.9, new=(qd-mutate=640.3). MAP-Elites(8x8, morphologies=3): occupied=31, pending=384, in flight=40
22:11:57: 5789x RT, 96.5 creatures/sec. Fitness: best=1524.7, avg=955.9, new=(qd-mutate=667.4). MAP-Elites(8x8, morphologies=3): occupied=31, pending=384, in flight=40
22:11:59: 5837x RT, 97.3 creatures/sec. Fitness: best=1524.7, avg=955.9, new=(qd-mutate=692.5). MAP-Elites(8x8, morphologies=3): occupied=31, pending=384, in flight=40
22:12:01: 5805x RT, 96.8 creatures/sec. Fitness: best=1524.7, avg=955.9, new=(qd-mutate=668.9). MAP-Elites(8x8, morphologies=3): occupied=31, pending=384, in flight=40
22:12:03: 5815x RT, 96.9 creatures/sec. Fitness: best=1524.7, avg=955.9, new=(qd-mutate=690.9). MAP-Elites(8x8, morphologies=3): occupied=31, pending=384, in flight=40
22:12:05: 5864x RT, 97.7 creatures/sec. Fitness: best=1524.7, avg=955.9, new=(qd-mutate=632.6). MAP-Elites(8x8, morphologies=3): occupied=31, pending=384, in flight=40
22:12:07: 5831x RT, 97.2 creatures/sec. Fitness: best=1524.7, avg=955.9, new=(qd-mutate=656.1). MAP-Elites(8x8, morphologies=3): occupied=31, pending=384, in flight=40
22:12:09: 5836x RT, 97.3 creatures/sec. Fitness: best=1524.7, avg=946.9, new=(qd-mutate=641.4). MAP-Elites(8x8, morphologies=3): occupied=32, pending=384, in flight=40
22:12:11: 4886x RT, 81.4 creatures/sec. Fitness: best=1524.7, avg=946.9, new=(qd-mutate=674.6). MAP-Elites(8x8, morphologies=3): occupied=32, pending=384, in flight=40
22:12:13: 5691x RT, 94.9 creatures/sec. Fitness: best=1524.7, avg=946.9, new=(qd-mutate=631.8). MAP-Elites(8x8, morphologies=3): occupied=32, pending=384, in flight=40
22:12:16: 5792x RT, 96.5 creatures/sec. Fitness: best=1524.7, avg=946.9, new=(qd-mutate=646.6). MAP-Elites(8x8, morphologies=3): occupied=32, pending=384, in flight=40
22:12:18: 5648x RT, 94.1 creatures/sec. Fitness: best=1524.7, avg=946.9, new=(qd-mutate=691.4). MAP-Elites(8x8, morphologies=3): occupied=32, pending=384, in flight=40
22:12:20: 5900x RT, 98.3 creatures/sec. Fitness: best=1524.7, avg=946.9, new=(qd-mutate=644.6). MAP-Elites(8x8, morphologies=3): occupied=32, pending=384, in flight=40
22:12:22: 5343x RT, 89.1 creatures/sec. Fitness: best=1524.7, avg=946.9, new=(qd-mutate=698.9). MAP-Elites(8x8, morphologies=3): occupied=32, pending=384, in flight=40
22:12:24: 5189x RT, 86.5 creatures/sec. Fitness: best=1524.7, avg=946.9, new=(qd-mutate=648.7). MAP-Elites(8x8, morphologies=3): occupied=32, pending=384, in flight=40
22:12:26: 5539x RT, 92.3 creatures/sec. Fitness: best=1524.7, avg=946.9, new=(qd-mutate=640.8). MAP-Elites(8x8, morphologies=3): occupied=32, pending=384, in flight=40
22:12:28: 5420x RT, 90.3 creatures/sec. Fitness: best=1524.7, avg=946.9, new=(qd-mutate=661.7). MAP-Elites(8x8, morphologies=3): occupied=32, pending=384, in flight=40
22:12:30: 5415x RT, 90.2 creatures/sec. Fitness: best=1524.7, avg=946.9, new=(qd-mutate=641.2). MAP-Elites(8x8, morphologies=3): occupied=32, pending=384, in flight=40
22:12:32: 5438x RT, 90.6 creatures/sec. Fitness: best=1524.7, avg=946.9, new=(qd-mutate=638.1). MAP-Elites(8x8, morphologies=3): occupied=32, pending=384, in flight=40
22:12:34: 5318x RT, 88.6 creatures/sec. Fitness: best=1524.7, avg=946.9, new=(qd-mutate=690.0). MAP-Elites(8x8, morphologies=3): occupied=32, pending=384, in flight=40
22:12:36: 5383x RT, 89.7 creatures/sec. Fitness: best=1524.7, avg=946.9, new=(qd-mutate=646.8). MAP-Elites(8x8, morphologies=3): occupied=32, pending=384, in flight=40
22:12:38: 5465x RT, 91.1 creatures/sec. Fitness: best=1524.7, avg=947.4, new=(qd-mutate=654.6). MAP-Elites(8x8, morphologies=3): occupied=32, pending=384, in flight=40
22:12:40: 5392x RT, 89.9 creatures/sec. Fitness: best=1524.7, avg=947.4, new=(qd-mutate=685.7). MAP-Elites(8x8, morphologies=3): occupied=32, pending=384, in flight=40
22:12:42: 5486x RT, 91.4 creatures/sec. Fitness: best=1524.7, avg=947.4, new=(qd-mutate=653.1). MAP-Elites(8x8, morphologies=3): occupied=32, pending=384, in flight=40
22:12:45: 5376x RT, 89.6 creatures/sec. Fitness: best=1524.7, avg=947.4, new=(qd-mutate=617.0). MAP-Elites(8x8, morphologies=3): occupied=32, pending=384, in flight=40
22:12:47: 5370x RT, 89.5 creatures/sec. Fitness: best=1524.7, avg=947.4, new=(qd-mutate=627.6). MAP-Elites(8x8, morphologies=3): occupied=32, pending=384, in flight=40
22:12:49: 5322x RT, 88.7 creatures/sec. Fitness: best=1524.7, avg=947.4, new=(qd-mutate=688.1). MAP-Elites(8x8, morphologies=3): occupied=32, pending=384, in flight=40
22:12:51: 5499x RT, 91.6 creatures/sec. Fitness: best=1524.7, avg=947.4, new=(qd-mutate=648.3). MAP-Elites(8x8, morphologies=3): occupied=32, pending=384, in flight=40
7630729 bytes written to /Users/dag/projects/Machine-Evolved-credible-training/training-runs/me-v2-harmonic-qd-01-double-gravity-double-population-8w/config.json. 
22:12:53: 5470x RT, 91.2 creatures/sec. Fitness: best=1524.7, avg=947.4, new=(qd-mutate=691.3). MAP-Elites(8x8, morphologies=3): occupied=32, pending=384, in flight=40
22:12:55: 5261x RT, 87.7 creatures/sec. Fitness: best=1524.7, avg=947.4, new=(qd-mutate=656.7). MAP-Elites(8x8, morphologies=3): occupied=32, pending=384, in flight=40
22:12:57: 5400x RT, 90.0 creatures/sec. Fitness: best=1524.7, avg=947.4, new=(qd-mutate=655.5). MAP-Elites(8x8, morphologies=3): occupied=32, pending=384, in flight=40
22:12:59: 5535x RT, 92.3 creatures/sec. Fitness: best=1524.7, avg=947.4, new=(qd-mutate=624.6). MAP-Elites(8x8, morphologies=3): occupied=32, pending=384, in flight=40
22:13:01: 5739x RT, 95.6 creatures/sec. Fitness: best=1524.7, avg=947.4, new=(qd-mutate=623.1). MAP-Elites(8x8, morphologies=3): occupied=32, pending=384, in flight=40
22:13:03: 5646x RT, 94.1 creatures/sec. Fitness: best=1524.7, avg=947.4, new=(qd-mutate=670.6). MAP-Elites(8x8, morphologies=3): occupied=32, pending=384, in flight=40
22:13:05: 5656x RT, 94.3 creatures/sec. Fitness: best=1524.7, avg=947.4, new=(qd-mutate=672.6). MAP-Elites(8x8, morphologies=3): occupied=32, pending=384, in flight=40
22:13:07: 5763x RT, 96.0 creatures/sec. Fitness: best=1524.7, avg=947.4, new=(qd-mutate=675.1). MAP-Elites(8x8, morphologies=3): occupied=32, pending=384, in flight=40
22:13:09: 5733x RT, 95.5 creatures/sec. Fitness: best=1524.7, avg=947.4, new=(qd-mutate=678.5). MAP-Elites(8x8, morphologies=3): occupied=32, pending=384, in flight=40
22:13:11: 5743x RT, 95.7 creatures/sec. Fitness: best=1524.7, avg=947.4, new=(qd-mutate=684.6). MAP-Elites(8x8, morphologies=3): occupied=32, pending=384, in flight=40
22:13:14: 5726x RT, 95.4 creatures/sec. Fitness: best=1524.7, avg=947.4, new=(qd-mutate=701.2). MAP-Elites(8x8, morphologies=3): occupied=32, pending=384, in flight=40
22:13:16: 5722x RT, 95.4 creatures/sec. Fitness: best=1524.7, avg=947.4, new=(qd-mutate=668.3). MAP-Elites(8x8, morphologies=3): occupied=32, pending=384, in flight=40
22:13:18: 5725x RT, 95.4 creatures/sec. Fitness: best=1524.7, avg=947.4, new=(qd-mutate=661.0). MAP-Elites(8x8, morphologies=3): occupied=32, pending=384, in flight=40
22:13:20: 5743x RT, 95.7 creatures/sec. Fitness: best=1524.7, avg=947.4, new=(qd-mutate=634.5). MAP-Elites(8x8, morphologies=3): occupied=32, pending=384, in flight=40
22:13:22: 6004x RT, 100.1 creatures/sec. Fitness: best=1524.7, avg=947.4, new=(qd-mutate=658.7). MAP-Elites(8x8, morphologies=3): occupied=32, pending=384, in flight=40
22:13:24: 5139x RT, 85.6 creatures/sec. Fitness: best=1524.7, avg=947.4, new=(qd-mutate=678.5). MAP-Elites(8x8, morphologies=3): occupied=32, pending=384, in flight=40
22:13:26: 5578x RT, 93.0 creatures/sec. Fitness: best=1524.7, avg=947.4, new=(qd-mutate=649.8). MAP-Elites(8x8, morphologies=3): occupied=32, pending=384, in flight=40
22:13:28: 5070x RT, 84.5 creatures/sec. Fitness: best=1524.7, avg=947.4, new=(qd-mutate=693.6). MAP-Elites(8x8, morphologies=3): occupied=32, pending=384, in flight=40
22:13:30: 5547x RT, 92.4 creatures/sec. Fitness: best=1524.7, avg=947.4, new=(qd-mutate=661.2). MAP-Elites(8x8, morphologies=3): occupied=32, pending=384, in flight=40
22:13:32: 5506x RT, 91.8 creatures/sec. Fitness: best=1524.7, avg=947.4, new=(qd-mutate=644.7). MAP-Elites(8x8, morphologies=3): occupied=32, pending=384, in flight=40
22:13:34: 5667x RT, 94.5 creatures/sec. Fitness: best=1524.7, avg=948.1, new=(qd-mutate=702.2). MAP-Elites(8x8, morphologies=3): occupied=32, pending=384, in flight=40
22:13:36: 5686x RT, 94.8 creatures/sec. Fitness: best=1524.7, avg=948.1, new=(qd-mutate=697.6). MAP-Elites(8x8, morphologies=3): occupied=32, pending=384, in flight=40
22:13:38: 5572x RT, 92.9 creatures/sec. Fitness: best=1524.7, avg=948.1, new=(qd-mutate=667.2). MAP-Elites(8x8, morphologies=3): occupied=32, pending=384, in flight=40
22:13:40: 5717x RT, 95.3 creatures/sec. Fitness: best=1524.7, avg=948.1, new=(qd-mutate=641.3). MAP-Elites(8x8, morphologies=3): occupied=32, pending=384, in flight=40
22:13:42: 5700x RT, 95.0 creatures/sec. Fitness: best=1524.7, avg=948.1, new=(qd-mutate=667.6). MAP-Elites(8x8, morphologies=3): occupied=32, pending=384, in flight=40
22:13:45: 5724x RT, 95.4 creatures/sec. Fitness: best=1524.7, avg=948.1, new=(qd-mutate=667.8). MAP-Elites(8x8, morphologies=3): occupied=32, pending=384, in flight=40
22:13:47: 5677x RT, 94.6 creatures/sec. Fitness: best=1524.7, avg=948.1, new=(qd-mutate=690.8). MAP-Elites(8x8, morphologies=3): occupied=32, pending=384, in flight=40
22:13:49: 5767x RT, 96.1 creatures/sec. Fitness: best=1524.7, avg=948.1, new=(qd-mutate=657.4). MAP-Elites(8x8, morphologies=3): occupied=32, pending=384, in flight=40
22:13:51: 5556x RT, 92.6 creatures/sec. Fitness: best=1524.7, avg=948.1, new=(qd-mutate=727.5). MAP-Elites(8x8, morphologies=3): occupied=32, pending=384, in flight=40
7636994 bytes written to /Users/dag/projects/Machine-Evolved-credible-training/training-runs/me-v2-harmonic-qd-01-double-gravity-double-population-8w/config.json. 
22:13:53: 5729x RT, 95.5 creatures/sec. Fitness: best=1524.7, avg=948.1, new=(qd-mutate=618.2). MAP-Elites(8x8, morphologies=3): occupied=32, pending=384, in flight=40
22:13:55: 5715x RT, 95.3 creatures/sec. Fitness: best=1524.7, avg=948.1, new=(qd-mutate=666.9). MAP-Elites(8x8, morphologies=3): occupied=32, pending=384, in flight=40
22:13:57: 5723x RT, 95.4 creatures/sec. Fitness: best=1524.7, avg=948.1, new=(qd-mutate=652.2). MAP-Elites(8x8, morphologies=3): occupied=32, pending=384, in flight=40
22:13:59: 5725x RT, 95.4 creatures/sec. Fitness: best=1524.7, avg=952.1, new=(qd-mutate=634.6). MAP-Elites(8x8, morphologies=3): occupied=32, pending=384, in flight=40
22:14:01: 5806x RT, 96.8 creatures/sec. Fitness: best=1524.7, avg=952.1, new=(qd-mutate=666.0). MAP-Elites(8x8, morphologies=3): occupied=32, pending=384, in flight=40
22:14:03: 5805x RT, 96.7 creatures/sec. Fitness: best=1524.7, avg=952.1, new=(qd-mutate=657.6). MAP-Elites(8x8, morphologies=3): occupied=32, pending=384, in flight=40
22:14:05: 5848x RT, 97.5 creatures/sec. Fitness: best=1524.7, avg=952.1, new=(qd-mutate=652.5). MAP-Elites(8x8, morphologies=3): occupied=32, pending=384, in flight=40
22:14:07: 5841x RT, 97.3 creatures/sec. Fitness: best=1524.7, avg=952.1, new=(qd-mutate=644.8). MAP-Elites(8x8, morphologies=3): occupied=32, pending=384, in flight=40
22:14:09: 5811x RT, 96.9 creatures/sec. Fitness: best=1524.7, avg=952.1, new=(qd-mutate=671.9). MAP-Elites(8x8, morphologies=3): occupied=32, pending=384, in flight=40
22:14:11: 5833x RT, 97.2 creatures/sec. Fitness: best=1524.7, avg=952.1, new=(qd-mutate=661.9). MAP-Elites(8x8, morphologies=3): occupied=32, pending=384, in flight=40
22:14:13: 5767x RT, 96.1 creatures/sec. Fitness: best=1524.7, avg=952.1, new=(qd-mutate=645.8). MAP-Elites(8x8, morphologies=3): occupied=32, pending=384, in flight=40
22:14:15: 5856x RT, 97.6 creatures/sec. Fitness: best=1524.7, avg=952.1, new=(qd-mutate=661.3). MAP-Elites(8x8, morphologies=3): occupied=32, pending=384, in flight=40
22:14:17: 5829x RT, 97.2 creatures/sec. Fitness: best=1524.7, avg=952.1, new=(qd-mutate=625.9). MAP-Elites(8x8, morphologies=3): occupied=32, pending=384, in flight=40
22:14:19: 5824x RT, 97.1 creatures/sec. Fitness: best=1524.7, avg=952.1, new=(qd-mutate=681.0). MAP-Elites(8x8, morphologies=3): occupied=32, pending=384, in flight=40
22:14:21: 5854x RT, 97.6 creatures/sec. Fitness: best=1524.7, avg=955.8, new=(qd-mutate=632.1). MAP-Elites(8x8, morphologies=3): occupied=32, pending=384, in flight=40
22:14:23: 5853x RT, 97.5 creatures/sec. Fitness: best=1524.7, avg=955.8, new=(qd-mutate=652.4). MAP-Elites(8x8, morphologies=3): occupied=32, pending=384, in flight=40
22:14:26: 5879x RT, 98.0 creatures/sec. Fitness: best=1524.7, avg=955.8, new=(qd-mutate=699.6). MAP-Elites(8x8, morphologies=3): occupied=32, pending=384, in flight=40
22:14:28: 5776x RT, 96.3 creatures/sec. Fitness: best=1524.7, avg=955.8, new=(qd-mutate=684.0). MAP-Elites(8x8, morphologies=3): occupied=32, pending=384, in flight=40
22:14:30: 5900x RT, 98.3 creatures/sec. Fitness: best=1524.7, avg=955.8, new=(qd-mutate=668.1). MAP-Elites(8x8, morphologies=3): occupied=32, pending=384, in flight=40
22:14:32: 5878x RT, 98.0 creatures/sec. Fitness: best=1524.7, avg=955.8, new=(qd-mutate=659.4). MAP-Elites(8x8, morphologies=3): occupied=32, pending=384, in flight=40
22:14:34: 5761x RT, 96.0 creatures/sec. Fitness: best=1524.7, avg=955.8, new=(qd-mutate=645.5). MAP-Elites(8x8, morphologies=3): occupied=32, pending=384, in flight=40
22:14:36: 5845x RT, 97.4 creatures/sec. Fitness: best=1524.7, avg=955.8, new=(qd-mutate=652.7). MAP-Elites(8x8, morphologies=3): occupied=32, pending=384, in flight=40
22:14:38: 5744x RT, 95.7 creatures/sec. Fitness: best=1524.7, avg=955.8, new=(qd-mutate=688.0). MAP-Elites(8x8, morphologies=3): occupied=32, pending=384, in flight=40
22:14:40: 5849x RT, 97.5 creatures/sec. Fitness: best=1524.7, avg=955.8, new=(qd-mutate=635.7). MAP-Elites(8x8, morphologies=3): occupied=32, pending=384, in flight=40
22:14:42: 5875x RT, 97.9 creatures/sec. Fitness: best=1524.7, avg=955.8, new=(qd-mutate=657.4). MAP-Elites(8x8, morphologies=3): occupied=32, pending=384, in flight=40
22:14:44: 5861x RT, 97.7 creatures/sec. Fitness: best=1524.7, avg=955.8, new=(qd-mutate=624.4). MAP-Elites(8x8, morphologies=3): occupied=32, pending=384, in flight=40
22:14:46: 5832x RT, 97.2 creatures/sec. Fitness: best=1524.7, avg=955.8, new=(qd-mutate=652.0). MAP-Elites(8x8, morphologies=3): occupied=32, pending=384, in flight=40
22:14:48: 5868x RT, 97.8 creatures/sec. Fitness: best=1524.7, avg=955.8, new=(qd-mutate=622.8). MAP-Elites(8x8, morphologies=3): occupied=32, pending=384, in flight=40
22:14:50: 5876x RT, 97.9 creatures/sec. Fitness: best=1524.7, avg=955.8, new=(qd-mutate=656.7). MAP-Elites(8x8, morphologies=3): occupied=32, pending=384, in flight=40
7616753 bytes written to /Users/dag/projects/Machine-Evolved-credible-training/training-runs/me-v2-harmonic-qd-01-double-gravity-double-population-8w/config.json. 
22:14:53: 5811x RT, 96.9 creatures/sec. Fitness: best=1524.7, avg=955.8, new=(qd-mutate=627.7). MAP-Elites(8x8, morphologies=3): occupied=32, pending=384, in flight=40
22:14:55: 5841x RT, 97.4 creatures/sec. Fitness: best=1524.7, avg=955.8, new=(qd-mutate=611.1). MAP-Elites(8x8, morphologies=3): occupied=32, pending=384, in flight=40
22:14:57: 5925x RT, 98.7 creatures/sec. Fitness: best=1524.7, avg=955.8, new=(qd-mutate=635.6). MAP-Elites(8x8, morphologies=3): occupied=32, pending=384, in flight=40
22:14:59: 5818x RT, 97.0 creatures/sec. Fitness: best=1524.7, avg=955.8, new=(qd-mutate=677.7). MAP-Elites(8x8, morphologies=3): occupied=32, pending=384, in flight=40
22:15:01: 5765x RT, 96.1 creatures/sec. Fitness: best=1524.7, avg=955.8, new=(qd-mutate=662.0). MAP-Elites(8x8, morphologies=3): occupied=32, pending=384, in flight=40
22:15:03: 5896x RT, 98.3 creatures/sec. Fitness: best=1524.7, avg=955.8, new=(qd-mutate=707.1). MAP-Elites(8x8, morphologies=3): occupied=32, pending=384, in flight=40
22:15:05: 5861x RT, 97.7 creatures/sec. Fitness: best=1524.7, avg=955.8, new=(qd-mutate=650.3). MAP-Elites(8x8, morphologies=3): occupied=32, pending=384, in flight=40
22:15:07: 5803x RT, 96.7 creatures/sec. Fitness: best=1524.7, avg=958.3, new=(qd-mutate=659.6). MAP-Elites(8x8, morphologies=3): occupied=32, pending=384, in flight=40
22:15:09: 5836x RT, 97.3 creatures/sec. Fitness: best=1524.7, avg=958.3, new=(qd-mutate=637.8). MAP-Elites(8x8, morphologies=3): occupied=32, pending=384, in flight=40
22:15:11: 5909x RT, 98.5 creatures/sec. Fitness: best=1524.7, avg=958.3, new=(qd-mutate=688.6). MAP-Elites(8x8, morphologies=3): occupied=32, pending=384, in flight=40
22:15:13: 5810x RT, 96.8 creatures/sec. Fitness: best=1524.7, avg=958.3, new=(qd-mutate=646.6). MAP-Elites(8x8, morphologies=3): occupied=32, pending=384, in flight=40
22:15:15: 5898x RT, 98.3 creatures/sec. Fitness: best=1524.7, avg=958.3, new=(qd-mutate=702.2). MAP-Elites(8x8, morphologies=3): occupied=32, pending=384, in flight=40
22:15:17: 5821x RT, 97.0 creatures/sec. Fitness: best=1524.7, avg=958.3, new=(qd-mutate=643.3). MAP-Elites(8x8, morphologies=3): occupied=32, pending=384, in flight=40
22:15:19: 5837x RT, 97.3 creatures/sec. Fitness: best=1524.7, avg=958.3, new=(qd-mutate=674.9). MAP-Elites(8x8, morphologies=3): occupied=32, pending=384, in flight=40
22:15:22: 5850x RT, 97.5 creatures/sec. Fitness: best=1524.7, avg=958.3, new=(qd-mutate=645.7). MAP-Elites(8x8, morphologies=3): occupied=32, pending=384, in flight=40
22:15:24: 5922x RT, 98.7 creatures/sec. Fitness: best=1524.7, avg=958.3, new=(qd-mutate=661.2). MAP-Elites(8x8, morphologies=3): occupied=32, pending=384, in flight=40
22:15:26: 5760x RT, 96.0 creatures/sec. Fitness: best=1524.7, avg=958.3, new=(qd-mutate=608.6). MAP-Elites(8x8, morphologies=3): occupied=32, pending=384, in flight=40
22:15:28: 5890x RT, 98.2 creatures/sec. Fitness: best=1524.7, avg=958.3, new=(qd-mutate=631.6). MAP-Elites(8x8, morphologies=3): occupied=32, pending=384, in flight=40
22:15:30: 5842x RT, 97.4 creatures/sec. Fitness: best=1524.7, avg=958.3, new=(qd-mutate=661.2). MAP-Elites(8x8, morphologies=3): occupied=32, pending=384, in flight=40
22:15:32: 5907x RT, 98.5 creatures/sec. Fitness: best=1524.7, avg=958.3, new=(qd-mutate=646.3). MAP-Elites(8x8, morphologies=3): occupied=32, pending=384, in flight=40
22:15:34: 5853x RT, 97.5 creatures/sec. Fitness: best=1524.7, avg=958.3, new=(qd-mutate=647.4). MAP-Elites(8x8, morphologies=3): occupied=32, pending=384, in flight=40
22:15:36: 5842x RT, 97.4 creatures/sec. Fitness: best=1524.7, avg=958.3, new=(qd-mutate=651.0). MAP-Elites(8x8, morphologies=3): occupied=32, pending=384, in flight=40
22:15:38: 5850x RT, 97.5 creatures/sec. Fitness: best=1524.7, avg=958.3, new=(qd-mutate=666.3). MAP-Elites(8x8, morphologies=3): occupied=32, pending=384, in flight=40
22:15:40: 5822x RT, 97.0 creatures/sec. Fitness: best=1524.7, avg=958.3, new=(qd-mutate=679.6). MAP-Elites(8x8, morphologies=3): occupied=32, pending=384, in flight=40
22:15:42: 5920x RT, 98.7 creatures/sec. Fitness: best=1524.7, avg=958.3, new=(qd-mutate=625.8). MAP-Elites(8x8, morphologies=3): occupied=32, pending=384, in flight=40
22:15:45: 5841x RT, 97.4 creatures/sec. Fitness: best=1524.7, avg=958.3, new=(qd-mutate=692.5). MAP-Elites(8x8, morphologies=3): occupied=32, pending=384, in flight=40
22:15:47: 5778x RT, 96.3 creatures/sec. Fitness: best=1524.7, avg=958.3, new=(qd-mutate=634.1). MAP-Elites(8x8, morphologies=3): occupied=32, pending=384, in flight=40
22:15:49: 5889x RT, 98.1 creatures/sec. Fitness: best=1524.7, avg=958.3, new=(qd-mutate=660.7). MAP-Elites(8x8, morphologies=3): occupied=32, pending=384, in flight=40
22:15:51: 5889x RT, 98.1 creatures/sec. Fitness: best=1524.7, avg=958.3, new=(qd-mutate=660.7). MAP-Elites(8x8, morphologies=3): occupied=32, pending=384, in flight=40
7580812 bytes written to /Users/dag/projects/Machine-Evolved-credible-training/training-runs/me-v2-harmonic-qd-01-double-gravity-double-population-8w/config.json. 
22:15:53: 5814x RT, 96.9 creatures/sec. Fitness: best=1524.7, avg=958.3, new=(qd-mutate=662.3). MAP-Elites(8x8, morphologies=3): occupied=32, pending=384, in flight=40
22:15:55: 5858x RT, 97.6 creatures/sec. Fitness: best=1524.7, avg=958.3, new=(qd-mutate=677.4). MAP-Elites(8x8, morphologies=3): occupied=32, pending=384, in flight=40
22:15:57: 5770x RT, 96.2 creatures/sec. Fitness: best=1524.7, avg=958.3, new=(qd-mutate=641.8). MAP-Elites(8x8, morphologies=3): occupied=32, pending=384, in flight=40
22:15:59: 5905x RT, 98.4 creatures/sec. Fitness: best=1524.7, avg=958.3, new=(qd-mutate=648.9). MAP-Elites(8x8, morphologies=3): occupied=32, pending=384, in flight=40
22:16:01: 5838x RT, 97.3 creatures/sec. Fitness: best=1524.7, avg=958.3, new=(qd-mutate=636.4). MAP-Elites(8x8, morphologies=3): occupied=32, pending=384, in flight=40
22:16:03: 5910x RT, 98.5 creatures/sec. Fitness: best=1524.7, avg=958.3, new=(qd-mutate=669.8). MAP-Elites(8x8, morphologies=3): occupied=32, pending=384, in flight=40
22:16:05: 5810x RT, 96.8 creatures/sec. Fitness: best=1524.7, avg=958.3, new=(qd-mutate=639.5). MAP-Elites(8x8, morphologies=3): occupied=32, pending=384, in flight=40
22:16:07: 5907x RT, 98.5 creatures/sec. Fitness: best=1524.7, avg=958.3, new=(qd-mutate=630.8). MAP-Elites(8x8, morphologies=3): occupied=32, pending=384, in flight=40
22:16:09: 5881x RT, 98.0 creatures/sec. Fitness: best=1524.7, avg=958.3, new=(qd-mutate=637.1). MAP-Elites(8x8, morphologies=3): occupied=32, pending=384, in flight=40
22:16:11: 5819x RT, 97.0 creatures/sec. Fitness: best=1524.7, avg=958.3, new=(qd-mutate=648.3). MAP-Elites(8x8, morphologies=3): occupied=32, pending=384, in flight=40
22:16:13: 5895x RT, 98.2 creatures/sec. Fitness: best=1524.7, avg=958.3, new=(qd-mutate=684.5). MAP-Elites(8x8, morphologies=3): occupied=32, pending=384, in flight=40
22:16:15: 5860x RT, 97.7 creatures/sec. Fitness: best=1524.7, avg=958.3, new=(qd-mutate=658.8). MAP-Elites(8x8, morphologies=3): occupied=32, pending=384, in flight=40
22:16:17: 5903x RT, 98.4 creatures/sec. Fitness: best=1524.7, avg=958.3, new=(qd-mutate=677.7). MAP-Elites(8x8, morphologies=3): occupied=32, pending=384, in flight=40
22:16:19: 5900x RT, 98.3 creatures/sec. Fitness: best=1524.7, avg=958.3, new=(qd-mutate=660.7). MAP-Elites(8x8, morphologies=3): occupied=32, pending=384, in flight=40
22:16:22: 5873x RT, 97.9 creatures/sec. Fitness: best=1524.7, avg=958.3, new=(qd-mutate=683.9). MAP-Elites(8x8, morphologies=3): occupied=32, pending=384, in flight=40
22:16:24: 5860x RT, 97.7 creatures/sec. Fitness: best=1524.7, avg=958.3, new=(qd-mutate=682.3). MAP-Elites(8x8, morphologies=3): occupied=32, pending=384, in flight=40
22:16:26: 5846x RT, 97.4 creatures/sec. Fitness: best=1524.7, avg=958.3, new=(qd-mutate=640.8). MAP-Elites(8x8, morphologies=3): occupied=32, pending=384, in flight=40
22:16:28: 5891x RT, 98.2 creatures/sec. Fitness: best=1524.7, avg=958.3, new=(qd-mutate=641.1). MAP-Elites(8x8, morphologies=3): occupied=32, pending=384, in flight=40
22:16:30: 5875x RT, 97.9 creatures/sec. Fitness: best=1524.7, avg=958.3, new=(qd-mutate=660.6). MAP-Elites(8x8, morphologies=3): occupied=32, pending=384, in flight=40
22:16:32: 5831x RT, 97.2 creatures/sec. Fitness: best=1524.7, avg=958.4, new=(qd-mutate=682.7). MAP-Elites(8x8, morphologies=3): occupied=32, pending=384, in flight=40
22:16:34: 5865x RT, 97.8 creatures/sec. Fitness: best=1524.7, avg=958.4, new=(qd-mutate=696.7). MAP-Elites(8x8, morphologies=3): occupied=32, pending=384, in flight=40
22:16:36: 5860x RT, 97.7 creatures/sec. Fitness: best=1524.7, avg=958.4, new=(qd-mutate=644.0). MAP-Elites(8x8, morphologies=3): occupied=32, pending=384, in flight=40
22:16:38: 5909x RT, 98.5 creatures/sec. Fitness: best=1524.7, avg=958.4, new=(qd-mutate=631.8). MAP-Elites(8x8, morphologies=3): occupied=32, pending=384, in flight=40
22:16:40: 5874x RT, 97.9 creatures/sec. Fitness: best=1524.7, avg=958.4, new=(qd-mutate=649.7). MAP-Elites(8x8, morphologies=3): occupied=32, pending=384, in flight=40
22:16:42: 5848x RT, 97.5 creatures/sec. Fitness: best=1524.7, avg=958.4, new=(qd-mutate=622.4). MAP-Elites(8x8, morphologies=3): occupied=32, pending=384, in flight=40
22:16:44: 5869x RT, 97.8 creatures/sec. Fitness: best=1524.7, avg=958.4, new=(qd-mutate=614.1). MAP-Elites(8x8, morphologies=3): occupied=32, pending=384, in flight=40
22:16:46: 5854x RT, 97.6 creatures/sec. Fitness: best=1524.7, avg=958.4, new=(qd-mutate=673.9). MAP-Elites(8x8, morphologies=3): occupied=32, pending=384, in flight=40
22:16:48: 5880x RT, 98.0 creatures/sec. Fitness: best=1524.7, avg=958.4, new=(qd-mutate=692.3). MAP-Elites(8x8, morphologies=3): occupied=32, pending=384, in flight=40
22:16:50: 5886x RT, 98.1 creatures/sec. Fitness: best=1524.7, avg=958.4, new=(qd-mutate=597.4). MAP-Elites(8x8, morphologies=3): occupied=32, pending=384, in flight=40
7601067 bytes written to /Users/dag/projects/Machine-Evolved-credible-training/training-runs/me-v2-harmonic-qd-01-double-gravity-double-population-8w/config.json. 
22:16:52: 5871x RT, 97.9 creatures/sec. Fitness: best=1524.7, avg=958.4, new=(qd-mutate=644.6). MAP-Elites(8x8, morphologies=3): occupied=32, pending=384, in flight=40
22:16:54: 5854x RT, 97.6 creatures/sec. Fitness: best=1524.7, avg=958.4, new=(qd-mutate=656.9). MAP-Elites(8x8, morphologies=3): occupied=32, pending=384, in flight=40
22:16:56: 5887x RT, 98.1 creatures/sec. Fitness: best=1524.7, avg=958.4, new=(qd-mutate=686.9). MAP-Elites(8x8, morphologies=3): occupied=32, pending=384, in flight=40
22:16:58: 5890x RT, 98.2 creatures/sec. Fitness: best=1524.7, avg=958.4, new=(qd-mutate=689.4). MAP-Elites(8x8, morphologies=3): occupied=32, pending=384, in flight=40
22:17:01: 5788x RT, 96.5 creatures/sec. Fitness: best=1524.7, avg=949.3, new=(qd-mutate=691.4). MAP-Elites(8x8, morphologies=3): occupied=33, pending=384, in flight=40
22:17:03: 5889x RT, 98.2 creatures/sec. Fitness: best=1524.7, avg=949.3, new=(qd-mutate=636.4). MAP-Elites(8x8, morphologies=3): occupied=33, pending=384, in flight=40
22:17:05: 5864x RT, 97.7 creatures/sec. Fitness: best=1524.7, avg=949.3, new=(qd-mutate=645.0). MAP-Elites(8x8, morphologies=3): occupied=33, pending=384, in flight=40
22:17:07: 5823x RT, 97.0 creatures/sec. Fitness: best=1524.7, avg=949.3, new=(qd-mutate=629.7). MAP-Elites(8x8, morphologies=3): occupied=33, pending=384, in flight=40
22:17:09: 5770x RT, 96.2 creatures/sec. Fitness: best=1524.7, avg=949.3, new=(qd-mutate=656.0). MAP-Elites(8x8, morphologies=3): occupied=33, pending=384, in flight=40
22:17:11: 5808x RT, 96.8 creatures/sec. Fitness: best=1524.7, avg=949.3, new=(qd-mutate=654.3). MAP-Elites(8x8, morphologies=3): occupied=33, pending=384, in flight=40
22:17:13: 5665x RT, 94.4 creatures/sec. Fitness: best=1524.7, avg=949.3, new=(qd-mutate=650.1). MAP-Elites(8x8, morphologies=3): occupied=33, pending=384, in flight=40
22:17:15: 5874x RT, 97.9 creatures/sec. Fitness: best=1524.7, avg=949.3, new=(qd-mutate=633.6). MAP-Elites(8x8, morphologies=3): occupied=33, pending=384, in flight=40
22:17:17: 5842x RT, 97.4 creatures/sec. Fitness: best=1524.7, avg=949.3, new=(qd-mutate=623.0). MAP-Elites(8x8, morphologies=3): occupied=33, pending=384, in flight=40
22:17:19: 5569x RT, 92.8 creatures/sec. Fitness: best=1524.7, avg=949.4, new=(qd-mutate=674.5). MAP-Elites(8x8, morphologies=3): occupied=33, pending=384, in flight=40
22:17:21: 5788x RT, 96.5 creatures/sec. Fitness: best=1524.7, avg=949.4, new=(qd-mutate=627.6). MAP-Elites(8x8, morphologies=3): occupied=33, pending=384, in flight=40
22:17:23: 5694x RT, 94.9 creatures/sec. Fitness: best=1524.7, avg=949.4, new=(qd-mutate=657.0). MAP-Elites(8x8, morphologies=3): occupied=33, pending=384, in flight=40
22:17:25: 5601x RT, 93.3 creatures/sec. Fitness: best=1524.7, avg=949.4, new=(qd-mutate=662.6). MAP-Elites(8x8, morphologies=3): occupied=33, pending=384, in flight=40
22:17:27: 5437x RT, 90.6 creatures/sec. Fitness: best=1524.7, avg=949.4, new=(qd-mutate=663.9). MAP-Elites(8x8, morphologies=3): occupied=33, pending=384, in flight=40
22:17:29: 5784x RT, 96.4 creatures/sec. Fitness: best=1524.7, avg=949.4, new=(qd-mutate=657.6). MAP-Elites(8x8, morphologies=3): occupied=33, pending=384, in flight=40
22:17:31: 5836x RT, 97.3 creatures/sec. Fitness: best=1524.7, avg=949.4, new=(qd-mutate=693.2). MAP-Elites(8x8, morphologies=3): occupied=33, pending=384, in flight=40
22:17:34: 5868x RT, 97.8 creatures/sec. Fitness: best=1524.7, avg=949.4, new=(qd-mutate=672.4). MAP-Elites(8x8, morphologies=3): occupied=33, pending=384, in flight=40
22:17:36: 5780x RT, 96.3 creatures/sec. Fitness: best=1524.7, avg=949.4, new=(qd-mutate=716.4). MAP-Elites(8x8, morphologies=3): occupied=33, pending=384, in flight=40
22:17:38: 5875x RT, 97.9 creatures/sec. Fitness: best=1524.7, avg=949.4, new=(qd-mutate=664.4). MAP-Elites(8x8, morphologies=3): occupied=33, pending=384, in flight=40
22:17:40: 5862x RT, 97.7 creatures/sec. Fitness: best=1524.7, avg=949.4, new=(qd-mutate=686.1). MAP-Elites(8x8, morphologies=3): occupied=33, pending=384, in flight=40
22:17:42: 5773x RT, 96.2 creatures/sec. Fitness: best=1524.7, avg=949.4, new=(qd-mutate=644.1). MAP-Elites(8x8, morphologies=3): occupied=33, pending=384, in flight=40
22:17:44: 5899x RT, 98.3 creatures/sec. Fitness: best=1524.7, avg=949.4, new=(qd-mutate=650.1). MAP-Elites(8x8, morphologies=3): occupied=33, pending=384, in flight=40
22:17:46: 5880x RT, 98.0 creatures/sec. Fitness: best=1524.7, avg=949.4, new=(qd-mutate=617.1). MAP-Elites(8x8, morphologies=3): occupied=33, pending=384, in flight=40
22:17:48: 5860x RT, 97.7 creatures/sec. Fitness: best=1524.7, avg=949.4, new=(qd-mutate=694.2). MAP-Elites(8x8, morphologies=3): occupied=33, pending=384, in flight=40
22:17:50: 5866x RT, 97.8 creatures/sec. Fitness: best=1524.7, avg=949.4, new=(qd-mutate=669.5). MAP-Elites(8x8, morphologies=3): occupied=33, pending=384, in flight=40
7607711 bytes written to /Users/dag/projects/Machine-Evolved-credible-training/training-runs/me-v2-harmonic-qd-01-double-gravity-double-population-8w/config.json. 
22:17:52: 5687x RT, 94.8 creatures/sec. Fitness: best=1524.7, avg=949.4, new=(qd-mutate=674.3). MAP-Elites(8x8, morphologies=3): occupied=33, pending=384, in flight=40
22:17:54: 5846x RT, 97.4 creatures/sec. Fitness: best=1524.7, avg=949.4, new=(qd-mutate=679.5). MAP-Elites(8x8, morphologies=3): occupied=33, pending=384, in flight=40
22:17:56: 5747x RT, 95.8 creatures/sec. Fitness: best=1524.7, avg=949.4, new=(qd-mutate=655.4). MAP-Elites(8x8, morphologies=3): occupied=33, pending=384, in flight=40
22:17:58: 5768x RT, 96.1 creatures/sec. Fitness: best=1524.7, avg=949.4, new=(qd-mutate=647.9). MAP-Elites(8x8, morphologies=3): occupied=33, pending=384, in flight=40
22:18:00: 5824x RT, 97.1 creatures/sec. Fitness: best=1524.7, avg=949.4, new=(qd-mutate=689.1). MAP-Elites(8x8, morphologies=3): occupied=33, pending=384, in flight=40
22:18:02: 5693x RT, 94.9 creatures/sec. Fitness: best=1524.7, avg=949.4, new=(qd-mutate=589.3). MAP-Elites(8x8, morphologies=3): occupied=33, pending=384, in flight=40
22:18:04: 5657x RT, 94.3 creatures/sec. Fitness: best=1524.7, avg=949.4, new=(qd-mutate=633.7). MAP-Elites(8x8, morphologies=3): occupied=33, pending=384, in flight=40
22:18:06: 5688x RT, 94.8 creatures/sec. Fitness: best=1524.7, avg=949.4, new=(qd-mutate=650.0). MAP-Elites(8x8, morphologies=3): occupied=33, pending=384, in flight=40
22:18:09: 5672x RT, 94.5 creatures/sec. Fitness: best=1524.7, avg=949.4, new=(qd-mutate=614.2). MAP-Elites(8x8, morphologies=3): occupied=33, pending=384, in flight=40
22:18:11: 5708x RT, 95.1 creatures/sec. Fitness: best=1524.7, avg=949.4, new=(qd-mutate=713.4). MAP-Elites(8x8, morphologies=3): occupied=33, pending=384, in flight=40
22:18:13: 5752x RT, 95.9 creatures/sec. Fitness: best=1524.7, avg=949.4, new=(qd-mutate=653.3). MAP-Elites(8x8, morphologies=3): occupied=33, pending=384, in flight=40
22:18:15: 5836x RT, 97.3 creatures/sec. Fitness: best=1524.7, avg=949.4, new=(qd-mutate=649.2). MAP-Elites(8x8, morphologies=3): occupied=33, pending=384, in flight=40
22:18:17: 5828x RT, 97.1 creatures/sec. Fitness: best=1524.7, avg=949.4, new=(qd-mutate=665.3). MAP-Elites(8x8, morphologies=3): occupied=33, pending=384, in flight=40
22:18:19: 5894x RT, 98.2 creatures/sec. Fitness: best=1524.7, avg=949.4, new=(qd-mutate=670.9). MAP-Elites(8x8, morphologies=3): occupied=33, pending=384, in flight=40
22:18:21: 5782x RT, 96.4 creatures/sec. Fitness: best=1524.7, avg=949.4, new=(qd-mutate=675.0). MAP-Elites(8x8, morphologies=3): occupied=33, pending=384, in flight=40
22:18:23: 5778x RT, 96.3 creatures/sec. Fitness: best=1524.7, avg=949.4, new=(qd-mutate=637.1). MAP-Elites(8x8, morphologies=3): occupied=33, pending=384, in flight=40
22:18:25: 5855x RT, 97.6 creatures/sec. Fitness: best=1524.7, avg=949.4, new=(qd-mutate=672.9). MAP-Elites(8x8, morphologies=3): occupied=33, pending=384, in flight=40
22:18:27: 5785x RT, 96.4 creatures/sec. Fitness: best=1524.7, avg=949.4, new=(qd-mutate=679.8). MAP-Elites(8x8, morphologies=3): occupied=33, pending=384, in flight=40
22:18:29: 5904x RT, 98.4 creatures/sec. Fitness: best=1524.7, avg=949.4, new=(qd-mutate=648.5). MAP-Elites(8x8, morphologies=3): occupied=33, pending=384, in flight=40
22:18:31: 5853x RT, 97.6 creatures/sec. Fitness: best=1524.7, avg=949.4, new=(qd-mutate=647.9). MAP-Elites(8x8, morphologies=3): occupied=33, pending=384, in flight=40
22:18:33: 5858x RT, 97.6 creatures/sec. Fitness: best=1524.7, avg=949.4, new=(qd-mutate=641.1). MAP-Elites(8x8, morphologies=3): occupied=33, pending=384, in flight=40
22:18:35: 5836x RT, 97.3 creatures/sec. Fitness: best=1524.7, avg=949.4, new=(qd-mutate=677.2). MAP-Elites(8x8, morphologies=3): occupied=33, pending=384, in flight=40
22:18:37: 5896x RT, 98.3 creatures/sec. Fitness: best=1524.7, avg=949.4, new=(qd-mutate=650.2). MAP-Elites(8x8, morphologies=3): occupied=33, pending=384, in flight=40
22:18:39: 5831x RT, 97.2 creatures/sec. Fitness: best=1524.7, avg=949.4, new=(qd-mutate=673.2). MAP-Elites(8x8, morphologies=3): occupied=33, pending=384, in flight=40
22:18:41: 5908x RT, 98.5 creatures/sec. Fitness: best=1524.7, avg=942.6, new=(qd-mutate=719.4). MAP-Elites(8x8, morphologies=3): occupied=34, pending=384, in flight=40
22:18:44: 5854x RT, 97.6 creatures/sec. Fitness: best=1524.7, avg=942.6, new=(qd-mutate=649.5). MAP-Elites(8x8, morphologies=3): occupied=34, pending=384, in flight=40
22:18:46: 5824x RT, 97.1 creatures/sec. Fitness: best=1524.7, avg=942.6, new=(qd-mutate=675.2). MAP-Elites(8x8, morphologies=3): occupied=34, pending=384, in flight=40
22:18:48: 5869x RT, 97.8 creatures/sec. Fitness: best=1524.7, avg=942.6, new=(qd-mutate=650.4). MAP-Elites(8x8, morphologies=3): occupied=34, pending=384, in flight=40
22:18:50: 5880x RT, 98.0 creatures/sec. Fitness: best=1524.7, avg=942.6, new=(qd-mutate=608.7). MAP-Elites(8x8, morphologies=3): occupied=34, pending=384, in flight=40
22:18:52: 5838x RT, 97.3 creatures/sec. Fitness: best=1524.7, avg=942.6, new=(qd-mutate=655.9). MAP-Elites(8x8, morphologies=3): occupied=34, pending=384, in flight=40
7694980 bytes written to /Users/dag/projects/Machine-Evolved-credible-training/training-runs/me-v2-harmonic-qd-01-double-gravity-double-population-8w/config.json. 
22:18:54: 5649x RT, 94.1 creatures/sec. Fitness: best=1524.7, avg=942.6, new=(qd-mutate=687.9). MAP-Elites(8x8, morphologies=3): occupied=34, pending=384, in flight=40
22:18:56: 5862x RT, 97.7 creatures/sec. Fitness: best=1524.7, avg=942.6, new=(qd-mutate=643.5). MAP-Elites(8x8, morphologies=3): occupied=34, pending=384, in flight=40
22:18:58: 5865x RT, 97.7 creatures/sec. Fitness: best=1524.7, avg=942.6, new=(qd-mutate=685.7). MAP-Elites(8x8, morphologies=3): occupied=34, pending=384, in flight=40
22:19:00: 5926x RT, 98.8 creatures/sec. Fitness: best=1524.7, avg=942.6, new=(qd-mutate=704.6). MAP-Elites(8x8, morphologies=3): occupied=34, pending=384, in flight=40
22:19:02: 5835x RT, 97.3 creatures/sec. Fitness: best=1524.7, avg=942.6, new=(qd-mutate=685.9). MAP-Elites(8x8, morphologies=3): occupied=34, pending=384, in flight=40
22:19:04: 5891x RT, 98.2 creatures/sec. Fitness: best=1524.7, avg=942.6, new=(qd-mutate=676.4). MAP-Elites(8x8, morphologies=3): occupied=34, pending=384, in flight=40
22:19:06: 5894x RT, 98.2 creatures/sec. Fitness: best=1524.7, avg=942.6, new=(qd-mutate=677.5). MAP-Elites(8x8, morphologies=3): occupied=34, pending=384, in flight=40
22:19:08: 5844x RT, 97.4 creatures/sec. Fitness: best=1524.7, avg=942.6, new=(qd-mutate=645.5). MAP-Elites(8x8, morphologies=3): occupied=34, pending=384, in flight=40
22:19:10: 5845x RT, 97.4 creatures/sec. Fitness: best=1524.7, avg=942.6, new=(qd-mutate=685.0). MAP-Elites(8x8, morphologies=3): occupied=34, pending=384, in flight=40
22:19:12: 5934x RT, 98.9 creatures/sec. Fitness: best=1524.7, avg=942.6, new=(qd-mutate=669.7). MAP-Elites(8x8, morphologies=3): occupied=34, pending=384, in flight=40
22:19:14: 5770x RT, 96.2 creatures/sec. Fitness: best=1524.7, avg=942.6, new=(qd-mutate=671.6). MAP-Elites(8x8, morphologies=3): occupied=34, pending=384, in flight=40
22:19:16: 5831x RT, 97.2 creatures/sec. Fitness: best=1524.7, avg=942.6, new=(qd-mutate=661.7). MAP-Elites(8x8, morphologies=3): occupied=34, pending=384, in flight=40
22:19:18: 5848x RT, 97.5 creatures/sec. Fitness: best=1524.7, avg=942.6, new=(qd-mutate=679.3). MAP-Elites(8x8, morphologies=3): occupied=34, pending=384, in flight=40
22:19:21: 5871x RT, 97.8 creatures/sec. Fitness: best=1524.7, avg=942.6, new=(qd-mutate=677.0). MAP-Elites(8x8, morphologies=3): occupied=34, pending=384, in flight=40
22:19:23: 5901x RT, 98.3 creatures/sec. Fitness: best=1524.7, avg=942.6, new=(qd-mutate=627.3). MAP-Elites(8x8, morphologies=3): occupied=34, pending=384, in flight=40
22:19:25: 5871x RT, 97.9 creatures/sec. Fitness: best=1524.7, avg=942.6, new=(qd-mutate=670.0). MAP-Elites(8x8, morphologies=3): occupied=34, pending=384, in flight=40
22:19:27: 5838x RT, 97.3 creatures/sec. Fitness: best=1524.7, avg=942.6, new=(qd-mutate=669.6). MAP-Elites(8x8, morphologies=3): occupied=34, pending=384, in flight=40
22:19:29: 5897x RT, 98.3 creatures/sec. Fitness: best=1524.7, avg=942.6, new=(qd-mutate=656.2). MAP-Elites(8x8, morphologies=3): occupied=34, pending=384, in flight=40
22:19:31: 5871x RT, 97.9 creatures/sec. Fitness: best=1524.7, avg=942.6, new=(qd-mutate=639.2). MAP-Elites(8x8, morphologies=3): occupied=34, pending=384, in flight=40
22:19:33: 5853x RT, 97.5 creatures/sec. Fitness: best=1524.7, avg=942.6, new=(qd-mutate=676.8). MAP-Elites(8x8, morphologies=3): occupied=34, pending=384, in flight=40
22:19:35: 5851x RT, 97.5 creatures/sec. Fitness: best=1524.7, avg=942.6, new=(qd-mutate=643.0). MAP-Elites(8x8, morphologies=3): occupied=34, pending=384, in flight=40
22:19:37: 5835x RT, 97.3 creatures/sec. Fitness: best=1524.7, avg=942.6, new=(qd-mutate=681.1). MAP-Elites(8x8, morphologies=3): occupied=34, pending=384, in flight=40
22:19:39: 5922x RT, 98.7 creatures/sec. Fitness: best=1524.7, avg=942.6, new=(qd-mutate=685.6). MAP-Elites(8x8, morphologies=3): occupied=34, pending=384, in flight=40
22:19:41: 5825x RT, 97.1 creatures/sec. Fitness: best=1524.7, avg=942.6, new=(qd-mutate=669.3). MAP-Elites(8x8, morphologies=3): occupied=34, pending=384, in flight=40
22:19:43: 5897x RT, 98.3 creatures/sec. Fitness: best=1524.7, avg=942.6, new=(qd-mutate=664.8). MAP-Elites(8x8, morphologies=3): occupied=34, pending=384, in flight=40
22:19:45: 5777x RT, 96.3 creatures/sec. Fitness: best=1524.7, avg=942.6, new=(qd-mutate=720.3). MAP-Elites(8x8, morphologies=3): occupied=34, pending=384, in flight=40
22:19:47: 5868x RT, 97.8 creatures/sec. Fitness: best=1524.7, avg=942.6, new=(qd-mutate=672.1). MAP-Elites(8x8, morphologies=3): occupied=34, pending=384, in flight=40
22:19:49: 5766x RT, 96.1 creatures/sec. Fitness: best=1524.7, avg=942.6, new=(qd-mutate=649.0). MAP-Elites(8x8, morphologies=3): occupied=34, pending=384, in flight=40
22:19:52: 5844x RT, 97.4 creatures/sec. Fitness: best=1524.7, avg=942.6, new=(qd-mutate=654.9). MAP-Elites(8x8, morphologies=3): occupied=34, pending=384, in flight=40
7656339 bytes written to /Users/dag/projects/Machine-Evolved-credible-training/training-runs/me-v2-harmonic-qd-01-double-gravity-double-population-8w/config.json. 
22:19:54: 5728x RT, 95.5 creatures/sec. Fitness: best=1524.7, avg=942.6, new=(qd-mutate=666.8). MAP-Elites(8x8, morphologies=3): occupied=34, pending=384, in flight=40
22:19:56: 5652x RT, 94.2 creatures/sec. Fitness: best=1524.7, avg=942.6, new=(qd-mutate=657.2). MAP-Elites(8x8, morphologies=3): occupied=34, pending=384, in flight=40
22:19:58: 5633x RT, 93.9 creatures/sec. Fitness: best=1524.7, avg=942.6, new=(qd-mutate=690.4). MAP-Elites(8x8, morphologies=3): occupied=34, pending=384, in flight=40
22:20:00: 5639x RT, 94.0 creatures/sec. Fitness: best=1524.7, avg=942.6, new=(qd-mutate=688.2). MAP-Elites(8x8, morphologies=3): occupied=34, pending=384, in flight=40
22:20:02: 5888x RT, 98.1 creatures/sec. Fitness: best=1524.7, avg=942.9, new=(qd-mutate=672.3). MAP-Elites(8x8, morphologies=3): occupied=34, pending=384, in flight=40
22:20:04: 5712x RT, 95.2 creatures/sec. Fitness: best=1524.7, avg=942.9, new=(qd-mutate=672.1). MAP-Elites(8x8, morphologies=3): occupied=34, pending=384, in flight=40
22:20:06: 5716x RT, 95.3 creatures/sec. Fitness: best=1524.7, avg=942.9, new=(qd-mutate=681.6). MAP-Elites(8x8, morphologies=3): occupied=34, pending=384, in flight=40
22:20:08: 5548x RT, 92.5 creatures/sec. Fitness: best=1524.7, avg=942.9, new=(qd-mutate=695.8). MAP-Elites(8x8, morphologies=3): occupied=34, pending=384, in flight=40
22:20:10: 5852x RT, 97.5 creatures/sec. Fitness: best=1524.7, avg=942.9, new=(qd-mutate=605.1). MAP-Elites(8x8, morphologies=3): occupied=34, pending=384, in flight=40
22:20:12: 5743x RT, 95.7 creatures/sec. Fitness: best=1524.7, avg=942.9, new=(qd-mutate=657.7). MAP-Elites(8x8, morphologies=3): occupied=34, pending=384, in flight=40
22:20:14: 5844x RT, 97.4 creatures/sec. Fitness: best=1524.7, avg=942.9, new=(qd-mutate=662.9). MAP-Elites(8x8, morphologies=3): occupied=34, pending=384, in flight=40
22:20:16: 5810x RT, 96.8 creatures/sec. Fitness: best=1524.7, avg=942.9, new=(qd-mutate=709.1). MAP-Elites(8x8, morphologies=3): occupied=34, pending=384, in flight=40
22:20:19: 5830x RT, 97.2 creatures/sec. Fitness: best=1524.7, avg=942.9, new=(qd-mutate=644.2). MAP-Elites(8x8, morphologies=3): occupied=34, pending=384, in flight=40
22:20:21: 5832x RT, 97.2 creatures/sec. Fitness: best=1524.7, avg=942.9, new=(qd-mutate=685.7). MAP-Elites(8x8, morphologies=3): occupied=34, pending=384, in flight=40
22:20:23: 5856x RT, 97.6 creatures/sec. Fitness: best=1524.7, avg=942.9, new=(qd-mutate=660.0). MAP-Elites(8x8, morphologies=3): occupied=34, pending=384, in flight=40
22:20:25: 5756x RT, 95.9 creatures/sec. Fitness: best=1524.7, avg=942.9, new=(qd-mutate=661.1). MAP-Elites(8x8, morphologies=3): occupied=34, pending=384, in flight=40
22:20:27: 5882x RT, 98.0 creatures/sec. Fitness: best=1524.7, avg=942.9, new=(qd-mutate=704.4). MAP-Elites(8x8, morphologies=3): occupied=34, pending=384, in flight=40
22:20:29: 5853x RT, 97.6 creatures/sec. Fitness: best=1524.7, avg=942.9, new=(qd-mutate=669.2). MAP-Elites(8x8, morphologies=3): occupied=34, pending=384, in flight=40
22:20:31: 5872x RT, 97.9 creatures/sec. Fitness: best=1524.7, avg=942.9, new=(qd-mutate=683.9). MAP-Elites(8x8, morphologies=3): occupied=34, pending=384, in flight=40
22:20:33: 5813x RT, 96.9 creatures/sec. Fitness: best=1524.7, avg=942.9, new=(qd-mutate=678.1). MAP-Elites(8x8, morphologies=3): occupied=34, pending=384, in flight=40
22:20:35: 5832x RT, 97.2 creatures/sec. Fitness: best=1524.7, avg=942.9, new=(qd-mutate=638.5). MAP-Elites(8x8, morphologies=3): occupied=34, pending=384, in flight=40
22:20:37: 5836x RT, 97.3 creatures/sec. Fitness: best=1524.7, avg=942.9, new=(qd-mutate=656.1). MAP-Elites(8x8, morphologies=3): occupied=34, pending=384, in flight=40
22:20:39: 5792x RT, 96.5 creatures/sec. Fitness: best=1524.7, avg=942.9, new=(qd-mutate=645.8). MAP-Elites(8x8, morphologies=3): occupied=34, pending=384, in flight=40
22:20:41: 5816x RT, 96.9 creatures/sec. Fitness: best=1524.7, avg=942.9, new=(qd-mutate=693.5). MAP-Elites(8x8, morphologies=3): occupied=34, pending=384, in flight=40
22:20:43: 5871x RT, 97.8 creatures/sec. Fitness: best=1524.7, avg=942.9, new=(qd-mutate=682.9). MAP-Elites(8x8, morphologies=3): occupied=34, pending=384, in flight=40
22:20:45: 5906x RT, 98.4 creatures/sec. Fitness: best=1524.7, avg=942.9, new=(qd-mutate=641.9). MAP-Elites(8x8, morphologies=3): occupied=34, pending=384, in flight=40
22:20:47: 5793x RT, 96.5 creatures/sec. Fitness: best=1524.7, avg=942.9, new=(qd-mutate=663.3). MAP-Elites(8x8, morphologies=3): occupied=34, pending=384, in flight=40
22:20:49: 5860x RT, 97.7 creatures/sec. Fitness: best=1524.7, avg=942.9, new=(qd-mutate=631.9). MAP-Elites(8x8, morphologies=3): occupied=34, pending=384, in flight=40
22:20:52: 5883x RT, 98.1 creatures/sec. Fitness: best=1524.7, avg=947.4, new=(qd-mutate=710.6). MAP-Elites(8x8, morphologies=3): occupied=34, pending=384, in flight=40
7684684 bytes written to /Users/dag/projects/Machine-Evolved-credible-training/training-runs/me-v2-harmonic-qd-01-double-gravity-double-population-8w/config.json. 
22:20:54: 5839x RT, 97.3 creatures/sec. Fitness: best=1524.7, avg=947.4, new=(qd-mutate=665.9). MAP-Elites(8x8, morphologies=3): occupied=34, pending=384, in flight=40
22:20:56: 5882x RT, 98.0 creatures/sec. Fitness: best=1524.7, avg=947.4, new=(qd-mutate=692.9). MAP-Elites(8x8, morphologies=3): occupied=34, pending=384, in flight=40
22:20:58: 5897x RT, 98.3 creatures/sec. Fitness: best=1524.7, avg=947.4, new=(qd-mutate=657.2). MAP-Elites(8x8, morphologies=3): occupied=34, pending=384, in flight=40
22:21:00: 5860x RT, 97.7 creatures/sec. Fitness: best=1524.7, avg=947.4, new=(qd-mutate=642.3). MAP-Elites(8x8, morphologies=3): occupied=34, pending=384, in flight=40
22:21:02: 5908x RT, 98.5 creatures/sec. Fitness: best=1524.7, avg=947.4, new=(qd-mutate=630.4). MAP-Elites(8x8, morphologies=3): occupied=34, pending=384, in flight=40
22:21:04: 5816x RT, 96.9 creatures/sec. Fitness: best=1524.7, avg=947.4, new=(qd-mutate=649.2). MAP-Elites(8x8, morphologies=3): occupied=34, pending=384, in flight=40
22:21:06: 5877x RT, 98.0 creatures/sec. Fitness: best=1524.7, avg=947.4, new=(qd-mutate=674.8). MAP-Elites(8x8, morphologies=3): occupied=34, pending=384, in flight=40
22:21:08: 5904x RT, 98.4 creatures/sec. Fitness: best=1524.7, avg=947.4, new=(qd-mutate=671.8). MAP-Elites(8x8, morphologies=3): occupied=34, pending=384, in flight=40
22:21:10: 5898x RT, 98.3 creatures/sec. Fitness: best=1524.7, avg=947.4, new=(qd-mutate=675.7). MAP-Elites(8x8, morphologies=3): occupied=34, pending=384, in flight=40
22:21:12: 5827x RT, 97.1 creatures/sec. Fitness: best=1524.7, avg=947.4, new=(qd-mutate=653.3). MAP-Elites(8x8, morphologies=3): occupied=34, pending=384, in flight=40
22:21:14: 5929x RT, 98.8 creatures/sec. Fitness: best=1524.7, avg=947.4, new=(qd-mutate=645.2). MAP-Elites(8x8, morphologies=3): occupied=34, pending=384, in flight=40
22:21:16: 5839x RT, 97.3 creatures/sec. Fitness: best=1524.7, avg=947.4, new=(qd-mutate=668.8). MAP-Elites(8x8, morphologies=3): occupied=34, pending=384, in flight=40
22:21:18: 5904x RT, 98.4 creatures/sec. Fitness: best=1524.7, avg=947.4, new=(qd-mutate=689.4). MAP-Elites(8x8, morphologies=3): occupied=34, pending=384, in flight=40
22:21:20: 5842x RT, 97.4 creatures/sec. Fitness: best=1524.7, avg=947.4, new=(qd-mutate=657.4). MAP-Elites(8x8, morphologies=3): occupied=34, pending=384, in flight=40
22:21:22: 5875x RT, 97.9 creatures/sec. Fitness: best=1524.7, avg=947.4, new=(qd-mutate=660.0). MAP-Elites(8x8, morphologies=3): occupied=34, pending=384, in flight=40
22:21:24: 5845x RT, 97.4 creatures/sec. Fitness: best=1524.7, avg=947.4, new=(qd-mutate=654.4). MAP-Elites(8x8, morphologies=3): occupied=34, pending=384, in flight=40
22:21:27: 5900x RT, 98.3 creatures/sec. Fitness: best=1524.7, avg=947.4, new=(qd-mutate=675.5). MAP-Elites(8x8, morphologies=3): occupied=34, pending=384, in flight=40
22:21:29: 5879x RT, 98.0 creatures/sec. Fitness: best=1524.7, avg=947.4, new=(qd-mutate=681.5). MAP-Elites(8x8, morphologies=3): occupied=34, pending=384, in flight=40
22:21:31: 5844x RT, 97.4 creatures/sec. Fitness: best=1524.7, avg=947.4, new=(qd-mutate=674.1). MAP-Elites(8x8, morphologies=3): occupied=34, pending=384, in flight=40
22:21:33: 5866x RT, 97.8 creatures/sec. Fitness: best=1524.7, avg=947.4, new=(qd-mutate=652.2). MAP-Elites(8x8, morphologies=3): occupied=34, pending=384, in flight=40
22:21:35: 5875x RT, 97.9 creatures/sec. Fitness: best=1524.7, avg=947.4, new=(qd-mutate=652.3). MAP-Elites(8x8, morphologies=3): occupied=34, pending=384, in flight=40
22:21:37: 5916x RT, 98.6 creatures/sec. Fitness: best=1524.7, avg=947.4, new=(qd-mutate=688.1). MAP-Elites(8x8, morphologies=3): occupied=34, pending=384, in flight=40
22:21:39: 5908x RT, 98.5 creatures/sec. Fitness: best=1524.7, avg=947.4, new=(qd-mutate=655.9). MAP-Elites(8x8, morphologies=3): occupied=34, pending=384, in flight=40
22:21:41: 5847x RT, 97.4 creatures/sec. Fitness: best=1524.7, avg=947.4, new=(qd-mutate=624.9). MAP-Elites(8x8, morphologies=3): occupied=34, pending=384, in flight=40
22:21:43: 5924x RT, 98.7 creatures/sec. Fitness: best=1524.7, avg=947.4, new=(qd-mutate=663.6). MAP-Elites(8x8, morphologies=3): occupied=34, pending=384, in flight=40
22:21:45: 5904x RT, 98.4 creatures/sec. Fitness: best=1524.7, avg=947.4, new=(qd-mutate=691.6). MAP-Elites(8x8, morphologies=3): occupied=34, pending=384, in flight=40
22:21:47: 5900x RT, 98.3 creatures/sec. Fitness: best=1524.7, avg=947.4, new=(qd-mutate=662.1). MAP-Elites(8x8, morphologies=3): occupied=34, pending=384, in flight=40
22:21:49: 5843x RT, 97.4 creatures/sec. Fitness: best=1524.7, avg=947.4, new=(qd-mutate=652.1). MAP-Elites(8x8, morphologies=3): occupied=34, pending=384, in flight=40
22:21:51: 5891x RT, 98.2 creatures/sec. Fitness: best=1524.7, avg=947.4, new=(qd-mutate=669.3). MAP-Elites(8x8, morphologies=3): occupied=34, pending=384, in flight=40
7690477 bytes written to /Users/dag/projects/Machine-Evolved-credible-training/training-runs/me-v2-harmonic-qd-01-double-gravity-double-population-8w/config.json. 
22:21:53: 5858x RT, 97.6 creatures/sec. Fitness: best=1524.7, avg=947.4, new=(qd-mutate=627.5). MAP-Elites(8x8, morphologies=3): occupied=34, pending=384, in flight=40
22:21:55: 5882x RT, 98.0 creatures/sec. Fitness: best=1524.7, avg=947.4, new=(qd-mutate=668.8). MAP-Elites(8x8, morphologies=3): occupied=34, pending=384, in flight=40
22:21:57: 5919x RT, 98.6 creatures/sec. Fitness: best=1524.7, avg=947.4, new=(qd-mutate=701.1). MAP-Elites(8x8, morphologies=3): occupied=34, pending=384, in flight=40
22:21:59: 5864x RT, 97.7 creatures/sec. Fitness: best=1524.7, avg=947.4, new=(qd-mutate=680.3). MAP-Elites(8x8, morphologies=3): occupied=34, pending=384, in flight=40
22:22:02: 5886x RT, 98.1 creatures/sec. Fitness: best=1524.7, avg=947.4, new=(qd-mutate=637.0). MAP-Elites(8x8, morphologies=3): occupied=34, pending=384, in flight=40
22:22:04: 5797x RT, 96.6 creatures/sec. Fitness: best=1524.7, avg=947.4, new=(qd-mutate=683.3). MAP-Elites(8x8, morphologies=3): occupied=34, pending=384, in flight=40
22:22:06: 5915x RT, 98.6 creatures/sec. Fitness: best=1524.7, avg=947.4, new=(qd-mutate=650.5). MAP-Elites(8x8, morphologies=3): occupied=34, pending=384, in flight=40
22:22:08: 5869x RT, 97.8 creatures/sec. Fitness: best=1524.7, avg=947.4, new=(qd-mutate=640.1). MAP-Elites(8x8, morphologies=3): occupied=34, pending=384, in flight=40
22:22:10: 5901x RT, 98.4 creatures/sec. Fitness: best=1524.7, avg=947.4, new=(qd-mutate=658.5). MAP-Elites(8x8, morphologies=3): occupied=34, pending=384, in flight=40
22:22:12: 5919x RT, 98.6 creatures/sec. Fitness: best=1524.7, avg=947.4, new=(qd-mutate=730.1). MAP-Elites(8x8, morphologies=3): occupied=34, pending=384, in flight=40
22:22:14: 5836x RT, 97.3 creatures/sec. Fitness: best=1524.7, avg=954.3, new=(qd-mutate=696.5). MAP-Elites(8x8, morphologies=3): occupied=34, pending=384, in flight=40
22:22:16: 5929x RT, 98.8 creatures/sec. Fitness: best=1524.7, avg=954.3, new=(qd-mutate=660.5). MAP-Elites(8x8, morphologies=3): occupied=34, pending=384, in flight=40
22:22:18: 5868x RT, 97.8 creatures/sec. Fitness: best=1524.7, avg=956.1, new=(qd-mutate=632.0). MAP-Elites(8x8, morphologies=3): occupied=34, pending=384, in flight=40
22:22:20: 5930x RT, 98.8 creatures/sec. Fitness: best=1524.7, avg=956.1, new=(qd-mutate=682.5). MAP-Elites(8x8, morphologies=3): occupied=34, pending=384, in flight=40
22:22:22: 5903x RT, 98.4 creatures/sec. Fitness: best=1524.7, avg=956.1, new=(qd-mutate=621.8). MAP-Elites(8x8, morphologies=3): occupied=34, pending=384, in flight=40
22:22:24: 5839x RT, 97.3 creatures/sec. Fitness: best=1524.7, avg=956.1, new=(qd-mutate=649.0). MAP-Elites(8x8, morphologies=3): occupied=34, pending=384, in flight=40
22:22:26: 5917x RT, 98.6 creatures/sec. Fitness: best=1524.7, avg=956.1, new=(qd-mutate=649.2). MAP-Elites(8x8, morphologies=3): occupied=34, pending=384, in flight=40
22:22:28: 5862x RT, 97.7 creatures/sec. Fitness: best=1524.7, avg=956.1, new=(qd-mutate=651.1). MAP-Elites(8x8, morphologies=3): occupied=34, pending=384, in flight=40
22:22:31: 5866x RT, 97.8 creatures/sec. Fitness: best=1524.7, avg=956.1, new=(qd-mutate=642.9). MAP-Elites(8x8, morphologies=3): occupied=34, pending=384, in flight=40
22:22:33: 5879x RT, 98.0 creatures/sec. Fitness: best=1524.7, avg=956.1, new=(qd-mutate=636.5). MAP-Elites(8x8, morphologies=3): occupied=34, pending=384, in flight=40
22:22:35: 5850x RT, 97.5 creatures/sec. Fitness: best=1524.7, avg=956.1, new=(qd-mutate=650.9). MAP-Elites(8x8, morphologies=3): occupied=34, pending=384, in flight=40
22:22:37: 5939x RT, 99.0 creatures/sec. Fitness: best=1524.7, avg=956.1, new=(qd-mutate=661.2). MAP-Elites(8x8, morphologies=3): occupied=34, pending=384, in flight=40
22:22:39: 5871x RT, 97.9 creatures/sec. Fitness: best=1524.7, avg=956.1, new=(qd-mutate=662.4). MAP-Elites(8x8, morphologies=3): occupied=34, pending=384, in flight=40
22:22:41: 5862x RT, 97.7 creatures/sec. Fitness: best=1524.7, avg=956.1, new=(qd-mutate=650.1). MAP-Elites(8x8, morphologies=3): occupied=34, pending=384, in flight=40
22:22:43: 5885x RT, 98.1 creatures/sec. Fitness: best=1524.7, avg=956.1, new=(qd-mutate=686.0). MAP-Elites(8x8, morphologies=3): occupied=34, pending=384, in flight=40
--> new robust best creature found through qd-mutate! Fitness=1527.6738765283008 domains=[1636.406982, 1499.733887, 1533.910034]
22:22:45: 5921x RT, 98.7 creatures/sec. Fitness: best=1527.7, avg=956.2, new=(qd-mutate=696.0). MAP-Elites(8x8, morphologies=3): occupied=34, pending=384, in flight=40
22:22:47: 5888x RT, 98.1 creatures/sec. Fitness: best=1527.7, avg=956.2, new=(qd-mutate=625.5). MAP-Elites(8x8, morphologies=3): occupied=34, pending=384, in flight=40
22:22:49: 5917x RT, 98.6 creatures/sec. Fitness: best=1527.7, avg=956.2, new=(qd-mutate=658.3). MAP-Elites(8x8, morphologies=3): occupied=34, pending=384, in flight=40
22:22:51: 5898x RT, 98.3 creatures/sec. Fitness: best=1527.7, avg=956.2, new=(qd-mutate=635.1). MAP-Elites(8x8, morphologies=3): occupied=34, pending=384, in flight=40
7690649 bytes written to /Users/dag/projects/Machine-Evolved-credible-training/training-runs/me-v2-harmonic-qd-01-double-gravity-double-population-8w/config.json. 
22:22:53: 5895x RT, 98.3 creatures/sec. Fitness: best=1527.7, avg=956.8, new=(qd-mutate=685.4). MAP-Elites(8x8, morphologies=3): occupied=34, pending=384, in flight=40
22:22:55: 5873x RT, 97.9 creatures/sec. Fitness: best=1527.7, avg=956.8, new=(qd-mutate=646.8). MAP-Elites(8x8, morphologies=3): occupied=34, pending=384, in flight=40
22:22:57: 5872x RT, 97.9 creatures/sec. Fitness: best=1527.7, avg=956.8, new=(qd-mutate=684.9). MAP-Elites(8x8, morphologies=3): occupied=34, pending=384, in flight=40
22:22:59: 5821x RT, 97.0 creatures/sec. Fitness: best=1527.7, avg=956.8, new=(qd-mutate=636.3). MAP-Elites(8x8, morphologies=3): occupied=34, pending=384, in flight=40
22:23:02: 5849x RT, 97.5 creatures/sec. Fitness: best=1527.7, avg=956.8, new=(qd-mutate=639.2). MAP-Elites(8x8, morphologies=3): occupied=34, pending=384, in flight=40
22:23:04: 5842x RT, 97.4 creatures/sec. Fitness: best=1527.7, avg=956.8, new=(qd-mutate=661.3). MAP-Elites(8x8, morphologies=3): occupied=34, pending=384, in flight=40
22:23:06: 5920x RT, 98.7 creatures/sec. Fitness: best=1527.7, avg=956.8, new=(qd-mutate=678.1). MAP-Elites(8x8, morphologies=3): occupied=34, pending=384, in flight=40
22:23:08: 5851x RT, 97.5 creatures/sec. Fitness: best=1527.7, avg=956.8, new=(qd-mutate=656.6). MAP-Elites(8x8, morphologies=3): occupied=34, pending=384, in flight=40
22:23:10: 5837x RT, 97.3 creatures/sec. Fitness: best=1527.7, avg=956.8, new=(qd-mutate=675.1). MAP-Elites(8x8, morphologies=3): occupied=34, pending=384, in flight=40
22:23:12: 5900x RT, 98.3 creatures/sec. Fitness: best=1527.7, avg=956.8, new=(qd-mutate=623.5). MAP-Elites(8x8, morphologies=3): occupied=34, pending=384, in flight=40
22:23:14: 5885x RT, 98.1 creatures/sec. Fitness: best=1527.7, avg=956.8, new=(qd-mutate=674.8). MAP-Elites(8x8, morphologies=3): occupied=34, pending=384, in flight=40
22:23:16: 5878x RT, 98.0 creatures/sec. Fitness: best=1527.7, avg=956.8, new=(qd-mutate=635.4). MAP-Elites(8x8, morphologies=3): occupied=34, pending=384, in flight=40
22:23:18: 5802x RT, 96.7 creatures/sec. Fitness: best=1527.7, avg=956.8, new=(qd-mutate=659.5). MAP-Elites(8x8, morphologies=3): occupied=34, pending=384, in flight=40
22:23:20: 5876x RT, 97.9 creatures/sec. Fitness: best=1527.7, avg=956.8, new=(qd-mutate=649.3). MAP-Elites(8x8, morphologies=3): occupied=34, pending=384, in flight=40
22:23:22: 5895x RT, 98.3 creatures/sec. Fitness: best=1527.7, avg=956.8, new=(qd-mutate=641.6). MAP-Elites(8x8, morphologies=3): occupied=34, pending=384, in flight=40
22:23:24: 5844x RT, 97.4 creatures/sec. Fitness: best=1527.7, avg=956.8, new=(qd-mutate=654.1). MAP-Elites(8x8, morphologies=3): occupied=34, pending=384, in flight=40
22:23:26: 5897x RT, 98.3 creatures/sec. Fitness: best=1527.7, avg=956.8, new=(qd-mutate=651.8). MAP-Elites(8x8, morphologies=3): occupied=34, pending=384, in flight=40
22:23:28: 5836x RT, 97.3 creatures/sec. Fitness: best=1527.7, avg=956.8, new=(qd-mutate=680.3). MAP-Elites(8x8, morphologies=3): occupied=34, pending=384, in flight=40
22:23:30: 5859x RT, 97.6 creatures/sec. Fitness: best=1527.7, avg=956.8, new=(qd-mutate=664.7). MAP-Elites(8x8, morphologies=3): occupied=34, pending=384, in flight=40
22:23:32: 5813x RT, 96.9 creatures/sec. Fitness: best=1527.7, avg=956.8, new=(qd-mutate=656.5). MAP-Elites(8x8, morphologies=3): occupied=34, pending=384, in flight=40
22:23:34: 5914x RT, 98.6 creatures/sec. Fitness: best=1527.7, avg=956.8, new=(qd-mutate=643.0). MAP-Elites(8x8, morphologies=3): occupied=34, pending=384, in flight=40
22:23:37: 5899x RT, 98.3 creatures/sec. Fitness: best=1527.7, avg=956.8, new=(qd-mutate=668.7). MAP-Elites(8x8, morphologies=3): occupied=34, pending=384, in flight=40
22:23:39: 5814x RT, 96.9 creatures/sec. Fitness: best=1527.7, avg=956.8, new=(qd-mutate=631.9). MAP-Elites(8x8, morphologies=3): occupied=34, pending=384, in flight=40
22:23:41: 5805x RT, 96.7 creatures/sec. Fitness: best=1527.7, avg=956.8, new=(qd-mutate=647.6). MAP-Elites(8x8, morphologies=3): occupied=34, pending=384, in flight=40
22:23:43: 5872x RT, 97.9 creatures/sec. Fitness: best=1527.7, avg=956.8, new=(qd-mutate=650.3). MAP-Elites(8x8, morphologies=3): occupied=34, pending=384, in flight=40
22:23:45: 5846x RT, 97.4 creatures/sec. Fitness: best=1527.7, avg=956.8, new=(qd-mutate=638.1). MAP-Elites(8x8, morphologies=3): occupied=34, pending=384, in flight=40
22:23:47: 5863x RT, 97.7 creatures/sec. Fitness: best=1527.7, avg=956.8, new=(qd-mutate=622.8). MAP-Elites(8x8, morphologies=3): occupied=34, pending=384, in flight=40
22:23:49: 5817x RT, 97.0 creatures/sec. Fitness: best=1527.7, avg=956.8, new=(qd-mutate=673.3). MAP-Elites(8x8, morphologies=3): occupied=34, pending=384, in flight=40
22:23:51: 5902x RT, 98.4 creatures/sec. Fitness: best=1527.7, avg=956.8, new=(qd-mutate=644.0). MAP-Elites(8x8, morphologies=3): occupied=34, pending=384, in flight=40
7691012 bytes written to /Users/dag/projects/Machine-Evolved-credible-training/training-runs/me-v2-harmonic-qd-01-double-gravity-double-population-8w/config.json. 
22:23:53: 5811x RT, 96.8 creatures/sec. Fitness: best=1527.7, avg=956.8, new=(qd-mutate=665.1). MAP-Elites(8x8, morphologies=3): occupied=34, pending=384, in flight=40
22:23:55: 5773x RT, 96.2 creatures/sec. Fitness: best=1527.7, avg=956.8, new=(qd-mutate=678.8). MAP-Elites(8x8, morphologies=3): occupied=34, pending=384, in flight=40
22:23:57: 5878x RT, 98.0 creatures/sec. Fitness: best=1527.7, avg=956.8, new=(qd-mutate=655.8). MAP-Elites(8x8, morphologies=3): occupied=34, pending=384, in flight=40
22:23:59: 5883x RT, 98.1 creatures/sec. Fitness: best=1527.7, avg=956.8, new=(qd-mutate=640.8). MAP-Elites(8x8, morphologies=3): occupied=34, pending=384, in flight=40
22:24:01: 5937x RT, 98.9 creatures/sec. Fitness: best=1527.7, avg=956.8, new=(qd-mutate=650.6). MAP-Elites(8x8, morphologies=3): occupied=34, pending=384, in flight=40
22:24:03: 5821x RT, 97.0 creatures/sec. Fitness: best=1527.7, avg=956.8, new=(qd-mutate=648.2). MAP-Elites(8x8, morphologies=3): occupied=34, pending=384, in flight=40
22:24:05: 5840x RT, 97.3 creatures/sec. Fitness: best=1527.7, avg=956.8, new=(qd-mutate=649.9). MAP-Elites(8x8, morphologies=3): occupied=34, pending=384, in flight=40
22:24:08: 5862x RT, 97.7 creatures/sec. Fitness: best=1527.7, avg=956.8, new=(qd-mutate=676.5). MAP-Elites(8x8, morphologies=3): occupied=34, pending=384, in flight=40
22:24:10: 5868x RT, 97.8 creatures/sec. Fitness: best=1527.7, avg=959.4, new=(qd-mutate=678.2). MAP-Elites(8x8, morphologies=3): occupied=34, pending=384, in flight=40
22:24:12: 5842x RT, 97.4 creatures/sec. Fitness: best=1527.7, avg=959.4, new=(qd-mutate=660.3). MAP-Elites(8x8, morphologies=3): occupied=34, pending=384, in flight=40
22:24:14: 5665x RT, 94.4 creatures/sec. Fitness: best=1527.7, avg=959.4, new=(qd-mutate=673.1). MAP-Elites(8x8, morphologies=3): occupied=34, pending=384, in flight=40
22:24:16: 5692x RT, 94.9 creatures/sec. Fitness: best=1527.7, avg=959.4, new=(qd-mutate=652.0). MAP-Elites(8x8, morphologies=3): occupied=34, pending=384, in flight=40
22:24:18: 5833x RT, 97.2 creatures/sec. Fitness: best=1527.7, avg=959.4, new=(qd-mutate=640.1). MAP-Elites(8x8, morphologies=3): occupied=34, pending=384, in flight=40
22:24:20: 5722x RT, 95.4 creatures/sec. Fitness: best=1527.7, avg=959.4, new=(qd-mutate=653.4). MAP-Elites(8x8, morphologies=3): occupied=34, pending=384, in flight=40
22:24:22: 5808x RT, 96.8 creatures/sec. Fitness: best=1527.7, avg=959.4, new=(qd-mutate=656.4). MAP-Elites(8x8, morphologies=3): occupied=34, pending=384, in flight=40
22:24:24: 5288x RT, 88.1 creatures/sec. Fitness: best=1527.7, avg=959.4, new=(qd-mutate=654.0). MAP-Elites(8x8, morphologies=3): occupied=34, pending=384, in flight=40
22:24:26: 5660x RT, 94.3 creatures/sec. Fitness: best=1527.7, avg=959.4, new=(qd-mutate=684.7). MAP-Elites(8x8, morphologies=3): occupied=34, pending=384, in flight=40
22:24:28: 5690x RT, 94.8 creatures/sec. Fitness: best=1527.7, avg=959.4, new=(qd-mutate=666.6). MAP-Elites(8x8, morphologies=3): occupied=34, pending=384, in flight=40
22:24:30: 5805x RT, 96.8 creatures/sec. Fitness: best=1527.7, avg=959.4, new=(qd-mutate=657.9). MAP-Elites(8x8, morphologies=3): occupied=34, pending=384, in flight=40
22:24:32: 5780x RT, 96.3 creatures/sec. Fitness: best=1527.7, avg=959.4, new=(qd-mutate=669.3). MAP-Elites(8x8, morphologies=3): occupied=34, pending=384, in flight=40
22:24:35: 5790x RT, 96.5 creatures/sec. Fitness: best=1527.7, avg=959.4, new=(qd-mutate=692.3). MAP-Elites(8x8, morphologies=3): occupied=34, pending=384, in flight=40
22:24:37: 5584x RT, 93.1 creatures/sec. Fitness: best=1527.7, avg=959.4, new=(qd-mutate=660.2). MAP-Elites(8x8, morphologies=3): occupied=34, pending=384, in flight=40
22:24:39: 5465x RT, 91.1 creatures/sec. Fitness: best=1527.7, avg=959.4, new=(qd-mutate=637.1). MAP-Elites(8x8, morphologies=3): occupied=34, pending=384, in flight=40
22:24:41: 5676x RT, 94.6 creatures/sec. Fitness: best=1527.7, avg=959.4, new=(qd-mutate=678.4). MAP-Elites(8x8, morphologies=3): occupied=34, pending=384, in flight=40
22:24:43: 5879x RT, 98.0 creatures/sec. Fitness: best=1527.7, avg=959.4, new=(qd-mutate=647.4). MAP-Elites(8x8, morphologies=3): occupied=34, pending=384, in flight=40
22:24:45: 5719x RT, 95.3 creatures/sec. Fitness: best=1527.7, avg=959.4, new=(qd-mutate=646.3). MAP-Elites(8x8, morphologies=3): occupied=34, pending=384, in flight=40
22:24:47: 5826x RT, 97.1 creatures/sec. Fitness: best=1527.7, avg=959.4, new=(qd-mutate=659.2). MAP-Elites(8x8, morphologies=3): occupied=34, pending=384, in flight=40
22:24:49: 5808x RT, 96.8 creatures/sec. Fitness: best=1527.7, avg=959.4, new=(qd-mutate=628.7). MAP-Elites(8x8, morphologies=3): occupied=34, pending=384, in flight=40
22:24:51: 5782x RT, 96.4 creatures/sec. Fitness: best=1527.7, avg=959.4, new=(qd-mutate=625.3). MAP-Elites(8x8, morphologies=3): occupied=34, pending=384, in flight=40
7689916 bytes written to /Users/dag/projects/Machine-Evolved-credible-training/training-runs/me-v2-harmonic-qd-01-double-gravity-double-population-8w/config.json. 
22:24:53: 5909x RT, 98.5 creatures/sec. Fitness: best=1527.7, avg=959.4, new=(qd-mutate=667.6). MAP-Elites(8x8, morphologies=3): occupied=34, pending=384, in flight=40
22:24:55: 5548x RT, 92.5 creatures/sec. Fitness: best=1527.7, avg=959.4, new=(qd-mutate=657.1). MAP-Elites(8x8, morphologies=3): occupied=34, pending=384, in flight=40
22:24:57: 5788x RT, 96.5 creatures/sec. Fitness: best=1527.7, avg=959.4, new=(qd-mutate=670.1). MAP-Elites(8x8, morphologies=3): occupied=34, pending=384, in flight=40
22:24:59: 5682x RT, 94.7 creatures/sec. Fitness: best=1527.7, avg=959.4, new=(qd-mutate=659.9). MAP-Elites(8x8, morphologies=3): occupied=34, pending=384, in flight=40
22:25:01: 5796x RT, 96.6 creatures/sec. Fitness: best=1527.7, avg=959.4, new=(qd-mutate=650.9). MAP-Elites(8x8, morphologies=3): occupied=34, pending=384, in flight=40
22:25:03: 5231x RT, 87.2 creatures/sec. Fitness: best=1527.7, avg=959.4, new=(qd-mutate=646.5). MAP-Elites(8x8, morphologies=3): occupied=34, pending=384, in flight=40
22:25:06: 5608x RT, 93.5 creatures/sec. Fitness: best=1527.7, avg=959.4, new=(qd-mutate=694.9). MAP-Elites(8x8, morphologies=3): occupied=34, pending=384, in flight=40
22:25:08: 5895x RT, 98.2 creatures/sec. Fitness: best=1527.7, avg=964.0, new=(qd-mutate=695.1). MAP-Elites(8x8, morphologies=3): occupied=34, pending=384, in flight=40
22:25:10: 5812x RT, 96.9 creatures/sec. Fitness: best=1527.7, avg=964.0, new=(qd-mutate=650.4). MAP-Elites(8x8, morphologies=3): occupied=34, pending=384, in flight=40
22:25:12: 5957x RT, 99.3 creatures/sec. Fitness: best=1527.7, avg=964.0, new=(qd-mutate=672.3). MAP-Elites(8x8, morphologies=3): occupied=34, pending=384, in flight=40
22:25:14: 5826x RT, 97.1 creatures/sec. Fitness: best=1527.7, avg=964.0, new=(qd-mutate=670.0). MAP-Elites(8x8, morphologies=3): occupied=34, pending=384, in flight=40
22:25:16: 5854x RT, 97.6 creatures/sec. Fitness: best=1527.7, avg=964.0, new=(qd-mutate=691.4). MAP-Elites(8x8, morphologies=3): occupied=34, pending=384, in flight=40
22:25:18: 5884x RT, 98.1 creatures/sec. Fitness: best=1527.7, avg=964.0, new=(qd-mutate=676.4). MAP-Elites(8x8, morphologies=3): occupied=34, pending=384, in flight=40
22:25:20: 5751x RT, 95.8 creatures/sec. Fitness: best=1527.7, avg=964.0, new=(qd-mutate=672.5). MAP-Elites(8x8, morphologies=3): occupied=34, pending=384, in flight=40
22:25:22: 5737x RT, 95.6 creatures/sec. Fitness: best=1527.7, avg=964.0, new=(qd-mutate=636.6). MAP-Elites(8x8, morphologies=3): occupied=34, pending=384, in flight=40
22:25:24: 5224x RT, 87.1 creatures/sec. Fitness: best=1527.7, avg=964.0, new=(qd-mutate=639.0). MAP-Elites(8x8, morphologies=3): occupied=34, pending=384, in flight=40
22:25:26: 5191x RT, 86.5 creatures/sec. Fitness: best=1527.7, avg=964.0, new=(qd-mutate=671.8). MAP-Elites(8x8, morphologies=3): occupied=34, pending=384, in flight=40
22:25:28: 5663x RT, 94.4 creatures/sec. Fitness: best=1527.7, avg=964.0, new=(qd-mutate=683.7). MAP-Elites(8x8, morphologies=3): occupied=34, pending=384, in flight=40
22:25:30: 5182x RT, 86.4 creatures/sec. Fitness: best=1527.7, avg=964.0, new=(qd-mutate=665.9). MAP-Elites(8x8, morphologies=3): occupied=34, pending=384, in flight=40
22:25:32: 4897x RT, 81.6 creatures/sec. Fitness: best=1527.7, avg=964.0, new=(qd-mutate=602.5). MAP-Elites(8x8, morphologies=3): occupied=34, pending=384, in flight=40
22:25:35: 4809x RT, 80.1 creatures/sec. Fitness: best=1527.7, avg=964.0, new=(qd-mutate=662.0). MAP-Elites(8x8, morphologies=3): occupied=34, pending=384, in flight=40
22:25:37: 4855x RT, 80.9 creatures/sec. Fitness: best=1527.7, avg=964.0, new=(qd-mutate=677.8). MAP-Elites(8x8, morphologies=3): occupied=34, pending=384, in flight=40
22:25:39: 4931x RT, 82.2 creatures/sec. Fitness: best=1527.7, avg=964.0, new=(qd-mutate=709.3). MAP-Elites(8x8, morphologies=3): occupied=34, pending=384, in flight=40
22:25:41: 4841x RT, 80.7 creatures/sec. Fitness: best=1527.7, avg=964.0, new=(qd-mutate=665.9). MAP-Elites(8x8, morphologies=3): occupied=34, pending=384, in flight=40
22:25:43: 4849x RT, 80.8 creatures/sec. Fitness: best=1527.7, avg=964.0, new=(qd-mutate=670.2). MAP-Elites(8x8, morphologies=3): occupied=34, pending=384, in flight=40
22:25:45: 4958x RT, 82.6 creatures/sec. Fitness: best=1527.7, avg=964.0, new=(qd-mutate=683.5). MAP-Elites(8x8, morphologies=3): occupied=34, pending=384, in flight=40
22:25:47: 4862x RT, 81.0 creatures/sec. Fitness: best=1527.7, avg=964.0, new=(qd-mutate=652.1). MAP-Elites(8x8, morphologies=3): occupied=34, pending=384, in flight=40
22:25:49: 4665x RT, 77.8 creatures/sec. Fitness: best=1527.7, avg=964.0, new=(qd-mutate=639.9). MAP-Elites(8x8, morphologies=3): occupied=34, pending=384, in flight=40
22:25:51: 4523x RT, 75.4 creatures/sec. Fitness: best=1527.7, avg=964.0, new=(qd-mutate=628.4). MAP-Elites(8x8, morphologies=3): occupied=34, pending=384, in flight=40
7642674 bytes written to /Users/dag/projects/Machine-Evolved-credible-training/training-runs/me-v2-harmonic-qd-01-double-gravity-double-population-8w/config.json. 
22:25:53: 5113x RT, 85.2 creatures/sec. Fitness: best=1527.7, avg=964.0, new=(qd-mutate=676.5). MAP-Elites(8x8, morphologies=3): occupied=34, pending=384, in flight=40
22:25:55: 4942x RT, 82.4 creatures/sec. Fitness: best=1527.7, avg=964.0, new=(qd-mutate=666.8). MAP-Elites(8x8, morphologies=3): occupied=34, pending=384, in flight=40
22:25:57: 4407x RT, 73.4 creatures/sec. Fitness: best=1527.7, avg=964.0, new=(qd-mutate=683.1). MAP-Elites(8x8, morphologies=3): occupied=34, pending=384, in flight=40
22:25:59: 4838x RT, 80.6 creatures/sec. Fitness: best=1527.7, avg=964.0, new=(qd-mutate=686.2). MAP-Elites(8x8, morphologies=3): occupied=34, pending=384, in flight=40
22:26:01: 4670x RT, 77.8 creatures/sec. Fitness: best=1527.7, avg=964.0, new=(qd-mutate=673.0). MAP-Elites(8x8, morphologies=3): occupied=34, pending=384, in flight=40
22:26:03: 3483x RT, 58.1 creatures/sec. Fitness: best=1527.7, avg=964.0, new=(qd-mutate=685.3). MAP-Elites(8x8, morphologies=3): occupied=34, pending=384, in flight=40
22:26:06: 5073x RT, 84.6 creatures/sec. Fitness: best=1527.7, avg=964.0, new=(qd-mutate=663.6). MAP-Elites(8x8, morphologies=3): occupied=34, pending=384, in flight=40
22:26:08: 5110x RT, 85.2 creatures/sec. Fitness: best=1527.7, avg=964.0, new=(qd-mutate=626.0). MAP-Elites(8x8, morphologies=3): occupied=34, pending=384, in flight=40
22:26:10: 5039x RT, 84.0 creatures/sec. Fitness: best=1527.7, avg=964.0, new=(qd-mutate=706.5). MAP-Elites(8x8, morphologies=3): occupied=34, pending=384, in flight=40
22:26:12: 5284x RT, 88.1 creatures/sec. Fitness: best=1527.7, avg=964.0, new=(qd-mutate=684.1). MAP-Elites(8x8, morphologies=3): occupied=34, pending=384, in flight=40
22:26:14: 4810x RT, 80.2 creatures/sec. Fitness: best=1527.7, avg=964.0, new=(qd-mutate=658.4). MAP-Elites(8x8, morphologies=3): occupied=34, pending=384, in flight=40
22:26:16: 4875x RT, 81.2 creatures/sec. Fitness: best=1527.7, avg=946.7, new=(qd-mutate=661.1). MAP-Elites(8x8, morphologies=3): occupied=35, pending=384, in flight=40
22:26:18: 4912x RT, 81.9 creatures/sec. Fitness: best=1527.7, avg=946.7, new=(qd-mutate=626.5). MAP-Elites(8x8, morphologies=3): occupied=35, pending=384, in flight=40
22:26:20: 4859x RT, 81.0 creatures/sec. Fitness: best=1527.7, avg=946.7, new=(qd-mutate=616.2). MAP-Elites(8x8, morphologies=3): occupied=35, pending=384, in flight=40
22:26:22: 4865x RT, 81.1 creatures/sec. Fitness: best=1527.7, avg=946.7, new=(qd-mutate=680.0). MAP-Elites(8x8, morphologies=3): occupied=35, pending=384, in flight=40
22:26:24: 5012x RT, 83.5 creatures/sec. Fitness: best=1527.7, avg=946.7, new=(qd-mutate=678.1). MAP-Elites(8x8, morphologies=3): occupied=35, pending=384, in flight=40
22:26:26: 4927x RT, 82.1 creatures/sec. Fitness: best=1527.7, avg=946.7, new=(qd-mutate=618.6). MAP-Elites(8x8, morphologies=3): occupied=35, pending=384, in flight=40
22:26:28: 4993x RT, 83.2 creatures/sec. Fitness: best=1527.7, avg=946.7, new=(qd-mutate=640.5). MAP-Elites(8x8, morphologies=3): occupied=35, pending=384, in flight=40
22:26:30: 4817x RT, 80.3 creatures/sec. Fitness: best=1527.7, avg=946.7, new=(qd-mutate=655.9). MAP-Elites(8x8, morphologies=3): occupied=35, pending=384, in flight=40
22:26:32: 4851x RT, 80.9 creatures/sec. Fitness: best=1527.7, avg=946.7, new=(qd-mutate=651.0). MAP-Elites(8x8, morphologies=3): occupied=35, pending=384, in flight=40
22:26:34: 5140x RT, 85.7 creatures/sec. Fitness: best=1527.7, avg=946.7, new=(qd-mutate=660.4). MAP-Elites(8x8, morphologies=3): occupied=35, pending=384, in flight=40
22:26:36: 4840x RT, 80.7 creatures/sec. Fitness: best=1527.7, avg=946.7, new=(qd-mutate=609.3). MAP-Elites(8x8, morphologies=3): occupied=35, pending=384, in flight=40
22:26:38: 4993x RT, 83.2 creatures/sec. Fitness: best=1527.7, avg=946.7, new=(qd-mutate=677.7). MAP-Elites(8x8, morphologies=3): occupied=35, pending=384, in flight=40
22:26:40: 4960x RT, 82.7 creatures/sec. Fitness: best=1527.7, avg=946.7, new=(qd-mutate=667.0). MAP-Elites(8x8, morphologies=3): occupied=35, pending=384, in flight=40
22:26:42: 4956x RT, 82.6 creatures/sec. Fitness: best=1527.7, avg=946.7, new=(qd-mutate=667.2). MAP-Elites(8x8, morphologies=3): occupied=35, pending=384, in flight=40
22:26:45: 4944x RT, 82.4 creatures/sec. Fitness: best=1527.7, avg=946.7, new=(qd-mutate=655.3). MAP-Elites(8x8, morphologies=3): occupied=35, pending=384, in flight=40
22:26:47: 4910x RT, 81.8 creatures/sec. Fitness: best=1527.7, avg=946.7, new=(qd-mutate=662.0). MAP-Elites(8x8, morphologies=3): occupied=35, pending=384, in flight=40
22:26:49: 4845x RT, 80.7 creatures/sec. Fitness: best=1527.7, avg=946.7, new=(qd-mutate=652.9). MAP-Elites(8x8, morphologies=3): occupied=35, pending=384, in flight=40
22:26:51: 4923x RT, 82.1 creatures/sec. Fitness: best=1527.7, avg=946.7, new=(qd-mutate=642.0). MAP-Elites(8x8, morphologies=3): occupied=35, pending=384, in flight=40
7655888 bytes written to /Users/dag/projects/Machine-Evolved-credible-training/training-runs/me-v2-harmonic-qd-01-double-gravity-double-population-8w/config.json. 
22:26:53: 4802x RT, 80.0 creatures/sec. Fitness: best=1527.7, avg=946.7, new=(qd-mutate=669.4). MAP-Elites(8x8, morphologies=3): occupied=35, pending=384, in flight=40
22:26:55: 4947x RT, 82.5 creatures/sec. Fitness: best=1527.7, avg=946.7, new=(qd-mutate=668.0). MAP-Elites(8x8, morphologies=3): occupied=35, pending=384, in flight=40
22:26:57: 4816x RT, 80.3 creatures/sec. Fitness: best=1527.7, avg=946.7, new=(qd-mutate=648.7). MAP-Elites(8x8, morphologies=3): occupied=35, pending=384, in flight=40
22:26:59: 4831x RT, 80.5 creatures/sec. Fitness: best=1527.7, avg=946.7, new=(qd-mutate=670.6). MAP-Elites(8x8, morphologies=3): occupied=35, pending=384, in flight=40
22:27:01: 4896x RT, 81.6 creatures/sec. Fitness: best=1527.7, avg=946.7, new=(qd-mutate=657.0). MAP-Elites(8x8, morphologies=3): occupied=35, pending=384, in flight=40
22:27:03: 4830x RT, 80.5 creatures/sec. Fitness: best=1527.7, avg=946.7, new=(qd-mutate=682.4). MAP-Elites(8x8, morphologies=3): occupied=35, pending=384, in flight=40
22:27:05: 4636x RT, 77.3 creatures/sec. Fitness: best=1527.7, avg=946.7, new=(qd-mutate=665.7). MAP-Elites(8x8, morphologies=3): occupied=35, pending=384, in flight=40
22:27:07: 4994x RT, 83.2 creatures/sec. Fitness: best=1527.7, avg=951.9, new=(qd-mutate=665.5). MAP-Elites(8x8, morphologies=3): occupied=35, pending=384, in flight=40
22:27:09: 4821x RT, 80.4 creatures/sec. Fitness: best=1527.7, avg=951.9, new=(qd-mutate=630.1). MAP-Elites(8x8, morphologies=3): occupied=35, pending=384, in flight=40
22:27:11: 4905x RT, 81.7 creatures/sec. Fitness: best=1527.7, avg=951.9, new=(qd-mutate=652.1). MAP-Elites(8x8, morphologies=3): occupied=35, pending=384, in flight=40
22:27:13: 4767x RT, 79.4 creatures/sec. Fitness: best=1527.7, avg=951.9, new=(qd-mutate=652.4). MAP-Elites(8x8, morphologies=3): occupied=35, pending=384, in flight=40
22:27:15: 4851x RT, 80.9 creatures/sec. Fitness: best=1527.7, avg=951.9, new=(qd-mutate=639.8). MAP-Elites(8x8, morphologies=3): occupied=35, pending=384, in flight=40
22:27:17: 4804x RT, 80.1 creatures/sec. Fitness: best=1527.7, avg=951.9, new=(qd-mutate=687.5). MAP-Elites(8x8, morphologies=3): occupied=35, pending=384, in flight=40
22:27:20: 4752x RT, 79.2 creatures/sec. Fitness: best=1527.7, avg=951.9, new=(qd-mutate=629.2). MAP-Elites(8x8, morphologies=3): occupied=35, pending=384, in flight=40
22:27:22: 4797x RT, 79.9 creatures/sec. Fitness: best=1527.7, avg=951.9, new=(qd-mutate=653.1). MAP-Elites(8x8, morphologies=3): occupied=35, pending=384, in flight=40
22:27:24: 4903x RT, 81.7 creatures/sec. Fitness: best=1527.7, avg=951.9, new=(qd-mutate=648.2). MAP-Elites(8x8, morphologies=3): occupied=35, pending=384, in flight=40
22:27:26: 4839x RT, 80.6 creatures/sec. Fitness: best=1527.7, avg=951.9, new=(qd-mutate=610.1). MAP-Elites(8x8, morphologies=3): occupied=35, pending=384, in flight=40
22:27:28: 4937x RT, 82.3 creatures/sec. Fitness: best=1527.7, avg=951.9, new=(qd-mutate=673.3). MAP-Elites(8x8, morphologies=3): occupied=35, pending=384, in flight=40
22:27:30: 4916x RT, 81.9 creatures/sec. Fitness: best=1527.7, avg=951.9, new=(qd-mutate=654.2). MAP-Elites(8x8, morphologies=3): occupied=35, pending=384, in flight=40
22:27:32: 4864x RT, 81.1 creatures/sec. Fitness: best=1527.7, avg=951.9, new=(qd-mutate=661.4). MAP-Elites(8x8, morphologies=3): occupied=35, pending=384, in flight=40
22:27:34: 4721x RT, 78.7 creatures/sec. Fitness: best=1527.7, avg=951.9, new=(qd-mutate=656.0). MAP-Elites(8x8, morphologies=3): occupied=35, pending=384, in flight=40
22:27:36: 4822x RT, 80.4 creatures/sec. Fitness: best=1527.7, avg=951.9, new=(qd-mutate=669.8). MAP-Elites(8x8, morphologies=3): occupied=35, pending=384, in flight=40
22:27:38: 4972x RT, 82.9 creatures/sec. Fitness: best=1527.7, avg=951.9, new=(qd-mutate=663.0). MAP-Elites(8x8, morphologies=3): occupied=35, pending=384, in flight=40
22:27:40: 4855x RT, 80.9 creatures/sec. Fitness: best=1527.7, avg=951.9, new=(qd-mutate=642.5). MAP-Elites(8x8, morphologies=3): occupied=35, pending=384, in flight=40
22:27:42: 4991x RT, 83.2 creatures/sec. Fitness: best=1527.7, avg=951.9, new=(qd-mutate=691.9). MAP-Elites(8x8, morphologies=3): occupied=35, pending=384, in flight=40
22:27:44: 5010x RT, 83.5 creatures/sec. Fitness: best=1527.7, avg=951.9, new=(qd-mutate=641.6). MAP-Elites(8x8, morphologies=3): occupied=35, pending=384, in flight=40
22:27:46: 4924x RT, 82.1 creatures/sec. Fitness: best=1527.7, avg=951.9, new=(qd-mutate=676.7). MAP-Elites(8x8, morphologies=3): occupied=35, pending=384, in flight=40
22:27:48: 4957x RT, 82.6 creatures/sec. Fitness: best=1527.7, avg=951.9, new=(qd-mutate=675.5). MAP-Elites(8x8, morphologies=3): occupied=35, pending=384, in flight=40
22:27:50: 4857x RT, 80.9 creatures/sec. Fitness: best=1527.7, avg=951.9, new=(qd-mutate=630.8). MAP-Elites(8x8, morphologies=3): occupied=35, pending=384, in flight=40
7652472 bytes written to /Users/dag/projects/Machine-Evolved-credible-training/training-runs/me-v2-harmonic-qd-01-double-gravity-double-population-8w/config.json. 
22:27:52: 4913x RT, 81.9 creatures/sec. Fitness: best=1527.7, avg=951.9, new=(qd-mutate=678.1). MAP-Elites(8x8, morphologies=3): occupied=35, pending=384, in flight=40
22:27:54: 4928x RT, 82.1 creatures/sec. Fitness: best=1527.7, avg=951.9, new=(qd-mutate=655.0). MAP-Elites(8x8, morphologies=3): occupied=35, pending=384, in flight=40
22:27:56: 4876x RT, 81.3 creatures/sec. Fitness: best=1527.7, avg=951.9, new=(qd-mutate=661.6). MAP-Elites(8x8, morphologies=3): occupied=35, pending=384, in flight=40
22:27:58: 4951x RT, 82.5 creatures/sec. Fitness: best=1527.7, avg=951.9, new=(qd-mutate=648.7). MAP-Elites(8x8, morphologies=3): occupied=35, pending=384, in flight=40
22:28:00: 4956x RT, 82.6 creatures/sec. Fitness: best=1527.7, avg=951.9, new=(qd-mutate=684.0). MAP-Elites(8x8, morphologies=3): occupied=35, pending=384, in flight=40
22:28:03: 4893x RT, 81.6 creatures/sec. Fitness: best=1527.7, avg=951.9, new=(qd-mutate=731.8). MAP-Elites(8x8, morphologies=3): occupied=35, pending=384, in flight=40
22:28:05: 4977x RT, 82.9 creatures/sec. Fitness: best=1527.7, avg=951.9, new=(qd-mutate=675.7). MAP-Elites(8x8, morphologies=3): occupied=35, pending=384, in flight=40
22:28:07: 4875x RT, 81.2 creatures/sec. Fitness: best=1527.7, avg=951.9, new=(qd-mutate=625.5). MAP-Elites(8x8, morphologies=3): occupied=35, pending=384, in flight=40
22:28:09: 4939x RT, 82.3 creatures/sec. Fitness: best=1527.7, avg=951.9, new=(qd-mutate=640.5). MAP-Elites(8x8, morphologies=3): occupied=35, pending=384, in flight=40
22:28:11: 4904x RT, 81.7 creatures/sec. Fitness: best=1527.7, avg=951.9, new=(qd-mutate=640.1). MAP-Elites(8x8, morphologies=3): occupied=35, pending=384, in flight=40
22:28:13: 4956x RT, 82.6 creatures/sec. Fitness: best=1527.7, avg=951.9, new=(qd-mutate=669.5). MAP-Elites(8x8, morphologies=3): occupied=35, pending=384, in flight=40
22:28:15: 4968x RT, 82.8 creatures/sec. Fitness: best=1527.7, avg=951.9, new=(qd-mutate=696.7). MAP-Elites(8x8, morphologies=3): occupied=35, pending=384, in flight=40
22:28:17: 4848x RT, 80.8 creatures/sec. Fitness: best=1527.7, avg=951.9, new=(qd-mutate=667.2). MAP-Elites(8x8, morphologies=3): occupied=35, pending=384, in flight=40
22:28:19: 5041x RT, 84.0 creatures/sec. Fitness: best=1527.7, avg=951.9, new=(qd-mutate=697.2). MAP-Elites(8x8, morphologies=3): occupied=35, pending=384, in flight=40
22:28:21: 4973x RT, 82.9 creatures/sec. Fitness: best=1527.7, avg=951.9, new=(qd-mutate=686.8). MAP-Elites(8x8, morphologies=3): occupied=35, pending=384, in flight=40
22:28:23: 4909x RT, 81.8 creatures/sec. Fitness: best=1527.7, avg=951.9, new=(qd-mutate=665.2). MAP-Elites(8x8, morphologies=3): occupied=35, pending=384, in flight=40
22:28:25: 4983x RT, 83.1 creatures/sec. Fitness: best=1527.7, avg=951.9, new=(qd-mutate=647.7). MAP-Elites(8x8, morphologies=3): occupied=35, pending=384, in flight=40
22:28:27: 4816x RT, 80.3 creatures/sec. Fitness: best=1527.7, avg=951.9, new=(qd-mutate=622.1). MAP-Elites(8x8, morphologies=3): occupied=35, pending=384, in flight=40
22:28:29: 4890x RT, 81.5 creatures/sec. Fitness: best=1527.7, avg=951.9, new=(qd-mutate=661.8). MAP-Elites(8x8, morphologies=3): occupied=35, pending=384, in flight=40
22:28:31: 4921x RT, 82.0 creatures/sec. Fitness: best=1527.7, avg=951.9, new=(qd-mutate=674.5). MAP-Elites(8x8, morphologies=3): occupied=35, pending=384, in flight=40
22:28:34: 4759x RT, 79.3 creatures/sec. Fitness: best=1527.7, avg=951.9, new=(qd-mutate=639.1). MAP-Elites(8x8, morphologies=3): occupied=35, pending=384, in flight=40
22:28:36: 4965x RT, 82.8 creatures/sec. Fitness: best=1527.7, avg=951.9, new=(qd-mutate=686.2). MAP-Elites(8x8, morphologies=3): occupied=35, pending=384, in flight=40
22:28:38: 4834x RT, 80.6 creatures/sec. Fitness: best=1527.7, avg=951.9, new=(qd-mutate=669.4). MAP-Elites(8x8, morphologies=3): occupied=35, pending=384, in flight=40
22:28:40: 4826x RT, 80.4 creatures/sec. Fitness: best=1527.7, avg=951.9, new=(qd-mutate=653.2). MAP-Elites(8x8, morphologies=3): occupied=35, pending=384, in flight=40
22:28:42: 4889x RT, 81.5 creatures/sec. Fitness: best=1527.7, avg=951.9, new=(qd-mutate=679.8). MAP-Elites(8x8, morphologies=3): occupied=35, pending=384, in flight=40
22:28:44: 4874x RT, 81.2 creatures/sec. Fitness: best=1527.7, avg=952.8, new=(qd-mutate=647.5). MAP-Elites(8x8, morphologies=3): occupied=35, pending=384, in flight=40
22:28:46: 4941x RT, 82.4 creatures/sec. Fitness: best=1527.7, avg=952.8, new=(qd-mutate=651.0). MAP-Elites(8x8, morphologies=3): occupied=35, pending=384, in flight=40
22:28:48: 4897x RT, 81.6 creatures/sec. Fitness: best=1527.7, avg=952.8, new=(qd-mutate=706.8). MAP-Elites(8x8, morphologies=3): occupied=35, pending=384, in flight=40
22:28:50: 4844x RT, 80.7 creatures/sec. Fitness: best=1527.7, avg=952.8, new=(qd-mutate=685.1). MAP-Elites(8x8, morphologies=3): occupied=35, pending=384, in flight=40
22:28:52: 4958x RT, 82.6 creatures/sec. Fitness: best=1527.7, avg=952.8, new=(qd-mutate=649.7). MAP-Elites(8x8, morphologies=3): occupied=35, pending=384, in flight=40
7657359 bytes written to /Users/dag/projects/Machine-Evolved-credible-training/training-runs/me-v2-harmonic-qd-01-double-gravity-double-population-8w/config.json. 
22:28:54: 4843x RT, 80.7 creatures/sec. Fitness: best=1527.7, avg=952.8, new=(qd-mutate=659.9). MAP-Elites(8x8, morphologies=3): occupied=35, pending=384, in flight=40
22:28:56: 4819x RT, 80.3 creatures/sec. Fitness: best=1527.7, avg=952.8, new=(qd-mutate=664.7). MAP-Elites(8x8, morphologies=3): occupied=35, pending=384, in flight=40
22:28:58: 4894x RT, 81.6 creatures/sec. Fitness: best=1527.7, avg=952.8, new=(qd-mutate=717.7). MAP-Elites(8x8, morphologies=3): occupied=35, pending=384, in flight=40
22:29:00: 4906x RT, 81.8 creatures/sec. Fitness: best=1527.7, avg=952.8, new=(qd-mutate=679.9). MAP-Elites(8x8, morphologies=3): occupied=35, pending=384, in flight=40
22:29:02: 4755x RT, 79.2 creatures/sec. Fitness: best=1527.7, avg=952.8, new=(qd-mutate=660.2). MAP-Elites(8x8, morphologies=3): occupied=35, pending=384, in flight=40
22:29:04: 4903x RT, 81.7 creatures/sec. Fitness: best=1527.7, avg=952.8, new=(qd-mutate=679.3). MAP-Elites(8x8, morphologies=3): occupied=35, pending=384, in flight=40
22:29:06: 4774x RT, 79.6 creatures/sec. Fitness: best=1527.7, avg=952.8, new=(qd-mutate=628.7). MAP-Elites(8x8, morphologies=3): occupied=35, pending=384, in flight=40
22:29:08: 4923x RT, 82.1 creatures/sec. Fitness: best=1527.7, avg=952.8, new=(qd-mutate=698.6). MAP-Elites(8x8, morphologies=3): occupied=35, pending=384, in flight=40
22:29:10: 4775x RT, 79.6 creatures/sec. Fitness: best=1527.7, avg=952.8, new=(qd-mutate=668.1). MAP-Elites(8x8, morphologies=3): occupied=35, pending=384, in flight=40
22:29:13: 4846x RT, 80.8 creatures/sec. Fitness: best=1527.7, avg=952.8, new=(qd-mutate=659.2). MAP-Elites(8x8, morphologies=3): occupied=35, pending=384, in flight=40
22:29:15: 4876x RT, 81.3 creatures/sec. Fitness: best=1527.7, avg=952.8, new=(qd-mutate=679.8). MAP-Elites(8x8, morphologies=3): occupied=35, pending=384, in flight=40
22:29:17: 4258x RT, 71.0 creatures/sec. Fitness: best=1527.7, avg=952.8, new=(qd-mutate=673.0). MAP-Elites(8x8, morphologies=3): occupied=35, pending=384, in flight=40
22:29:19: 1833x RT, 30.6 creatures/sec. Fitness: best=1527.7, avg=952.8, new=(qd-mutate=615.4). MAP-Elites(8x8, morphologies=3): occupied=35, pending=384, in flight=40
22:29:21: 190x RT, 3.2 creatures/sec. Fitness: best=1527.7, avg=952.8, new=(qd-mutate=450.3). MAP-Elites(8x8, morphologies=3): occupied=35, pending=384, in flight=40
22:29:24: 187x RT, 3.1 creatures/sec. Fitness: best=1527.7, avg=952.8, new=(qd-mutate=654.9). MAP-Elites(8x8, morphologies=3): occupied=35, pending=384, in flight=40
22:29:26: 3508x RT, 58.5 creatures/sec. Fitness: best=1527.7, avg=952.8, new=(qd-mutate=634.4). MAP-Elites(8x8, morphologies=3): occupied=35, pending=384, in flight=40
22:29:28: 6738x RT, 112.3 creatures/sec. Fitness: best=1527.7, avg=952.8, new=(qd-mutate=651.0). MAP-Elites(8x8, morphologies=3): occupied=35, pending=384, in flight=40
22:29:30: 5094x RT, 84.9 creatures/sec. Fitness: best=1527.7, avg=952.8, new=(qd-mutate=647.8). MAP-Elites(8x8, morphologies=3): occupied=35, pending=384, in flight=40
22:29:32: 4796x RT, 79.9 creatures/sec. Fitness: best=1527.7, avg=952.8, new=(qd-mutate=686.3). MAP-Elites(8x8, morphologies=3): occupied=35, pending=384, in flight=40
22:29:34: 4801x RT, 80.0 creatures/sec. Fitness: best=1527.7, avg=952.8, new=(qd-mutate=665.8). MAP-Elites(8x8, morphologies=3): occupied=35, pending=384, in flight=40
22:29:36: 4689x RT, 78.2 creatures/sec. Fitness: best=1527.7, avg=952.8, new=(qd-mutate=626.7). MAP-Elites(8x8, morphologies=3): occupied=35, pending=384, in flight=40
22:29:38: 4828x RT, 80.5 creatures/sec. Fitness: best=1527.7, avg=952.8, new=(qd-mutate=677.3). MAP-Elites(8x8, morphologies=3): occupied=35, pending=384, in flight=40
22:29:40: 4676x RT, 77.9 creatures/sec. Fitness: best=1527.7, avg=952.8, new=(qd-mutate=665.6). MAP-Elites(8x8, morphologies=3): occupied=35, pending=384, in flight=40
22:29:42: 4787x RT, 79.8 creatures/sec. Fitness: best=1527.7, avg=952.8, new=(qd-mutate=640.8). MAP-Elites(8x8, morphologies=3): occupied=35, pending=384, in flight=40
22:29:44: 4822x RT, 80.4 creatures/sec. Fitness: best=1527.7, avg=952.8, new=(qd-mutate=709.0). MAP-Elites(8x8, morphologies=3): occupied=35, pending=384, in flight=40
22:29:46: 4284x RT, 71.4 creatures/sec. Fitness: best=1527.7, avg=952.8, new=(qd-mutate=614.3). MAP-Elites(8x8, morphologies=3): occupied=35, pending=384, in flight=40
22:29:48: 4695x RT, 78.2 creatures/sec. Fitness: best=1527.7, avg=952.8, new=(qd-mutate=641.4). MAP-Elites(8x8, morphologies=3): occupied=35, pending=384, in flight=40
22:29:50: 4577x RT, 76.3 creatures/sec. Fitness: best=1527.7, avg=952.8, new=(qd-mutate=634.3). MAP-Elites(8x8, morphologies=3): occupied=35, pending=384, in flight=40
7661820 bytes written to /Users/dag/projects/Machine-Evolved-credible-training/training-runs/me-v2-harmonic-qd-01-double-gravity-double-population-8w/config.json. 
22:29:52: 4235x RT, 70.6 creatures/sec. Fitness: best=1527.7, avg=952.8, new=(qd-mutate=686.8). MAP-Elites(8x8, morphologies=3): occupied=35, pending=384, in flight=40
22:29:54: 5202x RT, 86.7 creatures/sec. Fitness: best=1527.7, avg=952.8, new=(qd-mutate=679.5). MAP-Elites(8x8, morphologies=3): occupied=35, pending=384, in flight=40
22:29:57: 4683x RT, 78.0 creatures/sec. Fitness: best=1527.7, avg=952.8, new=(qd-mutate=702.6). MAP-Elites(8x8, morphologies=3): occupied=35, pending=384, in flight=40
22:29:59: 4736x RT, 78.9 creatures/sec. Fitness: best=1527.7, avg=952.8, new=(qd-mutate=604.8). MAP-Elites(8x8, morphologies=3): occupied=35, pending=384, in flight=40
22:30:01: 4832x RT, 80.5 creatures/sec. Fitness: best=1527.7, avg=952.8, new=(qd-mutate=678.3). MAP-Elites(8x8, morphologies=3): occupied=35, pending=384, in flight=40
22:30:03: 4785x RT, 79.8 creatures/sec. Fitness: best=1527.7, avg=952.8, new=(qd-mutate=663.8). MAP-Elites(8x8, morphologies=3): occupied=35, pending=384, in flight=40
22:30:05: 4702x RT, 78.4 creatures/sec. Fitness: best=1527.7, avg=952.8, new=(qd-mutate=652.0). MAP-Elites(8x8, morphologies=3): occupied=35, pending=384, in flight=40
22:30:07: 4676x RT, 77.9 creatures/sec. Fitness: best=1527.7, avg=952.8, new=(qd-mutate=659.6). MAP-Elites(8x8, morphologies=3): occupied=35, pending=384, in flight=40
22:30:09: 4639x RT, 77.3 creatures/sec. Fitness: best=1527.7, avg=952.8, new=(qd-mutate=640.8). MAP-Elites(8x8, morphologies=3): occupied=35, pending=384, in flight=40
22:30:11: 4711x RT, 78.5 creatures/sec. Fitness: best=1527.7, avg=952.8, new=(qd-mutate=642.2). MAP-Elites(8x8, morphologies=3): occupied=35, pending=384, in flight=40
22:30:13: 4527x RT, 75.4 creatures/sec. Fitness: best=1527.7, avg=952.8, new=(qd-mutate=628.6). MAP-Elites(8x8, morphologies=3): occupied=35, pending=384, in flight=40
22:30:15: 4288x RT, 71.5 creatures/sec. Fitness: best=1527.7, avg=952.8, new=(qd-mutate=617.4). MAP-Elites(8x8, morphologies=3): occupied=35, pending=384, in flight=40
22:30:17: 4736x RT, 78.9 creatures/sec. Fitness: best=1527.7, avg=952.8, new=(qd-mutate=627.3). MAP-Elites(8x8, morphologies=3): occupied=35, pending=384, in flight=40
22:30:19: 4379x RT, 73.0 creatures/sec. Fitness: best=1527.7, avg=952.8, new=(qd-mutate=641.0). MAP-Elites(8x8, morphologies=3): occupied=35, pending=384, in flight=40
22:30:21: 3858x RT, 64.3 creatures/sec. Fitness: best=1527.7, avg=952.8, new=(qd-mutate=665.3). MAP-Elites(8x8, morphologies=3): occupied=35, pending=384, in flight=40
22:30:23: 3969x RT, 66.2 creatures/sec. Fitness: best=1527.7, avg=952.8, new=(qd-mutate=657.7). MAP-Elites(8x8, morphologies=3): occupied=35, pending=384, in flight=40
22:30:25: 4308x RT, 71.8 creatures/sec. Fitness: best=1527.7, avg=952.8, new=(qd-mutate=645.6). MAP-Elites(8x8, morphologies=3): occupied=35, pending=384, in flight=40
22:30:28: 4209x RT, 70.1 creatures/sec. Fitness: best=1527.7, avg=952.8, new=(qd-mutate=675.8). MAP-Elites(8x8, morphologies=3): occupied=35, pending=384, in flight=40
22:30:30: 4686x RT, 78.1 creatures/sec. Fitness: best=1527.7, avg=952.8, new=(qd-mutate=633.5). MAP-Elites(8x8, morphologies=3): occupied=35, pending=384, in flight=40
22:30:32: 4568x RT, 76.1 creatures/sec. Fitness: best=1527.7, avg=952.8, new=(qd-mutate=647.0). MAP-Elites(8x8, morphologies=3): occupied=35, pending=384, in flight=40
22:30:34: 4750x RT, 79.2 creatures/sec. Fitness: best=1527.7, avg=952.8, new=(qd-mutate=692.8). MAP-Elites(8x8, morphologies=3): occupied=35, pending=384, in flight=40
22:30:36: 4702x RT, 78.4 creatures/sec. Fitness: best=1527.7, avg=952.8, new=(qd-mutate=641.0). MAP-Elites(8x8, morphologies=3): occupied=35, pending=384, in flight=40
22:30:38: 4669x RT, 77.8 creatures/sec. Fitness: best=1527.7, avg=952.8, new=(qd-mutate=693.7). MAP-Elites(8x8, morphologies=3): occupied=35, pending=384, in flight=40
22:30:40: 4711x RT, 78.5 creatures/sec. Fitness: best=1527.7, avg=952.8, new=(qd-mutate=645.6). MAP-Elites(8x8, morphologies=3): occupied=35, pending=384, in flight=40
22:30:42: 4695x RT, 78.2 creatures/sec. Fitness: best=1527.7, avg=952.8, new=(qd-mutate=683.8). MAP-Elites(8x8, morphologies=3): occupied=35, pending=384, in flight=40
22:30:44: 4762x RT, 79.4 creatures/sec. Fitness: best=1527.7, avg=952.8, new=(qd-mutate=602.4). MAP-Elites(8x8, morphologies=3): occupied=35, pending=384, in flight=40
22:30:46: 4708x RT, 78.5 creatures/sec. Fitness: best=1527.7, avg=952.8, new=(qd-mutate=683.3). MAP-Elites(8x8, morphologies=3): occupied=35, pending=384, in flight=40
22:30:48: 4633x RT, 77.2 creatures/sec. Fitness: best=1527.7, avg=952.8, new=(qd-mutate=633.3). MAP-Elites(8x8, morphologies=3): occupied=35, pending=384, in flight=40
22:30:50: 4556x RT, 75.9 creatures/sec. Fitness: best=1527.7, avg=952.8, new=(qd-mutate=650.7). MAP-Elites(8x8, morphologies=3): occupied=35, pending=384, in flight=40
22:30:52: 4671x RT, 77.8 creatures/sec. Fitness: best=1527.7, avg=952.8, new=(qd-mutate=630.7). MAP-Elites(8x8, morphologies=3): occupied=35, pending=384, in flight=40
7660238 bytes written to /Users/dag/projects/Machine-Evolved-credible-training/training-runs/me-v2-harmonic-qd-01-double-gravity-double-population-8w/config.json. 
22:30:54: 4635x RT, 77.3 creatures/sec. Fitness: best=1527.7, avg=952.8, new=(qd-mutate=661.1). MAP-Elites(8x8, morphologies=3): occupied=35, pending=384, in flight=40
22:30:56: 4679x RT, 78.0 creatures/sec. Fitness: best=1527.7, avg=952.8, new=(qd-mutate=671.1). MAP-Elites(8x8, morphologies=3): occupied=35, pending=384, in flight=40
22:30:58: 4678x RT, 78.0 creatures/sec. Fitness: best=1527.7, avg=952.8, new=(qd-mutate=668.5). MAP-Elites(8x8, morphologies=3): occupied=35, pending=384, in flight=40
22:31:00: 3577x RT, 59.6 creatures/sec. Fitness: best=1527.7, avg=952.8, new=(qd-mutate=666.9). MAP-Elites(8x8, morphologies=3): occupied=35, pending=384, in flight=40
22:31:02: 4824x RT, 80.4 creatures/sec. Fitness: best=1527.7, avg=952.8, new=(qd-mutate=651.7). MAP-Elites(8x8, morphologies=3): occupied=35, pending=384, in flight=40
22:31:05: 4697x RT, 78.3 creatures/sec. Fitness: best=1527.7, avg=952.8, new=(qd-mutate=675.0). MAP-Elites(8x8, morphologies=3): occupied=35, pending=384, in flight=40
22:31:07: 4715x RT, 78.6 creatures/sec. Fitness: best=1527.7, avg=952.8, new=(qd-mutate=651.7). MAP-Elites(8x8, morphologies=3): occupied=35, pending=384, in flight=40
22:31:09: 4720x RT, 78.7 creatures/sec. Fitness: best=1527.7, avg=952.8, new=(qd-mutate=634.2). MAP-Elites(8x8, morphologies=3): occupied=35, pending=384, in flight=40
22:31:11: 4670x RT, 77.8 creatures/sec. Fitness: best=1527.7, avg=952.8, new=(qd-mutate=652.0). MAP-Elites(8x8, morphologies=3): occupied=35, pending=384, in flight=40
22:31:13: 4733x RT, 78.9 creatures/sec. Fitness: best=1527.7, avg=952.8, new=(qd-mutate=663.5). MAP-Elites(8x8, morphologies=3): occupied=35, pending=384, in flight=40
22:31:15: 4802x RT, 80.0 creatures/sec. Fitness: best=1527.7, avg=952.8, new=(qd-mutate=657.7). MAP-Elites(8x8, morphologies=3): occupied=35, pending=384, in flight=40
22:31:17: 4642x RT, 77.4 creatures/sec. Fitness: best=1527.7, avg=952.8, new=(qd-mutate=628.0). MAP-Elites(8x8, morphologies=3): occupied=35, pending=384, in flight=40
22:31:19: 4673x RT, 77.9 creatures/sec. Fitness: best=1527.7, avg=952.8, new=(qd-mutate=613.5). MAP-Elites(8x8, morphologies=3): occupied=35, pending=384, in flight=40
22:31:21: 4635x RT, 77.3 creatures/sec. Fitness: best=1527.7, avg=952.8, new=(qd-mutate=684.4). MAP-Elites(8x8, morphologies=3): occupied=35, pending=384, in flight=40
22:31:23: 4766x RT, 79.4 creatures/sec. Fitness: best=1527.7, avg=952.8, new=(qd-mutate=657.0). MAP-Elites(8x8, morphologies=3): occupied=35, pending=384, in flight=40
22:31:25: 4653x RT, 77.5 creatures/sec. Fitness: best=1527.7, avg=952.8, new=(qd-mutate=669.3). MAP-Elites(8x8, morphologies=3): occupied=35, pending=384, in flight=40
22:31:27: 4572x RT, 76.2 creatures/sec. Fitness: best=1527.7, avg=952.8, new=(qd-mutate=661.2). MAP-Elites(8x8, morphologies=3): occupied=35, pending=384, in flight=40
22:31:29: 4565x RT, 76.1 creatures/sec. Fitness: best=1527.7, avg=952.8, new=(qd-mutate=659.6). MAP-Elites(8x8, morphologies=3): occupied=35, pending=384, in flight=40
22:31:31: 4475x RT, 74.6 creatures/sec. Fitness: best=1527.7, avg=952.8, new=(qd-mutate=633.5). MAP-Elites(8x8, morphologies=3): occupied=35, pending=384, in flight=40
22:31:33: 4816x RT, 80.3 creatures/sec. Fitness: best=1527.7, avg=952.8, new=(qd-mutate=626.0). MAP-Elites(8x8, morphologies=3): occupied=35, pending=384, in flight=40
22:31:35: 4764x RT, 79.4 creatures/sec. Fitness: best=1527.7, avg=952.8, new=(qd-mutate=672.8). MAP-Elites(8x8, morphologies=3): occupied=35, pending=384, in flight=40
22:31:37: 4801x RT, 80.0 creatures/sec. Fitness: best=1527.7, avg=952.8, new=(qd-mutate=634.8). MAP-Elites(8x8, morphologies=3): occupied=35, pending=384, in flight=40
22:31:40: 4722x RT, 78.7 creatures/sec. Fitness: best=1527.7, avg=952.8, new=(qd-mutate=681.9). MAP-Elites(8x8, morphologies=3): occupied=35, pending=384, in flight=40
22:31:42: 4738x RT, 79.0 creatures/sec. Fitness: best=1527.7, avg=952.8, new=(qd-mutate=675.6). MAP-Elites(8x8, morphologies=3): occupied=35, pending=384, in flight=40
22:31:44: 4673x RT, 77.9 creatures/sec. Fitness: best=1527.7, avg=952.8, new=(qd-mutate=651.8). MAP-Elites(8x8, morphologies=3): occupied=35, pending=384, in flight=40
22:31:46: 4836x RT, 80.6 creatures/sec. Fitness: best=1527.7, avg=952.8, new=(qd-mutate=643.8). MAP-Elites(8x8, morphologies=3): occupied=35, pending=384, in flight=40
22:31:48: 4695x RT, 78.3 creatures/sec. Fitness: best=1527.7, avg=952.8, new=(qd-mutate=663.7). MAP-Elites(8x8, morphologies=3): occupied=35, pending=384, in flight=40
22:31:50: 4792x RT, 79.9 creatures/sec. Fitness: best=1527.7, avg=953.3, new=(qd-mutate=669.3). MAP-Elites(8x8, morphologies=3): occupied=35, pending=384, in flight=40
22:31:52: 4723x RT, 78.7 creatures/sec. Fitness: best=1527.7, avg=953.3, new=(qd-mutate=640.3). MAP-Elites(8x8, morphologies=3): occupied=35, pending=384, in flight=40
7658493 bytes written to /Users/dag/projects/Machine-Evolved-credible-training/training-runs/me-v2-harmonic-qd-01-double-gravity-double-population-8w/config.json. 
22:31:54: 4563x RT, 76.0 creatures/sec. Fitness: best=1527.7, avg=953.3, new=(qd-mutate=656.1). MAP-Elites(8x8, morphologies=3): occupied=35, pending=384, in flight=40
22:31:56: 4828x RT, 80.5 creatures/sec. Fitness: best=1527.7, avg=953.3, new=(qd-mutate=673.9). MAP-Elites(8x8, morphologies=3): occupied=35, pending=384, in flight=40
22:31:58: 4781x RT, 79.7 creatures/sec. Fitness: best=1527.7, avg=953.3, new=(qd-mutate=672.2). MAP-Elites(8x8, morphologies=3): occupied=35, pending=384, in flight=40
22:32:00: 4738x RT, 79.0 creatures/sec. Fitness: best=1527.7, avg=953.3, new=(qd-mutate=676.8). MAP-Elites(8x8, morphologies=3): occupied=35, pending=384, in flight=40
22:32:02: 4713x RT, 78.5 creatures/sec. Fitness: best=1527.7, avg=953.3, new=(qd-mutate=647.2). MAP-Elites(8x8, morphologies=3): occupied=35, pending=384, in flight=40
22:32:04: 4761x RT, 79.4 creatures/sec. Fitness: best=1527.7, avg=953.3, new=(qd-mutate=675.5). MAP-Elites(8x8, morphologies=3): occupied=35, pending=384, in flight=40
22:32:06: 4664x RT, 77.7 creatures/sec. Fitness: best=1527.7, avg=953.3, new=(qd-mutate=678.8). MAP-Elites(8x8, morphologies=3): occupied=35, pending=384, in flight=40
22:32:08: 4733x RT, 78.9 creatures/sec. Fitness: best=1527.7, avg=953.3, new=(qd-mutate=652.4). MAP-Elites(8x8, morphologies=3): occupied=35, pending=384, in flight=40
22:32:10: 4681x RT, 78.0 creatures/sec. Fitness: best=1527.7, avg=953.3, new=(qd-mutate=643.9). MAP-Elites(8x8, morphologies=3): occupied=35, pending=384, in flight=40
22:32:12: 4885x RT, 81.4 creatures/sec. Fitness: best=1527.7, avg=953.3, new=(qd-mutate=624.0). MAP-Elites(8x8, morphologies=3): occupied=35, pending=384, in flight=40
22:32:15: 4844x RT, 80.7 creatures/sec. Fitness: best=1527.7, avg=953.3, new=(qd-mutate=650.4). MAP-Elites(8x8, morphologies=3): occupied=35, pending=384, in flight=40
22:32:17: 4720x RT, 78.7 creatures/sec. Fitness: best=1527.7, avg=953.3, new=(qd-mutate=667.6). MAP-Elites(8x8, morphologies=3): occupied=35, pending=384, in flight=40
22:32:19: 4666x RT, 77.8 creatures/sec. Fitness: best=1527.7, avg=953.3, new=(qd-mutate=641.1). MAP-Elites(8x8, morphologies=3): occupied=35, pending=384, in flight=40
22:32:21: 4699x RT, 78.3 creatures/sec. Fitness: best=1527.7, avg=953.3, new=(qd-mutate=609.9). MAP-Elites(8x8, morphologies=3): occupied=35, pending=384, in flight=40
22:32:23: 4745x RT, 79.1 creatures/sec. Fitness: best=1527.7, avg=953.3, new=(qd-mutate=639.1). MAP-Elites(8x8, morphologies=3): occupied=35, pending=384, in flight=40
22:32:25: 4788x RT, 79.8 creatures/sec. Fitness: best=1527.7, avg=953.3, new=(qd-mutate=701.2). MAP-Elites(8x8, morphologies=3): occupied=35, pending=384, in flight=39
22:32:27: 4846x RT, 80.8 creatures/sec. Fitness: best=1527.7, avg=953.3, new=(qd-mutate=672.8). MAP-Elites(8x8, morphologies=3): occupied=35, pending=384, in flight=40
22:32:29: 4793x RT, 79.9 creatures/sec. Fitness: best=1527.7, avg=953.3, new=(qd-mutate=653.2). MAP-Elites(8x8, morphologies=3): occupied=35, pending=384, in flight=40
22:32:31: 4818x RT, 80.3 creatures/sec. Fitness: best=1527.7, avg=953.3, new=(qd-mutate=654.8). MAP-Elites(8x8, morphologies=3): occupied=35, pending=384, in flight=40
22:32:33: 4774x RT, 79.6 creatures/sec. Fitness: best=1527.7, avg=953.3, new=(qd-mutate=679.1). MAP-Elites(8x8, morphologies=3): occupied=35, pending=384, in flight=40
22:32:35: 4839x RT, 80.7 creatures/sec. Fitness: best=1527.7, avg=953.3, new=(qd-mutate=648.2). MAP-Elites(8x8, morphologies=3): occupied=35, pending=384, in flight=40
22:32:37: 4780x RT, 79.7 creatures/sec. Fitness: best=1527.7, avg=953.3, new=(qd-mutate=638.4). MAP-Elites(8x8, morphologies=3): occupied=35, pending=384, in flight=40
22:32:39: 4766x RT, 79.4 creatures/sec. Fitness: best=1527.7, avg=953.3, new=(qd-mutate=689.4). MAP-Elites(8x8, morphologies=3): occupied=35, pending=384, in flight=40
22:32:41: 4730x RT, 78.8 creatures/sec. Fitness: best=1527.7, avg=953.3, new=(qd-mutate=670.3). MAP-Elites(8x8, morphologies=3): occupied=35, pending=384, in flight=40
22:32:43: 4837x RT, 80.6 creatures/sec. Fitness: best=1527.7, avg=953.3, new=(qd-mutate=671.8). MAP-Elites(8x8, morphologies=3): occupied=35, pending=384, in flight=40
22:32:45: 4746x RT, 79.1 creatures/sec. Fitness: best=1527.7, avg=955.1, new=(qd-mutate=658.6). MAP-Elites(8x8, morphologies=3): occupied=35, pending=384, in flight=40
22:32:47: 4798x RT, 80.0 creatures/sec. Fitness: best=1527.7, avg=955.1, new=(qd-mutate=661.1). MAP-Elites(8x8, morphologies=3): occupied=35, pending=384, in flight=40
22:32:50: 4758x RT, 79.3 creatures/sec. Fitness: best=1527.7, avg=955.1, new=(qd-mutate=647.9). MAP-Elites(8x8, morphologies=3): occupied=35, pending=384, in flight=40
22:32:52: 4825x RT, 80.4 creatures/sec. Fitness: best=1527.7, avg=955.1, new=(qd-mutate=676.2). MAP-Elites(8x8, morphologies=3): occupied=35, pending=384, in flight=40
7635094 bytes written to /Users/dag/projects/Machine-Evolved-credible-training/training-runs/me-v2-harmonic-qd-01-double-gravity-double-population-8w/config.json. 
22:32:54: 4746x RT, 79.1 creatures/sec. Fitness: best=1527.7, avg=955.1, new=(qd-mutate=626.7). MAP-Elites(8x8, morphologies=3): occupied=35, pending=384, in flight=40
22:32:56: 4763x RT, 79.4 creatures/sec. Fitness: best=1527.7, avg=955.1, new=(qd-mutate=646.6). MAP-Elites(8x8, morphologies=3): occupied=35, pending=384, in flight=40
22:32:58: 4799x RT, 80.0 creatures/sec. Fitness: best=1527.7, avg=955.1, new=(qd-mutate=652.8). MAP-Elites(8x8, morphologies=3): occupied=35, pending=384, in flight=40
22:33:00: 4821x RT, 80.3 creatures/sec. Fitness: best=1527.7, avg=955.1, new=(qd-mutate=669.0). MAP-Elites(8x8, morphologies=3): occupied=35, pending=384, in flight=40
22:33:02: 4726x RT, 78.8 creatures/sec. Fitness: best=1527.7, avg=955.1, new=(qd-mutate=650.9). MAP-Elites(8x8, morphologies=3): occupied=35, pending=384, in flight=40
22:33:04: 4879x RT, 81.3 creatures/sec. Fitness: best=1527.7, avg=955.1, new=(qd-mutate=645.8). MAP-Elites(8x8, morphologies=3): occupied=35, pending=384, in flight=40
22:33:06: 4706x RT, 78.4 creatures/sec. Fitness: best=1527.7, avg=955.1, new=(qd-mutate=652.9). MAP-Elites(8x8, morphologies=3): occupied=35, pending=384, in flight=40
22:33:08: 4935x RT, 82.2 creatures/sec. Fitness: best=1527.7, avg=955.1, new=(qd-mutate=627.6). MAP-Elites(8x8, morphologies=3): occupied=35, pending=384, in flight=40
22:33:10: 4853x RT, 80.9 creatures/sec. Fitness: best=1527.7, avg=955.1, new=(qd-mutate=693.9). MAP-Elites(8x8, morphologies=3): occupied=35, pending=384, in flight=40
22:33:12: 4802x RT, 80.0 creatures/sec. Fitness: best=1527.7, avg=955.1, new=(qd-mutate=636.6). MAP-Elites(8x8, morphologies=3): occupied=35, pending=384, in flight=40
22:33:14: 4912x RT, 81.9 creatures/sec. Fitness: best=1527.7, avg=955.1, new=(qd-mutate=653.4). MAP-Elites(8x8, morphologies=3): occupied=35, pending=384, in flight=40
22:33:16: 4765x RT, 79.4 creatures/sec. Fitness: best=1527.7, avg=955.1, new=(qd-mutate=691.9). MAP-Elites(8x8, morphologies=3): occupied=35, pending=384, in flight=40
22:33:18: 4878x RT, 81.3 creatures/sec. Fitness: best=1527.7, avg=955.1, new=(qd-mutate=661.5). MAP-Elites(8x8, morphologies=3): occupied=35, pending=384, in flight=40
22:33:20: 4842x RT, 80.7 creatures/sec. Fitness: best=1527.7, avg=955.1, new=(qd-mutate=641.1). MAP-Elites(8x8, morphologies=3): occupied=35, pending=384, in flight=40
22:33:22: 4729x RT, 78.8 creatures/sec. Fitness: best=1527.7, avg=955.1, new=(qd-mutate=634.9). MAP-Elites(8x8, morphologies=3): occupied=35, pending=384, in flight=40
22:33:25: 4797x RT, 79.9 creatures/sec. Fitness: best=1527.7, avg=955.1, new=(qd-mutate=672.8). MAP-Elites(8x8, morphologies=3): occupied=35, pending=384, in flight=40
22:33:27: 4712x RT, 78.5 creatures/sec. Fitness: best=1527.7, avg=955.1, new=(qd-mutate=671.4). MAP-Elites(8x8, morphologies=3): occupied=35, pending=384, in flight=40
22:33:29: 4907x RT, 81.8 creatures/sec. Fitness: best=1527.7, avg=955.1, new=(qd-mutate=668.5). MAP-Elites(8x8, morphologies=3): occupied=35, pending=384, in flight=40
22:33:31: 4755x RT, 79.2 creatures/sec. Fitness: best=1527.7, avg=955.1, new=(qd-mutate=657.9). MAP-Elites(8x8, morphologies=3): occupied=35, pending=384, in flight=40
22:33:33: 4810x RT, 80.2 creatures/sec. Fitness: best=1527.7, avg=955.1, new=(qd-mutate=632.2). MAP-Elites(8x8, morphologies=3): occupied=35, pending=384, in flight=40
22:33:35: 4721x RT, 78.7 creatures/sec. Fitness: best=1527.7, avg=955.1, new=(qd-mutate=673.0). MAP-Elites(8x8, morphologies=3): occupied=35, pending=384, in flight=40
22:33:37: 4773x RT, 79.5 creatures/sec. Fitness: best=1527.7, avg=955.1, new=(qd-mutate=661.5). MAP-Elites(8x8, morphologies=3): occupied=35, pending=384, in flight=40
22:33:39: 4810x RT, 80.2 creatures/sec. Fitness: best=1527.7, avg=955.1, new=(qd-mutate=647.9). MAP-Elites(8x8, morphologies=3): occupied=35, pending=384, in flight=40
22:33:41: 4752x RT, 79.2 creatures/sec. Fitness: best=1527.7, avg=955.1, new=(qd-mutate=627.3). MAP-Elites(8x8, morphologies=3): occupied=35, pending=384, in flight=40
22:33:43: 4854x RT, 80.9 creatures/sec. Fitness: best=1527.7, avg=955.1, new=(qd-mutate=658.6). MAP-Elites(8x8, morphologies=3): occupied=35, pending=384, in flight=40
22:33:45: 4736x RT, 78.9 creatures/sec. Fitness: best=1527.7, avg=955.1, new=(qd-mutate=662.4). MAP-Elites(8x8, morphologies=3): occupied=35, pending=384, in flight=40
22:33:47: 4825x RT, 80.4 creatures/sec. Fitness: best=1527.7, avg=955.1, new=(qd-mutate=635.6). MAP-Elites(8x8, morphologies=3): occupied=35, pending=384, in flight=40
22:33:49: 4795x RT, 79.9 creatures/sec. Fitness: best=1527.7, avg=955.1, new=(qd-mutate=666.1). MAP-Elites(8x8, morphologies=3): occupied=35, pending=384, in flight=40
22:33:51: 4914x RT, 81.9 creatures/sec. Fitness: best=1527.7, avg=955.1, new=(qd-mutate=676.8). MAP-Elites(8x8, morphologies=3): occupied=35, pending=384, in flight=40
7662867 bytes written to /Users/dag/projects/Machine-Evolved-credible-training/training-runs/me-v2-harmonic-qd-01-double-gravity-double-population-8w/config.json. 
22:33:53: 4748x RT, 79.1 creatures/sec. Fitness: best=1527.7, avg=955.1, new=(qd-mutate=705.8). MAP-Elites(8x8, morphologies=3): occupied=35, pending=384, in flight=40
22:33:55: 4885x RT, 81.4 creatures/sec. Fitness: best=1527.7, avg=955.1, new=(qd-mutate=651.2). MAP-Elites(8x8, morphologies=3): occupied=35, pending=384, in flight=40
22:33:57: 4829x RT, 80.5 creatures/sec. Fitness: best=1527.7, avg=955.1, new=(qd-mutate=664.9). MAP-Elites(8x8, morphologies=3): occupied=35, pending=384, in flight=40
22:33:59: 4783x RT, 79.7 creatures/sec. Fitness: best=1527.7, avg=955.1, new=(qd-mutate=663.8). MAP-Elites(8x8, morphologies=3): occupied=35, pending=384, in flight=40
22:34:01: 4899x RT, 81.7 creatures/sec. Fitness: best=1527.7, avg=955.1, new=(qd-mutate=638.3). MAP-Elites(8x8, morphologies=3): occupied=35, pending=384, in flight=40
22:34:03: 4866x RT, 81.1 creatures/sec. Fitness: best=1527.7, avg=955.1, new=(qd-mutate=651.5). MAP-Elites(8x8, morphologies=3): occupied=35, pending=384, in flight=40
22:34:06: 4931x RT, 82.2 creatures/sec. Fitness: best=1527.7, avg=955.1, new=(qd-mutate=680.1). MAP-Elites(8x8, morphologies=3): occupied=35, pending=384, in flight=40
22:34:08: 4910x RT, 81.8 creatures/sec. Fitness: best=1527.7, avg=955.1, new=(qd-mutate=682.1). MAP-Elites(8x8, morphologies=3): occupied=35, pending=384, in flight=40
22:34:10: 4815x RT, 80.3 creatures/sec. Fitness: best=1527.7, avg=955.1, new=(qd-mutate=642.1). MAP-Elites(8x8, morphologies=3): occupied=35, pending=384, in flight=40
22:34:12: 4813x RT, 80.2 creatures/sec. Fitness: best=1527.7, avg=955.1, new=(qd-mutate=672.2). MAP-Elites(8x8, morphologies=3): occupied=35, pending=384, in flight=40
22:34:14: 4914x RT, 81.9 creatures/sec. Fitness: best=1527.7, avg=955.1, new=(qd-mutate=669.6). MAP-Elites(8x8, morphologies=3): occupied=35, pending=384, in flight=40
22:34:16: 4893x RT, 81.6 creatures/sec. Fitness: best=1527.7, avg=955.1, new=(qd-mutate=661.5). MAP-Elites(8x8, morphologies=3): occupied=35, pending=384, in flight=40
22:34:18: 4925x RT, 82.1 creatures/sec. Fitness: best=1527.7, avg=955.1, new=(qd-mutate=664.5). MAP-Elites(8x8, morphologies=3): occupied=35, pending=384, in flight=40
22:34:20: 4802x RT, 80.0 creatures/sec. Fitness: best=1527.7, avg=955.1, new=(qd-mutate=633.6). MAP-Elites(8x8, morphologies=3): occupied=35, pending=384, in flight=40
22:34:22: 4745x RT, 79.1 creatures/sec. Fitness: best=1527.7, avg=955.1, new=(qd-mutate=665.2). MAP-Elites(8x8, morphologies=3): occupied=35, pending=384, in flight=40
22:34:24: 4728x RT, 78.8 creatures/sec. Fitness: best=1527.7, avg=955.1, new=(qd-mutate=633.4). MAP-Elites(8x8, morphologies=3): occupied=35, pending=384, in flight=40
22:34:26: 4752x RT, 79.2 creatures/sec. Fitness: best=1527.7, avg=955.1, new=(qd-mutate=672.3). MAP-Elites(8x8, morphologies=3): occupied=35, pending=384, in flight=40
22:34:28: 4890x RT, 81.5 creatures/sec. Fitness: best=1527.7, avg=955.1, new=(qd-mutate=659.8). MAP-Elites(8x8, morphologies=3): occupied=35, pending=384, in flight=40
22:34:30: 4720x RT, 78.7 creatures/sec. Fitness: best=1527.7, avg=955.1, new=(qd-mutate=670.8). MAP-Elites(8x8, morphologies=3): occupied=35, pending=384, in flight=40
22:34:32: 4780x RT, 79.7 creatures/sec. Fitness: best=1527.7, avg=955.1, new=(qd-mutate=659.8). MAP-Elites(8x8, morphologies=3): occupied=35, pending=384, in flight=40
22:34:34: 4721x RT, 78.7 creatures/sec. Fitness: best=1527.7, avg=955.1, new=(qd-mutate=678.6). MAP-Elites(8x8, morphologies=3): occupied=35, pending=384, in flight=40
22:34:36: 4687x RT, 78.1 creatures/sec. Fitness: best=1527.7, avg=955.1, new=(qd-mutate=625.1). MAP-Elites(8x8, morphologies=3): occupied=35, pending=384, in flight=40
22:34:38: 4793x RT, 79.9 creatures/sec. Fitness: best=1527.7, avg=955.1, new=(qd-mutate=691.7). MAP-Elites(8x8, morphologies=3): occupied=35, pending=384, in flight=40
22:34:40: 4851x RT, 80.9 creatures/sec. Fitness: best=1527.7, avg=955.1, new=(qd-mutate=649.4). MAP-Elites(8x8, morphologies=3): occupied=35, pending=384, in flight=40
22:34:42: 4723x RT, 78.7 creatures/sec. Fitness: best=1527.7, avg=955.1, new=(qd-mutate=695.5). MAP-Elites(8x8, morphologies=3): occupied=35, pending=384, in flight=40
22:34:45: 4917x RT, 82.0 creatures/sec. Fitness: best=1527.7, avg=955.1, new=(qd-mutate=649.2). MAP-Elites(8x8, morphologies=3): occupied=35, pending=384, in flight=40
22:34:47: 4779x RT, 79.6 creatures/sec. Fitness: best=1527.7, avg=955.1, new=(qd-mutate=698.6). MAP-Elites(8x8, morphologies=3): occupied=35, pending=384, in flight=40
22:34:49: 4788x RT, 79.8 creatures/sec. Fitness: best=1527.7, avg=955.1, new=(qd-mutate=639.3). MAP-Elites(8x8, morphologies=3): occupied=35, pending=384, in flight=40
22:34:51: 4849x RT, 80.8 creatures/sec. Fitness: best=1527.7, avg=955.1, new=(qd-mutate=624.1). MAP-Elites(8x8, morphologies=3): occupied=35, pending=384, in flight=40
7645159 bytes written to /Users/dag/projects/Machine-Evolved-credible-training/training-runs/me-v2-harmonic-qd-01-double-gravity-double-population-8w/config.json. 
22:34:53: 4752x RT, 79.2 creatures/sec. Fitness: best=1527.7, avg=955.1, new=(qd-mutate=692.8). MAP-Elites(8x8, morphologies=3): occupied=35, pending=384, in flight=40
22:34:55: 4952x RT, 82.5 creatures/sec. Fitness: best=1527.7, avg=955.1, new=(qd-mutate=613.0). MAP-Elites(8x8, morphologies=3): occupied=35, pending=384, in flight=40
22:34:57: 4763x RT, 79.4 creatures/sec. Fitness: best=1527.7, avg=955.1, new=(qd-mutate=605.1). MAP-Elites(8x8, morphologies=3): occupied=35, pending=384, in flight=40
22:34:59: 4700x RT, 78.3 creatures/sec. Fitness: best=1527.7, avg=955.1, new=(qd-mutate=624.6). MAP-Elites(8x8, morphologies=3): occupied=35, pending=384, in flight=40
22:35:01: 4832x RT, 80.5 creatures/sec. Fitness: best=1527.7, avg=957.4, new=(qd-mutate=622.9). MAP-Elites(8x8, morphologies=3): occupied=35, pending=384, in flight=40
22:35:03: 4828x RT, 80.5 creatures/sec. Fitness: best=1527.7, avg=957.4, new=(qd-mutate=639.9). MAP-Elites(8x8, morphologies=3): occupied=35, pending=384, in flight=40
22:35:05: 4871x RT, 81.2 creatures/sec. Fitness: best=1527.7, avg=957.4, new=(qd-mutate=674.7). MAP-Elites(8x8, morphologies=3): occupied=35, pending=384, in flight=40
22:35:07: 4868x RT, 81.1 creatures/sec. Fitness: best=1527.7, avg=957.4, new=(qd-mutate=699.1). MAP-Elites(8x8, morphologies=3): occupied=35, pending=384, in flight=40
22:35:09: 4800x RT, 80.0 creatures/sec. Fitness: best=1527.7, avg=957.4, new=(qd-mutate=653.4). MAP-Elites(8x8, morphologies=3): occupied=35, pending=384, in flight=40
22:35:11: 4896x RT, 81.6 creatures/sec. Fitness: best=1527.7, avg=957.4, new=(qd-mutate=640.9). MAP-Elites(8x8, morphologies=3): occupied=35, pending=384, in flight=40
22:35:14: 4807x RT, 80.1 creatures/sec. Fitness: best=1527.7, avg=957.4, new=(qd-mutate=634.2). MAP-Elites(8x8, morphologies=3): occupied=35, pending=384, in flight=40
22:35:16: 4919x RT, 82.0 creatures/sec. Fitness: best=1527.7, avg=963.9, new=(qd-mutate=675.7). MAP-Elites(8x8, morphologies=3): occupied=35, pending=384, in flight=40
22:35:18: 4870x RT, 81.2 creatures/sec. Fitness: best=1527.7, avg=963.9, new=(qd-mutate=657.6). MAP-Elites(8x8, morphologies=3): occupied=35, pending=384, in flight=40
22:35:20: 4815x RT, 80.2 creatures/sec. Fitness: best=1527.7, avg=963.9, new=(qd-mutate=645.2). MAP-Elites(8x8, morphologies=3): occupied=35, pending=384, in flight=40
22:35:22: 4948x RT, 82.5 creatures/sec. Fitness: best=1527.7, avg=963.9, new=(qd-mutate=680.4). MAP-Elites(8x8, morphologies=3): occupied=35, pending=384, in flight=40
22:35:24: 4689x RT, 78.1 creatures/sec. Fitness: best=1527.7, avg=963.9, new=(qd-mutate=620.6). MAP-Elites(8x8, morphologies=3): occupied=35, pending=384, in flight=40
22:35:26: 4878x RT, 81.3 creatures/sec. Fitness: best=1527.7, avg=963.9, new=(qd-mutate=633.9). MAP-Elites(8x8, morphologies=3): occupied=35, pending=384, in flight=40
22:35:28: 4790x RT, 79.8 creatures/sec. Fitness: best=1527.7, avg=963.9, new=(qd-mutate=662.4). MAP-Elites(8x8, morphologies=3): occupied=35, pending=384, in flight=40
22:35:30: 4772x RT, 79.5 creatures/sec. Fitness: best=1527.7, avg=963.9, new=(qd-mutate=699.1). MAP-Elites(8x8, morphologies=3): occupied=35, pending=384, in flight=40
22:35:32: 4867x RT, 81.1 creatures/sec. Fitness: best=1527.7, avg=963.9, new=(qd-mutate=644.0). MAP-Elites(8x8, morphologies=3): occupied=35, pending=384, in flight=40
22:35:34: 4749x RT, 79.1 creatures/sec. Fitness: best=1527.7, avg=963.9, new=(qd-mutate=675.1). MAP-Elites(8x8, morphologies=3): occupied=35, pending=384, in flight=40
22:35:36: 4791x RT, 79.8 creatures/sec. Fitness: best=1527.7, avg=963.9, new=(qd-mutate=691.3). MAP-Elites(8x8, morphologies=3): occupied=35, pending=384, in flight=40
22:35:38: 4892x RT, 81.5 creatures/sec. Fitness: best=1527.7, avg=963.9, new=(qd-mutate=653.4). MAP-Elites(8x8, morphologies=3): occupied=35, pending=384, in flight=40
22:35:40: 4649x RT, 77.5 creatures/sec. Fitness: best=1527.7, avg=963.9, new=(qd-mutate=653.0). MAP-Elites(8x8, morphologies=3): occupied=35, pending=384, in flight=40
22:35:42: 3361x RT, 56.0 creatures/sec. Fitness: best=1527.7, avg=963.9, new=(qd-mutate=689.6). MAP-Elites(8x8, morphologies=3): occupied=35, pending=384, in flight=40
22:35:44: 1055x RT, 17.6 creatures/sec. Fitness: best=1527.7, avg=963.9, new=(qd-mutate=716.4). MAP-Elites(8x8, morphologies=3): occupied=35, pending=384, in flight=40
22:35:47: 168x RT, 2.8 creatures/sec. Fitness: best=1527.7, avg=963.9, new=(qd-mutate=671.8). MAP-Elites(8x8, morphologies=3): occupied=35, pending=384, in flight=40
22:35:49: 268x RT, 4.5 creatures/sec. Fitness: best=1527.7, avg=963.9, new=(qd-mutate=697.9). MAP-Elites(8x8, morphologies=3): occupied=35, pending=384, in flight=40
22:35:52: 181x RT, 3.0 creatures/sec. Fitness: best=1527.7, avg=963.9, new=(qd-mutate=623.1). MAP-Elites(8x8, morphologies=3): occupied=35, pending=384, in flight=43
7661827 bytes written to /Users/dag/projects/Machine-Evolved-credible-training/training-runs/me-v2-harmonic-qd-01-double-gravity-double-population-8w/config.json. 
22:35:58: 70x RT, 1.2 creatures/sec. Fitness: best=1527.7, avg=963.9, new=(qd-mutate=729.5). MAP-Elites(8x8, morphologies=3): occupied=35, pending=384, in flight=43
22:36:00: 2868x RT, 47.8 creatures/sec. Fitness: best=1527.7, avg=963.9, new=(qd-mutate=660.6). MAP-Elites(8x8, morphologies=3): occupied=35, pending=384, in flight=40
22:36:02: 4535x RT, 75.6 creatures/sec. Fitness: best=1527.7, avg=963.9, new=(qd-mutate=634.6). MAP-Elites(8x8, morphologies=3): occupied=35, pending=384, in flight=40
22:36:04: 5335x RT, 88.9 creatures/sec. Fitness: best=1527.7, avg=963.9, new=(qd-mutate=706.2). MAP-Elites(8x8, morphologies=3): occupied=35, pending=384, in flight=40
22:36:06: 5730x RT, 95.5 creatures/sec. Fitness: best=1527.7, avg=963.9, new=(qd-mutate=690.4). MAP-Elites(8x8, morphologies=3): occupied=35, pending=384, in flight=40
22:36:08: 5133x RT, 85.5 creatures/sec. Fitness: best=1527.7, avg=963.9, new=(qd-mutate=653.6). MAP-Elites(8x8, morphologies=3): occupied=35, pending=384, in flight=40
22:36:10: 4951x RT, 82.5 creatures/sec. Fitness: best=1527.7, avg=963.9, new=(qd-mutate=653.8). MAP-Elites(8x8, morphologies=3): occupied=35, pending=384, in flight=40
22:36:12: 4781x RT, 79.7 creatures/sec. Fitness: best=1527.7, avg=963.9, new=(qd-mutate=665.9). MAP-Elites(8x8, morphologies=3): occupied=35, pending=384, in flight=40
22:36:14: 2750x RT, 45.8 creatures/sec. Fitness: best=1527.7, avg=963.9, new=(qd-mutate=662.0). MAP-Elites(8x8, morphologies=3): occupied=35, pending=384, in flight=40
22:36:16: 1917x RT, 32.0 creatures/sec. Fitness: best=1527.7, avg=963.9, new=(qd-mutate=692.4). MAP-Elites(8x8, morphologies=3): occupied=35, pending=384, in flight=40
22:36:18: 2918x RT, 48.6 creatures/sec. Fitness: best=1527.7, avg=963.9, new=(qd-mutate=639.0). MAP-Elites(8x8, morphologies=3): occupied=35, pending=384, in flight=40
22:36:20: 2426x RT, 40.4 creatures/sec. Fitness: best=1527.7, avg=963.9, new=(qd-mutate=637.5). MAP-Elites(8x8, morphologies=3): occupied=35, pending=384, in flight=40
22:36:23: 2524x RT, 42.1 creatures/sec. Fitness: best=1527.7, avg=963.9, new=(qd-mutate=699.7). MAP-Elites(8x8, morphologies=3): occupied=35, pending=384, in flight=40
22:36:25: 3705x RT, 61.8 creatures/sec. Fitness: best=1527.7, avg=963.9, new=(qd-mutate=661.3). MAP-Elites(8x8, morphologies=3): occupied=35, pending=384, in flight=40
22:36:27: 3416x RT, 56.9 creatures/sec. Fitness: best=1527.7, avg=963.9, new=(qd-mutate=627.0). MAP-Elites(8x8, morphologies=3): occupied=35, pending=384, in flight=40
22:36:29: 182x RT, 3.0 creatures/sec. Fitness: best=1527.7, avg=963.9, new=(qd-mutate=641.7). MAP-Elites(8x8, morphologies=3): occupied=35, pending=384, in flight=40
22:36:32: 215x RT, 3.6 creatures/sec. Fitness: best=1527.7, avg=963.9, new=(qd-mutate=726.9). MAP-Elites(8x8, morphologies=3): occupied=35, pending=384, in flight=40
22:36:34: 204x RT, 3.4 creatures/sec. Fitness: best=1527.7, avg=963.9, new=(qd-mutate=873.3). MAP-Elites(8x8, morphologies=3): occupied=35, pending=384, in flight=40
22:36:36: 157x RT, 2.6 creatures/sec. Fitness: best=1527.7, avg=963.9, new=(qd-mutate=755.9). MAP-Elites(8x8, morphologies=3): occupied=35, pending=384, in flight=40
22:36:38: 272x RT, 4.5 creatures/sec. Fitness: best=1527.7, avg=963.9, new=(qd-mutate=699.6). MAP-Elites(8x8, morphologies=3): occupied=35, pending=384, in flight=40
22:36:41: 146x RT, 2.4 creatures/sec. Fitness: best=1527.7, avg=963.9, new=(qd-mutate=573.5). MAP-Elites(8x8, morphologies=3): occupied=35, pending=384, in flight=40
22:36:44: 242x RT, 4.0 creatures/sec. Fitness: best=1527.7, avg=963.9, new=(qd-mutate=717.3). MAP-Elites(8x8, morphologies=3): occupied=35, pending=384, in flight=40
22:36:46: 221x RT, 3.7 creatures/sec. Fitness: best=1527.7, avg=963.9, new=(qd-mutate=621.1). MAP-Elites(8x8, morphologies=3): occupied=35, pending=384, in flight=40
22:36:48: 160x RT, 2.7 creatures/sec. Fitness: best=1527.7, avg=963.9, new=(qd-mutate=719.0). MAP-Elites(8x8, morphologies=3): occupied=35, pending=384, in flight=40
22:36:51: 358x RT, 6.0 creatures/sec. Fitness: best=1527.7, avg=963.9, new=(qd-mutate=550.2). MAP-Elites(8x8, morphologies=3): occupied=35, pending=384, in flight=40
22:36:53: 221x RT, 3.7 creatures/sec. Fitness: best=1527.7, avg=963.9, new=(qd-mutate=715.8). MAP-Elites(8x8, morphologies=3): occupied=35, pending=384, in flight=40
7658903 bytes written to /Users/dag/projects/Machine-Evolved-credible-training/training-runs/me-v2-harmonic-qd-01-double-gravity-double-population-8w/config.json. 
22:36:55: 29x RT, 0.5 creatures/sec. Fitness: best=1527.7, avg=963.9, new=(qd-mutate=822.4). MAP-Elites(8x8, morphologies=3): occupied=35, pending=384, in flight=40
22:36:57: 4298x RT, 71.6 creatures/sec. Fitness: best=1527.7, avg=963.9, new=(qd-mutate=644.8). MAP-Elites(8x8, morphologies=3): occupied=35, pending=384, in flight=40
22:36:59: 2802x RT, 46.7 creatures/sec. Fitness: best=1527.7, avg=963.9, new=(qd-mutate=663.3). MAP-Elites(8x8, morphologies=3): occupied=35, pending=384, in flight=40
22:37:01: 3308x RT, 55.1 creatures/sec. Fitness: best=1527.7, avg=963.9, new=(qd-mutate=725.9). MAP-Elites(8x8, morphologies=3): occupied=35, pending=384, in flight=40
22:37:03: 2280x RT, 38.0 creatures/sec. Fitness: best=1527.7, avg=963.9, new=(qd-mutate=671.7). MAP-Elites(8x8, morphologies=3): occupied=35, pending=384, in flight=40
22:37:05: 2971x RT, 49.5 creatures/sec. Fitness: best=1527.7, avg=963.9, new=(qd-mutate=631.8). MAP-Elites(8x8, morphologies=3): occupied=35, pending=384, in flight=40
22:37:07: 3152x RT, 52.5 creatures/sec. Fitness: best=1527.7, avg=963.9, new=(qd-mutate=676.3). MAP-Elites(8x8, morphologies=3): occupied=35, pending=384, in flight=40
22:37:10: 3269x RT, 54.5 creatures/sec. Fitness: best=1527.7, avg=963.9, new=(qd-mutate=630.9). MAP-Elites(8x8, morphologies=3): occupied=35, pending=384, in flight=40
22:37:12: 3364x RT, 56.1 creatures/sec. Fitness: best=1527.7, avg=963.9, new=(qd-mutate=698.9). MAP-Elites(8x8, morphologies=3): occupied=35, pending=384, in flight=40
22:37:14: 3261x RT, 54.3 creatures/sec. Fitness: best=1527.7, avg=963.9, new=(qd-mutate=636.4). MAP-Elites(8x8, morphologies=3): occupied=35, pending=384, in flight=40
22:37:16: 3151x RT, 52.5 creatures/sec. Fitness: best=1527.7, avg=963.9, new=(qd-mutate=683.3). MAP-Elites(8x8, morphologies=3): occupied=35, pending=384, in flight=40
22:37:18: 3418x RT, 57.0 creatures/sec. Fitness: best=1527.7, avg=963.9, new=(qd-mutate=649.6). MAP-Elites(8x8, morphologies=3): occupied=35, pending=384, in flight=40
22:37:20: 3276x RT, 54.6 creatures/sec. Fitness: best=1527.7, avg=963.9, new=(qd-mutate=648.9). MAP-Elites(8x8, morphologies=3): occupied=35, pending=384, in flight=40
22:37:22: 3295x RT, 54.9 creatures/sec. Fitness: best=1527.7, avg=963.9, new=(qd-mutate=651.8). MAP-Elites(8x8, morphologies=3): occupied=35, pending=384, in flight=40
22:37:24: 3168x RT, 52.8 creatures/sec. Fitness: best=1527.7, avg=963.9, new=(qd-mutate=665.0). MAP-Elites(8x8, morphologies=3): occupied=35, pending=384, in flight=40
22:37:26: 3123x RT, 52.1 creatures/sec. Fitness: best=1527.7, avg=963.9, new=(qd-mutate=693.9). MAP-Elites(8x8, morphologies=3): occupied=35, pending=384, in flight=40
22:37:28: 2843x RT, 47.4 creatures/sec. Fitness: best=1527.7, avg=963.9, new=(qd-mutate=638.1). MAP-Elites(8x8, morphologies=3): occupied=35, pending=384, in flight=40
22:37:30: 3305x RT, 55.1 creatures/sec. Fitness: best=1527.7, avg=963.9, new=(qd-mutate=678.4). MAP-Elites(8x8, morphologies=3): occupied=35, pending=384, in flight=40
22:37:32: 2805x RT, 46.8 creatures/sec. Fitness: best=1527.7, avg=963.9, new=(qd-mutate=623.8). MAP-Elites(8x8, morphologies=3): occupied=35, pending=384, in flight=40
22:37:34: 3189x RT, 53.2 creatures/sec. Fitness: best=1527.7, avg=963.9, new=(qd-mutate=655.7). MAP-Elites(8x8, morphologies=3): occupied=35, pending=384, in flight=40
22:37:36: 3190x RT, 53.2 creatures/sec. Fitness: best=1527.7, avg=963.9, new=(qd-mutate=589.6). MAP-Elites(8x8, morphologies=3): occupied=35, pending=384, in flight=40
22:37:38: 3280x RT, 54.7 creatures/sec. Fitness: best=1527.7, avg=972.5, new=(qd-mutate=669.3). MAP-Elites(8x8, morphologies=3): occupied=35, pending=384, in flight=40
22:37:40: 3159x RT, 52.7 creatures/sec. Fitness: best=1527.7, avg=972.5, new=(qd-mutate=642.4). MAP-Elites(8x8, morphologies=3): occupied=35, pending=384, in flight=40
22:37:42: 2650x RT, 44.2 creatures/sec. Fitness: best=1527.7, avg=972.5, new=(qd-mutate=648.9). MAP-Elites(8x8, morphologies=3): occupied=35, pending=384, in flight=40
22:37:45: 1108x RT, 18.5 creatures/sec. Fitness: best=1527.7, avg=972.5, new=(qd-mutate=572.5). MAP-Elites(8x8, morphologies=3): occupied=35, pending=384, in flight=40
22:37:47: 678x RT, 11.3 creatures/sec. Fitness: best=1527.7, avg=972.5, new=(qd-mutate=540.3). MAP-Elites(8x8, morphologies=3): occupied=35, pending=384, in flight=40
22:37:49: 2380x RT, 39.7 creatures/sec. Fitness: best=1527.7, avg=972.5, new=(qd-mutate=653.7). MAP-Elites(8x8, morphologies=3): occupied=35, pending=384, in flight=40
22:37:51: 2303x RT, 38.4 creatures/sec. Fitness: best=1527.7, avg=972.5, new=(qd-mutate=635.8). MAP-Elites(8x8, morphologies=3): occupied=35, pending=384, in flight=40
22:37:53: 3400x RT, 56.7 creatures/sec. Fitness: best=1527.7, avg=972.5, new=(qd-mutate=610.3). MAP-Elites(8x8, morphologies=3): occupied=35, pending=384, in flight=40
7660605 bytes written to /Users/dag/projects/Machine-Evolved-credible-training/training-runs/me-v2-harmonic-qd-01-double-gravity-double-population-8w/config.json. 
22:37:55: 3226x RT, 53.8 creatures/sec. Fitness: best=1527.7, avg=972.5, new=(qd-mutate=650.7). MAP-Elites(8x8, morphologies=3): occupied=35, pending=384, in flight=40
22:37:57: 3268x RT, 54.5 creatures/sec. Fitness: best=1527.7, avg=972.5, new=(qd-mutate=702.9). MAP-Elites(8x8, morphologies=3): occupied=35, pending=384, in flight=40
22:37:59: 2354x RT, 39.2 creatures/sec. Fitness: best=1527.7, avg=972.5, new=(qd-mutate=640.8). MAP-Elites(8x8, morphologies=3): occupied=35, pending=384, in flight=40
22:38:01: 1357x RT, 22.6 creatures/sec. Fitness: best=1527.7, avg=972.5, new=(qd-mutate=657.0). MAP-Elites(8x8, morphologies=3): occupied=35, pending=384, in flight=40
22:38:03: 3221x RT, 53.7 creatures/sec. Fitness: best=1527.7, avg=972.5, new=(qd-mutate=678.5). MAP-Elites(8x8, morphologies=3): occupied=35, pending=384, in flight=40
22:38:05: 3209x RT, 53.5 creatures/sec. Fitness: best=1527.7, avg=972.5, new=(qd-mutate=636.9). MAP-Elites(8x8, morphologies=3): occupied=35, pending=384, in flight=40
22:38:07: 1919x RT, 32.0 creatures/sec. Fitness: best=1527.7, avg=972.5, new=(qd-mutate=693.0). MAP-Elites(8x8, morphologies=3): occupied=35, pending=384, in flight=40
22:38:09: 2786x RT, 46.4 creatures/sec. Fitness: best=1527.7, avg=972.5, new=(qd-mutate=638.1). MAP-Elites(8x8, morphologies=3): occupied=35, pending=384, in flight=40
22:38:11: 3216x RT, 53.6 creatures/sec. Fitness: best=1527.7, avg=972.5, new=(qd-mutate=656.8). MAP-Elites(8x8, morphologies=3): occupied=35, pending=384, in flight=40
22:38:13: 3161x RT, 52.7 creatures/sec. Fitness: best=1527.7, avg=972.5, new=(qd-mutate=629.9). MAP-Elites(8x8, morphologies=3): occupied=35, pending=384, in flight=40
22:38:16: 3285x RT, 54.8 creatures/sec. Fitness: best=1527.7, avg=972.5, new=(qd-mutate=669.5). MAP-Elites(8x8, morphologies=3): occupied=35, pending=384, in flight=40
22:38:18: 3140x RT, 52.3 creatures/sec. Fitness: best=1527.7, avg=972.5, new=(qd-mutate=619.4). MAP-Elites(8x8, morphologies=3): occupied=35, pending=384, in flight=41
22:38:20: 3074x RT, 51.2 creatures/sec. Fitness: best=1527.7, avg=972.5, new=(qd-mutate=641.5). MAP-Elites(8x8, morphologies=3): occupied=35, pending=384, in flight=40
22:38:22: 3171x RT, 52.9 creatures/sec. Fitness: best=1527.7, avg=972.5, new=(qd-mutate=659.5). MAP-Elites(8x8, morphologies=3): occupied=35, pending=384, in flight=40
22:38:24: 3016x RT, 50.3 creatures/sec. Fitness: best=1527.7, avg=972.5, new=(qd-mutate=665.5). MAP-Elites(8x8, morphologies=3): occupied=35, pending=384, in flight=40
22:38:26: 3280x RT, 54.7 creatures/sec. Fitness: best=1527.7, avg=972.5, new=(qd-mutate=610.2). MAP-Elites(8x8, morphologies=3): occupied=35, pending=384, in flight=40
22:38:28: 3335x RT, 55.6 creatures/sec. Fitness: best=1527.7, avg=972.5, new=(qd-mutate=621.1). MAP-Elites(8x8, morphologies=3): occupied=35, pending=384, in flight=40
22:38:30: 3422x RT, 57.0 creatures/sec. Fitness: best=1527.7, avg=972.5, new=(qd-mutate=646.8). MAP-Elites(8x8, morphologies=3): occupied=35, pending=384, in flight=39
22:38:32: 3404x RT, 56.7 creatures/sec. Fitness: best=1527.7, avg=972.5, new=(qd-mutate=618.7). MAP-Elites(8x8, morphologies=3): occupied=35, pending=384, in flight=40
22:38:34: 3328x RT, 55.5 creatures/sec. Fitness: best=1527.7, avg=972.5, new=(qd-mutate=677.7). MAP-Elites(8x8, morphologies=3): occupied=35, pending=384, in flight=40
22:38:36: 3414x RT, 56.9 creatures/sec. Fitness: best=1527.7, avg=972.5, new=(qd-mutate=679.4). MAP-Elites(8x8, morphologies=3): occupied=35, pending=384, in flight=40
22:38:38: 3385x RT, 56.4 creatures/sec. Fitness: best=1527.7, avg=972.5, new=(qd-mutate=695.7). MAP-Elites(8x8, morphologies=3): occupied=35, pending=384, in flight=40
22:38:40: 3511x RT, 58.5 creatures/sec. Fitness: best=1527.7, avg=972.5, new=(qd-mutate=642.4). MAP-Elites(8x8, morphologies=3): occupied=35, pending=384, in flight=40
22:38:42: 3419x RT, 57.0 creatures/sec. Fitness: best=1527.7, avg=972.5, new=(qd-mutate=669.9). MAP-Elites(8x8, morphologies=3): occupied=35, pending=384, in flight=40
22:38:44: 3350x RT, 55.8 creatures/sec. Fitness: best=1527.7, avg=972.5, new=(qd-mutate=653.7). MAP-Elites(8x8, morphologies=3): occupied=35, pending=384, in flight=40
22:38:47: 3270x RT, 54.5 creatures/sec. Fitness: best=1527.7, avg=972.5, new=(qd-mutate=617.6). MAP-Elites(8x8, morphologies=3): occupied=35, pending=384, in flight=40
22:38:49: 3463x RT, 57.7 creatures/sec. Fitness: best=1527.7, avg=972.5, new=(qd-mutate=663.7). MAP-Elites(8x8, morphologies=3): occupied=35, pending=384, in flight=40
22:38:51: 3428x RT, 57.1 creatures/sec. Fitness: best=1527.7, avg=972.5, new=(qd-mutate=692.6). MAP-Elites(8x8, morphologies=3): occupied=35, pending=384, in flight=40
22:38:53: 3357x RT, 55.9 creatures/sec. Fitness: best=1527.7, avg=972.5, new=(qd-mutate=648.9). MAP-Elites(8x8, morphologies=3): occupied=35, pending=384, in flight=40
7657670 bytes written to /Users/dag/projects/Machine-Evolved-credible-training/training-runs/me-v2-harmonic-qd-01-double-gravity-double-population-8w/config.json. 
22:38:55: 2899x RT, 48.3 creatures/sec. Fitness: best=1527.7, avg=972.5, new=(qd-mutate=675.6). MAP-Elites(8x8, morphologies=3): occupied=35, pending=384, in flight=40
22:38:57: 3373x RT, 56.2 creatures/sec. Fitness: best=1527.7, avg=972.5, new=(qd-mutate=628.5). MAP-Elites(8x8, morphologies=3): occupied=35, pending=384, in flight=40
22:38:59: 3556x RT, 59.3 creatures/sec. Fitness: best=1527.7, avg=972.5, new=(qd-mutate=641.8). MAP-Elites(8x8, morphologies=3): occupied=35, pending=384, in flight=40
22:39:01: 3832x RT, 63.9 creatures/sec. Fitness: best=1527.7, avg=972.5, new=(qd-mutate=631.3). MAP-Elites(8x8, morphologies=3): occupied=35, pending=384, in flight=40
22:39:03: 4004x RT, 66.7 creatures/sec. Fitness: best=1527.7, avg=972.5, new=(qd-mutate=682.2). MAP-Elites(8x8, morphologies=3): occupied=35, pending=384, in flight=40
22:39:05: 4153x RT, 69.2 creatures/sec. Fitness: best=1527.7, avg=972.5, new=(qd-mutate=677.7). MAP-Elites(8x8, morphologies=3): occupied=35, pending=384, in flight=40
22:39:07: 4529x RT, 75.5 creatures/sec. Fitness: best=1527.7, avg=972.5, new=(qd-mutate=679.8). MAP-Elites(8x8, morphologies=3): occupied=35, pending=384, in flight=40
22:39:09: 4244x RT, 70.7 creatures/sec. Fitness: best=1527.7, avg=972.5, new=(qd-mutate=673.9). MAP-Elites(8x8, morphologies=3): occupied=35, pending=384, in flight=40
22:39:11: 4561x RT, 76.0 creatures/sec. Fitness: best=1527.7, avg=977.1, new=(qd-mutate=657.3). MAP-Elites(8x8, morphologies=3): occupied=35, pending=384, in flight=40
22:39:13: 4824x RT, 80.4 creatures/sec. Fitness: best=1527.7, avg=977.1, new=(qd-mutate=689.6). MAP-Elites(8x8, morphologies=3): occupied=35, pending=384, in flight=40
22:39:15: 4884x RT, 81.4 creatures/sec. Fitness: best=1527.7, avg=977.1, new=(qd-mutate=714.0). MAP-Elites(8x8, morphologies=3): occupied=35, pending=384, in flight=40
22:39:17: 4945x RT, 82.4 creatures/sec. Fitness: best=1527.7, avg=977.1, new=(qd-mutate=671.6). MAP-Elites(8x8, morphologies=3): occupied=35, pending=384, in flight=40
22:39:20: 4928x RT, 82.1 creatures/sec. Fitness: best=1527.7, avg=977.1, new=(qd-mutate=684.2). MAP-Elites(8x8, morphologies=3): occupied=35, pending=384, in flight=40
22:39:22: 5103x RT, 85.1 creatures/sec. Fitness: best=1527.7, avg=977.1, new=(qd-mutate=662.6). MAP-Elites(8x8, morphologies=3): occupied=35, pending=384, in flight=40
22:39:24: 5162x RT, 86.0 creatures/sec. Fitness: best=1527.7, avg=977.1, new=(qd-mutate=669.1). MAP-Elites(8x8, morphologies=3): occupied=35, pending=384, in flight=40
22:39:26: 5201x RT, 86.7 creatures/sec. Fitness: best=1527.7, avg=977.1, new=(qd-mutate=685.4). MAP-Elites(8x8, morphologies=3): occupied=35, pending=384, in flight=40
22:39:28: 5309x RT, 88.5 creatures/sec. Fitness: best=1527.7, avg=977.1, new=(qd-mutate=675.7). MAP-Elites(8x8, morphologies=3): occupied=35, pending=384, in flight=40
22:39:30: 5329x RT, 88.8 creatures/sec. Fitness: best=1527.7, avg=977.1, new=(qd-mutate=649.0). MAP-Elites(8x8, morphologies=3): occupied=35, pending=384, in flight=40
22:39:32: 5338x RT, 89.0 creatures/sec. Fitness: best=1527.7, avg=977.1, new=(qd-mutate=665.7). MAP-Elites(8x8, morphologies=3): occupied=35, pending=384, in flight=40
22:39:34: 5320x RT, 88.7 creatures/sec. Fitness: best=1527.7, avg=977.1, new=(qd-mutate=666.8). MAP-Elites(8x8, morphologies=3): occupied=35, pending=384, in flight=40
22:39:36: 5255x RT, 87.6 creatures/sec. Fitness: best=1527.7, avg=977.1, new=(qd-mutate=690.6). MAP-Elites(8x8, morphologies=3): occupied=35, pending=384, in flight=40
22:39:38: 5489x RT, 91.5 creatures/sec. Fitness: best=1527.7, avg=977.1, new=(qd-mutate=667.0). MAP-Elites(8x8, morphologies=3): occupied=35, pending=384, in flight=40
22:39:40: 5553x RT, 92.6 creatures/sec. Fitness: best=1527.7, avg=977.1, new=(qd-mutate=625.4). MAP-Elites(8x8, morphologies=3): occupied=35, pending=384, in flight=40
22:39:42: 5689x RT, 94.8 creatures/sec. Fitness: best=1527.7, avg=977.1, new=(qd-mutate=637.1). MAP-Elites(8x8, morphologies=3): occupied=35, pending=384, in flight=40
22:39:44: 5814x RT, 96.9 creatures/sec. Fitness: best=1527.7, avg=977.1, new=(qd-mutate=648.4). MAP-Elites(8x8, morphologies=3): occupied=35, pending=384, in flight=40
22:39:46: 5858x RT, 97.6 creatures/sec. Fitness: best=1527.7, avg=977.1, new=(qd-mutate=672.0). MAP-Elites(8x8, morphologies=3): occupied=35, pending=384, in flight=40
22:39:48: 5548x RT, 92.5 creatures/sec. Fitness: best=1527.7, avg=977.1, new=(qd-mutate=659.5). MAP-Elites(8x8, morphologies=3): occupied=35, pending=384, in flight=40
22:39:50: 5540x RT, 92.3 creatures/sec. Fitness: best=1527.7, avg=977.1, new=(qd-mutate=677.2). MAP-Elites(8x8, morphologies=3): occupied=35, pending=384, in flight=40
22:39:52: 5628x RT, 93.8 creatures/sec. Fitness: best=1527.7, avg=977.1, new=(qd-mutate=666.0). MAP-Elites(8x8, morphologies=3): occupied=35, pending=384, in flight=40
7660339 bytes written to /Users/dag/projects/Machine-Evolved-credible-training/training-runs/me-v2-harmonic-qd-01-double-gravity-double-population-8w/config.json. 
22:39:54: 5600x RT, 93.3 creatures/sec. Fitness: best=1527.7, avg=977.1, new=(qd-mutate=675.7). MAP-Elites(8x8, morphologies=3): occupied=35, pending=384, in flight=40
22:39:57: 5587x RT, 93.1 creatures/sec. Fitness: best=1527.7, avg=977.1, new=(qd-mutate=644.4). MAP-Elites(8x8, morphologies=3): occupied=35, pending=384, in flight=40
22:39:59: 5388x RT, 89.8 creatures/sec. Fitness: best=1527.7, avg=977.1, new=(qd-mutate=659.5). MAP-Elites(8x8, morphologies=3): occupied=35, pending=384, in flight=40
22:40:01: 5593x RT, 93.2 creatures/sec. Fitness: best=1527.7, avg=977.1, new=(qd-mutate=678.4). MAP-Elites(8x8, morphologies=3): occupied=35, pending=384, in flight=40
22:40:03: 5438x RT, 90.6 creatures/sec. Fitness: best=1527.7, avg=977.1, new=(qd-mutate=682.2). MAP-Elites(8x8, morphologies=3): occupied=35, pending=384, in flight=40
22:40:05: 5297x RT, 88.3 creatures/sec. Fitness: best=1527.7, avg=977.1, new=(qd-mutate=677.5). MAP-Elites(8x8, morphologies=3): occupied=35, pending=384, in flight=40
22:40:07: 5604x RT, 93.4 creatures/sec. Fitness: best=1527.7, avg=977.1, new=(qd-mutate=682.2). MAP-Elites(8x8, morphologies=3): occupied=35, pending=384, in flight=40
22:40:09: 5616x RT, 93.6 creatures/sec. Fitness: best=1527.7, avg=977.1, new=(qd-mutate=668.5). MAP-Elites(8x8, morphologies=3): occupied=35, pending=384, in flight=40
22:40:11: 5840x RT, 97.3 creatures/sec. Fitness: best=1527.7, avg=977.1, new=(qd-mutate=673.3). MAP-Elites(8x8, morphologies=3): occupied=35, pending=384, in flight=40
22:40:13: 5805x RT, 96.7 creatures/sec. Fitness: best=1527.7, avg=977.1, new=(qd-mutate=655.1). MAP-Elites(8x8, morphologies=3): occupied=35, pending=384, in flight=40
22:40:15: 5804x RT, 96.7 creatures/sec. Fitness: best=1527.7, avg=977.1, new=(qd-mutate=664.3). MAP-Elites(8x8, morphologies=3): occupied=35, pending=384, in flight=40
22:40:17: 5744x RT, 95.7 creatures/sec. Fitness: best=1527.7, avg=977.1, new=(qd-mutate=668.5). MAP-Elites(8x8, morphologies=3): occupied=35, pending=384, in flight=40
22:40:19: 5842x RT, 97.4 creatures/sec. Fitness: best=1527.7, avg=977.1, new=(qd-mutate=627.7). MAP-Elites(8x8, morphologies=3): occupied=35, pending=384, in flight=40
22:40:21: 5797x RT, 96.6 creatures/sec. Fitness: best=1527.7, avg=977.1, new=(qd-mutate=658.0). MAP-Elites(8x8, morphologies=3): occupied=35, pending=384, in flight=40
22:40:23: 5747x RT, 95.8 creatures/sec. Fitness: best=1527.7, avg=977.1, new=(qd-mutate=690.4). MAP-Elites(8x8, morphologies=3): occupied=35, pending=384, in flight=40
22:40:25: 5885x RT, 98.1 creatures/sec. Fitness: best=1527.7, avg=977.1, new=(qd-mutate=712.3). MAP-Elites(8x8, morphologies=3): occupied=35, pending=384, in flight=40
22:40:27: 5833x RT, 97.2 creatures/sec. Fitness: best=1527.7, avg=977.1, new=(qd-mutate=686.0). MAP-Elites(8x8, morphologies=3): occupied=35, pending=384, in flight=40
22:40:29: 5730x RT, 95.5 creatures/sec. Fitness: best=1527.7, avg=977.1, new=(qd-mutate=689.9). MAP-Elites(8x8, morphologies=3): occupied=35, pending=384, in flight=40
22:40:31: 5691x RT, 94.8 creatures/sec. Fitness: best=1527.7, avg=977.1, new=(qd-mutate=658.6). MAP-Elites(8x8, morphologies=3): occupied=35, pending=384, in flight=40
22:40:33: 5694x RT, 94.9 creatures/sec. Fitness: best=1527.7, avg=977.1, new=(qd-mutate=672.3). MAP-Elites(8x8, morphologies=3): occupied=35, pending=384, in flight=40
22:40:36: 5785x RT, 96.4 creatures/sec. Fitness: best=1527.7, avg=977.1, new=(qd-mutate=650.1). MAP-Elites(8x8, morphologies=3): occupied=35, pending=384, in flight=40
22:40:38: 5647x RT, 94.1 creatures/sec. Fitness: best=1527.7, avg=977.1, new=(qd-mutate=687.6). MAP-Elites(8x8, morphologies=3): occupied=35, pending=384, in flight=40
22:40:40: 5716x RT, 95.3 creatures/sec. Fitness: best=1527.7, avg=977.1, new=(qd-mutate=655.9). MAP-Elites(8x8, morphologies=3): occupied=35, pending=384, in flight=40
22:40:42: 5902x RT, 98.4 creatures/sec. Fitness: best=1527.7, avg=977.1, new=(qd-mutate=653.7). MAP-Elites(8x8, morphologies=3): occupied=35, pending=384, in flight=40
22:40:44: 5793x RT, 96.5 creatures/sec. Fitness: best=1527.7, avg=977.1, new=(qd-mutate=624.4). MAP-Elites(8x8, morphologies=3): occupied=35, pending=384, in flight=40
22:40:46: 5762x RT, 96.0 creatures/sec. Fitness: best=1527.7, avg=977.1, new=(qd-mutate=688.4). MAP-Elites(8x8, morphologies=3): occupied=35, pending=384, in flight=40
22:40:48: 5713x RT, 95.2 creatures/sec. Fitness: best=1527.7, avg=977.1, new=(qd-mutate=662.8). MAP-Elites(8x8, morphologies=3): occupied=35, pending=384, in flight=40
22:40:50: 5783x RT, 96.4 creatures/sec. Fitness: best=1527.7, avg=977.1, new=(qd-mutate=669.2). MAP-Elites(8x8, morphologies=3): occupied=35, pending=384, in flight=40
22:40:52: 5717x RT, 95.3 creatures/sec. Fitness: best=1527.7, avg=977.1, new=(qd-mutate=660.7). MAP-Elites(8x8, morphologies=3): occupied=35, pending=384, in flight=40
7648727 bytes written to /Users/dag/projects/Machine-Evolved-credible-training/training-runs/me-v2-harmonic-qd-01-double-gravity-double-population-8w/config.json. 
22:40:54: 5656x RT, 94.3 creatures/sec. Fitness: best=1527.7, avg=977.1, new=(qd-mutate=629.9). MAP-Elites(8x8, morphologies=3): occupied=35, pending=384, in flight=40
22:40:56: 5629x RT, 93.8 creatures/sec. Fitness: best=1527.7, avg=977.1, new=(qd-mutate=624.9). MAP-Elites(8x8, morphologies=3): occupied=35, pending=384, in flight=40
22:40:58: 5799x RT, 96.7 creatures/sec. Fitness: best=1527.7, avg=977.1, new=(qd-mutate=706.1). MAP-Elites(8x8, morphologies=3): occupied=35, pending=384, in flight=40
22:41:00: 5888x RT, 98.1 creatures/sec. Fitness: best=1527.7, avg=977.1, new=(qd-mutate=703.1). MAP-Elites(8x8, morphologies=3): occupied=35, pending=384, in flight=40
22:41:02: 5610x RT, 93.5 creatures/sec. Fitness: best=1527.7, avg=977.1, new=(qd-mutate=656.8). MAP-Elites(8x8, morphologies=3): occupied=35, pending=384, in flight=40
22:41:04: 5770x RT, 96.2 creatures/sec. Fitness: best=1527.7, avg=977.1, new=(qd-mutate=674.4). MAP-Elites(8x8, morphologies=3): occupied=35, pending=384, in flight=40
22:41:06: 5520x RT, 92.0 creatures/sec. Fitness: best=1527.7, avg=977.1, new=(qd-mutate=704.6). MAP-Elites(8x8, morphologies=3): occupied=35, pending=384, in flight=40
22:41:09: 5651x RT, 94.2 creatures/sec. Fitness: best=1527.7, avg=977.1, new=(qd-mutate=651.5). MAP-Elites(8x8, morphologies=3): occupied=35, pending=384, in flight=40
22:41:11: 5776x RT, 96.3 creatures/sec. Fitness: best=1527.7, avg=977.1, new=(qd-mutate=630.4). MAP-Elites(8x8, morphologies=3): occupied=35, pending=384, in flight=40
22:41:13: 5754x RT, 95.9 creatures/sec. Fitness: best=1527.7, avg=977.1, new=(qd-mutate=682.2). MAP-Elites(8x8, morphologies=3): occupied=35, pending=384, in flight=40
22:41:15: 5676x RT, 94.6 creatures/sec. Fitness: best=1527.7, avg=977.1, new=(qd-mutate=693.0). MAP-Elites(8x8, morphologies=3): occupied=35, pending=384, in flight=40
22:41:17: 5768x RT, 96.1 creatures/sec. Fitness: best=1527.7, avg=977.1, new=(qd-mutate=654.8). MAP-Elites(8x8, morphologies=3): occupied=35, pending=384, in flight=40
22:41:19: 5811x RT, 96.8 creatures/sec. Fitness: best=1527.7, avg=977.1, new=(qd-mutate=655.5). MAP-Elites(8x8, morphologies=3): occupied=35, pending=384, in flight=40
22:41:21: 5710x RT, 95.2 creatures/sec. Fitness: best=1527.7, avg=977.1, new=(qd-mutate=641.1). MAP-Elites(8x8, morphologies=3): occupied=35, pending=384, in flight=40
22:41:23: 5848x RT, 97.5 creatures/sec. Fitness: best=1527.7, avg=977.1, new=(qd-mutate=710.7). MAP-Elites(8x8, morphologies=3): occupied=35, pending=384, in flight=40
22:41:25: 5697x RT, 95.0 creatures/sec. Fitness: best=1527.7, avg=977.1, new=(qd-mutate=668.7). MAP-Elites(8x8, morphologies=3): occupied=35, pending=384, in flight=40
22:41:27: 5609x RT, 93.5 creatures/sec. Fitness: best=1527.7, avg=977.1, new=(qd-mutate=659.5). MAP-Elites(8x8, morphologies=3): occupied=35, pending=384, in flight=40
22:41:29: 5895x RT, 98.3 creatures/sec. Fitness: best=1527.7, avg=977.1, new=(qd-mutate=639.5). MAP-Elites(8x8, morphologies=3): occupied=35, pending=384, in flight=40
22:41:31: 5840x RT, 97.3 creatures/sec. Fitness: best=1527.7, avg=977.1, new=(qd-mutate=633.7). MAP-Elites(8x8, morphologies=3): occupied=35, pending=384, in flight=40
22:41:33: 5696x RT, 94.9 creatures/sec. Fitness: best=1527.7, avg=977.1, new=(qd-mutate=636.4). MAP-Elites(8x8, morphologies=3): occupied=35, pending=384, in flight=40
22:41:35: 5758x RT, 96.0 creatures/sec. Fitness: best=1527.7, avg=977.1, new=(qd-mutate=656.5). MAP-Elites(8x8, morphologies=3): occupied=35, pending=384, in flight=40
22:41:37: 5787x RT, 96.4 creatures/sec. Fitness: best=1527.7, avg=977.1, new=(qd-mutate=653.0). MAP-Elites(8x8, morphologies=3): occupied=35, pending=384, in flight=40
22:41:39: 5713x RT, 95.2 creatures/sec. Fitness: best=1527.7, avg=977.1, new=(qd-mutate=644.0). MAP-Elites(8x8, morphologies=3): occupied=35, pending=384, in flight=40
22:41:41: 5801x RT, 96.7 creatures/sec. Fitness: best=1527.7, avg=977.1, new=(qd-mutate=658.9). MAP-Elites(8x8, morphologies=3): occupied=35, pending=384, in flight=40
22:41:44: 5759x RT, 96.0 creatures/sec. Fitness: best=1527.7, avg=977.1, new=(qd-mutate=659.2). MAP-Elites(8x8, morphologies=3): occupied=35, pending=384, in flight=40
22:41:46: 5780x RT, 96.3 creatures/sec. Fitness: best=1527.7, avg=977.1, new=(qd-mutate=674.8). MAP-Elites(8x8, morphologies=3): occupied=35, pending=384, in flight=40
22:41:48: 5724x RT, 95.4 creatures/sec. Fitness: best=1527.7, avg=977.1, new=(qd-mutate=675.1). MAP-Elites(8x8, morphologies=3): occupied=35, pending=384, in flight=40
22:41:50: 5853x RT, 97.6 creatures/sec. Fitness: best=1527.7, avg=977.1, new=(qd-mutate=683.4). MAP-Elites(8x8, morphologies=3): occupied=35, pending=384, in flight=40
22:41:52: 5824x RT, 97.1 creatures/sec. Fitness: best=1527.7, avg=977.1, new=(qd-mutate=653.3). MAP-Elites(8x8, morphologies=3): occupied=35, pending=384, in flight=40
7659489 bytes written to /Users/dag/projects/Machine-Evolved-credible-training/training-runs/me-v2-harmonic-qd-01-double-gravity-double-population-8w/config.json. 
22:41:54: 5713x RT, 95.2 creatures/sec. Fitness: best=1527.7, avg=977.1, new=(qd-mutate=671.0). MAP-Elites(8x8, morphologies=3): occupied=35, pending=384, in flight=40
22:41:56: 5873x RT, 97.9 creatures/sec. Fitness: best=1527.7, avg=977.1, new=(qd-mutate=639.9). MAP-Elites(8x8, morphologies=3): occupied=35, pending=384, in flight=40
22:41:58: 5728x RT, 95.5 creatures/sec. Fitness: best=1527.7, avg=977.1, new=(qd-mutate=668.2). MAP-Elites(8x8, morphologies=3): occupied=35, pending=384, in flight=40
22:42:00: 5851x RT, 97.5 creatures/sec. Fitness: best=1527.7, avg=977.1, new=(qd-mutate=700.8). MAP-Elites(8x8, morphologies=3): occupied=35, pending=384, in flight=40
22:42:02: 5741x RT, 95.7 creatures/sec. Fitness: best=1527.7, avg=977.1, new=(qd-mutate=661.0). MAP-Elites(8x8, morphologies=3): occupied=35, pending=384, in flight=40
22:42:04: 5863x RT, 97.7 creatures/sec. Fitness: best=1527.7, avg=977.1, new=(qd-mutate=683.4). MAP-Elites(8x8, morphologies=3): occupied=35, pending=384, in flight=40
22:42:06: 5690x RT, 94.8 creatures/sec. Fitness: best=1527.7, avg=977.1, new=(qd-mutate=655.9). MAP-Elites(8x8, morphologies=3): occupied=35, pending=384, in flight=40
22:42:08: 5761x RT, 96.0 creatures/sec. Fitness: best=1527.7, avg=977.1, new=(qd-mutate=623.1). MAP-Elites(8x8, morphologies=3): occupied=35, pending=384, in flight=40
22:42:10: 5788x RT, 96.5 creatures/sec. Fitness: best=1527.7, avg=977.1, new=(qd-mutate=662.1). MAP-Elites(8x8, morphologies=3): occupied=35, pending=384, in flight=40
22:42:13: 5794x RT, 96.6 creatures/sec. Fitness: best=1527.7, avg=977.1, new=(qd-mutate=687.7). MAP-Elites(8x8, morphologies=3): occupied=35, pending=384, in flight=40
22:42:15: 5777x RT, 96.3 creatures/sec. Fitness: best=1527.7, avg=977.1, new=(qd-mutate=702.4). MAP-Elites(8x8, morphologies=3): occupied=35, pending=384, in flight=40
22:42:17: 5803x RT, 96.7 creatures/sec. Fitness: best=1527.7, avg=977.1, new=(qd-mutate=688.2). MAP-Elites(8x8, morphologies=3): occupied=35, pending=384, in flight=40
22:42:19: 5820x RT, 97.0 creatures/sec. Fitness: best=1527.7, avg=977.1, new=(qd-mutate=661.5). MAP-Elites(8x8, morphologies=3): occupied=35, pending=384, in flight=40
22:42:21: 5805x RT, 96.8 creatures/sec. Fitness: best=1527.7, avg=977.1, new=(qd-mutate=636.0). MAP-Elites(8x8, morphologies=3): occupied=35, pending=384, in flight=40
22:42:23: 5785x RT, 96.4 creatures/sec. Fitness: best=1527.7, avg=977.1, new=(qd-mutate=703.7). MAP-Elites(8x8, morphologies=3): occupied=35, pending=384, in flight=40
22:42:25: 5786x RT, 96.4 creatures/sec. Fitness: best=1527.7, avg=977.1, new=(qd-mutate=673.4). MAP-Elites(8x8, morphologies=3): occupied=35, pending=384, in flight=40
22:42:27: 5786x RT, 96.4 creatures/sec. Fitness: best=1527.7, avg=977.1, new=(qd-mutate=639.9). MAP-Elites(8x8, morphologies=3): occupied=35, pending=384, in flight=40
22:42:29: 5706x RT, 95.1 creatures/sec. Fitness: best=1527.7, avg=977.1, new=(qd-mutate=611.8). MAP-Elites(8x8, morphologies=3): occupied=35, pending=384, in flight=40
22:42:31: 5735x RT, 95.6 creatures/sec. Fitness: best=1527.7, avg=977.1, new=(qd-mutate=638.5). MAP-Elites(8x8, morphologies=3): occupied=35, pending=384, in flight=40
22:42:33: 5735x RT, 95.6 creatures/sec. Fitness: best=1527.7, avg=977.1, new=(qd-mutate=673.3). MAP-Elites(8x8, morphologies=3): occupied=35, pending=384, in flight=40
22:42:36: 5831x RT, 97.2 creatures/sec. Fitness: best=1527.7, avg=977.1, new=(qd-mutate=661.7). MAP-Elites(8x8, morphologies=3): occupied=35, pending=384, in flight=40
22:42:38: 5744x RT, 95.7 creatures/sec. Fitness: best=1527.7, avg=977.1, new=(qd-mutate=629.2). MAP-Elites(8x8, morphologies=3): occupied=35, pending=384, in flight=40
22:42:40: 5806x RT, 96.8 creatures/sec. Fitness: best=1527.7, avg=977.1, new=(qd-mutate=638.6). MAP-Elites(8x8, morphologies=3): occupied=35, pending=384, in flight=40
22:42:42: 5784x RT, 96.4 creatures/sec. Fitness: best=1527.7, avg=977.1, new=(qd-mutate=658.4). MAP-Elites(8x8, morphologies=3): occupied=35, pending=384, in flight=40
22:42:44: 5799x RT, 96.7 creatures/sec. Fitness: best=1527.7, avg=977.1, new=(qd-mutate=643.4). MAP-Elites(8x8, morphologies=3): occupied=35, pending=384, in flight=40
22:42:46: 5765x RT, 96.1 creatures/sec. Fitness: best=1527.7, avg=977.1, new=(qd-mutate=690.2). MAP-Elites(8x8, morphologies=3): occupied=35, pending=384, in flight=40
22:42:48: 5816x RT, 96.9 creatures/sec. Fitness: best=1527.7, avg=977.1, new=(qd-mutate=656.8). MAP-Elites(8x8, morphologies=3): occupied=35, pending=384, in flight=40
22:42:50: 5758x RT, 96.0 creatures/sec. Fitness: best=1527.7, avg=977.1, new=(qd-mutate=676.8). MAP-Elites(8x8, morphologies=3): occupied=35, pending=384, in flight=40
22:42:52: 5848x RT, 97.5 creatures/sec. Fitness: best=1527.7, avg=977.1, new=(qd-mutate=677.0). MAP-Elites(8x8, morphologies=3): occupied=35, pending=384, in flight=40
7615885 bytes written to /Users/dag/projects/Machine-Evolved-credible-training/training-runs/me-v2-harmonic-qd-01-double-gravity-double-population-8w/config.json. 
22:42:54: 5750x RT, 95.8 creatures/sec. Fitness: best=1527.7, avg=977.1, new=(qd-mutate=626.4). MAP-Elites(8x8, morphologies=3): occupied=35, pending=384, in flight=40
22:42:56: 5793x RT, 96.6 creatures/sec. Fitness: best=1527.7, avg=977.1, new=(qd-mutate=627.9). MAP-Elites(8x8, morphologies=3): occupied=35, pending=384, in flight=40
22:42:58: 5721x RT, 95.3 creatures/sec. Fitness: best=1527.7, avg=977.1, new=(qd-mutate=610.8). MAP-Elites(8x8, morphologies=3): occupied=35, pending=384, in flight=40
22:43:00: 5813x RT, 96.9 creatures/sec. Fitness: best=1527.7, avg=977.1, new=(qd-mutate=640.7). MAP-Elites(8x8, morphologies=3): occupied=35, pending=384, in flight=40
22:43:02: 5789x RT, 96.5 creatures/sec. Fitness: best=1527.7, avg=977.1, new=(qd-mutate=651.4). MAP-Elites(8x8, morphologies=3): occupied=35, pending=384, in flight=40
22:43:04: 5761x RT, 96.0 creatures/sec. Fitness: best=1527.7, avg=977.1, new=(qd-mutate=631.0). MAP-Elites(8x8, morphologies=3): occupied=35, pending=384, in flight=40
22:43:06: 5821x RT, 97.0 creatures/sec. Fitness: best=1527.7, avg=977.1, new=(qd-mutate=655.4). MAP-Elites(8x8, morphologies=3): occupied=35, pending=384, in flight=40
22:43:08: 5623x RT, 93.7 creatures/sec. Fitness: best=1527.7, avg=977.1, new=(qd-mutate=666.5). MAP-Elites(8x8, morphologies=3): occupied=35, pending=384, in flight=40
22:43:11: 5827x RT, 97.1 creatures/sec. Fitness: best=1527.7, avg=977.1, new=(qd-mutate=626.6). MAP-Elites(8x8, morphologies=3): occupied=35, pending=384, in flight=40
22:43:13: 5750x RT, 95.8 creatures/sec. Fitness: best=1527.7, avg=977.1, new=(qd-mutate=625.1). MAP-Elites(8x8, morphologies=3): occupied=35, pending=384, in flight=40
22:43:15: 5797x RT, 96.6 creatures/sec. Fitness: best=1527.7, avg=977.1, new=(qd-mutate=657.5). MAP-Elites(8x8, morphologies=3): occupied=35, pending=384, in flight=40
22:43:17: 5733x RT, 95.6 creatures/sec. Fitness: best=1527.7, avg=977.1, new=(qd-mutate=643.3). MAP-Elites(8x8, morphologies=3): occupied=35, pending=384, in flight=40
22:43:19: 5788x RT, 96.5 creatures/sec. Fitness: best=1527.7, avg=977.1, new=(qd-mutate=680.9). MAP-Elites(8x8, morphologies=3): occupied=35, pending=384, in flight=40
22:43:21: 5809x RT, 96.8 creatures/sec. Fitness: best=1527.7, avg=977.1, new=(qd-mutate=654.5). MAP-Elites(8x8, morphologies=3): occupied=35, pending=384, in flight=40
22:43:23: 5751x RT, 95.9 creatures/sec. Fitness: best=1527.7, avg=977.1, new=(qd-mutate=625.0). MAP-Elites(8x8, morphologies=3): occupied=35, pending=384, in flight=40
22:43:25: 5745x RT, 95.8 creatures/sec. Fitness: best=1527.7, avg=977.1, new=(qd-mutate=670.3). MAP-Elites(8x8, morphologies=3): occupied=35, pending=384, in flight=40
22:43:27: 5784x RT, 96.4 creatures/sec. Fitness: best=1527.7, avg=977.1, new=(qd-mutate=660.5). MAP-Elites(8x8, morphologies=3): occupied=35, pending=384, in flight=40
22:43:29: 5782x RT, 96.4 creatures/sec. Fitness: best=1527.7, avg=977.1, new=(qd-mutate=638.3). MAP-Elites(8x8, morphologies=3): occupied=35, pending=384, in flight=40
22:43:31: 5752x RT, 95.9 creatures/sec. Fitness: best=1527.7, avg=977.1, new=(qd-mutate=680.6). MAP-Elites(8x8, morphologies=3): occupied=35, pending=384, in flight=40
22:43:33: 5758x RT, 96.0 creatures/sec. Fitness: best=1527.7, avg=977.1, new=(qd-mutate=606.8). MAP-Elites(8x8, morphologies=3): occupied=35, pending=384, in flight=40
22:43:35: 5808x RT, 96.8 creatures/sec. Fitness: best=1527.7, avg=977.1, new=(qd-mutate=650.8). MAP-Elites(8x8, morphologies=3): occupied=35, pending=384, in flight=40
22:43:37: 5696x RT, 94.9 creatures/sec. Fitness: best=1527.7, avg=977.1, new=(qd-mutate=675.1). MAP-Elites(8x8, morphologies=3): occupied=35, pending=384, in flight=40
22:43:39: 5700x RT, 95.0 creatures/sec. Fitness: best=1527.7, avg=977.1, new=(qd-mutate=626.5). MAP-Elites(8x8, morphologies=3): occupied=35, pending=384, in flight=40
22:43:42: 5515x RT, 91.9 creatures/sec. Fitness: best=1527.7, avg=977.1, new=(qd-mutate=617.1). MAP-Elites(8x8, morphologies=3): occupied=35, pending=384, in flight=40
22:43:44: 5301x RT, 88.4 creatures/sec. Fitness: best=1527.7, avg=977.1, new=(qd-mutate=615.8). MAP-Elites(8x8, morphologies=3): occupied=35, pending=384, in flight=40
22:43:46: 5280x RT, 88.0 creatures/sec. Fitness: best=1527.7, avg=977.1, new=(qd-mutate=637.5). MAP-Elites(8x8, morphologies=3): occupied=35, pending=384, in flight=40
22:43:48: 5270x RT, 87.8 creatures/sec. Fitness: best=1527.7, avg=977.1, new=(qd-mutate=667.0). MAP-Elites(8x8, morphologies=3): occupied=35, pending=384, in flight=40
22:43:50: 5708x RT, 95.1 creatures/sec. Fitness: best=1527.7, avg=977.1, new=(qd-mutate=698.7). MAP-Elites(8x8, morphologies=3): occupied=35, pending=384, in flight=40
22:43:52: 5835x RT, 97.2 creatures/sec. Fitness: best=1527.7, avg=977.1, new=(qd-mutate=668.8). MAP-Elites(8x8, morphologies=3): occupied=35, pending=384, in flight=40
7699216 bytes written to /Users/dag/projects/Machine-Evolved-credible-training/training-runs/me-v2-harmonic-qd-01-double-gravity-double-population-8w/config.json. 
22:43:54: 5744x RT, 95.7 creatures/sec. Fitness: best=1527.7, avg=977.1, new=(qd-mutate=622.9). MAP-Elites(8x8, morphologies=3): occupied=35, pending=384, in flight=40
22:43:56: 5834x RT, 97.2 creatures/sec. Fitness: best=1527.7, avg=977.1, new=(qd-mutate=626.3). MAP-Elites(8x8, morphologies=3): occupied=35, pending=384, in flight=40
22:43:58: 5833x RT, 97.2 creatures/sec. Fitness: best=1527.7, avg=977.1, new=(qd-mutate=654.8). MAP-Elites(8x8, morphologies=3): occupied=35, pending=384, in flight=40
22:44:00: 5847x RT, 97.5 creatures/sec. Fitness: best=1527.7, avg=977.1, new=(qd-mutate=651.3). MAP-Elites(8x8, morphologies=3): occupied=35, pending=384, in flight=40
22:44:02: 5832x RT, 97.2 creatures/sec. Fitness: best=1527.7, avg=977.1, new=(qd-mutate=638.9). MAP-Elites(8x8, morphologies=3): occupied=35, pending=384, in flight=40
22:44:04: 5798x RT, 96.6 creatures/sec. Fitness: best=1527.7, avg=977.1, new=(qd-mutate=669.3). MAP-Elites(8x8, morphologies=3): occupied=35, pending=384, in flight=40
22:44:06: 5776x RT, 96.3 creatures/sec. Fitness: best=1527.7, avg=977.1, new=(qd-mutate=667.6). MAP-Elites(8x8, morphologies=3): occupied=35, pending=384, in flight=40
22:44:08: 5834x RT, 97.2 creatures/sec. Fitness: best=1527.7, avg=977.1, new=(qd-mutate=634.1). MAP-Elites(8x8, morphologies=3): occupied=35, pending=384, in flight=40
22:44:10: 5875x RT, 97.9 creatures/sec. Fitness: best=1527.7, avg=977.1, new=(qd-mutate=697.3). MAP-Elites(8x8, morphologies=3): occupied=35, pending=384, in flight=40
22:44:12: 5830x RT, 97.2 creatures/sec. Fitness: best=1527.7, avg=977.1, new=(qd-mutate=661.8). MAP-Elites(8x8, morphologies=3): occupied=35, pending=384, in flight=40
22:44:14: 5881x RT, 98.0 creatures/sec. Fitness: best=1527.7, avg=977.1, new=(qd-mutate=657.0). MAP-Elites(8x8, morphologies=3): occupied=35, pending=384, in flight=40
22:44:17: 5807x RT, 96.8 creatures/sec. Fitness: best=1527.7, avg=977.1, new=(qd-mutate=649.9). MAP-Elites(8x8, morphologies=3): occupied=35, pending=384, in flight=40
22:44:19: 5863x RT, 97.7 creatures/sec. Fitness: best=1527.7, avg=977.1, new=(qd-mutate=694.6). MAP-Elites(8x8, morphologies=3): occupied=35, pending=384, in flight=40
22:44:21: 5861x RT, 97.7 creatures/sec. Fitness: best=1527.7, avg=977.1, new=(qd-mutate=638.1). MAP-Elites(8x8, morphologies=3): occupied=35, pending=384, in flight=40
22:44:23: 5705x RT, 95.1 creatures/sec. Fitness: best=1527.7, avg=977.1, new=(qd-mutate=678.2). MAP-Elites(8x8, morphologies=3): occupied=35, pending=384, in flight=40
22:44:25: 5871x RT, 97.8 creatures/sec. Fitness: best=1527.7, avg=977.1, new=(qd-mutate=681.9). MAP-Elites(8x8, morphologies=3): occupied=35, pending=384, in flight=40
22:44:27: 5754x RT, 95.9 creatures/sec. Fitness: best=1527.7, avg=977.1, new=(qd-mutate=619.5). MAP-Elites(8x8, morphologies=3): occupied=35, pending=384, in flight=40
22:44:29: 5198x RT, 86.6 creatures/sec. Fitness: best=1527.7, avg=977.1, new=(qd-mutate=643.8). MAP-Elites(8x8, morphologies=3): occupied=35, pending=384, in flight=40
22:44:31: 5703x RT, 95.0 creatures/sec. Fitness: best=1527.7, avg=977.1, new=(qd-mutate=645.1). MAP-Elites(8x8, morphologies=3): occupied=35, pending=384, in flight=40
22:44:33: 5858x RT, 97.6 creatures/sec. Fitness: best=1527.7, avg=977.1, new=(qd-mutate=640.6). MAP-Elites(8x8, morphologies=3): occupied=35, pending=384, in flight=40
22:44:35: 5833x RT, 97.2 creatures/sec. Fitness: best=1527.7, avg=977.1, new=(qd-mutate=659.5). MAP-Elites(8x8, morphologies=3): occupied=35, pending=384, in flight=40
22:44:37: 5845x RT, 97.4 creatures/sec. Fitness: best=1527.7, avg=977.1, new=(qd-mutate=661.7). MAP-Elites(8x8, morphologies=3): occupied=35, pending=384, in flight=40
22:44:39: 5848x RT, 97.5 creatures/sec. Fitness: best=1527.7, avg=977.1, new=(qd-mutate=666.0). MAP-Elites(8x8, morphologies=3): occupied=35, pending=384, in flight=40
22:44:41: 5842x RT, 97.4 creatures/sec. Fitness: best=1527.7, avg=977.1, new=(qd-mutate=683.1). MAP-Elites(8x8, morphologies=3): occupied=35, pending=384, in flight=40
22:44:43: 5898x RT, 98.3 creatures/sec. Fitness: best=1527.7, avg=977.1, new=(qd-mutate=656.5). MAP-Elites(8x8, morphologies=3): occupied=35, pending=384, in flight=40
22:44:45: 5882x RT, 98.0 creatures/sec. Fitness: best=1527.7, avg=977.1, new=(qd-mutate=666.2). MAP-Elites(8x8, morphologies=3): occupied=35, pending=384, in flight=40
22:44:48: 5823x RT, 97.0 creatures/sec. Fitness: best=1527.7, avg=977.1, new=(qd-mutate=651.6). MAP-Elites(8x8, morphologies=3): occupied=35, pending=384, in flight=40
22:44:50: 5805x RT, 96.8 creatures/sec. Fitness: best=1527.7, avg=977.1, new=(qd-mutate=613.0). MAP-Elites(8x8, morphologies=3): occupied=35, pending=384, in flight=40
22:44:52: 5631x RT, 93.9 creatures/sec. Fitness: best=1527.7, avg=977.1, new=(qd-mutate=676.6). MAP-Elites(8x8, morphologies=3): occupied=35, pending=384, in flight=40
7633411 bytes written to /Users/dag/projects/Machine-Evolved-credible-training/training-runs/me-v2-harmonic-qd-01-double-gravity-double-population-8w/config.json. 
22:44:54: 5755x RT, 95.9 creatures/sec. Fitness: best=1527.7, avg=977.1, new=(qd-mutate=680.6). MAP-Elites(8x8, morphologies=3): occupied=35, pending=384, in flight=40
22:44:56: 5854x RT, 97.6 creatures/sec. Fitness: best=1527.7, avg=977.1, new=(qd-mutate=651.8). MAP-Elites(8x8, morphologies=3): occupied=35, pending=384, in flight=40
22:44:58: 5757x RT, 95.9 creatures/sec. Fitness: best=1527.7, avg=977.1, new=(qd-mutate=634.6). MAP-Elites(8x8, morphologies=3): occupied=35, pending=384, in flight=40
22:45:00: 5852x RT, 97.5 creatures/sec. Fitness: best=1527.7, avg=977.1, new=(qd-mutate=652.9). MAP-Elites(8x8, morphologies=3): occupied=35, pending=384, in flight=40
22:45:02: 6027x RT, 100.4 creatures/sec. Fitness: best=1527.7, avg=977.1, new=(qd-mutate=684.0). MAP-Elites(8x8, morphologies=3): occupied=35, pending=384, in flight=40
22:45:04: 5254x RT, 87.6 creatures/sec. Fitness: best=1527.7, avg=977.1, new=(qd-mutate=693.8). MAP-Elites(8x8, morphologies=3): occupied=35, pending=384, in flight=40
22:45:06: 5697x RT, 94.9 creatures/sec. Fitness: best=1527.7, avg=977.1, new=(qd-mutate=655.5). MAP-Elites(8x8, morphologies=3): occupied=35, pending=384, in flight=40
22:45:08: 5766x RT, 96.1 creatures/sec. Fitness: best=1527.7, avg=977.1, new=(qd-mutate=638.4). MAP-Elites(8x8, morphologies=3): occupied=35, pending=384, in flight=40
22:45:10: 5806x RT, 96.8 creatures/sec. Fitness: best=1527.7, avg=977.1, new=(qd-mutate=705.0). MAP-Elites(8x8, morphologies=3): occupied=35, pending=384, in flight=40
22:45:12: 5684x RT, 94.7 creatures/sec. Fitness: best=1527.7, avg=979.3, new=(qd-mutate=687.1). MAP-Elites(8x8, morphologies=3): occupied=35, pending=384, in flight=40
22:45:14: 5909x RT, 98.5 creatures/sec. Fitness: best=1527.7, avg=979.3, new=(qd-mutate=635.7). MAP-Elites(8x8, morphologies=3): occupied=35, pending=384, in flight=40
22:45:16: 5843x RT, 97.4 creatures/sec. Fitness: best=1527.7, avg=979.3, new=(qd-mutate=679.0). MAP-Elites(8x8, morphologies=3): occupied=35, pending=384, in flight=40
22:45:19: 5774x RT, 96.2 creatures/sec. Fitness: best=1527.7, avg=979.3, new=(qd-mutate=627.3). MAP-Elites(8x8, morphologies=3): occupied=35, pending=384, in flight=40
22:45:21: 5846x RT, 97.4 creatures/sec. Fitness: best=1527.7, avg=979.3, new=(qd-mutate=650.6). MAP-Elites(8x8, morphologies=3): occupied=35, pending=384, in flight=40
22:45:23: 5853x RT, 97.5 creatures/sec. Fitness: best=1527.7, avg=979.3, new=(qd-mutate=675.1). MAP-Elites(8x8, morphologies=3): occupied=35, pending=384, in flight=40
22:45:25: 5925x RT, 98.7 creatures/sec. Fitness: best=1527.7, avg=979.3, new=(qd-mutate=657.1). MAP-Elites(8x8, morphologies=3): occupied=35, pending=384, in flight=40
22:45:27: 5456x RT, 90.9 creatures/sec. Fitness: best=1527.7, avg=979.3, new=(qd-mutate=670.7). MAP-Elites(8x8, morphologies=3): occupied=35, pending=384, in flight=40
22:45:29: 5633x RT, 93.9 creatures/sec. Fitness: best=1527.7, avg=979.3, new=(qd-mutate=678.2). MAP-Elites(8x8, morphologies=3): occupied=35, pending=384, in flight=40
22:45:31: 5909x RT, 98.5 creatures/sec. Fitness: best=1527.7, avg=979.8, new=(qd-mutate=680.8). MAP-Elites(8x8, morphologies=3): occupied=35, pending=384, in flight=40
22:45:33: 5834x RT, 97.2 creatures/sec. Fitness: best=1527.7, avg=979.8, new=(qd-mutate=631.3). MAP-Elites(8x8, morphologies=3): occupied=35, pending=384, in flight=40
22:45:35: 5814x RT, 96.9 creatures/sec. Fitness: best=1527.7, avg=979.8, new=(qd-mutate=660.9). MAP-Elites(8x8, morphologies=3): occupied=35, pending=384, in flight=40
22:45:37: 5850x RT, 97.5 creatures/sec. Fitness: best=1527.7, avg=979.8, new=(qd-mutate=619.8). MAP-Elites(8x8, morphologies=3): occupied=35, pending=384, in flight=40
22:45:39: 5857x RT, 97.6 creatures/sec. Fitness: best=1527.7, avg=979.8, new=(qd-mutate=661.5). MAP-Elites(8x8, morphologies=3): occupied=35, pending=384, in flight=40
22:45:41: 5766x RT, 96.1 creatures/sec. Fitness: best=1527.7, avg=979.8, new=(qd-mutate=685.3). MAP-Elites(8x8, morphologies=3): occupied=35, pending=384, in flight=40
22:45:43: 4866x RT, 81.1 creatures/sec. Fitness: best=1527.7, avg=979.8, new=(qd-mutate=632.1). MAP-Elites(8x8, morphologies=3): occupied=35, pending=384, in flight=40
22:45:45: 5583x RT, 93.0 creatures/sec. Fitness: best=1527.7, avg=979.8, new=(qd-mutate=670.2). MAP-Elites(8x8, morphologies=3): occupied=35, pending=384, in flight=40
22:45:48: 5719x RT, 95.3 creatures/sec. Fitness: best=1527.7, avg=979.8, new=(qd-mutate=663.2). MAP-Elites(8x8, morphologies=3): occupied=35, pending=384, in flight=40
22:45:50: 5831x RT, 97.2 creatures/sec. Fitness: best=1527.7, avg=979.8, new=(qd-mutate=638.8). MAP-Elites(8x8, morphologies=3): occupied=35, pending=384, in flight=40
22:45:52: 5828x RT, 97.1 creatures/sec. Fitness: best=1527.7, avg=979.8, new=(qd-mutate=680.5). MAP-Elites(8x8, morphologies=3): occupied=35, pending=384, in flight=40
7683088 bytes written to /Users/dag/projects/Machine-Evolved-credible-training/training-runs/me-v2-harmonic-qd-01-double-gravity-double-population-8w/config.json. 
22:45:54: 5460x RT, 91.0 creatures/sec. Fitness: best=1527.7, avg=979.8, new=(qd-mutate=608.7). MAP-Elites(8x8, morphologies=3): occupied=35, pending=384, in flight=40
22:45:56: 6162x RT, 102.7 creatures/sec. Fitness: best=1527.7, avg=979.8, new=(qd-mutate=667.9). MAP-Elites(8x8, morphologies=3): occupied=35, pending=384, in flight=40
22:45:58: 5839x RT, 97.3 creatures/sec. Fitness: best=1527.7, avg=979.8, new=(qd-mutate=655.1). MAP-Elites(8x8, morphologies=3): occupied=35, pending=384, in flight=40
22:46:00: 5812x RT, 96.9 creatures/sec. Fitness: best=1527.7, avg=979.8, new=(qd-mutate=663.6). MAP-Elites(8x8, morphologies=3): occupied=35, pending=384, in flight=40
22:46:02: 5829x RT, 97.2 creatures/sec. Fitness: best=1527.7, avg=979.8, new=(qd-mutate=611.7). MAP-Elites(8x8, morphologies=3): occupied=35, pending=384, in flight=40
22:46:04: 5770x RT, 96.2 creatures/sec. Fitness: best=1527.7, avg=979.8, new=(qd-mutate=681.3). MAP-Elites(8x8, morphologies=3): occupied=35, pending=384, in flight=40
22:46:06: 5665x RT, 94.4 creatures/sec. Fitness: best=1527.7, avg=979.8, new=(qd-mutate=650.9). MAP-Elites(8x8, morphologies=3): occupied=35, pending=384, in flight=40
22:46:08: 5826x RT, 97.1 creatures/sec. Fitness: best=1527.7, avg=979.8, new=(qd-mutate=687.4). MAP-Elites(8x8, morphologies=3): occupied=35, pending=384, in flight=40
22:46:10: 5842x RT, 97.4 creatures/sec. Fitness: best=1527.7, avg=979.8, new=(qd-mutate=629.5). MAP-Elites(8x8, morphologies=3): occupied=35, pending=384, in flight=40
22:46:12: 5854x RT, 97.6 creatures/sec. Fitness: best=1527.7, avg=979.8, new=(qd-mutate=656.7). MAP-Elites(8x8, morphologies=3): occupied=35, pending=384, in flight=40
22:46:14: 5829x RT, 97.2 creatures/sec. Fitness: best=1527.7, avg=979.8, new=(qd-mutate=651.8). MAP-Elites(8x8, morphologies=3): occupied=35, pending=384, in flight=40
22:46:16: 5837x RT, 97.3 creatures/sec. Fitness: best=1527.7, avg=979.8, new=(qd-mutate=710.0). MAP-Elites(8x8, morphologies=3): occupied=35, pending=384, in flight=40
22:46:19: 5869x RT, 97.8 creatures/sec. Fitness: best=1527.7, avg=979.8, new=(qd-mutate=678.8). MAP-Elites(8x8, morphologies=3): occupied=35, pending=384, in flight=40
22:46:21: 5851x RT, 97.5 creatures/sec. Fitness: best=1527.7, avg=979.8, new=(qd-mutate=676.9). MAP-Elites(8x8, morphologies=3): occupied=35, pending=384, in flight=40
22:46:23: 5848x RT, 97.5 creatures/sec. Fitness: best=1527.7, avg=979.8, new=(qd-mutate=643.7). MAP-Elites(8x8, morphologies=3): occupied=35, pending=384, in flight=40
22:46:25: 5752x RT, 95.9 creatures/sec. Fitness: best=1527.7, avg=979.8, new=(qd-mutate=654.9). MAP-Elites(8x8, morphologies=3): occupied=35, pending=384, in flight=40
22:46:27: 5890x RT, 98.2 creatures/sec. Fitness: best=1527.7, avg=979.8, new=(qd-mutate=659.1). MAP-Elites(8x8, morphologies=3): occupied=35, pending=384, in flight=40
22:46:29: 5859x RT, 97.6 creatures/sec. Fitness: best=1527.7, avg=979.8, new=(qd-mutate=645.1). MAP-Elites(8x8, morphologies=3): occupied=35, pending=384, in flight=40
22:46:31: 5875x RT, 97.9 creatures/sec. Fitness: best=1527.7, avg=979.8, new=(qd-mutate=646.0). MAP-Elites(8x8, morphologies=3): occupied=35, pending=384, in flight=40
22:46:33: 5808x RT, 96.8 creatures/sec. Fitness: best=1527.7, avg=979.8, new=(qd-mutate=679.0). MAP-Elites(8x8, morphologies=3): occupied=35, pending=384, in flight=40
22:46:35: 5701x RT, 95.0 creatures/sec. Fitness: best=1527.7, avg=979.8, new=(qd-mutate=651.9). MAP-Elites(8x8, morphologies=3): occupied=35, pending=384, in flight=40
22:46:37: 5729x RT, 95.5 creatures/sec. Fitness: best=1527.7, avg=979.8, new=(qd-mutate=659.5). MAP-Elites(8x8, morphologies=3): occupied=35, pending=384, in flight=40
22:46:39: 5912x RT, 98.5 creatures/sec. Fitness: best=1527.7, avg=979.8, new=(qd-mutate=645.1). MAP-Elites(8x8, morphologies=3): occupied=35, pending=384, in flight=40
22:46:41: 5829x RT, 97.1 creatures/sec. Fitness: best=1527.7, avg=979.8, new=(qd-mutate=679.3). MAP-Elites(8x8, morphologies=3): occupied=35, pending=384, in flight=40
22:46:43: 5635x RT, 93.9 creatures/sec. Fitness: best=1527.7, avg=979.8, new=(qd-mutate=663.3). MAP-Elites(8x8, morphologies=3): occupied=35, pending=384, in flight=40
22:46:45: 5869x RT, 97.8 creatures/sec. Fitness: best=1527.7, avg=979.8, new=(qd-mutate=673.4). MAP-Elites(8x8, morphologies=3): occupied=35, pending=384, in flight=40
22:46:47: 5828x RT, 97.1 creatures/sec. Fitness: best=1527.7, avg=979.8, new=(qd-mutate=654.0). MAP-Elites(8x8, morphologies=3): occupied=35, pending=384, in flight=40
22:46:49: 5883x RT, 98.1 creatures/sec. Fitness: best=1527.7, avg=979.8, new=(qd-mutate=649.7). MAP-Elites(8x8, morphologies=3): occupied=35, pending=384, in flight=40
22:46:51: 5823x RT, 97.1 creatures/sec. Fitness: best=1527.7, avg=979.8, new=(qd-mutate=651.1). MAP-Elites(8x8, morphologies=3): occupied=35, pending=384, in flight=40
22:46:53: 5832x RT, 97.2 creatures/sec. Fitness: best=1527.7, avg=979.8, new=(qd-mutate=630.6). MAP-Elites(8x8, morphologies=3): occupied=35, pending=384, in flight=40
7660629 bytes written to /Users/dag/projects/Machine-Evolved-credible-training/training-runs/me-v2-harmonic-qd-01-double-gravity-double-population-8w/config.json. 
22:46:56: 5789x RT, 96.5 creatures/sec. Fitness: best=1527.7, avg=979.8, new=(qd-mutate=648.7). MAP-Elites(8x8, morphologies=3): occupied=35, pending=384, in flight=40
22:46:58: 5847x RT, 97.4 creatures/sec. Fitness: best=1527.7, avg=979.8, new=(qd-mutate=689.1). MAP-Elites(8x8, morphologies=3): occupied=35, pending=384, in flight=40
22:47:00: 5721x RT, 95.4 creatures/sec. Fitness: best=1527.7, avg=979.8, new=(qd-mutate=681.9). MAP-Elites(8x8, morphologies=3): occupied=35, pending=384, in flight=40
22:47:02: 5834x RT, 97.2 creatures/sec. Fitness: best=1527.7, avg=979.8, new=(qd-mutate=625.6). MAP-Elites(8x8, morphologies=3): occupied=35, pending=384, in flight=40
22:47:04: 5877x RT, 97.9 creatures/sec. Fitness: best=1527.7, avg=979.8, new=(qd-mutate=632.5). MAP-Elites(8x8, morphologies=3): occupied=35, pending=384, in flight=40
22:47:06: 5798x RT, 96.6 creatures/sec. Fitness: best=1527.7, avg=979.8, new=(qd-mutate=690.4). MAP-Elites(8x8, morphologies=3): occupied=35, pending=384, in flight=40
22:47:08: 5854x RT, 97.6 creatures/sec. Fitness: best=1527.7, avg=979.8, new=(qd-mutate=665.4). MAP-Elites(8x8, morphologies=3): occupied=35, pending=384, in flight=40
22:47:10: 5891x RT, 98.2 creatures/sec. Fitness: best=1527.7, avg=984.1, new=(qd-mutate=643.3). MAP-Elites(8x8, morphologies=3): occupied=35, pending=384, in flight=40
22:47:12: 5870x RT, 97.8 creatures/sec. Fitness: best=1527.7, avg=985.0, new=(qd-mutate=681.1). MAP-Elites(8x8, morphologies=3): occupied=35, pending=384, in flight=40
22:47:14: 5759x RT, 96.0 creatures/sec. Fitness: best=1527.7, avg=985.0, new=(qd-mutate=620.7). MAP-Elites(8x8, morphologies=3): occupied=35, pending=384, in flight=40
22:47:16: 5656x RT, 94.3 creatures/sec. Fitness: best=1527.7, avg=985.0, new=(qd-mutate=665.9). MAP-Elites(8x8, morphologies=3): occupied=35, pending=384, in flight=40
22:47:18: 5762x RT, 96.0 creatures/sec. Fitness: best=1527.7, avg=985.0, new=(qd-mutate=675.0). MAP-Elites(8x8, morphologies=3): occupied=35, pending=384, in flight=40
22:47:20: 5812x RT, 96.9 creatures/sec. Fitness: best=1527.7, avg=985.0, new=(qd-mutate=608.3). MAP-Elites(8x8, morphologies=3): occupied=35, pending=384, in flight=40
22:47:22: 5903x RT, 98.4 creatures/sec. Fitness: best=1527.7, avg=985.0, new=(qd-mutate=720.2). MAP-Elites(8x8, morphologies=3): occupied=35, pending=384, in flight=40
22:47:24: 5816x RT, 96.9 creatures/sec. Fitness: best=1527.7, avg=985.0, new=(qd-mutate=696.5). MAP-Elites(8x8, morphologies=3): occupied=35, pending=384, in flight=40
22:47:26: 5875x RT, 97.9 creatures/sec. Fitness: best=1527.7, avg=985.0, new=(qd-mutate=689.1). MAP-Elites(8x8, morphologies=3): occupied=35, pending=384, in flight=40
22:47:28: 5824x RT, 97.1 creatures/sec. Fitness: best=1527.7, avg=985.0, new=(qd-mutate=655.8). MAP-Elites(8x8, morphologies=3): occupied=35, pending=384, in flight=40
22:47:30: 5916x RT, 98.6 creatures/sec. Fitness: best=1527.7, avg=985.0, new=(qd-mutate=622.0). MAP-Elites(8x8, morphologies=3): occupied=35, pending=384, in flight=40
22:47:33: 5804x RT, 96.7 creatures/sec. Fitness: best=1527.7, avg=985.0, new=(qd-mutate=630.9). MAP-Elites(8x8, morphologies=3): occupied=35, pending=384, in flight=40
22:47:35: 5898x RT, 98.3 creatures/sec. Fitness: best=1527.7, avg=987.5, new=(qd-mutate=682.7). MAP-Elites(8x8, morphologies=3): occupied=35, pending=384, in flight=40
22:47:37: 5841x RT, 97.3 creatures/sec. Fitness: best=1527.7, avg=987.5, new=(qd-mutate=657.3). MAP-Elites(8x8, morphologies=3): occupied=35, pending=384, in flight=40
22:47:39: 5711x RT, 95.2 creatures/sec. Fitness: best=1527.7, avg=987.5, new=(qd-mutate=652.7). MAP-Elites(8x8, morphologies=3): occupied=35, pending=384, in flight=40
22:47:41: 5649x RT, 94.2 creatures/sec. Fitness: best=1527.7, avg=987.5, new=(qd-mutate=658.1). MAP-Elites(8x8, morphologies=3): occupied=35, pending=384, in flight=40
22:47:43: 5862x RT, 97.7 creatures/sec. Fitness: best=1527.7, avg=987.5, new=(qd-mutate=637.0). MAP-Elites(8x8, morphologies=3): occupied=35, pending=384, in flight=40
22:47:45: 5785x RT, 96.4 creatures/sec. Fitness: best=1527.7, avg=987.5, new=(qd-mutate=671.9). MAP-Elites(8x8, morphologies=3): occupied=35, pending=384, in flight=40
22:47:47: 5854x RT, 97.6 creatures/sec. Fitness: best=1527.7, avg=987.5, new=(qd-mutate=669.0). MAP-Elites(8x8, morphologies=3): occupied=35, pending=384, in flight=40
22:47:49: 5833x RT, 97.2 creatures/sec. Fitness: best=1527.7, avg=987.5, new=(qd-mutate=635.3). MAP-Elites(8x8, morphologies=3): occupied=35, pending=384, in flight=40
22:47:51: 5870x RT, 97.8 creatures/sec. Fitness: best=1527.7, avg=987.5, new=(qd-mutate=660.9). MAP-Elites(8x8, morphologies=3): occupied=35, pending=384, in flight=40
22:47:53: 5880x RT, 98.0 creatures/sec. Fitness: best=1527.7, avg=987.5, new=(qd-mutate=700.7). MAP-Elites(8x8, morphologies=3): occupied=35, pending=384, in flight=40
7666019 bytes written to /Users/dag/projects/Machine-Evolved-credible-training/training-runs/me-v2-harmonic-qd-01-double-gravity-double-population-8w/config.json. 
22:47:55: 5756x RT, 95.9 creatures/sec. Fitness: best=1527.7, avg=987.5, new=(qd-mutate=699.8). MAP-Elites(8x8, morphologies=3): occupied=35, pending=384, in flight=40
22:47:57: 5915x RT, 98.6 creatures/sec. Fitness: best=1527.7, avg=987.5, new=(qd-mutate=656.5). MAP-Elites(8x8, morphologies=3): occupied=35, pending=384, in flight=40
22:47:59: 5869x RT, 97.8 creatures/sec. Fitness: best=1527.7, avg=987.5, new=(qd-mutate=665.8). MAP-Elites(8x8, morphologies=3): occupied=35, pending=384, in flight=40
22:48:01: 5787x RT, 96.4 creatures/sec. Fitness: best=1527.7, avg=987.5, new=(qd-mutate=692.2). MAP-Elites(8x8, morphologies=3): occupied=35, pending=384, in flight=40
22:48:03: 5876x RT, 97.9 creatures/sec. Fitness: best=1527.7, avg=987.5, new=(qd-mutate=695.6). MAP-Elites(8x8, morphologies=3): occupied=35, pending=384, in flight=40
22:48:05: 5832x RT, 97.2 creatures/sec. Fitness: best=1527.7, avg=987.5, new=(qd-mutate=662.1). MAP-Elites(8x8, morphologies=3): occupied=35, pending=384, in flight=40
22:48:08: 5905x RT, 98.4 creatures/sec. Fitness: best=1527.7, avg=987.5, new=(qd-mutate=647.9). MAP-Elites(8x8, morphologies=3): occupied=35, pending=384, in flight=40
22:48:10: 5881x RT, 98.0 creatures/sec. Fitness: best=1527.7, avg=987.5, new=(qd-mutate=612.1). MAP-Elites(8x8, morphologies=3): occupied=35, pending=384, in flight=40
22:48:12: 5906x RT, 98.4 creatures/sec. Fitness: best=1527.7, avg=987.5, new=(qd-mutate=685.6). MAP-Elites(8x8, morphologies=3): occupied=35, pending=384, in flight=40
22:48:14: 5861x RT, 97.7 creatures/sec. Fitness: best=1527.7, avg=987.5, new=(qd-mutate=704.3). MAP-Elites(8x8, morphologies=3): occupied=35, pending=384, in flight=40
22:48:16: 5874x RT, 97.9 creatures/sec. Fitness: best=1527.7, avg=987.5, new=(qd-mutate=680.4). MAP-Elites(8x8, morphologies=3): occupied=35, pending=384, in flight=40
22:48:18: 5871x RT, 97.9 creatures/sec. Fitness: best=1527.7, avg=987.5, new=(qd-mutate=677.0). MAP-Elites(8x8, morphologies=3): occupied=35, pending=384, in flight=40
22:48:20: 5869x RT, 97.8 creatures/sec. Fitness: best=1527.7, avg=987.5, new=(qd-mutate=715.2). MAP-Elites(8x8, morphologies=3): occupied=35, pending=384, in flight=40
22:48:22: 5872x RT, 97.9 creatures/sec. Fitness: best=1527.7, avg=987.5, new=(qd-mutate=691.1). MAP-Elites(8x8, morphologies=3): occupied=35, pending=384, in flight=40
22:48:24: 5807x RT, 96.8 creatures/sec. Fitness: best=1527.7, avg=987.5, new=(qd-mutate=674.6). MAP-Elites(8x8, morphologies=3): occupied=35, pending=384, in flight=40
22:48:26: 5871x RT, 97.8 creatures/sec. Fitness: best=1527.7, avg=987.5, new=(qd-mutate=660.3). MAP-Elites(8x8, morphologies=3): occupied=35, pending=384, in flight=40
22:48:28: 5834x RT, 97.2 creatures/sec. Fitness: best=1527.7, avg=987.5, new=(qd-mutate=646.4). MAP-Elites(8x8, morphologies=3): occupied=35, pending=384, in flight=40
22:48:30: 5885x RT, 98.1 creatures/sec. Fitness: best=1527.7, avg=987.5, new=(qd-mutate=644.0). MAP-Elites(8x8, morphologies=3): occupied=35, pending=384, in flight=40
22:48:32: 5833x RT, 97.2 creatures/sec. Fitness: best=1527.7, avg=987.5, new=(qd-mutate=647.3). MAP-Elites(8x8, morphologies=3): occupied=35, pending=384, in flight=40
22:48:35: 5824x RT, 97.1 creatures/sec. Fitness: best=1527.7, avg=987.5, new=(qd-mutate=633.9). MAP-Elites(8x8, morphologies=3): occupied=35, pending=384, in flight=40
22:48:37: 5862x RT, 97.7 creatures/sec. Fitness: best=1527.7, avg=987.5, new=(qd-mutate=623.2). MAP-Elites(8x8, morphologies=3): occupied=35, pending=384, in flight=40
22:48:39: 5898x RT, 98.3 creatures/sec. Fitness: best=1527.7, avg=987.5, new=(qd-mutate=656.1). MAP-Elites(8x8, morphologies=3): occupied=35, pending=384, in flight=40
22:48:41: 5811x RT, 96.8 creatures/sec. Fitness: best=1527.7, avg=987.5, new=(qd-mutate=665.9). MAP-Elites(8x8, morphologies=3): occupied=35, pending=384, in flight=40
22:48:43: 5903x RT, 98.4 creatures/sec. Fitness: best=1527.7, avg=987.5, new=(qd-mutate=591.8). MAP-Elites(8x8, morphologies=3): occupied=35, pending=384, in flight=40
22:48:45: 5815x RT, 96.9 creatures/sec. Fitness: best=1527.7, avg=987.5, new=(qd-mutate=671.2). MAP-Elites(8x8, morphologies=3): occupied=35, pending=384, in flight=40
22:48:47: 5867x RT, 97.8 creatures/sec. Fitness: best=1527.7, avg=987.5, new=(qd-mutate=624.0). MAP-Elites(8x8, morphologies=3): occupied=35, pending=384, in flight=40
22:48:49: 5827x RT, 97.1 creatures/sec. Fitness: best=1527.7, avg=987.5, new=(qd-mutate=661.6). MAP-Elites(8x8, morphologies=3): occupied=35, pending=384, in flight=40
22:48:51: 5905x RT, 98.4 creatures/sec. Fitness: best=1527.7, avg=987.5, new=(qd-mutate=646.8). MAP-Elites(8x8, morphologies=3): occupied=35, pending=384, in flight=40
22:48:53: 5754x RT, 95.9 creatures/sec. Fitness: best=1527.7, avg=987.5, new=(qd-mutate=672.4). MAP-Elites(8x8, morphologies=3): occupied=35, pending=384, in flight=40
7681145 bytes written to /Users/dag/projects/Machine-Evolved-credible-training/training-runs/me-v2-harmonic-qd-01-double-gravity-double-population-8w/config.json. 
22:48:55: 5284x RT, 88.1 creatures/sec. Fitness: best=1527.7, avg=987.5, new=(qd-mutate=615.3). MAP-Elites(8x8, morphologies=3): occupied=35, pending=384, in flight=40
22:48:57: 5840x RT, 97.3 creatures/sec. Fitness: best=1527.7, avg=987.5, new=(qd-mutate=629.1). MAP-Elites(8x8, morphologies=3): occupied=35, pending=384, in flight=40
22:48:59: 5905x RT, 98.4 creatures/sec. Fitness: best=1527.7, avg=987.5, new=(qd-mutate=638.7). MAP-Elites(8x8, morphologies=3): occupied=35, pending=384, in flight=40
22:49:01: 5866x RT, 97.8 creatures/sec. Fitness: best=1527.7, avg=987.5, new=(qd-mutate=686.2). MAP-Elites(8x8, morphologies=3): occupied=35, pending=384, in flight=40
22:49:03: 5867x RT, 97.8 creatures/sec. Fitness: best=1527.7, avg=987.5, new=(qd-mutate=644.1). MAP-Elites(8x8, morphologies=3): occupied=35, pending=384, in flight=40
22:49:06: 5797x RT, 96.6 creatures/sec. Fitness: best=1527.7, avg=987.5, new=(qd-mutate=674.3). MAP-Elites(8x8, morphologies=3): occupied=35, pending=384, in flight=40
22:49:08: 5851x RT, 97.5 creatures/sec. Fitness: best=1527.7, avg=987.5, new=(qd-mutate=635.6). MAP-Elites(8x8, morphologies=3): occupied=35, pending=384, in flight=40
22:49:10: 5899x RT, 98.3 creatures/sec. Fitness: best=1527.7, avg=987.5, new=(qd-mutate=700.2). MAP-Elites(8x8, morphologies=3): occupied=35, pending=384, in flight=40
22:49:12: 5856x RT, 97.6 creatures/sec. Fitness: best=1527.7, avg=987.5, new=(qd-mutate=662.7). MAP-Elites(8x8, morphologies=3): occupied=35, pending=384, in flight=40
22:49:14: 5884x RT, 98.1 creatures/sec. Fitness: best=1527.7, avg=987.5, new=(qd-mutate=605.0). MAP-Elites(8x8, morphologies=3): occupied=35, pending=384, in flight=40
22:49:16: 5860x RT, 97.7 creatures/sec. Fitness: best=1527.7, avg=987.5, new=(qd-mutate=661.3). MAP-Elites(8x8, morphologies=3): occupied=35, pending=384, in flight=40
22:49:18: 5864x RT, 97.7 creatures/sec. Fitness: best=1527.7, avg=987.5, new=(qd-mutate=645.5). MAP-Elites(8x8, morphologies=3): occupied=35, pending=384, in flight=40
22:49:20: 5824x RT, 97.1 creatures/sec. Fitness: best=1527.7, avg=987.5, new=(qd-mutate=662.6). MAP-Elites(8x8, morphologies=3): occupied=35, pending=384, in flight=40
22:49:22: 5909x RT, 98.5 creatures/sec. Fitness: best=1527.7, avg=987.5, new=(qd-mutate=638.7). MAP-Elites(8x8, morphologies=3): occupied=35, pending=384, in flight=40
22:49:24: 5887x RT, 98.1 creatures/sec. Fitness: best=1527.7, avg=987.5, new=(qd-mutate=662.3). MAP-Elites(8x8, morphologies=3): occupied=35, pending=384, in flight=40
22:49:26: 5808x RT, 96.8 creatures/sec. Fitness: best=1527.7, avg=987.5, new=(qd-mutate=615.9). MAP-Elites(8x8, morphologies=3): occupied=35, pending=384, in flight=40
22:49:28: 5837x RT, 97.3 creatures/sec. Fitness: best=1527.7, avg=987.5, new=(qd-mutate=634.6). MAP-Elites(8x8, morphologies=3): occupied=35, pending=384, in flight=40
22:49:30: 5869x RT, 97.8 creatures/sec. Fitness: best=1527.7, avg=989.5, new=(qd-mutate=675.7). MAP-Elites(8x8, morphologies=3): occupied=35, pending=384, in flight=40
22:49:32: 5849x RT, 97.5 creatures/sec. Fitness: best=1527.7, avg=989.5, new=(qd-mutate=708.2). MAP-Elites(8x8, morphologies=3): occupied=35, pending=384, in flight=40
22:49:34: 5854x RT, 97.6 creatures/sec. Fitness: best=1527.7, avg=989.5, new=(qd-mutate=671.1). MAP-Elites(8x8, morphologies=3): occupied=35, pending=384, in flight=40
22:49:36: 5824x RT, 97.1 creatures/sec. Fitness: best=1527.7, avg=989.5, new=(qd-mutate=641.8). MAP-Elites(8x8, morphologies=3): occupied=35, pending=384, in flight=40
22:49:38: 5880x RT, 98.0 creatures/sec. Fitness: best=1527.7, avg=989.5, new=(qd-mutate=645.0). MAP-Elites(8x8, morphologies=3): occupied=35, pending=384, in flight=40
22:49:41: 5856x RT, 97.6 creatures/sec. Fitness: best=1527.7, avg=989.5, new=(qd-mutate=670.8). MAP-Elites(8x8, morphologies=3): occupied=35, pending=384, in flight=40
22:49:43: 5843x RT, 97.4 creatures/sec. Fitness: best=1527.7, avg=989.5, new=(qd-mutate=643.0). MAP-Elites(8x8, morphologies=3): occupied=35, pending=384, in flight=40
22:49:45: 5853x RT, 97.5 creatures/sec. Fitness: best=1527.7, avg=989.5, new=(qd-mutate=650.6). MAP-Elites(8x8, morphologies=3): occupied=35, pending=384, in flight=40
22:49:47: 5851x RT, 97.5 creatures/sec. Fitness: best=1527.7, avg=989.5, new=(qd-mutate=612.1). MAP-Elites(8x8, morphologies=3): occupied=35, pending=384, in flight=40
22:49:49: 5880x RT, 98.0 creatures/sec. Fitness: best=1527.7, avg=992.4, new=(qd-mutate=679.4). MAP-Elites(8x8, morphologies=3): occupied=35, pending=384, in flight=40
22:49:51: 5861x RT, 97.7 creatures/sec. Fitness: best=1527.7, avg=992.4, new=(qd-mutate=667.2). MAP-Elites(8x8, morphologies=3): occupied=35, pending=384, in flight=40
22:49:53: 5861x RT, 97.7 creatures/sec. Fitness: best=1527.7, avg=992.4, new=(qd-mutate=630.9). MAP-Elites(8x8, morphologies=3): occupied=35, pending=384, in flight=40
7637008 bytes written to /Users/dag/projects/Machine-Evolved-credible-training/training-runs/me-v2-harmonic-qd-01-double-gravity-double-population-8w/config.json. 
22:49:55: 5818x RT, 97.0 creatures/sec. Fitness: best=1527.7, avg=993.4, new=(qd-mutate=637.2). MAP-Elites(8x8, morphologies=3): occupied=35, pending=384, in flight=40
22:49:57: 5823x RT, 97.0 creatures/sec. Fitness: best=1527.7, avg=993.4, new=(qd-mutate=652.0). MAP-Elites(8x8, morphologies=3): occupied=35, pending=384, in flight=40
22:49:59: 5957x RT, 99.3 creatures/sec. Fitness: best=1527.7, avg=993.4, new=(qd-mutate=641.9). MAP-Elites(8x8, morphologies=3): occupied=35, pending=384, in flight=40
22:50:01: 5413x RT, 90.2 creatures/sec. Fitness: best=1527.7, avg=993.4, new=(qd-mutate=709.0). MAP-Elites(8x8, morphologies=3): occupied=35, pending=384, in flight=40
22:50:03: 5713x RT, 95.2 creatures/sec. Fitness: best=1527.7, avg=993.4, new=(qd-mutate=648.4). MAP-Elites(8x8, morphologies=3): occupied=35, pending=384, in flight=40
22:50:05: 5830x RT, 97.2 creatures/sec. Fitness: best=1527.7, avg=993.4, new=(qd-mutate=648.3). MAP-Elites(8x8, morphologies=3): occupied=35, pending=384, in flight=40
22:50:07: 5885x RT, 98.1 creatures/sec. Fitness: best=1527.7, avg=993.4, new=(qd-mutate=665.7). MAP-Elites(8x8, morphologies=3): occupied=35, pending=384, in flight=40
22:50:10: 5862x RT, 97.7 creatures/sec. Fitness: best=1527.7, avg=993.4, new=(qd-mutate=659.0). MAP-Elites(8x8, morphologies=3): occupied=35, pending=384, in flight=40
22:50:12: 5508x RT, 91.8 creatures/sec. Fitness: best=1527.7, avg=993.4, new=(qd-mutate=623.9). MAP-Elites(8x8, morphologies=3): occupied=35, pending=384, in flight=40
22:50:14: 5059x RT, 84.3 creatures/sec. Fitness: best=1527.7, avg=993.4, new=(qd-mutate=641.8). MAP-Elites(8x8, morphologies=3): occupied=35, pending=384, in flight=40
22:50:16: 4855x RT, 80.9 creatures/sec. Fitness: best=1527.7, avg=993.4, new=(qd-mutate=633.1). MAP-Elites(8x8, morphologies=3): occupied=35, pending=384, in flight=40
22:50:18: 4988x RT, 83.1 creatures/sec. Fitness: best=1527.7, avg=993.4, new=(qd-mutate=666.1). MAP-Elites(8x8, morphologies=3): occupied=35, pending=384, in flight=40
22:50:20: 4948x RT, 82.5 creatures/sec. Fitness: best=1527.7, avg=993.4, new=(qd-mutate=673.2). MAP-Elites(8x8, morphologies=3): occupied=35, pending=384, in flight=40
22:50:22: 5085x RT, 84.8 creatures/sec. Fitness: best=1527.7, avg=993.4, new=(qd-mutate=668.7). MAP-Elites(8x8, morphologies=3): occupied=35, pending=384, in flight=40
22:50:24: 5719x RT, 95.3 creatures/sec. Fitness: best=1527.7, avg=993.4, new=(qd-mutate=692.2). MAP-Elites(8x8, morphologies=3): occupied=35, pending=384, in flight=40
22:50:26: 5590x RT, 93.2 creatures/sec. Fitness: best=1527.7, avg=993.4, new=(qd-mutate=689.6). MAP-Elites(8x8, morphologies=3): occupied=35, pending=384, in flight=40
22:50:28: 5618x RT, 93.6 creatures/sec. Fitness: best=1527.7, avg=993.4, new=(qd-mutate=711.0). MAP-Elites(8x8, morphologies=3): occupied=35, pending=384, in flight=40
22:50:30: 5782x RT, 96.4 creatures/sec. Fitness: best=1527.7, avg=993.4, new=(qd-mutate=686.2). MAP-Elites(8x8, morphologies=3): occupied=35, pending=384, in flight=40
22:50:32: 5888x RT, 98.1 creatures/sec. Fitness: best=1527.7, avg=993.4, new=(qd-mutate=692.9). MAP-Elites(8x8, morphologies=3): occupied=35, pending=384, in flight=40
22:50:34: 5834x RT, 97.2 creatures/sec. Fitness: best=1527.7, avg=993.4, new=(qd-mutate=682.7). MAP-Elites(8x8, morphologies=3): occupied=35, pending=384, in flight=40
22:50:36: 5829x RT, 97.2 creatures/sec. Fitness: best=1527.7, avg=993.4, new=(qd-mutate=643.5). MAP-Elites(8x8, morphologies=3): occupied=35, pending=384, in flight=40
22:50:38: 5814x RT, 96.9 creatures/sec. Fitness: best=1527.7, avg=993.4, new=(qd-mutate=648.7). MAP-Elites(8x8, morphologies=3): occupied=35, pending=384, in flight=40
22:50:40: 5932x RT, 98.9 creatures/sec. Fitness: best=1527.7, avg=993.4, new=(qd-mutate=700.5). MAP-Elites(8x8, morphologies=3): occupied=35, pending=384, in flight=40
22:50:42: 5812x RT, 96.9 creatures/sec. Fitness: best=1527.7, avg=993.4, new=(qd-mutate=636.8). MAP-Elites(8x8, morphologies=3): occupied=35, pending=384, in flight=40
22:50:44: 5900x RT, 98.3 creatures/sec. Fitness: best=1527.7, avg=993.4, new=(qd-mutate=653.6). MAP-Elites(8x8, morphologies=3): occupied=35, pending=384, in flight=40
22:50:46: 5856x RT, 97.6 creatures/sec. Fitness: best=1527.7, avg=993.4, new=(qd-mutate=653.5). MAP-Elites(8x8, morphologies=3): occupied=35, pending=384, in flight=40
22:50:49: 5819x RT, 97.0 creatures/sec. Fitness: best=1527.7, avg=993.4, new=(qd-mutate=676.4). MAP-Elites(8x8, morphologies=3): occupied=35, pending=384, in flight=40
22:50:51: 5808x RT, 96.8 creatures/sec. Fitness: best=1527.7, avg=993.4, new=(qd-mutate=653.0). MAP-Elites(8x8, morphologies=3): occupied=35, pending=384, in flight=40
22:50:53: 5986x RT, 99.8 creatures/sec. Fitness: best=1527.7, avg=993.4, new=(qd-mutate=648.4). MAP-Elites(8x8, morphologies=3): occupied=35, pending=384, in flight=40
7649201 bytes written to /Users/dag/projects/Machine-Evolved-credible-training/training-runs/me-v2-harmonic-qd-01-double-gravity-double-population-8w/config.json. 
22:50:55: 5607x RT, 93.5 creatures/sec. Fitness: best=1527.7, avg=993.4, new=(qd-mutate=656.8). MAP-Elites(8x8, morphologies=3): occupied=35, pending=384, in flight=40
22:50:57: 5830x RT, 97.2 creatures/sec. Fitness: best=1527.7, avg=993.4, new=(qd-mutate=646.0). MAP-Elites(8x8, morphologies=3): occupied=35, pending=384, in flight=40
22:50:59: 5851x RT, 97.5 creatures/sec. Fitness: best=1527.7, avg=993.4, new=(qd-mutate=640.5). MAP-Elites(8x8, morphologies=3): occupied=35, pending=384, in flight=40
22:51:01: 5821x RT, 97.0 creatures/sec. Fitness: best=1527.7, avg=993.4, new=(qd-mutate=635.1). MAP-Elites(8x8, morphologies=3): occupied=35, pending=384, in flight=40
22:51:03: 5883x RT, 98.0 creatures/sec. Fitness: best=1527.7, avg=993.4, new=(qd-mutate=611.5). MAP-Elites(8x8, morphologies=3): occupied=35, pending=384, in flight=40
22:51:05: 5683x RT, 94.7 creatures/sec. Fitness: best=1527.7, avg=993.4, new=(qd-mutate=673.5). MAP-Elites(8x8, morphologies=3): occupied=35, pending=384, in flight=40
22:51:07: 5637x RT, 94.0 creatures/sec. Fitness: best=1527.7, avg=993.4, new=(qd-mutate=671.8). MAP-Elites(8x8, morphologies=3): occupied=35, pending=384, in flight=40
22:51:09: 5742x RT, 95.7 creatures/sec. Fitness: best=1527.7, avg=993.4, new=(qd-mutate=634.5). MAP-Elites(8x8, morphologies=3): occupied=35, pending=384, in flight=40
22:51:11: 5746x RT, 95.8 creatures/sec. Fitness: best=1527.7, avg=993.4, new=(qd-mutate=698.6). MAP-Elites(8x8, morphologies=3): occupied=35, pending=384, in flight=40
22:51:13: 5846x RT, 97.4 creatures/sec. Fitness: best=1527.7, avg=993.4, new=(qd-mutate=643.0). MAP-Elites(8x8, morphologies=3): occupied=35, pending=384, in flight=40
22:51:15: 5787x RT, 96.4 creatures/sec. Fitness: best=1527.7, avg=993.4, new=(qd-mutate=640.4). MAP-Elites(8x8, morphologies=3): occupied=35, pending=384, in flight=40
22:51:17: 5860x RT, 97.7 creatures/sec. Fitness: best=1527.7, avg=993.4, new=(qd-mutate=661.3). MAP-Elites(8x8, morphologies=3): occupied=35, pending=384, in flight=40
22:51:19: 5542x RT, 92.4 creatures/sec. Fitness: best=1527.7, avg=993.4, new=(qd-mutate=658.5). MAP-Elites(8x8, morphologies=3): occupied=35, pending=384, in flight=40
22:51:22: 5091x RT, 84.8 creatures/sec. Fitness: best=1527.7, avg=993.4, new=(qd-mutate=674.1). MAP-Elites(8x8, morphologies=3): occupied=35, pending=384, in flight=40
22:51:24: 4781x RT, 79.7 creatures/sec. Fitness: best=1527.7, avg=993.4, new=(qd-mutate=612.2). MAP-Elites(8x8, morphologies=3): occupied=35, pending=384, in flight=41
22:51:26: 4199x RT, 70.0 creatures/sec. Fitness: best=1527.7, avg=993.4, new=(qd-mutate=664.1). MAP-Elites(8x8, morphologies=3): occupied=35, pending=384, in flight=40
22:51:28: 4743x RT, 79.0 creatures/sec. Fitness: best=1527.7, avg=993.4, new=(qd-mutate=653.4). MAP-Elites(8x8, morphologies=3): occupied=35, pending=384, in flight=40
22:51:30: 4923x RT, 82.0 creatures/sec. Fitness: best=1527.7, avg=993.4, new=(qd-mutate=655.9). MAP-Elites(8x8, morphologies=3): occupied=35, pending=384, in flight=40
22:51:32: 5648x RT, 94.1 creatures/sec. Fitness: best=1527.7, avg=993.4, new=(qd-mutate=657.1). MAP-Elites(8x8, morphologies=3): occupied=35, pending=384, in flight=40
22:51:34: 5974x RT, 99.6 creatures/sec. Fitness: best=1527.7, avg=993.4, new=(qd-mutate=701.7). MAP-Elites(8x8, morphologies=3): occupied=35, pending=384, in flight=40
22:51:36: 5215x RT, 86.9 creatures/sec. Fitness: best=1527.7, avg=993.4, new=(qd-mutate=659.1). MAP-Elites(8x8, morphologies=3): occupied=35, pending=384, in flight=40
22:51:38: 5767x RT, 96.1 creatures/sec. Fitness: best=1527.7, avg=993.4, new=(qd-mutate=666.4). MAP-Elites(8x8, morphologies=3): occupied=35, pending=384, in flight=40
22:51:40: 5875x RT, 97.9 creatures/sec. Fitness: best=1527.7, avg=993.4, new=(qd-mutate=668.2). MAP-Elites(8x8, morphologies=3): occupied=35, pending=384, in flight=40
22:51:42: 5780x RT, 96.3 creatures/sec. Fitness: best=1527.7, avg=993.4, new=(qd-mutate=624.6). MAP-Elites(8x8, morphologies=3): occupied=35, pending=384, in flight=40
22:51:44: 5809x RT, 96.8 creatures/sec. Fitness: best=1527.7, avg=993.4, new=(qd-mutate=641.4). MAP-Elites(8x8, morphologies=3): occupied=35, pending=384, in flight=40
22:51:46: 5845x RT, 97.4 creatures/sec. Fitness: best=1527.7, avg=993.4, new=(qd-mutate=622.4). MAP-Elites(8x8, morphologies=3): occupied=35, pending=384, in flight=40
22:51:48: 5783x RT, 96.4 creatures/sec. Fitness: best=1527.7, avg=993.4, new=(qd-mutate=703.1). MAP-Elites(8x8, morphologies=3): occupied=35, pending=384, in flight=40
22:51:50: 5855x RT, 97.6 creatures/sec. Fitness: best=1527.7, avg=993.4, new=(qd-mutate=673.2). MAP-Elites(8x8, morphologies=3): occupied=35, pending=384, in flight=40
22:51:52: 5900x RT, 98.3 creatures/sec. Fitness: best=1527.7, avg=993.4, new=(qd-mutate=610.4). MAP-Elites(8x8, morphologies=3): occupied=35, pending=384, in flight=40
7632792 bytes written to /Users/dag/projects/Machine-Evolved-credible-training/training-runs/me-v2-harmonic-qd-01-double-gravity-double-population-8w/config.json. 
22:51:55: 5791x RT, 96.5 creatures/sec. Fitness: best=1527.7, avg=993.4, new=(qd-mutate=633.3). MAP-Elites(8x8, morphologies=3): occupied=35, pending=384, in flight=40
22:51:57: 5524x RT, 92.1 creatures/sec. Fitness: best=1527.7, avg=993.4, new=(qd-mutate=681.8). MAP-Elites(8x8, morphologies=3): occupied=35, pending=384, in flight=40
22:51:59: 5525x RT, 92.1 creatures/sec. Fitness: best=1527.7, avg=993.4, new=(qd-mutate=646.2). MAP-Elites(8x8, morphologies=3): occupied=35, pending=384, in flight=40
22:52:01: 5735x RT, 95.6 creatures/sec. Fitness: best=1527.7, avg=993.4, new=(qd-mutate=669.7). MAP-Elites(8x8, morphologies=3): occupied=35, pending=384, in flight=40
22:52:03: 5886x RT, 98.1 creatures/sec. Fitness: best=1527.7, avg=993.4, new=(qd-mutate=678.3). MAP-Elites(8x8, morphologies=3): occupied=35, pending=384, in flight=40
22:52:05: 5783x RT, 96.4 creatures/sec. Fitness: best=1527.7, avg=993.4, new=(qd-mutate=682.0). MAP-Elites(8x8, morphologies=3): occupied=35, pending=384, in flight=40
22:52:07: 5836x RT, 97.3 creatures/sec. Fitness: best=1527.7, avg=993.4, new=(qd-mutate=651.8). MAP-Elites(8x8, morphologies=3): occupied=35, pending=384, in flight=40
22:52:09: 5866x RT, 97.8 creatures/sec. Fitness: best=1527.7, avg=993.4, new=(qd-mutate=660.4). MAP-Elites(8x8, morphologies=3): occupied=35, pending=384, in flight=40
22:52:11: 5782x RT, 96.4 creatures/sec. Fitness: best=1527.7, avg=993.4, new=(qd-mutate=601.4). MAP-Elites(8x8, morphologies=3): occupied=35, pending=384, in flight=40
22:52:13: 5875x RT, 97.9 creatures/sec. Fitness: best=1527.7, avg=993.4, new=(qd-mutate=689.8). MAP-Elites(8x8, morphologies=3): occupied=35, pending=384, in flight=40
22:52:15: 5353x RT, 89.2 creatures/sec. Fitness: best=1527.7, avg=993.4, new=(qd-mutate=655.0). MAP-Elites(8x8, morphologies=3): occupied=35, pending=384, in flight=40
22:52:17: 5250x RT, 87.5 creatures/sec. Fitness: best=1527.7, avg=993.4, new=(qd-mutate=677.7). MAP-Elites(8x8, morphologies=3): occupied=35, pending=384, in flight=40
22:52:19: 4962x RT, 82.7 creatures/sec. Fitness: best=1527.7, avg=993.4, new=(qd-mutate=657.9). MAP-Elites(8x8, morphologies=3): occupied=35, pending=384, in flight=40
22:52:22: 4694x RT, 78.2 creatures/sec. Fitness: best=1527.7, avg=993.4, new=(qd-mutate=671.6). MAP-Elites(8x8, morphologies=3): occupied=35, pending=384, in flight=40
22:52:24: 4981x RT, 83.0 creatures/sec. Fitness: best=1527.7, avg=993.4, new=(qd-mutate=644.3). MAP-Elites(8x8, morphologies=3): occupied=35, pending=384, in flight=40
22:52:26: 5350x RT, 89.2 creatures/sec. Fitness: best=1527.7, avg=993.4, new=(qd-mutate=678.2). MAP-Elites(8x8, morphologies=3): occupied=35, pending=384, in flight=40
22:52:28: 5772x RT, 96.2 creatures/sec. Fitness: best=1527.7, avg=993.4, new=(qd-mutate=696.0). MAP-Elites(8x8, morphologies=3): occupied=35, pending=384, in flight=40
22:52:30: 5550x RT, 92.5 creatures/sec. Fitness: best=1527.7, avg=993.4, new=(qd-mutate=659.1). MAP-Elites(8x8, morphologies=3): occupied=35, pending=384, in flight=40
22:52:32: 5847x RT, 97.5 creatures/sec. Fitness: best=1527.7, avg=993.4, new=(qd-mutate=638.1). MAP-Elites(8x8, morphologies=3): occupied=35, pending=384, in flight=40
22:52:34: 5208x RT, 86.8 creatures/sec. Fitness: best=1527.7, avg=993.4, new=(qd-mutate=662.2). MAP-Elites(8x8, morphologies=3): occupied=35, pending=384, in flight=40
22:52:36: 5870x RT, 97.8 creatures/sec. Fitness: best=1527.7, avg=993.4, new=(qd-mutate=651.8). MAP-Elites(8x8, morphologies=3): occupied=35, pending=384, in flight=40
22:52:38: 4706x RT, 78.4 creatures/sec. Fitness: best=1527.7, avg=993.4, new=(qd-mutate=705.1). MAP-Elites(8x8, morphologies=3): occupied=35, pending=384, in flight=40
22:52:40: 5052x RT, 84.2 creatures/sec. Fitness: best=1527.7, avg=993.4, new=(qd-mutate=651.4). MAP-Elites(8x8, morphologies=3): occupied=35, pending=384, in flight=40
22:52:42: 5667x RT, 94.5 creatures/sec. Fitness: best=1527.7, avg=993.4, new=(qd-mutate=671.1). MAP-Elites(8x8, morphologies=3): occupied=35, pending=384, in flight=40
22:52:44: 5765x RT, 96.1 creatures/sec. Fitness: best=1527.7, avg=993.4, new=(qd-mutate=665.9). MAP-Elites(8x8, morphologies=3): occupied=35, pending=384, in flight=40
22:52:46: 5740x RT, 95.7 creatures/sec. Fitness: best=1527.7, avg=993.4, new=(qd-mutate=639.5). MAP-Elites(8x8, morphologies=3): occupied=35, pending=384, in flight=40
22:52:48: 5078x RT, 84.6 creatures/sec. Fitness: best=1527.7, avg=993.4, new=(qd-mutate=644.5). MAP-Elites(8x8, morphologies=3): occupied=35, pending=384, in flight=40
22:52:50: 4843x RT, 80.7 creatures/sec. Fitness: best=1527.7, avg=993.4, new=(qd-mutate=691.5). MAP-Elites(8x8, morphologies=3): occupied=35, pending=384, in flight=40
22:52:52: 5353x RT, 89.2 creatures/sec. Fitness: best=1527.7, avg=993.4, new=(qd-mutate=673.1). MAP-Elites(8x8, morphologies=3): occupied=35, pending=384, in flight=40
7671477 bytes written to /Users/dag/projects/Machine-Evolved-credible-training/training-runs/me-v2-harmonic-qd-01-double-gravity-double-population-8w/config.json. 
22:52:55: 5794x RT, 96.6 creatures/sec. Fitness: best=1527.7, avg=993.4, new=(qd-mutate=633.9). MAP-Elites(8x8, morphologies=3): occupied=35, pending=384, in flight=40
22:52:57: 5786x RT, 96.4 creatures/sec. Fitness: best=1527.7, avg=993.4, new=(qd-mutate=625.8). MAP-Elites(8x8, morphologies=3): occupied=35, pending=384, in flight=40
22:52:59: 5689x RT, 94.8 creatures/sec. Fitness: best=1527.7, avg=993.4, new=(qd-mutate=629.0). MAP-Elites(8x8, morphologies=3): occupied=35, pending=384, in flight=40
22:53:01: 4756x RT, 79.3 creatures/sec. Fitness: best=1527.7, avg=993.4, new=(qd-mutate=612.5). MAP-Elites(8x8, morphologies=3): occupied=35, pending=384, in flight=40
22:53:03: 5194x RT, 86.6 creatures/sec. Fitness: best=1527.7, avg=993.4, new=(qd-mutate=662.0). MAP-Elites(8x8, morphologies=3): occupied=35, pending=384, in flight=40
22:53:05: 5642x RT, 94.0 creatures/sec. Fitness: best=1527.7, avg=993.4, new=(qd-mutate=644.5). MAP-Elites(8x8, morphologies=3): occupied=35, pending=384, in flight=40
22:53:07: 5786x RT, 96.4 creatures/sec. Fitness: best=1527.7, avg=993.4, new=(qd-mutate=653.7). MAP-Elites(8x8, morphologies=3): occupied=35, pending=384, in flight=40
22:53:09: 5723x RT, 95.4 creatures/sec. Fitness: best=1527.7, avg=993.4, new=(qd-mutate=662.6). MAP-Elites(8x8, morphologies=3): occupied=35, pending=384, in flight=40
22:53:11: 5766x RT, 96.1 creatures/sec. Fitness: best=1527.7, avg=993.4, new=(qd-mutate=593.4). MAP-Elites(8x8, morphologies=3): occupied=35, pending=384, in flight=40
22:53:13: 5707x RT, 95.1 creatures/sec. Fitness: best=1527.7, avg=993.4, new=(qd-mutate=637.7). MAP-Elites(8x8, morphologies=3): occupied=35, pending=384, in flight=40
22:53:15: 5868x RT, 97.8 creatures/sec. Fitness: best=1527.7, avg=993.4, new=(qd-mutate=683.8). MAP-Elites(8x8, morphologies=3): occupied=35, pending=384, in flight=40
22:53:17: 4821x RT, 80.4 creatures/sec. Fitness: best=1527.7, avg=993.4, new=(qd-mutate=691.5). MAP-Elites(8x8, morphologies=3): occupied=35, pending=384, in flight=40
22:53:19: 5422x RT, 90.4 creatures/sec. Fitness: best=1527.7, avg=993.4, new=(qd-mutate=647.3). MAP-Elites(8x8, morphologies=3): occupied=35, pending=384, in flight=40
22:53:21: 5765x RT, 96.1 creatures/sec. Fitness: best=1527.7, avg=993.4, new=(qd-mutate=662.4). MAP-Elites(8x8, morphologies=3): occupied=35, pending=384, in flight=40
22:53:23: 5865x RT, 97.8 creatures/sec. Fitness: best=1527.7, avg=993.4, new=(qd-mutate=631.2). MAP-Elites(8x8, morphologies=3): occupied=35, pending=384, in flight=40
22:53:25: 5787x RT, 96.5 creatures/sec. Fitness: best=1527.7, avg=993.4, new=(qd-mutate=616.0). MAP-Elites(8x8, morphologies=3): occupied=35, pending=384, in flight=40
22:53:27: 5867x RT, 97.8 creatures/sec. Fitness: best=1527.7, avg=993.4, new=(qd-mutate=659.9). MAP-Elites(8x8, morphologies=3): occupied=35, pending=384, in flight=40
22:53:30: 5792x RT, 96.5 creatures/sec. Fitness: best=1527.7, avg=993.4, new=(qd-mutate=638.1). MAP-Elites(8x8, morphologies=3): occupied=35, pending=384, in flight=40
22:53:32: 5868x RT, 97.8 creatures/sec. Fitness: best=1527.7, avg=993.4, new=(qd-mutate=670.3). MAP-Elites(8x8, morphologies=3): occupied=35, pending=384, in flight=40
22:53:34: 5806x RT, 96.8 creatures/sec. Fitness: best=1527.7, avg=993.4, new=(qd-mutate=635.2). MAP-Elites(8x8, morphologies=3): occupied=35, pending=384, in flight=40
22:53:36: 5840x RT, 97.3 creatures/sec. Fitness: best=1527.7, avg=993.4, new=(qd-mutate=699.7). MAP-Elites(8x8, morphologies=3): occupied=35, pending=384, in flight=40
22:53:38: 5802x RT, 96.7 creatures/sec. Fitness: best=1527.7, avg=1000.6, new=(qd-mutate=661.8). MAP-Elites(8x8, morphologies=3): occupied=35, pending=384, in flight=40
22:53:40: 5882x RT, 98.0 creatures/sec. Fitness: best=1527.7, avg=1000.6, new=(qd-mutate=647.6). MAP-Elites(8x8, morphologies=3): occupied=35, pending=384, in flight=40
22:53:42: 5814x RT, 96.9 creatures/sec. Fitness: best=1527.7, avg=1000.6, new=(qd-mutate=695.3). MAP-Elites(8x8, morphologies=3): occupied=35, pending=384, in flight=40
22:53:44: 5833x RT, 97.2 creatures/sec. Fitness: best=1527.7, avg=1000.6, new=(qd-mutate=639.0). MAP-Elites(8x8, morphologies=3): occupied=35, pending=384, in flight=40
22:53:46: 5871x RT, 97.8 creatures/sec. Fitness: best=1527.7, avg=1000.6, new=(qd-mutate=666.4). MAP-Elites(8x8, morphologies=3): occupied=35, pending=384, in flight=40
22:53:48: 5811x RT, 96.8 creatures/sec. Fitness: best=1527.7, avg=1000.6, new=(qd-mutate=679.5). MAP-Elites(8x8, morphologies=3): occupied=35, pending=384, in flight=40
22:53:50: 5792x RT, 96.5 creatures/sec. Fitness: best=1527.7, avg=1000.6, new=(qd-mutate=638.5). MAP-Elites(8x8, morphologies=3): occupied=35, pending=384, in flight=40
22:53:52: 5868x RT, 97.8 creatures/sec. Fitness: best=1527.7, avg=1000.6, new=(qd-mutate=652.4). MAP-Elites(8x8, morphologies=3): occupied=35, pending=384, in flight=40
7636685 bytes written to /Users/dag/projects/Machine-Evolved-credible-training/training-runs/me-v2-harmonic-qd-01-double-gravity-double-population-8w/config.json. 
22:53:54: 5840x RT, 97.3 creatures/sec. Fitness: best=1527.7, avg=1000.6, new=(qd-mutate=677.4). MAP-Elites(8x8, morphologies=3): occupied=35, pending=384, in flight=40
22:53:57: 5700x RT, 95.0 creatures/sec. Fitness: best=1527.7, avg=1001.4, new=(qd-mutate=663.1). MAP-Elites(8x8, morphologies=3): occupied=35, pending=384, in flight=40
22:53:59: 5891x RT, 98.2 creatures/sec. Fitness: best=1527.7, avg=1001.4, new=(qd-mutate=678.2). MAP-Elites(8x8, morphologies=3): occupied=35, pending=384, in flight=40
22:54:01: 5846x RT, 97.4 creatures/sec. Fitness: best=1527.7, avg=1001.4, new=(qd-mutate=649.8). MAP-Elites(8x8, morphologies=3): occupied=35, pending=384, in flight=40
22:54:03: 5855x RT, 97.6 creatures/sec. Fitness: best=1527.7, avg=1001.4, new=(qd-mutate=725.0). MAP-Elites(8x8, morphologies=3): occupied=35, pending=384, in flight=40
22:54:05: 5812x RT, 96.9 creatures/sec. Fitness: best=1527.7, avg=1001.4, new=(qd-mutate=628.4). MAP-Elites(8x8, morphologies=3): occupied=35, pending=384, in flight=40
22:54:07: 5831x RT, 97.2 creatures/sec. Fitness: best=1527.7, avg=1001.4, new=(qd-mutate=677.5). MAP-Elites(8x8, morphologies=3): occupied=35, pending=384, in flight=40
22:54:09: 5843x RT, 97.4 creatures/sec. Fitness: best=1527.7, avg=1001.4, new=(qd-mutate=665.2). MAP-Elites(8x8, morphologies=3): occupied=35, pending=384, in flight=40
22:54:11: 5828x RT, 97.1 creatures/sec. Fitness: best=1527.7, avg=1001.4, new=(qd-mutate=617.2). MAP-Elites(8x8, morphologies=3): occupied=35, pending=384, in flight=40
22:54:13: 5536x RT, 92.3 creatures/sec. Fitness: best=1527.7, avg=1001.4, new=(qd-mutate=711.2). MAP-Elites(8x8, morphologies=3): occupied=35, pending=384, in flight=40
22:54:15: 5838x RT, 97.3 creatures/sec. Fitness: best=1527.7, avg=1001.4, new=(qd-mutate=669.8). MAP-Elites(8x8, morphologies=3): occupied=35, pending=384, in flight=40
22:54:17: 5860x RT, 97.7 creatures/sec. Fitness: best=1527.7, avg=1001.4, new=(qd-mutate=684.7). MAP-Elites(8x8, morphologies=3): occupied=35, pending=384, in flight=40
22:54:19: 5848x RT, 97.5 creatures/sec. Fitness: best=1527.7, avg=1001.4, new=(qd-mutate=659.8). MAP-Elites(8x8, morphologies=3): occupied=35, pending=384, in flight=40
22:54:22: 5824x RT, 97.1 creatures/sec. Fitness: best=1527.7, avg=1001.4, new=(qd-mutate=702.0). MAP-Elites(8x8, morphologies=3): occupied=35, pending=384, in flight=40
22:54:24: 5900x RT, 98.3 creatures/sec. Fitness: best=1527.7, avg=1001.4, new=(qd-mutate=687.4). MAP-Elites(8x8, morphologies=3): occupied=35, pending=384, in flight=40
22:54:26: 5841x RT, 97.3 creatures/sec. Fitness: best=1527.7, avg=1001.4, new=(qd-mutate=665.5). MAP-Elites(8x8, morphologies=3): occupied=35, pending=384, in flight=40
22:54:28: 5500x RT, 91.7 creatures/sec. Fitness: best=1527.7, avg=1001.4, new=(qd-mutate=707.0). MAP-Elites(8x8, morphologies=3): occupied=35, pending=384, in flight=40
22:54:30: 5881x RT, 98.0 creatures/sec. Fitness: best=1527.7, avg=1001.4, new=(qd-mutate=647.2). MAP-Elites(8x8, morphologies=3): occupied=35, pending=384, in flight=40
22:54:32: 5868x RT, 97.8 creatures/sec. Fitness: best=1527.7, avg=1001.4, new=(qd-mutate=661.9). MAP-Elites(8x8, morphologies=3): occupied=35, pending=384, in flight=40
22:54:34: 5877x RT, 97.9 creatures/sec. Fitness: best=1527.7, avg=1001.4, new=(qd-mutate=665.4). MAP-Elites(8x8, morphologies=3): occupied=35, pending=384, in flight=40
22:54:36: 5597x RT, 93.3 creatures/sec. Fitness: best=1527.7, avg=1001.4, new=(qd-mutate=719.6). MAP-Elites(8x8, morphologies=3): occupied=35, pending=384, in flight=40
22:54:38: 5875x RT, 97.9 creatures/sec. Fitness: best=1527.7, avg=1001.4, new=(qd-mutate=671.3). MAP-Elites(8x8, morphologies=3): occupied=35, pending=384, in flight=40
22:54:40: 5827x RT, 97.1 creatures/sec. Fitness: best=1527.7, avg=1001.4, new=(qd-mutate=655.8). MAP-Elites(8x8, morphologies=3): occupied=35, pending=384, in flight=40
22:54:42: 5862x RT, 97.7 creatures/sec. Fitness: best=1527.7, avg=1001.4, new=(qd-mutate=687.9). MAP-Elites(8x8, morphologies=3): occupied=35, pending=384, in flight=40
22:54:44: 5843x RT, 97.4 creatures/sec. Fitness: best=1527.7, avg=1001.4, new=(qd-mutate=700.9). MAP-Elites(8x8, morphologies=3): occupied=35, pending=384, in flight=40
22:54:46: 5875x RT, 97.9 creatures/sec. Fitness: best=1527.7, avg=1001.4, new=(qd-mutate=699.2). MAP-Elites(8x8, morphologies=3): occupied=35, pending=384, in flight=40
22:54:48: 5781x RT, 96.4 creatures/sec. Fitness: best=1527.7, avg=1001.4, new=(qd-mutate=622.1). MAP-Elites(8x8, morphologies=3): occupied=35, pending=384, in flight=40
22:54:50: 5874x RT, 97.9 creatures/sec. Fitness: best=1527.7, avg=1001.4, new=(qd-mutate=653.3). MAP-Elites(8x8, morphologies=3): occupied=35, pending=384, in flight=40
22:54:52: 5807x RT, 96.8 creatures/sec. Fitness: best=1527.7, avg=1001.4, new=(qd-mutate=693.2). MAP-Elites(8x8, morphologies=3): occupied=35, pending=384, in flight=40
7672266 bytes written to /Users/dag/projects/Machine-Evolved-credible-training/training-runs/me-v2-harmonic-qd-01-double-gravity-double-population-8w/config.json. 
22:54:55: 5862x RT, 97.7 creatures/sec. Fitness: best=1527.7, avg=1001.4, new=(qd-mutate=661.6). MAP-Elites(8x8, morphologies=3): occupied=35, pending=384, in flight=40
22:54:57: 5841x RT, 97.4 creatures/sec. Fitness: best=1527.7, avg=1001.4, new=(qd-mutate=724.2). MAP-Elites(8x8, morphologies=3): occupied=35, pending=384, in flight=40
22:54:59: 5803x RT, 96.7 creatures/sec. Fitness: best=1527.7, avg=1001.4, new=(qd-mutate=665.5). MAP-Elites(8x8, morphologies=3): occupied=35, pending=384, in flight=40
22:55:01: 5860x RT, 97.7 creatures/sec. Fitness: best=1527.7, avg=1001.4, new=(qd-mutate=639.0). MAP-Elites(8x8, morphologies=3): occupied=35, pending=384, in flight=40
22:55:03: 5945x RT, 99.1 creatures/sec. Fitness: best=1527.7, avg=1001.4, new=(qd-mutate=653.2). MAP-Elites(8x8, morphologies=3): occupied=35, pending=384, in flight=40
22:55:05: 5858x RT, 97.6 creatures/sec. Fitness: best=1527.7, avg=1001.4, new=(qd-mutate=702.6). MAP-Elites(8x8, morphologies=3): occupied=35, pending=384, in flight=40
22:55:07: 5814x RT, 96.9 creatures/sec. Fitness: best=1527.7, avg=1001.4, new=(qd-mutate=652.7). MAP-Elites(8x8, morphologies=3): occupied=35, pending=384, in flight=40
22:55:09: 5882x RT, 98.0 creatures/sec. Fitness: best=1527.7, avg=1001.4, new=(qd-mutate=657.9). MAP-Elites(8x8, morphologies=3): occupied=35, pending=384, in flight=40
22:55:11: 5821x RT, 97.0 creatures/sec. Fitness: best=1527.7, avg=1001.4, new=(qd-mutate=661.9). MAP-Elites(8x8, morphologies=3): occupied=35, pending=384, in flight=40
22:55:13: 5862x RT, 97.7 creatures/sec. Fitness: best=1527.7, avg=1001.4, new=(qd-mutate=660.4). MAP-Elites(8x8, morphologies=3): occupied=35, pending=384, in flight=40
22:55:15: 5907x RT, 98.5 creatures/sec. Fitness: best=1527.7, avg=1001.4, new=(qd-mutate=662.5). MAP-Elites(8x8, morphologies=3): occupied=35, pending=384, in flight=40
22:55:17: 5392x RT, 89.9 creatures/sec. Fitness: best=1527.7, avg=1001.4, new=(qd-mutate=677.1). MAP-Elites(8x8, morphologies=3): occupied=35, pending=384, in flight=40
22:55:19: 5630x RT, 93.8 creatures/sec. Fitness: best=1527.7, avg=1001.4, new=(qd-mutate=682.9). MAP-Elites(8x8, morphologies=3): occupied=35, pending=384, in flight=40
22:55:21: 5897x RT, 98.3 creatures/sec. Fitness: best=1527.7, avg=1001.4, new=(qd-mutate=673.2). MAP-Elites(8x8, morphologies=3): occupied=35, pending=384, in flight=40
22:55:23: 5680x RT, 94.7 creatures/sec. Fitness: best=1527.7, avg=1001.4, new=(qd-mutate=668.7). MAP-Elites(8x8, morphologies=3): occupied=35, pending=384, in flight=40
22:55:25: 5774x RT, 96.2 creatures/sec. Fitness: best=1527.7, avg=1001.4, new=(qd-mutate=653.4). MAP-Elites(8x8, morphologies=3): occupied=35, pending=384, in flight=40
22:55:27: 5485x RT, 91.4 creatures/sec. Fitness: best=1527.7, avg=1001.4, new=(qd-mutate=671.9). MAP-Elites(8x8, morphologies=3): occupied=35, pending=384, in flight=40
22:55:30: 5686x RT, 94.8 creatures/sec. Fitness: best=1527.7, avg=1001.4, new=(qd-mutate=686.9). MAP-Elites(8x8, morphologies=3): occupied=35, pending=384, in flight=40
22:55:32: 5859x RT, 97.6 creatures/sec. Fitness: best=1527.7, avg=1001.4, new=(qd-mutate=651.9). MAP-Elites(8x8, morphologies=3): occupied=35, pending=384, in flight=40
22:55:34: 5856x RT, 97.6 creatures/sec. Fitness: best=1527.7, avg=1001.4, new=(qd-mutate=672.2). MAP-Elites(8x8, morphologies=3): occupied=35, pending=384, in flight=40
22:55:36: 5833x RT, 97.2 creatures/sec. Fitness: best=1527.7, avg=1001.4, new=(qd-mutate=635.0). MAP-Elites(8x8, morphologies=3): occupied=35, pending=384, in flight=40
22:55:38: 5813x RT, 96.9 creatures/sec. Fitness: best=1527.7, avg=1001.4, new=(qd-mutate=641.0). MAP-Elites(8x8, morphologies=3): occupied=35, pending=384, in flight=40
22:55:40: 5633x RT, 93.9 creatures/sec. Fitness: best=1527.7, avg=1006.8, new=(qd-mutate=679.6). MAP-Elites(8x8, morphologies=3): occupied=35, pending=384, in flight=40
22:55:42: 5530x RT, 92.2 creatures/sec. Fitness: best=1527.7, avg=1006.8, new=(qd-mutate=657.1). MAP-Elites(8x8, morphologies=3): occupied=35, pending=384, in flight=40
22:55:44: 5786x RT, 96.4 creatures/sec. Fitness: best=1527.7, avg=1006.8, new=(qd-mutate=637.8). MAP-Elites(8x8, morphologies=3): occupied=35, pending=384, in flight=40
22:55:46: 5806x RT, 96.8 creatures/sec. Fitness: best=1527.7, avg=1006.8, new=(qd-mutate=654.1). MAP-Elites(8x8, morphologies=3): occupied=35, pending=384, in flight=40
22:55:48: 5895x RT, 98.3 creatures/sec. Fitness: best=1527.7, avg=1006.8, new=(qd-mutate=678.8). MAP-Elites(8x8, morphologies=3): occupied=35, pending=384, in flight=40
22:55:50: 5511x RT, 91.8 creatures/sec. Fitness: best=1527.7, avg=1006.8, new=(qd-mutate=676.1). MAP-Elites(8x8, morphologies=3): occupied=35, pending=384, in flight=40
22:55:52: 5611x RT, 93.5 creatures/sec. Fitness: best=1527.7, avg=1006.8, new=(qd-mutate=639.3). MAP-Elites(8x8, morphologies=3): occupied=35, pending=384, in flight=40
7684597 bytes written to /Users/dag/projects/Machine-Evolved-credible-training/training-runs/me-v2-harmonic-qd-01-double-gravity-double-population-8w/config.json. 
22:55:54: 5659x RT, 94.3 creatures/sec. Fitness: best=1527.7, avg=1006.8, new=(qd-mutate=708.9). MAP-Elites(8x8, morphologies=3): occupied=35, pending=384, in flight=40
22:55:56: 5576x RT, 92.9 creatures/sec. Fitness: best=1527.7, avg=1006.8, new=(qd-mutate=641.8). MAP-Elites(8x8, morphologies=3): occupied=35, pending=384, in flight=40
22:55:58: 5756x RT, 95.9 creatures/sec. Fitness: best=1527.7, avg=1006.8, new=(qd-mutate=639.1). MAP-Elites(8x8, morphologies=3): occupied=35, pending=384, in flight=40
22:56:00: 5810x RT, 96.8 creatures/sec. Fitness: best=1527.7, avg=1006.8, new=(qd-mutate=638.4). MAP-Elites(8x8, morphologies=3): occupied=35, pending=384, in flight=40
22:56:02: 5850x RT, 97.5 creatures/sec. Fitness: best=1527.7, avg=1006.8, new=(qd-mutate=685.3). MAP-Elites(8x8, morphologies=3): occupied=35, pending=384, in flight=40
22:56:04: 5887x RT, 98.1 creatures/sec. Fitness: best=1527.7, avg=1006.8, new=(qd-mutate=678.6). MAP-Elites(8x8, morphologies=3): occupied=35, pending=384, in flight=40
22:56:06: 5715x RT, 95.2 creatures/sec. Fitness: best=1527.7, avg=1006.8, new=(qd-mutate=659.4). MAP-Elites(8x8, morphologies=3): occupied=35, pending=384, in flight=40
22:56:08: 5606x RT, 93.4 creatures/sec. Fitness: best=1527.7, avg=1006.8, new=(qd-mutate=648.5). MAP-Elites(8x8, morphologies=3): occupied=35, pending=384, in flight=40
22:56:11: 5852x RT, 97.5 creatures/sec. Fitness: best=1527.7, avg=1006.8, new=(qd-mutate=625.4). MAP-Elites(8x8, morphologies=3): occupied=35, pending=384, in flight=40
22:56:13: 5747x RT, 95.8 creatures/sec. Fitness: best=1527.7, avg=1006.8, new=(qd-mutate=695.1). MAP-Elites(8x8, morphologies=3): occupied=35, pending=384, in flight=40
22:56:15: 4934x RT, 82.2 creatures/sec. Fitness: best=1527.7, avg=1006.8, new=(qd-mutate=671.1). MAP-Elites(8x8, morphologies=3): occupied=35, pending=384, in flight=40
22:56:17: 5477x RT, 91.3 creatures/sec. Fitness: best=1527.7, avg=1006.8, new=(qd-mutate=701.0). MAP-Elites(8x8, morphologies=3): occupied=35, pending=384, in flight=40
22:56:19: 5699x RT, 95.0 creatures/sec. Fitness: best=1527.7, avg=1006.8, new=(qd-mutate=588.5). MAP-Elites(8x8, morphologies=3): occupied=35, pending=384, in flight=40
22:56:21: 5924x RT, 98.7 creatures/sec. Fitness: best=1527.7, avg=1006.8, new=(qd-mutate=664.7). MAP-Elites(8x8, morphologies=3): occupied=35, pending=384, in flight=40
22:56:23: 5460x RT, 91.0 creatures/sec. Fitness: best=1527.7, avg=1006.8, new=(qd-mutate=664.2). MAP-Elites(8x8, morphologies=3): occupied=35, pending=384, in flight=40
22:56:25: 5764x RT, 96.1 creatures/sec. Fitness: best=1527.7, avg=1006.8, new=(qd-mutate=628.4). MAP-Elites(8x8, morphologies=3): occupied=35, pending=384, in flight=40
22:56:27: 5855x RT, 97.6 creatures/sec. Fitness: best=1527.7, avg=1006.8, new=(qd-mutate=657.7). MAP-Elites(8x8, morphologies=3): occupied=35, pending=384, in flight=40
22:56:29: 5807x RT, 96.8 creatures/sec. Fitness: best=1527.7, avg=1006.8, new=(qd-mutate=675.3). MAP-Elites(8x8, morphologies=3): occupied=35, pending=384, in flight=40
22:56:31: 5450x RT, 90.8 creatures/sec. Fitness: best=1527.7, avg=1006.8, new=(qd-mutate=617.0). MAP-Elites(8x8, morphologies=3): occupied=35, pending=384, in flight=40
22:56:33: 5837x RT, 97.3 creatures/sec. Fitness: best=1527.7, avg=1006.8, new=(qd-mutate=667.6). MAP-Elites(8x8, morphologies=3): occupied=35, pending=384, in flight=40
22:56:36: 5863x RT, 97.7 creatures/sec. Fitness: best=1527.7, avg=1006.8, new=(qd-mutate=667.5). MAP-Elites(8x8, morphologies=3): occupied=35, pending=384, in flight=40
22:56:38: 5921x RT, 98.7 creatures/sec. Fitness: best=1527.7, avg=1006.8, new=(qd-mutate=670.3). MAP-Elites(8x8, morphologies=3): occupied=35, pending=384, in flight=40
22:56:40: 5678x RT, 94.6 creatures/sec. Fitness: best=1527.7, avg=1006.8, new=(qd-mutate=706.8). MAP-Elites(8x8, morphologies=3): occupied=35, pending=384, in flight=40
22:56:42: 5513x RT, 91.9 creatures/sec. Fitness: best=1527.7, avg=1006.8, new=(qd-mutate=632.6). MAP-Elites(8x8, morphologies=3): occupied=35, pending=384, in flight=40
22:56:44: 5824x RT, 97.1 creatures/sec. Fitness: best=1527.7, avg=1006.8, new=(qd-mutate=661.8). MAP-Elites(8x8, morphologies=3): occupied=35, pending=384, in flight=40
22:56:46: 5776x RT, 96.3 creatures/sec. Fitness: best=1527.7, avg=1006.8, new=(qd-mutate=688.1). MAP-Elites(8x8, morphologies=3): occupied=35, pending=384, in flight=40
22:56:48: 5886x RT, 98.1 creatures/sec. Fitness: best=1527.7, avg=1006.8, new=(qd-mutate=664.3). MAP-Elites(8x8, morphologies=3): occupied=35, pending=384, in flight=40
22:56:50: 5863x RT, 97.7 creatures/sec. Fitness: best=1527.7, avg=1006.8, new=(qd-mutate=711.3). MAP-Elites(8x8, morphologies=3): occupied=35, pending=384, in flight=40
22:56:52: 5838x RT, 97.3 creatures/sec. Fitness: best=1527.7, avg=1006.8, new=(qd-mutate=699.8). MAP-Elites(8x8, morphologies=3): occupied=35, pending=384, in flight=40
7624100 bytes written to /Users/dag/projects/Machine-Evolved-credible-training/training-runs/me-v2-harmonic-qd-01-double-gravity-double-population-8w/config.json. 
22:56:54: 5582x RT, 93.0 creatures/sec. Fitness: best=1527.7, avg=1006.8, new=(qd-mutate=678.3). MAP-Elites(8x8, morphologies=3): occupied=35, pending=384, in flight=40
22:56:56: 5995x RT, 99.9 creatures/sec. Fitness: best=1527.7, avg=1006.8, new=(qd-mutate=683.8). MAP-Elites(8x8, morphologies=3): occupied=35, pending=384, in flight=40
22:56:58: 5805x RT, 96.8 creatures/sec. Fitness: best=1527.7, avg=1006.8, new=(qd-mutate=683.8). MAP-Elites(8x8, morphologies=3): occupied=35, pending=384, in flight=40
22:57:00: 5699x RT, 95.0 creatures/sec. Fitness: best=1527.7, avg=1006.8, new=(qd-mutate=686.2). MAP-Elites(8x8, morphologies=3): occupied=35, pending=384, in flight=40
22:57:02: 5819x RT, 97.0 creatures/sec. Fitness: best=1527.7, avg=1006.8, new=(qd-mutate=678.0). MAP-Elites(8x8, morphologies=3): occupied=35, pending=384, in flight=40
22:57:04: 5903x RT, 98.4 creatures/sec. Fitness: best=1527.7, avg=1006.8, new=(qd-mutate=677.7). MAP-Elites(8x8, morphologies=3): occupied=35, pending=384, in flight=40
22:57:07: 5863x RT, 97.7 creatures/sec. Fitness: best=1527.7, avg=1006.8, new=(qd-mutate=657.3). MAP-Elites(8x8, morphologies=3): occupied=35, pending=384, in flight=40
22:57:09: 5771x RT, 96.2 creatures/sec. Fitness: best=1527.7, avg=1006.8, new=(qd-mutate=623.6). MAP-Elites(8x8, morphologies=3): occupied=35, pending=384, in flight=40
22:57:11: 5850x RT, 97.5 creatures/sec. Fitness: best=1527.7, avg=1006.8, new=(qd-mutate=664.0). MAP-Elites(8x8, morphologies=3): occupied=35, pending=384, in flight=40
22:57:13: 5928x RT, 98.8 creatures/sec. Fitness: best=1527.7, avg=1006.8, new=(qd-mutate=721.3). MAP-Elites(8x8, morphologies=3): occupied=35, pending=384, in flight=40
22:57:15: 5734x RT, 95.6 creatures/sec. Fitness: best=1527.7, avg=1006.8, new=(qd-mutate=681.5). MAP-Elites(8x8, morphologies=3): occupied=35, pending=384, in flight=40
22:57:17: 5842x RT, 97.4 creatures/sec. Fitness: best=1527.7, avg=1006.8, new=(qd-mutate=651.9). MAP-Elites(8x8, morphologies=3): occupied=35, pending=384, in flight=40
22:57:19: 5770x RT, 96.2 creatures/sec. Fitness: best=1527.7, avg=1006.8, new=(qd-mutate=656.5). MAP-Elites(8x8, morphologies=3): occupied=35, pending=384, in flight=40
22:57:21: 5810x RT, 96.8 creatures/sec. Fitness: best=1527.7, avg=1006.8, new=(qd-mutate=638.4). MAP-Elites(8x8, morphologies=3): occupied=35, pending=384, in flight=40
22:57:23: 5833x RT, 97.2 creatures/sec. Fitness: best=1527.7, avg=1006.8, new=(qd-mutate=701.2). MAP-Elites(8x8, morphologies=3): occupied=35, pending=384, in flight=40
22:57:25: 5869x RT, 97.8 creatures/sec. Fitness: best=1527.7, avg=1006.8, new=(qd-mutate=670.7). MAP-Elites(8x8, morphologies=3): occupied=35, pending=384, in flight=40
22:57:27: 5843x RT, 97.4 creatures/sec. Fitness: best=1527.7, avg=1006.8, new=(qd-mutate=653.5). MAP-Elites(8x8, morphologies=3): occupied=35, pending=384, in flight=40
22:57:29: 5920x RT, 98.7 creatures/sec. Fitness: best=1527.7, avg=1006.8, new=(qd-mutate=695.7). MAP-Elites(8x8, morphologies=3): occupied=35, pending=384, in flight=40
22:57:31: 5781x RT, 96.3 creatures/sec. Fitness: best=1527.7, avg=1006.8, new=(qd-mutate=634.8). MAP-Elites(8x8, morphologies=3): occupied=35, pending=384, in flight=40
22:57:33: 5848x RT, 97.5 creatures/sec. Fitness: best=1527.7, avg=1006.8, new=(qd-mutate=637.7). MAP-Elites(8x8, morphologies=3): occupied=35, pending=384, in flight=40
22:57:35: 5775x RT, 96.3 creatures/sec. Fitness: best=1527.7, avg=1006.8, new=(qd-mutate=690.9). MAP-Elites(8x8, morphologies=3): occupied=35, pending=384, in flight=40
22:57:37: 5835x RT, 97.3 creatures/sec. Fitness: best=1527.7, avg=1006.8, new=(qd-mutate=636.9). MAP-Elites(8x8, morphologies=3): occupied=35, pending=384, in flight=40
22:57:40: 5910x RT, 98.5 creatures/sec. Fitness: best=1527.7, avg=1006.8, new=(qd-mutate=613.0). MAP-Elites(8x8, morphologies=3): occupied=35, pending=384, in flight=40
22:57:42: 5893x RT, 98.2 creatures/sec. Fitness: best=1527.7, avg=1006.8, new=(qd-mutate=650.3). MAP-Elites(8x8, morphologies=3): occupied=35, pending=384, in flight=40
22:57:44: 5558x RT, 92.6 creatures/sec. Fitness: best=1527.7, avg=1006.8, new=(qd-mutate=658.8). MAP-Elites(8x8, morphologies=3): occupied=35, pending=384, in flight=40
22:57:46: 5597x RT, 93.3 creatures/sec. Fitness: best=1527.7, avg=1006.8, new=(qd-mutate=643.1). MAP-Elites(8x8, morphologies=3): occupied=35, pending=384, in flight=40
22:57:48: 5842x RT, 97.4 creatures/sec. Fitness: best=1527.7, avg=1006.8, new=(qd-mutate=688.5). MAP-Elites(8x8, morphologies=3): occupied=35, pending=384, in flight=40
22:57:50: 5839x RT, 97.3 creatures/sec. Fitness: best=1527.7, avg=1006.8, new=(qd-mutate=684.3). MAP-Elites(8x8, morphologies=3): occupied=35, pending=384, in flight=40
22:57:52: 5832x RT, 97.2 creatures/sec. Fitness: best=1527.7, avg=1006.8, new=(qd-mutate=682.6). MAP-Elites(8x8, morphologies=3): occupied=35, pending=384, in flight=40
22:57:54: 5550x RT, 92.5 creatures/sec. Fitness: best=1527.7, avg=1006.8, new=(qd-mutate=699.1). MAP-Elites(8x8, morphologies=3): occupied=35, pending=384, in flight=40
7658266 bytes written to /Users/dag/projects/Machine-Evolved-credible-training/training-runs/me-v2-harmonic-qd-01-double-gravity-double-population-8w/config.json. 
22:57:56: 5517x RT, 91.9 creatures/sec. Fitness: best=1527.7, avg=1006.8, new=(qd-mutate=647.8). MAP-Elites(8x8, morphologies=3): occupied=35, pending=384, in flight=40
22:57:58: 5414x RT, 90.2 creatures/sec. Fitness: best=1527.7, avg=1006.8, new=(qd-mutate=657.6). MAP-Elites(8x8, morphologies=3): occupied=35, pending=384, in flight=40
22:58:00: 5044x RT, 84.1 creatures/sec. Fitness: best=1527.7, avg=1006.8, new=(qd-mutate=632.4). MAP-Elites(8x8, morphologies=3): occupied=35, pending=384, in flight=40
22:58:02: 5355x RT, 89.2 creatures/sec. Fitness: best=1527.7, avg=1006.8, new=(qd-mutate=664.5). MAP-Elites(8x8, morphologies=3): occupied=35, pending=384, in flight=40
22:58:04: 5534x RT, 92.2 creatures/sec. Fitness: best=1527.7, avg=1006.8, new=(qd-mutate=629.8). MAP-Elites(8x8, morphologies=3): occupied=35, pending=384, in flight=40
22:58:06: 5416x RT, 90.3 creatures/sec. Fitness: best=1527.7, avg=1006.8, new=(qd-mutate=625.6). MAP-Elites(8x8, morphologies=3): occupied=35, pending=384, in flight=40
22:58:09: 5493x RT, 91.6 creatures/sec. Fitness: best=1527.7, avg=1006.8, new=(qd-mutate=633.7). MAP-Elites(8x8, morphologies=3): occupied=35, pending=384, in flight=40
22:58:11: 5332x RT, 88.9 creatures/sec. Fitness: best=1527.7, avg=1006.8, new=(qd-mutate=622.9). MAP-Elites(8x8, morphologies=3): occupied=35, pending=384, in flight=40
22:58:13: 5602x RT, 93.4 creatures/sec. Fitness: best=1527.7, avg=1006.8, new=(qd-mutate=645.5). MAP-Elites(8x8, morphologies=3): occupied=35, pending=384, in flight=40
22:58:15: 5671x RT, 94.5 creatures/sec. Fitness: best=1527.7, avg=1006.8, new=(qd-mutate=675.2). MAP-Elites(8x8, morphologies=3): occupied=35, pending=384, in flight=40
22:58:17: 5404x RT, 90.1 creatures/sec. Fitness: best=1527.7, avg=1006.8, new=(qd-mutate=669.3). MAP-Elites(8x8, morphologies=3): occupied=35, pending=384, in flight=40
22:58:19: 5539x RT, 92.3 creatures/sec. Fitness: best=1527.7, avg=1006.8, new=(qd-mutate=634.6). MAP-Elites(8x8, morphologies=3): occupied=35, pending=384, in flight=40
22:58:21: 4993x RT, 83.2 creatures/sec. Fitness: best=1527.7, avg=1006.8, new=(qd-mutate=650.0). MAP-Elites(8x8, morphologies=3): occupied=35, pending=384, in flight=40
22:58:23: 5425x RT, 90.4 creatures/sec. Fitness: best=1527.7, avg=1006.8, new=(qd-mutate=691.3). MAP-Elites(8x8, morphologies=3): occupied=35, pending=384, in flight=40
22:58:25: 5376x RT, 89.6 creatures/sec. Fitness: best=1527.7, avg=1006.8, new=(qd-mutate=654.0). MAP-Elites(8x8, morphologies=3): occupied=35, pending=384, in flight=40
22:58:27: 5756x RT, 95.9 creatures/sec. Fitness: best=1527.7, avg=1006.8, new=(qd-mutate=657.2). MAP-Elites(8x8, morphologies=3): occupied=35, pending=384, in flight=40
22:58:29: 5694x RT, 94.9 creatures/sec. Fitness: best=1527.7, avg=1006.8, new=(qd-mutate=640.1). MAP-Elites(8x8, morphologies=3): occupied=35, pending=384, in flight=40
22:58:31: 5590x RT, 93.2 creatures/sec. Fitness: best=1527.7, avg=1006.8, new=(qd-mutate=669.0). MAP-Elites(8x8, morphologies=3): occupied=35, pending=384, in flight=40
22:58:33: 5816x RT, 96.9 creatures/sec. Fitness: best=1527.7, avg=1006.8, new=(qd-mutate=669.3). MAP-Elites(8x8, morphologies=3): occupied=35, pending=384, in flight=40
22:58:35: 5588x RT, 93.1 creatures/sec. Fitness: best=1527.7, avg=1006.8, new=(qd-mutate=699.2). MAP-Elites(8x8, morphologies=3): occupied=35, pending=384, in flight=40
22:58:37: 5909x RT, 98.5 creatures/sec. Fitness: best=1527.7, avg=1006.8, new=(qd-mutate=666.1). MAP-Elites(8x8, morphologies=3): occupied=35, pending=384, in flight=40
22:58:39: 5708x RT, 95.1 creatures/sec. Fitness: best=1527.7, avg=1006.8, new=(qd-mutate=702.1). MAP-Elites(8x8, morphologies=3): occupied=35, pending=384, in flight=40
22:58:41: 5765x RT, 96.1 creatures/sec. Fitness: best=1527.7, avg=1006.8, new=(qd-mutate=672.6). MAP-Elites(8x8, morphologies=3): occupied=35, pending=384, in flight=40
22:58:43: 5783x RT, 96.4 creatures/sec. Fitness: best=1527.7, avg=1006.8, new=(qd-mutate=723.8). MAP-Elites(8x8, morphologies=3): occupied=35, pending=384, in flight=40
22:58:46: 5302x RT, 88.4 creatures/sec. Fitness: best=1527.7, avg=1006.8, new=(qd-mutate=663.7). MAP-Elites(8x8, morphologies=3): occupied=35, pending=384, in flight=40
22:58:48: 5724x RT, 95.4 creatures/sec. Fitness: best=1527.7, avg=1006.8, new=(qd-mutate=629.9). MAP-Elites(8x8, morphologies=3): occupied=35, pending=384, in flight=40
22:58:50: 5931x RT, 98.9 creatures/sec. Fitness: best=1527.7, avg=1006.8, new=(qd-mutate=673.9). MAP-Elites(8x8, morphologies=3): occupied=35, pending=384, in flight=40
22:58:52: 5411x RT, 90.2 creatures/sec. Fitness: best=1527.7, avg=1006.8, new=(qd-mutate=680.4). MAP-Elites(8x8, morphologies=3): occupied=35, pending=384, in flight=40
22:58:54: 5832x RT, 97.2 creatures/sec. Fitness: best=1527.7, avg=1006.8, new=(qd-mutate=666.5). MAP-Elites(8x8, morphologies=3): occupied=35, pending=384, in flight=40
7684966 bytes written to /Users/dag/projects/Machine-Evolved-credible-training/training-runs/me-v2-harmonic-qd-01-double-gravity-double-population-8w/config.json. 
22:58:56: 5689x RT, 94.8 creatures/sec. Fitness: best=1527.7, avg=1006.8, new=(qd-mutate=656.4). MAP-Elites(8x8, morphologies=3): occupied=35, pending=384, in flight=40
22:58:58: 5856x RT, 97.6 creatures/sec. Fitness: best=1527.7, avg=1006.8, new=(qd-mutate=673.6). MAP-Elites(8x8, morphologies=3): occupied=35, pending=384, in flight=40
22:59:00: 5344x RT, 89.1 creatures/sec. Fitness: best=1527.7, avg=1006.8, new=(qd-mutate=647.8). MAP-Elites(8x8, morphologies=3): occupied=35, pending=384, in flight=40
22:59:02: 5472x RT, 91.2 creatures/sec. Fitness: best=1527.7, avg=1006.8, new=(qd-mutate=663.3). MAP-Elites(8x8, morphologies=3): occupied=35, pending=384, in flight=40
22:59:04: 5799x RT, 96.7 creatures/sec. Fitness: best=1527.7, avg=1006.8, new=(qd-mutate=655.1). MAP-Elites(8x8, morphologies=3): occupied=35, pending=384, in flight=40
22:59:06: 5384x RT, 89.7 creatures/sec. Fitness: best=1527.7, avg=1006.8, new=(qd-mutate=687.8). MAP-Elites(8x8, morphologies=3): occupied=35, pending=384, in flight=40
22:59:08: 5788x RT, 96.5 creatures/sec. Fitness: best=1527.7, avg=1006.8, new=(qd-mutate=651.5). MAP-Elites(8x8, morphologies=3): occupied=35, pending=384, in flight=40
22:59:10: 5968x RT, 99.5 creatures/sec. Fitness: best=1527.7, avg=1006.8, new=(qd-mutate=700.4). MAP-Elites(8x8, morphologies=3): occupied=35, pending=384, in flight=40
22:59:12: 4933x RT, 82.2 creatures/sec. Fitness: best=1527.7, avg=1011.5, new=(qd-mutate=694.4). MAP-Elites(8x8, morphologies=3): occupied=35, pending=384, in flight=40
22:59:14: 5658x RT, 94.3 creatures/sec. Fitness: best=1527.7, avg=1011.5, new=(qd-mutate=668.6). MAP-Elites(8x8, morphologies=3): occupied=35, pending=384, in flight=40
22:59:16: 5068x RT, 84.5 creatures/sec. Fitness: best=1527.7, avg=1011.5, new=(qd-mutate=655.2). MAP-Elites(8x8, morphologies=3): occupied=35, pending=384, in flight=40
22:59:18: 5002x RT, 83.4 creatures/sec. Fitness: best=1527.7, avg=1011.5, new=(qd-mutate=670.9). MAP-Elites(8x8, morphologies=3): occupied=35, pending=384, in flight=40
22:59:20: 5658x RT, 94.3 creatures/sec. Fitness: best=1527.7, avg=1011.5, new=(qd-mutate=642.9). MAP-Elites(8x8, morphologies=3): occupied=35, pending=384, in flight=40
22:59:22: 5802x RT, 96.7 creatures/sec. Fitness: best=1527.7, avg=1011.5, new=(qd-mutate=672.7). MAP-Elites(8x8, morphologies=3): occupied=35, pending=384, in flight=40
22:59:25: 5200x RT, 86.7 creatures/sec. Fitness: best=1527.7, avg=1011.5, new=(qd-mutate=643.1). MAP-Elites(8x8, morphologies=3): occupied=35, pending=384, in flight=40
22:59:27: 5795x RT, 96.6 creatures/sec. Fitness: best=1527.7, avg=1011.5, new=(qd-mutate=676.7). MAP-Elites(8x8, morphologies=3): occupied=35, pending=384, in flight=40
22:59:29: 5531x RT, 92.2 creatures/sec. Fitness: best=1527.7, avg=1011.5, new=(qd-mutate=639.0). MAP-Elites(8x8, morphologies=3): occupied=35, pending=384, in flight=40
22:59:31: 5598x RT, 93.3 creatures/sec. Fitness: best=1527.7, avg=1011.5, new=(qd-mutate=633.2). MAP-Elites(8x8, morphologies=3): occupied=35, pending=384, in flight=40
22:59:33: 5788x RT, 96.5 creatures/sec. Fitness: best=1527.7, avg=1011.5, new=(qd-mutate=683.5). MAP-Elites(8x8, morphologies=3): occupied=35, pending=384, in flight=40
22:59:35: 5798x RT, 96.6 creatures/sec. Fitness: best=1527.7, avg=1011.5, new=(qd-mutate=684.4). MAP-Elites(8x8, morphologies=3): occupied=35, pending=384, in flight=40
22:59:37: 6047x RT, 100.8 creatures/sec. Fitness: best=1527.7, avg=1011.5, new=(qd-mutate=611.6). MAP-Elites(8x8, morphologies=3): occupied=35, pending=384, in flight=40
22:59:39: 5266x RT, 87.8 creatures/sec. Fitness: best=1527.7, avg=1011.5, new=(qd-mutate=708.8). MAP-Elites(8x8, morphologies=3): occupied=35, pending=384, in flight=40
22:59:41: 5774x RT, 96.2 creatures/sec. Fitness: best=1527.7, avg=1011.5, new=(qd-mutate=652.4). MAP-Elites(8x8, morphologies=3): occupied=35, pending=384, in flight=40
22:59:43: 5286x RT, 88.1 creatures/sec. Fitness: best=1527.7, avg=1011.5, new=(qd-mutate=639.6). MAP-Elites(8x8, morphologies=3): occupied=35, pending=384, in flight=40
22:59:45: 4988x RT, 83.1 creatures/sec. Fitness: best=1527.7, avg=1011.5, new=(qd-mutate=639.5). MAP-Elites(8x8, morphologies=3): occupied=35, pending=384, in flight=40
22:59:47: 5393x RT, 89.9 creatures/sec. Fitness: best=1527.7, avg=1011.5, new=(qd-mutate=715.6). MAP-Elites(8x8, morphologies=3): occupied=35, pending=384, in flight=40
22:59:49: 5714x RT, 95.2 creatures/sec. Fitness: best=1527.7, avg=1011.5, new=(qd-mutate=691.2). MAP-Elites(8x8, morphologies=3): occupied=35, pending=384, in flight=40
22:59:51: 5909x RT, 98.5 creatures/sec. Fitness: best=1527.7, avg=1011.5, new=(qd-mutate=676.3). MAP-Elites(8x8, morphologies=3): occupied=35, pending=384, in flight=40
22:59:54: 5311x RT, 88.5 creatures/sec. Fitness: best=1527.7, avg=1011.5, new=(qd-mutate=648.2). MAP-Elites(8x8, morphologies=3): occupied=35, pending=384, in flight=40
7675422 bytes written to /Users/dag/projects/Machine-Evolved-credible-training/training-runs/me-v2-harmonic-qd-01-double-gravity-double-population-8w/config.json. 
22:59:56: 5686x RT, 94.8 creatures/sec. Fitness: best=1527.7, avg=1011.5, new=(qd-mutate=687.1). MAP-Elites(8x8, morphologies=3): occupied=35, pending=384, in flight=40
22:59:58: 5839x RT, 97.3 creatures/sec. Fitness: best=1527.7, avg=1011.5, new=(qd-mutate=678.3). MAP-Elites(8x8, morphologies=3): occupied=35, pending=384, in flight=40
23:00:00: 5445x RT, 90.8 creatures/sec. Fitness: best=1527.7, avg=1011.5, new=(qd-mutate=638.7). MAP-Elites(8x8, morphologies=3): occupied=35, pending=384, in flight=40
23:00:02: 5759x RT, 96.0 creatures/sec. Fitness: best=1527.7, avg=1011.5, new=(qd-mutate=644.2). MAP-Elites(8x8, morphologies=3): occupied=35, pending=384, in flight=40
23:00:04: 5674x RT, 94.6 creatures/sec. Fitness: best=1527.7, avg=1011.5, new=(qd-mutate=641.0). MAP-Elites(8x8, morphologies=3): occupied=35, pending=384, in flight=40
23:00:06: 5829x RT, 97.2 creatures/sec. Fitness: best=1527.7, avg=1011.5, new=(qd-mutate=674.5). MAP-Elites(8x8, morphologies=3): occupied=35, pending=384, in flight=40
23:00:08: 5241x RT, 87.3 creatures/sec. Fitness: best=1527.7, avg=1011.5, new=(qd-mutate=670.3). MAP-Elites(8x8, morphologies=3): occupied=35, pending=384, in flight=40
23:00:10: 5709x RT, 95.2 creatures/sec. Fitness: best=1527.7, avg=1011.5, new=(qd-mutate=662.1). MAP-Elites(8x8, morphologies=3): occupied=35, pending=384, in flight=40
23:00:12: 5778x RT, 96.3 creatures/sec. Fitness: best=1527.7, avg=1011.5, new=(qd-mutate=691.8). MAP-Elites(8x8, morphologies=3): occupied=35, pending=384, in flight=40
23:00:14: 5526x RT, 92.1 creatures/sec. Fitness: best=1527.7, avg=1011.5, new=(qd-mutate=688.6). MAP-Elites(8x8, morphologies=3): occupied=35, pending=384, in flight=40
23:00:16: 5528x RT, 92.1 creatures/sec. Fitness: best=1527.7, avg=1011.5, new=(qd-mutate=636.8). MAP-Elites(8x8, morphologies=3): occupied=35, pending=384, in flight=40
23:00:18: 5835x RT, 97.3 creatures/sec. Fitness: best=1527.7, avg=1011.5, new=(qd-mutate=672.6). MAP-Elites(8x8, morphologies=3): occupied=35, pending=384, in flight=40
23:00:20: 5866x RT, 97.8 creatures/sec. Fitness: best=1527.7, avg=1011.5, new=(qd-mutate=629.2). MAP-Elites(8x8, morphologies=3): occupied=35, pending=384, in flight=40
23:00:23: 5861x RT, 97.7 creatures/sec. Fitness: best=1527.7, avg=1011.5, new=(qd-mutate=646.5). MAP-Elites(8x8, morphologies=3): occupied=35, pending=384, in flight=40
23:00:25: 5667x RT, 94.5 creatures/sec. Fitness: best=1527.7, avg=1011.5, new=(qd-mutate=652.6). MAP-Elites(8x8, morphologies=3): occupied=35, pending=384, in flight=40
23:00:27: 4884x RT, 81.4 creatures/sec. Fitness: best=1527.7, avg=1011.5, new=(qd-mutate=668.3). MAP-Elites(8x8, morphologies=3): occupied=35, pending=384, in flight=40
23:00:29: 4841x RT, 80.7 creatures/sec. Fitness: best=1527.7, avg=1011.5, new=(qd-mutate=657.7). MAP-Elites(8x8, morphologies=3): occupied=35, pending=384, in flight=40
23:00:31: 4872x RT, 81.2 creatures/sec. Fitness: best=1527.7, avg=1011.5, new=(qd-mutate=708.6). MAP-Elites(8x8, morphologies=3): occupied=35, pending=384, in flight=40
23:00:33: 5063x RT, 84.4 creatures/sec. Fitness: best=1527.7, avg=1011.5, new=(qd-mutate=674.8). MAP-Elites(8x8, morphologies=3): occupied=35, pending=384, in flight=40
23:00:35: 5663x RT, 94.4 creatures/sec. Fitness: best=1527.7, avg=1011.5, new=(qd-mutate=667.3). MAP-Elites(8x8, morphologies=3): occupied=35, pending=384, in flight=40
23:00:37: 5617x RT, 93.6 creatures/sec. Fitness: best=1527.7, avg=1011.5, new=(qd-mutate=696.1). MAP-Elites(8x8, morphologies=3): occupied=35, pending=384, in flight=40
23:00:39: 5198x RT, 86.6 creatures/sec. Fitness: best=1527.7, avg=1011.5, new=(qd-mutate=659.7). MAP-Elites(8x8, morphologies=3): occupied=35, pending=384, in flight=40
23:00:41: 5278x RT, 88.0 creatures/sec. Fitness: best=1527.7, avg=1011.5, new=(qd-mutate=679.1). MAP-Elites(8x8, morphologies=3): occupied=35, pending=384, in flight=40
23:00:43: 5078x RT, 84.6 creatures/sec. Fitness: best=1527.7, avg=1011.5, new=(qd-mutate=647.8). MAP-Elites(8x8, morphologies=3): occupied=35, pending=384, in flight=40
23:00:45: 5162x RT, 86.0 creatures/sec. Fitness: best=1527.7, avg=1011.5, new=(qd-mutate=684.4). MAP-Elites(8x8, morphologies=3): occupied=35, pending=384, in flight=40
23:00:48: 5250x RT, 87.5 creatures/sec. Fitness: best=1527.7, avg=1011.5, new=(qd-mutate=644.4). MAP-Elites(8x8, morphologies=3): occupied=35, pending=384, in flight=40
23:00:50: 5289x RT, 88.1 creatures/sec. Fitness: best=1527.7, avg=1011.5, new=(qd-mutate=671.3). MAP-Elites(8x8, morphologies=3): occupied=35, pending=384, in flight=40
23:00:52: 5488x RT, 91.5 creatures/sec. Fitness: best=1527.7, avg=1011.5, new=(qd-mutate=695.9). MAP-Elites(8x8, morphologies=3): occupied=35, pending=384, in flight=40
23:00:54: 5627x RT, 93.8 creatures/sec. Fitness: best=1527.7, avg=1011.5, new=(qd-mutate=665.7). MAP-Elites(8x8, morphologies=3): occupied=35, pending=384, in flight=40
7640943 bytes written to /Users/dag/projects/Machine-Evolved-credible-training/training-runs/me-v2-harmonic-qd-01-double-gravity-double-population-8w/config.json. 
23:00:56: 5536x RT, 92.3 creatures/sec. Fitness: best=1527.7, avg=1011.5, new=(qd-mutate=687.4). MAP-Elites(8x8, morphologies=3): occupied=35, pending=384, in flight=40
23:00:58: 5095x RT, 84.9 creatures/sec. Fitness: best=1527.7, avg=1011.5, new=(qd-mutate=668.8). MAP-Elites(8x8, morphologies=3): occupied=35, pending=384, in flight=40
23:01:00: 5349x RT, 89.1 creatures/sec. Fitness: best=1527.7, avg=1011.5, new=(qd-mutate=675.3). MAP-Elites(8x8, morphologies=3): occupied=35, pending=384, in flight=40
23:01:02: 5288x RT, 88.1 creatures/sec. Fitness: best=1527.7, avg=1011.5, new=(qd-mutate=691.6). MAP-Elites(8x8, morphologies=3): occupied=35, pending=384, in flight=40
23:01:04: 5477x RT, 91.3 creatures/sec. Fitness: best=1527.7, avg=1011.5, new=(qd-mutate=707.5). MAP-Elites(8x8, morphologies=3): occupied=35, pending=384, in flight=40
23:01:06: 4887x RT, 81.5 creatures/sec. Fitness: best=1527.7, avg=1011.5, new=(qd-mutate=629.3). MAP-Elites(8x8, morphologies=3): occupied=35, pending=384, in flight=40
23:01:08: 5122x RT, 85.4 creatures/sec. Fitness: best=1527.7, avg=1011.5, new=(qd-mutate=658.8). MAP-Elites(8x8, morphologies=3): occupied=35, pending=384, in flight=40
23:01:10: 5483x RT, 91.4 creatures/sec. Fitness: best=1527.7, avg=1011.5, new=(qd-mutate=664.0). MAP-Elites(8x8, morphologies=3): occupied=35, pending=384, in flight=40
23:01:12: 4987x RT, 83.1 creatures/sec. Fitness: best=1527.7, avg=1011.5, new=(qd-mutate=642.9). MAP-Elites(8x8, morphologies=3): occupied=35, pending=384, in flight=40
23:01:15: 3708x RT, 61.8 creatures/sec. Fitness: best=1527.7, avg=1011.5, new=(qd-mutate=655.0). MAP-Elites(8x8, morphologies=3): occupied=35, pending=384, in flight=40
23:01:17: 29x RT, 0.5 creatures/sec. Fitness: best=1527.7, avg=1011.5, new=(qd-mutate=630.9). MAP-Elites(8x8, morphologies=3): occupied=35, pending=384, in flight=40
23:01:19: 197x RT, 3.3 creatures/sec. Fitness: best=1527.7, avg=1011.5, new=(qd-mutate=601.9). MAP-Elites(8x8, morphologies=3): occupied=35, pending=384, in flight=40
23:01:21: 287x RT, 4.8 creatures/sec. Fitness: best=1527.7, avg=1011.5, new=(qd-mutate=569.5). MAP-Elites(8x8, morphologies=3): occupied=35, pending=384, in flight=40
23:01:23: 2172x RT, 36.2 creatures/sec. Fitness: best=1527.7, avg=1011.5, new=(qd-mutate=658.2). MAP-Elites(8x8, morphologies=3): occupied=35, pending=384, in flight=40
23:01:25: 3405x RT, 56.8 creatures/sec. Fitness: best=1527.7, avg=1011.5, new=(qd-mutate=690.2). MAP-Elites(8x8, morphologies=3): occupied=35, pending=384, in flight=40
23:01:27: 7176x RT, 119.6 creatures/sec. Fitness: best=1527.7, avg=1011.5, new=(qd-mutate=644.6). MAP-Elites(8x8, morphologies=3): occupied=35, pending=384, in flight=40
23:01:29: 5304x RT, 88.4 creatures/sec. Fitness: best=1527.7, avg=1011.5, new=(qd-mutate=635.7). MAP-Elites(8x8, morphologies=3): occupied=35, pending=384, in flight=40
23:01:31: 5548x RT, 92.5 creatures/sec. Fitness: best=1527.7, avg=1011.5, new=(qd-mutate=651.3). MAP-Elites(8x8, morphologies=3): occupied=35, pending=384, in flight=40
23:01:33: 5508x RT, 91.8 creatures/sec. Fitness: best=1527.7, avg=1011.5, new=(qd-mutate=722.8). MAP-Elites(8x8, morphologies=3): occupied=35, pending=384, in flight=40
23:01:35: 5719x RT, 95.3 creatures/sec. Fitness: best=1527.7, avg=1011.5, new=(qd-mutate=633.3). MAP-Elites(8x8, morphologies=3): occupied=35, pending=384, in flight=40
23:01:37: 5726x RT, 95.4 creatures/sec. Fitness: best=1527.7, avg=1011.5, new=(qd-mutate=672.9). MAP-Elites(8x8, morphologies=3): occupied=35, pending=384, in flight=40
23:01:40: 5790x RT, 96.5 creatures/sec. Fitness: best=1527.7, avg=1011.5, new=(qd-mutate=646.6). MAP-Elites(8x8, morphologies=3): occupied=35, pending=384, in flight=40
23:01:42: 5793x RT, 96.5 creatures/sec. Fitness: best=1527.7, avg=1011.5, new=(qd-mutate=633.6). MAP-Elites(8x8, morphologies=3): occupied=35, pending=384, in flight=40
23:01:44: 5312x RT, 88.5 creatures/sec. Fitness: best=1527.7, avg=1011.5, new=(qd-mutate=652.7). MAP-Elites(8x8, morphologies=3): occupied=35, pending=384, in flight=40
23:01:46: 5693x RT, 94.9 creatures/sec. Fitness: best=1527.7, avg=1011.5, new=(qd-mutate=668.4). MAP-Elites(8x8, morphologies=3): occupied=35, pending=384, in flight=40
23:01:48: 5793x RT, 96.5 creatures/sec. Fitness: best=1527.7, avg=1011.5, new=(qd-mutate=670.4). MAP-Elites(8x8, morphologies=3): occupied=35, pending=384, in flight=40
23:01:50: 5760x RT, 96.0 creatures/sec. Fitness: best=1527.7, avg=1011.5, new=(qd-mutate=691.0). MAP-Elites(8x8, morphologies=3): occupied=35, pending=384, in flight=40
23:01:52: 5741x RT, 95.7 creatures/sec. Fitness: best=1527.7, avg=1011.5, new=(qd-mutate=678.9). MAP-Elites(8x8, morphologies=3): occupied=35, pending=384, in flight=40
23:01:54: 2514x RT, 41.9 creatures/sec. Fitness: best=1527.7, avg=1011.5, new=(qd-mutate=664.2). MAP-Elites(8x8, morphologies=3): occupied=35, pending=384, in flight=40
7642664 bytes written to /Users/dag/projects/Machine-Evolved-credible-training/training-runs/me-v2-harmonic-qd-01-double-gravity-double-population-8w/config.json. 
23:02:00: 11x RT, 0.2 creatures/sec. Fitness: best=1527.7, avg=1011.5, new=(qd-mutate=819.9). MAP-Elites(8x8, morphologies=3): occupied=35, pending=384, in flight=40
23:02:02: 731x RT, 12.2 creatures/sec. Fitness: best=1527.7, avg=1011.5, new=(qd-mutate=644.1). MAP-Elites(8x8, morphologies=3): occupied=35, pending=384, in flight=40
23:02:04: 3207x RT, 53.5 creatures/sec. Fitness: best=1527.7, avg=1011.5, new=(qd-mutate=675.0). MAP-Elites(8x8, morphologies=3): occupied=35, pending=384, in flight=40
23:02:06: 6465x RT, 107.8 creatures/sec. Fitness: best=1527.7, avg=1011.5, new=(qd-mutate=673.6). MAP-Elites(8x8, morphologies=3): occupied=35, pending=384, in flight=40
23:02:08: 6085x RT, 101.4 creatures/sec. Fitness: best=1527.7, avg=1011.5, new=(qd-mutate=694.5). MAP-Elites(8x8, morphologies=3): occupied=35, pending=384, in flight=40
23:02:10: 5844x RT, 97.4 creatures/sec. Fitness: best=1527.7, avg=1011.5, new=(qd-mutate=662.7). MAP-Elites(8x8, morphologies=3): occupied=35, pending=384, in flight=40
23:02:12: 5743x RT, 95.7 creatures/sec. Fitness: best=1527.7, avg=1011.5, new=(qd-mutate=645.0). MAP-Elites(8x8, morphologies=3): occupied=35, pending=384, in flight=40
23:02:14: 5745x RT, 95.8 creatures/sec. Fitness: best=1527.7, avg=1011.5, new=(qd-mutate=635.8). MAP-Elites(8x8, morphologies=3): occupied=35, pending=384, in flight=40
23:02:16: 5885x RT, 98.1 creatures/sec. Fitness: best=1527.7, avg=1011.5, new=(qd-mutate=710.7). MAP-Elites(8x8, morphologies=3): occupied=35, pending=384, in flight=40
23:02:18: 5723x RT, 95.4 creatures/sec. Fitness: best=1527.7, avg=1011.5, new=(qd-mutate=641.2). MAP-Elites(8x8, morphologies=3): occupied=35, pending=384, in flight=40
23:02:20: 5805x RT, 96.8 creatures/sec. Fitness: best=1527.7, avg=1011.5, new=(qd-mutate=710.9). MAP-Elites(8x8, morphologies=3): occupied=35, pending=384, in flight=40
23:02:22: 5810x RT, 96.8 creatures/sec. Fitness: best=1527.7, avg=1011.5, new=(qd-mutate=660.3). MAP-Elites(8x8, morphologies=3): occupied=35, pending=384, in flight=40
23:02:25: 4664x RT, 77.7 creatures/sec. Fitness: best=1527.7, avg=1011.5, new=(qd-mutate=669.9). MAP-Elites(8x8, morphologies=3): occupied=35, pending=384, in flight=40
23:02:27: 5590x RT, 93.2 creatures/sec. Fitness: best=1527.7, avg=1011.5, new=(qd-mutate=653.8). MAP-Elites(8x8, morphologies=3): occupied=35, pending=384, in flight=40
23:02:29: 5540x RT, 92.3 creatures/sec. Fitness: best=1527.7, avg=1011.5, new=(qd-mutate=628.2). MAP-Elites(8x8, morphologies=3): occupied=35, pending=384, in flight=40
23:02:31: 5089x RT, 84.8 creatures/sec. Fitness: best=1527.7, avg=1011.5, new=(qd-mutate=654.4). MAP-Elites(8x8, morphologies=3): occupied=35, pending=384, in flight=40
23:02:33: 5571x RT, 92.9 creatures/sec. Fitness: best=1527.7, avg=1011.5, new=(qd-mutate=651.8). MAP-Elites(8x8, morphologies=3): occupied=35, pending=384, in flight=40
23:02:35: 5690x RT, 94.8 creatures/sec. Fitness: best=1527.7, avg=1011.5, new=(qd-mutate=655.8). MAP-Elites(8x8, morphologies=3): occupied=35, pending=384, in flight=40
23:02:37: 5817x RT, 96.9 creatures/sec. Fitness: best=1527.7, avg=1011.5, new=(qd-mutate=651.0). MAP-Elites(8x8, morphologies=3): occupied=35, pending=384, in flight=40
23:02:39: 5773x RT, 96.2 creatures/sec. Fitness: best=1527.7, avg=1011.5, new=(qd-mutate=663.8). MAP-Elites(8x8, morphologies=3): occupied=35, pending=384, in flight=40
23:02:41: 5834x RT, 97.2 creatures/sec. Fitness: best=1527.7, avg=1011.5, new=(qd-mutate=692.7). MAP-Elites(8x8, morphologies=3): occupied=35, pending=384, in flight=40
23:02:43: 5768x RT, 96.1 creatures/sec. Fitness: best=1527.7, avg=1011.5, new=(qd-mutate=674.7). MAP-Elites(8x8, morphologies=3): occupied=35, pending=384, in flight=40
23:02:45: 5254x RT, 87.6 creatures/sec. Fitness: best=1527.7, avg=1011.5, new=(qd-mutate=664.7). MAP-Elites(8x8, morphologies=3): occupied=35, pending=384, in flight=40
23:02:47: 4963x RT, 82.7 creatures/sec. Fitness: best=1527.7, avg=1011.5, new=(qd-mutate=697.7). MAP-Elites(8x8, morphologies=3): occupied=35, pending=384, in flight=40
23:02:49: 4999x RT, 83.3 creatures/sec. Fitness: best=1527.7, avg=1011.5, new=(qd-mutate=707.2). MAP-Elites(8x8, morphologies=3): occupied=35, pending=384, in flight=40
23:02:51: 3947x RT, 65.8 creatures/sec. Fitness: best=1527.7, avg=1011.5, new=(qd-mutate=676.7). MAP-Elites(8x8, morphologies=3): occupied=35, pending=384, in flight=40
23:02:54: 152x RT, 2.5 creatures/sec. Fitness: best=1527.7, avg=1011.5, new=(qd-mutate=775.3). MAP-Elites(8x8, morphologies=3): occupied=35, pending=384, in flight=40
7629050 bytes written to /Users/dag/projects/Machine-Evolved-credible-training/training-runs/me-v2-harmonic-qd-01-double-gravity-double-population-8w/config.json. 
23:02:58: 51x RT, 0.8 creatures/sec. Fitness: best=1527.7, avg=1011.5, new=(qd-mutate=862.8). MAP-Elites(8x8, morphologies=3): occupied=35, pending=384, in flight=40
23:03:00: 2488x RT, 41.5 creatures/sec. Fitness: best=1527.7, avg=1011.5, new=(qd-mutate=675.5). MAP-Elites(8x8, morphologies=3): occupied=35, pending=384, in flight=40
23:03:03: 6133x RT, 102.2 creatures/sec. Fitness: best=1527.7, avg=1011.5, new=(qd-mutate=670.1). MAP-Elites(8x8, morphologies=3): occupied=35, pending=384, in flight=40
23:03:05: 6375x RT, 106.2 creatures/sec. Fitness: best=1527.7, avg=1011.5, new=(qd-mutate=688.3). MAP-Elites(8x8, morphologies=3): occupied=35, pending=384, in flight=40
23:03:07: 5515x RT, 91.9 creatures/sec. Fitness: best=1527.7, avg=1011.5, new=(qd-mutate=663.2). MAP-Elites(8x8, morphologies=3): occupied=35, pending=384, in flight=40
23:03:09: 5771x RT, 96.2 creatures/sec. Fitness: best=1527.7, avg=1011.5, new=(qd-mutate=672.4). MAP-Elites(8x8, morphologies=3): occupied=35, pending=384, in flight=40
23:03:11: 5885x RT, 98.1 creatures/sec. Fitness: best=1527.7, avg=1011.5, new=(qd-mutate=695.9). MAP-Elites(8x8, morphologies=3): occupied=35, pending=384, in flight=40
23:03:13: 5771x RT, 96.2 creatures/sec. Fitness: best=1527.7, avg=1011.5, new=(qd-mutate=662.2). MAP-Elites(8x8, morphologies=3): occupied=35, pending=384, in flight=40
23:03:15: 6003x RT, 100.0 creatures/sec. Fitness: best=1527.7, avg=1011.5, new=(qd-mutate=685.8). MAP-Elites(8x8, morphologies=3): occupied=35, pending=384, in flight=40
23:03:17: 1081x RT, 18.0 creatures/sec. Fitness: best=1527.7, avg=1011.5, new=(qd-mutate=812.2). MAP-Elites(8x8, morphologies=3): occupied=35, pending=384, in flight=40
23:03:19: 179x RT, 3.0 creatures/sec. Fitness: best=1527.7, avg=1011.5, new=(qd-mutate=643.8). MAP-Elites(8x8, morphologies=3): occupied=35, pending=384, in flight=40
23:03:21: 114x RT, 1.9 creatures/sec. Fitness: best=1527.7, avg=1011.5, new=(qd-mutate=570.2). MAP-Elites(8x8, morphologies=3): occupied=35, pending=384, in flight=40
23:03:24: 177x RT, 3.0 creatures/sec. Fitness: best=1527.7, avg=1011.5, new=(qd-mutate=710.4). MAP-Elites(8x8, morphologies=3): occupied=35, pending=384, in flight=40
23:03:26: 3319x RT, 55.3 creatures/sec. Fitness: best=1527.7, avg=1011.5, new=(qd-mutate=679.3). MAP-Elites(8x8, morphologies=3): occupied=35, pending=384, in flight=40
23:03:28: 6404x RT, 106.7 creatures/sec. Fitness: best=1527.7, avg=1011.5, new=(qd-mutate=672.5). MAP-Elites(8x8, morphologies=3): occupied=35, pending=384, in flight=40
23:03:30: 6390x RT, 106.5 creatures/sec. Fitness: best=1527.7, avg=1011.5, new=(qd-mutate=648.1). MAP-Elites(8x8, morphologies=3): occupied=35, pending=384, in flight=40
23:03:32: 6109x RT, 101.8 creatures/sec. Fitness: best=1527.7, avg=1011.5, new=(qd-mutate=650.1). MAP-Elites(8x8, morphologies=3): occupied=35, pending=384, in flight=40
23:03:34: 5049x RT, 84.1 creatures/sec. Fitness: best=1527.7, avg=1011.5, new=(qd-mutate=710.1). MAP-Elites(8x8, morphologies=3): occupied=35, pending=384, in flight=40
23:03:36: 5292x RT, 88.2 creatures/sec. Fitness: best=1527.7, avg=1011.5, new=(qd-mutate=698.0). MAP-Elites(8x8, morphologies=3): occupied=35, pending=384, in flight=40
23:03:38: 5655x RT, 94.3 creatures/sec. Fitness: best=1527.7, avg=1011.5, new=(qd-mutate=650.4). MAP-Elites(8x8, morphologies=3): occupied=35, pending=384, in flight=40
23:03:40: 5795x RT, 96.6 creatures/sec. Fitness: best=1527.7, avg=1011.5, new=(qd-mutate=659.3). MAP-Elites(8x8, morphologies=3): occupied=35, pending=384, in flight=40
23:03:42: 5748x RT, 95.8 creatures/sec. Fitness: best=1527.7, avg=1011.5, new=(qd-mutate=707.2). MAP-Elites(8x8, morphologies=3): occupied=35, pending=384, in flight=40
23:03:44: 5723x RT, 95.4 creatures/sec. Fitness: best=1527.7, avg=1011.5, new=(qd-mutate=688.4). MAP-Elites(8x8, morphologies=3): occupied=35, pending=384, in flight=40
23:03:46: 5791x RT, 96.5 creatures/sec. Fitness: best=1527.7, avg=1011.5, new=(qd-mutate=592.8). MAP-Elites(8x8, morphologies=3): occupied=35, pending=384, in flight=40
23:03:49: 5768x RT, 96.1 creatures/sec. Fitness: best=1527.7, avg=1011.5, new=(qd-mutate=671.4). MAP-Elites(8x8, morphologies=3): occupied=35, pending=384, in flight=40
23:03:51: 5855x RT, 97.6 creatures/sec. Fitness: best=1527.7, avg=1011.5, new=(qd-mutate=695.6). MAP-Elites(8x8, morphologies=3): occupied=35, pending=384, in flight=40
23:03:53: 5871x RT, 97.8 creatures/sec. Fitness: best=1527.7, avg=1011.5, new=(qd-mutate=664.3). MAP-Elites(8x8, morphologies=3): occupied=35, pending=384, in flight=40
23:03:55: 5827x RT, 97.1 creatures/sec. Fitness: best=1527.7, avg=1011.5, new=(qd-mutate=665.8). MAP-Elites(8x8, morphologies=3): occupied=35, pending=384, in flight=40
7707152 bytes written to /Users/dag/projects/Machine-Evolved-credible-training/training-runs/me-v2-harmonic-qd-01-double-gravity-double-population-8w/config.json. 
23:03:57: 5774x RT, 96.2 creatures/sec. Fitness: best=1527.7, avg=1011.5, new=(qd-mutate=676.8). MAP-Elites(8x8, morphologies=3): occupied=35, pending=384, in flight=40
23:03:59: 5828x RT, 97.1 creatures/sec. Fitness: best=1527.7, avg=1011.5, new=(qd-mutate=628.0). MAP-Elites(8x8, morphologies=3): occupied=35, pending=384, in flight=40
23:04:01: 5845x RT, 97.4 creatures/sec. Fitness: best=1527.7, avg=1011.5, new=(qd-mutate=648.3). MAP-Elites(8x8, morphologies=3): occupied=35, pending=384, in flight=40
23:04:03: 5843x RT, 97.4 creatures/sec. Fitness: best=1527.7, avg=1011.5, new=(qd-mutate=669.2). MAP-Elites(8x8, morphologies=3): occupied=35, pending=384, in flight=40
23:04:05: 5803x RT, 96.7 creatures/sec. Fitness: best=1527.7, avg=1011.5, new=(qd-mutate=678.3). MAP-Elites(8x8, morphologies=3): occupied=35, pending=384, in flight=40
23:04:07: 5841x RT, 97.4 creatures/sec. Fitness: best=1527.7, avg=1011.5, new=(qd-mutate=652.0). MAP-Elites(8x8, morphologies=3): occupied=35, pending=384, in flight=40
23:04:09: 5817x RT, 96.9 creatures/sec. Fitness: best=1527.7, avg=1011.5, new=(qd-mutate=663.3). MAP-Elites(8x8, morphologies=3): occupied=35, pending=384, in flight=40
23:04:11: 5878x RT, 98.0 creatures/sec. Fitness: best=1527.7, avg=1011.5, new=(qd-mutate=651.9). MAP-Elites(8x8, morphologies=3): occupied=35, pending=384, in flight=40
23:04:13: 5811x RT, 96.8 creatures/sec. Fitness: best=1527.7, avg=1011.5, new=(qd-mutate=695.5). MAP-Elites(8x8, morphologies=3): occupied=35, pending=384, in flight=40
23:04:15: 5558x RT, 92.6 creatures/sec. Fitness: best=1527.7, avg=1011.5, new=(qd-mutate=710.2). MAP-Elites(8x8, morphologies=3): occupied=35, pending=384, in flight=40
23:04:18: 5205x RT, 86.8 creatures/sec. Fitness: best=1527.7, avg=1011.5, new=(qd-mutate=685.5). MAP-Elites(8x8, morphologies=3): occupied=35, pending=384, in flight=40
23:04:20: 5615x RT, 93.6 creatures/sec. Fitness: best=1527.7, avg=1011.5, new=(qd-mutate=658.1). MAP-Elites(8x8, morphologies=3): occupied=35, pending=384, in flight=40
23:04:22: 5765x RT, 96.1 creatures/sec. Fitness: best=1527.7, avg=1011.5, new=(qd-mutate=657.9). MAP-Elites(8x8, morphologies=3): occupied=35, pending=384, in flight=40
23:04:24: 5023x RT, 83.7 creatures/sec. Fitness: best=1527.7, avg=1011.5, new=(qd-mutate=678.0). MAP-Elites(8x8, morphologies=3): occupied=35, pending=384, in flight=40
23:04:26: 5819x RT, 97.0 creatures/sec. Fitness: best=1527.7, avg=1011.5, new=(qd-mutate=666.2). MAP-Elites(8x8, morphologies=3): occupied=35, pending=384, in flight=40
23:04:28: 5712x RT, 95.2 creatures/sec. Fitness: best=1527.7, avg=1011.5, new=(qd-mutate=645.9). MAP-Elites(8x8, morphologies=3): occupied=35, pending=384, in flight=40
23:04:30: 5876x RT, 97.9 creatures/sec. Fitness: best=1527.7, avg=1011.5, new=(qd-mutate=684.5). MAP-Elites(8x8, morphologies=3): occupied=35, pending=384, in flight=40
23:04:32: 5293x RT, 88.2 creatures/sec. Fitness: best=1527.7, avg=1011.5, new=(qd-mutate=647.5). MAP-Elites(8x8, morphologies=3): occupied=35, pending=384, in flight=40
23:04:34: 4948x RT, 82.5 creatures/sec. Fitness: best=1527.7, avg=1011.5, new=(qd-mutate=688.9). MAP-Elites(8x8, morphologies=3): occupied=35, pending=384, in flight=40
23:04:36: 5666x RT, 94.4 creatures/sec. Fitness: best=1527.7, avg=1011.5, new=(qd-mutate=628.2). MAP-Elites(8x8, morphologies=3): occupied=35, pending=384, in flight=40
23:04:38: 5770x RT, 96.2 creatures/sec. Fitness: best=1527.7, avg=1011.5, new=(qd-mutate=674.7). MAP-Elites(8x8, morphologies=3): occupied=35, pending=384, in flight=40
23:04:40: 5771x RT, 96.2 creatures/sec. Fitness: best=1527.7, avg=1011.5, new=(qd-mutate=680.5). MAP-Elites(8x8, morphologies=3): occupied=35, pending=384, in flight=40
23:04:42: 5728x RT, 95.5 creatures/sec. Fitness: best=1527.7, avg=1011.5, new=(qd-mutate=637.5). MAP-Elites(8x8, morphologies=3): occupied=35, pending=384, in flight=40
23:04:44: 5791x RT, 96.5 creatures/sec. Fitness: best=1527.7, avg=1011.5, new=(qd-mutate=637.3). MAP-Elites(8x8, morphologies=3): occupied=35, pending=384, in flight=40
23:04:46: 5721x RT, 95.3 creatures/sec. Fitness: best=1527.7, avg=1011.5, new=(qd-mutate=640.7). MAP-Elites(8x8, morphologies=3): occupied=35, pending=384, in flight=40
23:04:48: 5711x RT, 95.2 creatures/sec. Fitness: best=1527.7, avg=1011.5, new=(qd-mutate=690.9). MAP-Elites(8x8, morphologies=3): occupied=35, pending=384, in flight=40
23:04:50: 5319x RT, 88.7 creatures/sec. Fitness: best=1527.7, avg=1011.5, new=(qd-mutate=662.8). MAP-Elites(8x8, morphologies=3): occupied=35, pending=384, in flight=40
23:04:53: 5392x RT, 89.9 creatures/sec. Fitness: best=1527.7, avg=1011.5, new=(qd-mutate=643.8). MAP-Elites(8x8, morphologies=3): occupied=35, pending=384, in flight=40
23:04:55: 5689x RT, 94.8 creatures/sec. Fitness: best=1527.7, avg=1011.5, new=(qd-mutate=641.0). MAP-Elites(8x8, morphologies=3): occupied=35, pending=384, in flight=40
7696386 bytes written to /Users/dag/projects/Machine-Evolved-credible-training/training-runs/me-v2-harmonic-qd-01-double-gravity-double-population-8w/config.json. 
23:04:57: 5661x RT, 94.3 creatures/sec. Fitness: best=1527.7, avg=1011.5, new=(qd-mutate=676.2). MAP-Elites(8x8, morphologies=3): occupied=35, pending=384, in flight=40
23:04:59: 5687x RT, 94.8 creatures/sec. Fitness: best=1527.7, avg=1011.5, new=(qd-mutate=663.9). MAP-Elites(8x8, morphologies=3): occupied=35, pending=384, in flight=40
23:05:01: 5845x RT, 97.4 creatures/sec. Fitness: best=1527.7, avg=1011.5, new=(qd-mutate=709.8). MAP-Elites(8x8, morphologies=3): occupied=35, pending=384, in flight=40
23:05:03: 5397x RT, 90.0 creatures/sec. Fitness: best=1527.7, avg=1011.5, new=(qd-mutate=661.4). MAP-Elites(8x8, morphologies=3): occupied=35, pending=384, in flight=40
23:05:05: 5233x RT, 87.2 creatures/sec. Fitness: best=1527.7, avg=1011.5, new=(qd-mutate=595.3). MAP-Elites(8x8, morphologies=3): occupied=35, pending=384, in flight=40
23:05:07: 5516x RT, 91.9 creatures/sec. Fitness: best=1527.7, avg=1011.5, new=(qd-mutate=634.5). MAP-Elites(8x8, morphologies=3): occupied=35, pending=384, in flight=40
23:05:09: 4797x RT, 80.0 creatures/sec. Fitness: best=1527.7, avg=1011.5, new=(qd-mutate=703.4). MAP-Elites(8x8, morphologies=3): occupied=35, pending=384, in flight=40
23:05:11: 5765x RT, 96.1 creatures/sec. Fitness: best=1527.7, avg=1011.5, new=(qd-mutate=653.0). MAP-Elites(8x8, morphologies=3): occupied=35, pending=384, in flight=40
23:05:13: 5689x RT, 94.8 creatures/sec. Fitness: best=1527.7, avg=1011.5, new=(qd-mutate=642.8). MAP-Elites(8x8, morphologies=3): occupied=35, pending=384, in flight=40
23:05:15: 5809x RT, 96.8 creatures/sec. Fitness: best=1527.7, avg=1011.5, new=(qd-mutate=652.1). MAP-Elites(8x8, morphologies=3): occupied=35, pending=384, in flight=40
23:05:18: 5655x RT, 94.3 creatures/sec. Fitness: best=1527.7, avg=1011.5, new=(qd-mutate=653.3). MAP-Elites(8x8, morphologies=3): occupied=35, pending=384, in flight=40
23:05:20: 5688x RT, 94.8 creatures/sec. Fitness: best=1527.7, avg=1011.5, new=(qd-mutate=632.7). MAP-Elites(8x8, morphologies=3): occupied=35, pending=384, in flight=40
23:05:22: 5827x RT, 97.1 creatures/sec. Fitness: best=1527.7, avg=1011.5, new=(qd-mutate=703.3). MAP-Elites(8x8, morphologies=3): occupied=35, pending=384, in flight=40
23:05:24: 5873x RT, 97.9 creatures/sec. Fitness: best=1527.7, avg=1011.5, new=(qd-mutate=613.9). MAP-Elites(8x8, morphologies=3): occupied=35, pending=384, in flight=40
23:05:26: 5232x RT, 87.2 creatures/sec. Fitness: best=1527.7, avg=1011.5, new=(qd-mutate=642.8). MAP-Elites(8x8, morphologies=3): occupied=35, pending=384, in flight=40
23:05:28: 3021x RT, 50.3 creatures/sec. Fitness: best=1527.7, avg=1011.5, new=(qd-mutate=673.5). MAP-Elites(8x8, morphologies=3): occupied=35, pending=384, in flight=40
23:05:30: 3617x RT, 60.3 creatures/sec. Fitness: best=1527.7, avg=1011.5, new=(qd-mutate=671.1). MAP-Elites(8x8, morphologies=3): occupied=35, pending=384, in flight=40
23:05:32: 4212x RT, 70.2 creatures/sec. Fitness: best=1527.7, avg=1011.5, new=(qd-mutate=616.4). MAP-Elites(8x8, morphologies=3): occupied=35, pending=384, in flight=40
23:05:34: 4420x RT, 73.7 creatures/sec. Fitness: best=1527.7, avg=1011.5, new=(qd-mutate=670.8). MAP-Elites(8x8, morphologies=3): occupied=35, pending=384, in flight=40
23:05:36: 3804x RT, 63.4 creatures/sec. Fitness: best=1527.7, avg=1011.5, new=(qd-mutate=667.6). MAP-Elites(8x8, morphologies=3): occupied=35, pending=384, in flight=40
23:05:38: 4323x RT, 72.0 creatures/sec. Fitness: best=1527.7, avg=1011.5, new=(qd-mutate=690.7). MAP-Elites(8x8, morphologies=3): occupied=35, pending=384, in flight=40
23:05:40: 4410x RT, 73.5 creatures/sec. Fitness: best=1527.7, avg=1011.5, new=(qd-mutate=663.6). MAP-Elites(8x8, morphologies=3): occupied=35, pending=384, in flight=40
23:05:42: 4404x RT, 73.4 creatures/sec. Fitness: best=1527.7, avg=1011.5, new=(qd-mutate=674.1). MAP-Elites(8x8, morphologies=3): occupied=35, pending=384, in flight=40
23:05:44: 4144x RT, 69.1 creatures/sec. Fitness: best=1527.7, avg=1011.5, new=(qd-mutate=703.6). MAP-Elites(8x8, morphologies=3): occupied=35, pending=384, in flight=40
23:05:46: 4273x RT, 71.2 creatures/sec. Fitness: best=1527.7, avg=1011.5, new=(qd-mutate=693.7). MAP-Elites(8x8, morphologies=3): occupied=35, pending=384, in flight=40
23:05:48: 3730x RT, 62.2 creatures/sec. Fitness: best=1527.7, avg=1011.5, new=(qd-mutate=690.1). MAP-Elites(8x8, morphologies=3): occupied=35, pending=384, in flight=41
23:05:51: 3754x RT, 62.6 creatures/sec. Fitness: best=1527.7, avg=1011.5, new=(qd-mutate=665.8). MAP-Elites(8x8, morphologies=3): occupied=35, pending=384, in flight=40
23:05:53: 1742x RT, 29.0 creatures/sec. Fitness: best=1527.7, avg=1011.5, new=(qd-mutate=685.4). MAP-Elites(8x8, morphologies=3): occupied=35, pending=384, in flight=40
23:05:55: 3974x RT, 66.2 creatures/sec. Fitness: best=1527.7, avg=1011.5, new=(qd-mutate=671.9). MAP-Elites(8x8, morphologies=3): occupied=35, pending=384, in flight=40
7641240 bytes written to /Users/dag/projects/Machine-Evolved-credible-training/training-runs/me-v2-harmonic-qd-01-double-gravity-double-population-8w/config.json. 
23:05:57: 5010x RT, 83.5 creatures/sec. Fitness: best=1527.7, avg=1011.5, new=(qd-mutate=656.4). MAP-Elites(8x8, morphologies=3): occupied=35, pending=384, in flight=40
23:05:59: 3775x RT, 62.9 creatures/sec. Fitness: best=1527.7, avg=1011.5, new=(qd-mutate=642.6). MAP-Elites(8x8, morphologies=3): occupied=35, pending=384, in flight=40
23:06:01: 4949x RT, 82.5 creatures/sec. Fitness: best=1527.7, avg=1011.5, new=(qd-mutate=634.2). MAP-Elites(8x8, morphologies=3): occupied=35, pending=384, in flight=40
23:06:03: 4706x RT, 78.4 creatures/sec. Fitness: best=1527.7, avg=1011.5, new=(qd-mutate=679.3). MAP-Elites(8x8, morphologies=3): occupied=35, pending=384, in flight=40
23:06:05: 6115x RT, 101.9 creatures/sec. Fitness: best=1527.7, avg=1013.2, new=(qd-mutate=641.7). MAP-Elites(8x8, morphologies=3): occupied=35, pending=384, in flight=40
23:06:07: 5672x RT, 94.5 creatures/sec. Fitness: best=1527.7, avg=1013.2, new=(qd-mutate=630.3). MAP-Elites(8x8, morphologies=3): occupied=35, pending=384, in flight=40
23:06:09: 5930x RT, 98.8 creatures/sec. Fitness: best=1527.7, avg=1013.2, new=(qd-mutate=654.3). MAP-Elites(8x8, morphologies=3): occupied=35, pending=384, in flight=40
23:06:11: 5481x RT, 91.3 creatures/sec. Fitness: best=1527.7, avg=1013.2, new=(qd-mutate=657.2). MAP-Elites(8x8, morphologies=3): occupied=35, pending=384, in flight=40
23:06:13: 5812x RT, 96.9 creatures/sec. Fitness: best=1527.7, avg=1013.2, new=(qd-mutate=648.9). MAP-Elites(8x8, morphologies=3): occupied=35, pending=384, in flight=40
23:06:15: 5768x RT, 96.1 creatures/sec. Fitness: best=1527.7, avg=1013.2, new=(qd-mutate=652.0). MAP-Elites(8x8, morphologies=3): occupied=35, pending=384, in flight=40
23:06:17: 5700x RT, 95.0 creatures/sec. Fitness: best=1527.7, avg=1013.2, new=(qd-mutate=640.4). MAP-Elites(8x8, morphologies=3): occupied=35, pending=384, in flight=40
23:06:20: 5789x RT, 96.5 creatures/sec. Fitness: best=1527.7, avg=1013.2, new=(qd-mutate=673.5). MAP-Elites(8x8, morphologies=3): occupied=35, pending=384, in flight=40
23:06:22: 5770x RT, 96.2 creatures/sec. Fitness: best=1527.7, avg=1013.2, new=(qd-mutate=688.5). MAP-Elites(8x8, morphologies=3): occupied=35, pending=384, in flight=40
23:06:24: 5778x RT, 96.3 creatures/sec. Fitness: best=1527.7, avg=1013.2, new=(qd-mutate=677.3). MAP-Elites(8x8, morphologies=3): occupied=35, pending=384, in flight=40
23:06:26: 5837x RT, 97.3 creatures/sec. Fitness: best=1527.7, avg=1013.2, new=(qd-mutate=644.1). MAP-Elites(8x8, morphologies=3): occupied=35, pending=384, in flight=40
23:06:28: 5802x RT, 96.7 creatures/sec. Fitness: best=1527.7, avg=1013.2, new=(qd-mutate=666.8). MAP-Elites(8x8, morphologies=3): occupied=35, pending=384, in flight=40
23:06:30: 5919x RT, 98.7 creatures/sec. Fitness: best=1527.7, avg=1013.2, new=(qd-mutate=633.2). MAP-Elites(8x8, morphologies=3): occupied=35, pending=384, in flight=40
23:06:32: 5667x RT, 94.4 creatures/sec. Fitness: best=1527.7, avg=1013.2, new=(qd-mutate=686.5). MAP-Elites(8x8, morphologies=3): occupied=35, pending=384, in flight=40
23:06:34: 5662x RT, 94.4 creatures/sec. Fitness: best=1527.7, avg=1013.2, new=(qd-mutate=661.0). MAP-Elites(8x8, morphologies=3): occupied=35, pending=384, in flight=40
23:06:36: 5776x RT, 96.3 creatures/sec. Fitness: best=1527.7, avg=1013.2, new=(qd-mutate=641.1). MAP-Elites(8x8, morphologies=3): occupied=35, pending=384, in flight=40
23:06:38: 5703x RT, 95.1 creatures/sec. Fitness: best=1527.7, avg=1013.2, new=(qd-mutate=690.0). MAP-Elites(8x8, morphologies=3): occupied=35, pending=384, in flight=40
23:06:40: 5862x RT, 97.7 creatures/sec. Fitness: best=1527.7, avg=1013.2, new=(qd-mutate=619.0). MAP-Elites(8x8, morphologies=3): occupied=35, pending=384, in flight=40
23:06:42: 5837x RT, 97.3 creatures/sec. Fitness: best=1527.7, avg=1013.2, new=(qd-mutate=650.2). MAP-Elites(8x8, morphologies=3): occupied=35, pending=384, in flight=40
23:06:44: 5791x RT, 96.5 creatures/sec. Fitness: best=1527.7, avg=1013.2, new=(qd-mutate=671.8). MAP-Elites(8x8, morphologies=3): occupied=35, pending=384, in flight=40
23:06:46: 5823x RT, 97.1 creatures/sec. Fitness: best=1527.7, avg=1013.2, new=(qd-mutate=643.0). MAP-Elites(8x8, morphologies=3): occupied=35, pending=384, in flight=40
23:06:48: 5895x RT, 98.2 creatures/sec. Fitness: best=1527.7, avg=1013.2, new=(qd-mutate=657.9). MAP-Elites(8x8, morphologies=3): occupied=35, pending=384, in flight=40
23:06:50: 5856x RT, 97.6 creatures/sec. Fitness: best=1527.7, avg=1013.2, new=(qd-mutate=687.6). MAP-Elites(8x8, morphologies=3): occupied=35, pending=384, in flight=40
23:06:52: 5801x RT, 96.7 creatures/sec. Fitness: best=1527.7, avg=1013.2, new=(qd-mutate=714.9). MAP-Elites(8x8, morphologies=3): occupied=35, pending=384, in flight=40
23:06:54: 5742x RT, 95.7 creatures/sec. Fitness: best=1527.7, avg=1013.2, new=(qd-mutate=694.6). MAP-Elites(8x8, morphologies=3): occupied=35, pending=384, in flight=40
7659982 bytes written to /Users/dag/projects/Machine-Evolved-credible-training/training-runs/me-v2-harmonic-qd-01-double-gravity-double-population-8w/config.json. 
23:06:57: 5775x RT, 96.3 creatures/sec. Fitness: best=1527.7, avg=1013.2, new=(qd-mutate=668.3). MAP-Elites(8x8, morphologies=3): occupied=35, pending=384, in flight=40
23:06:59: 5890x RT, 98.2 creatures/sec. Fitness: best=1527.7, avg=1013.2, new=(qd-mutate=703.5). MAP-Elites(8x8, morphologies=3): occupied=35, pending=384, in flight=40
23:07:01: 5809x RT, 96.8 creatures/sec. Fitness: best=1527.7, avg=1013.2, new=(qd-mutate=699.1). MAP-Elites(8x8, morphologies=3): occupied=35, pending=384, in flight=40
23:07:03: 5846x RT, 97.4 creatures/sec. Fitness: best=1527.7, avg=1013.2, new=(qd-mutate=657.5). MAP-Elites(8x8, morphologies=3): occupied=35, pending=384, in flight=40
23:07:05: 5886x RT, 98.1 creatures/sec. Fitness: best=1527.7, avg=1013.2, new=(qd-mutate=663.7). MAP-Elites(8x8, morphologies=3): occupied=35, pending=384, in flight=40
23:07:07: 5580x RT, 93.0 creatures/sec. Fitness: best=1527.7, avg=1013.2, new=(qd-mutate=684.4). MAP-Elites(8x8, morphologies=3): occupied=35, pending=384, in flight=40
23:07:09: 5803x RT, 96.7 creatures/sec. Fitness: best=1527.7, avg=1013.2, new=(qd-mutate=661.9). MAP-Elites(8x8, morphologies=3): occupied=35, pending=384, in flight=40
23:07:11: 5848x RT, 97.5 creatures/sec. Fitness: best=1527.7, avg=1013.2, new=(qd-mutate=677.4). MAP-Elites(8x8, morphologies=3): occupied=35, pending=384, in flight=40
23:07:13: 5863x RT, 97.7 creatures/sec. Fitness: best=1527.7, avg=1013.2, new=(qd-mutate=680.4). MAP-Elites(8x8, morphologies=3): occupied=35, pending=384, in flight=40
23:07:15: 5898x RT, 98.3 creatures/sec. Fitness: best=1527.7, avg=1013.2, new=(qd-mutate=686.9). MAP-Elites(8x8, morphologies=3): occupied=35, pending=384, in flight=40
23:07:17: 5678x RT, 94.6 creatures/sec. Fitness: best=1527.7, avg=1013.2, new=(qd-mutate=717.2). MAP-Elites(8x8, morphologies=3): occupied=35, pending=384, in flight=40
23:07:19: 5789x RT, 96.5 creatures/sec. Fitness: best=1527.7, avg=1013.2, new=(qd-mutate=652.8). MAP-Elites(8x8, morphologies=3): occupied=35, pending=384, in flight=40
23:07:21: 5868x RT, 97.8 creatures/sec. Fitness: best=1527.7, avg=1013.2, new=(qd-mutate=673.6). MAP-Elites(8x8, morphologies=3): occupied=35, pending=384, in flight=40
23:07:23: 5626x RT, 93.8 creatures/sec. Fitness: best=1527.7, avg=1013.2, new=(qd-mutate=605.0). MAP-Elites(8x8, morphologies=3): occupied=35, pending=384, in flight=40
23:07:25: 5813x RT, 96.9 creatures/sec. Fitness: best=1527.7, avg=1013.2, new=(qd-mutate=682.8). MAP-Elites(8x8, morphologies=3): occupied=35, pending=384, in flight=40
23:07:27: 5861x RT, 97.7 creatures/sec. Fitness: best=1527.7, avg=1013.2, new=(qd-mutate=674.5). MAP-Elites(8x8, morphologies=3): occupied=35, pending=384, in flight=40
23:07:29: 5844x RT, 97.4 creatures/sec. Fitness: best=1527.7, avg=1013.2, new=(qd-mutate=607.6). MAP-Elites(8x8, morphologies=3): occupied=35, pending=384, in flight=40
23:07:32: 5904x RT, 98.4 creatures/sec. Fitness: best=1527.7, avg=1013.2, new=(qd-mutate=659.7). MAP-Elites(8x8, morphologies=3): occupied=35, pending=384, in flight=40
23:07:34: 5838x RT, 97.3 creatures/sec. Fitness: best=1527.7, avg=1013.2, new=(qd-mutate=684.7). MAP-Elites(8x8, morphologies=3): occupied=35, pending=384, in flight=40
23:07:36: 5887x RT, 98.1 creatures/sec. Fitness: best=1527.7, avg=1013.2, new=(qd-mutate=649.9). MAP-Elites(8x8, morphologies=3): occupied=35, pending=384, in flight=40
23:07:38: 5916x RT, 98.6 creatures/sec. Fitness: best=1527.7, avg=1013.2, new=(qd-mutate=679.9). MAP-Elites(8x8, morphologies=3): occupied=35, pending=384, in flight=40
23:07:40: 5884x RT, 98.1 creatures/sec. Fitness: best=1527.7, avg=1013.2, new=(qd-mutate=682.3). MAP-Elites(8x8, morphologies=3): occupied=35, pending=384, in flight=40
23:07:42: 5841x RT, 97.4 creatures/sec. Fitness: best=1527.7, avg=1013.2, new=(qd-mutate=664.9). MAP-Elites(8x8, morphologies=3): occupied=35, pending=384, in flight=40
23:07:44: 5924x RT, 98.7 creatures/sec. Fitness: best=1527.7, avg=1013.2, new=(qd-mutate=658.7). MAP-Elites(8x8, morphologies=3): occupied=35, pending=384, in flight=40
23:07:46: 5877x RT, 97.9 creatures/sec. Fitness: best=1527.7, avg=1013.2, new=(qd-mutate=622.8). MAP-Elites(8x8, morphologies=3): occupied=35, pending=384, in flight=40
23:07:48: 5746x RT, 95.8 creatures/sec. Fitness: best=1527.7, avg=1013.2, new=(qd-mutate=639.9). MAP-Elites(8x8, morphologies=3): occupied=35, pending=384, in flight=40
23:07:50: 5830x RT, 97.2 creatures/sec. Fitness: best=1527.7, avg=1013.2, new=(qd-mutate=664.9). MAP-Elites(8x8, morphologies=3): occupied=35, pending=384, in flight=40
23:07:52: 5925x RT, 98.8 creatures/sec. Fitness: best=1527.7, avg=1013.2, new=(qd-mutate=675.0). MAP-Elites(8x8, morphologies=3): occupied=35, pending=384, in flight=40
23:07:54: 5879x RT, 98.0 creatures/sec. Fitness: best=1527.7, avg=1013.2, new=(qd-mutate=665.5). MAP-Elites(8x8, morphologies=3): occupied=35, pending=384, in flight=40
7636268 bytes written to /Users/dag/projects/Machine-Evolved-credible-training/training-runs/me-v2-harmonic-qd-01-double-gravity-double-population-8w/config.json. 
23:07:56: 5763x RT, 96.1 creatures/sec. Fitness: best=1527.7, avg=1013.2, new=(qd-mutate=646.6). MAP-Elites(8x8, morphologies=3): occupied=35, pending=384, in flight=40
23:07:58: 5857x RT, 97.6 creatures/sec. Fitness: best=1527.7, avg=1013.2, new=(qd-mutate=675.4). MAP-Elites(8x8, morphologies=3): occupied=35, pending=384, in flight=40
23:08:00: 5876x RT, 97.9 creatures/sec. Fitness: best=1527.7, avg=1013.2, new=(qd-mutate=616.6). MAP-Elites(8x8, morphologies=3): occupied=35, pending=384, in flight=40
23:08:02: 5854x RT, 97.6 creatures/sec. Fitness: best=1527.7, avg=1013.2, new=(qd-mutate=663.9). MAP-Elites(8x8, morphologies=3): occupied=35, pending=384, in flight=40
23:08:04: 5908x RT, 98.5 creatures/sec. Fitness: best=1527.7, avg=1013.2, new=(qd-mutate=684.5). MAP-Elites(8x8, morphologies=3): occupied=35, pending=384, in flight=40
23:08:06: 5932x RT, 98.9 creatures/sec. Fitness: best=1527.7, avg=1013.2, new=(qd-mutate=646.2). MAP-Elites(8x8, morphologies=3): occupied=35, pending=384, in flight=40
23:08:09: 5876x RT, 97.9 creatures/sec. Fitness: best=1527.7, avg=1013.2, new=(qd-mutate=616.5). MAP-Elites(8x8, morphologies=3): occupied=35, pending=384, in flight=40
23:08:11: 5873x RT, 97.9 creatures/sec. Fitness: best=1527.7, avg=1013.2, new=(qd-mutate=669.2). MAP-Elites(8x8, morphologies=3): occupied=35, pending=384, in flight=40
23:08:13: 4096x RT, 68.3 creatures/sec. Fitness: best=1527.7, avg=1013.2, new=(qd-mutate=647.6). MAP-Elites(8x8, morphologies=3): occupied=35, pending=384, in flight=40
23:08:15: 3065x RT, 51.1 creatures/sec. Fitness: best=1527.7, avg=1013.2, new=(qd-mutate=630.9). MAP-Elites(8x8, morphologies=3): occupied=35, pending=384, in flight=40
23:08:17: 6977x RT, 116.3 creatures/sec. Fitness: best=1527.7, avg=1013.2, new=(qd-mutate=655.0). MAP-Elites(8x8, morphologies=3): occupied=35, pending=384, in flight=40
23:08:20: 5048x RT, 84.1 creatures/sec. Fitness: best=1527.7, avg=1013.2, new=(qd-mutate=684.6). MAP-Elites(8x8, morphologies=3): occupied=35, pending=384, in flight=40
23:08:22: 5587x RT, 93.1 creatures/sec. Fitness: best=1527.7, avg=1013.2, new=(qd-mutate=612.9). MAP-Elites(8x8, morphologies=3): occupied=35, pending=384, in flight=40
23:08:24: 5906x RT, 98.4 creatures/sec. Fitness: best=1527.7, avg=1013.2, new=(qd-mutate=674.9). MAP-Elites(8x8, morphologies=3): occupied=35, pending=384, in flight=40
23:08:26: 5784x RT, 96.4 creatures/sec. Fitness: best=1527.7, avg=1013.2, new=(qd-mutate=676.1). MAP-Elites(8x8, morphologies=3): occupied=35, pending=384, in flight=40
23:08:28: 5852x RT, 97.5 creatures/sec. Fitness: best=1527.7, avg=1013.2, new=(qd-mutate=663.3). MAP-Elites(8x8, morphologies=3): occupied=35, pending=384, in flight=40
23:08:30: 5887x RT, 98.1 creatures/sec. Fitness: best=1527.7, avg=1013.2, new=(qd-mutate=654.4). MAP-Elites(8x8, morphologies=3): occupied=35, pending=384, in flight=40
23:08:32: 5819x RT, 97.0 creatures/sec. Fitness: best=1527.7, avg=1013.2, new=(qd-mutate=692.0). MAP-Elites(8x8, morphologies=3): occupied=35, pending=384, in flight=40
23:08:34: 5712x RT, 95.2 creatures/sec. Fitness: best=1527.7, avg=1013.2, new=(qd-mutate=628.9). MAP-Elites(8x8, morphologies=3): occupied=35, pending=384, in flight=40
23:08:36: 5768x RT, 96.1 creatures/sec. Fitness: best=1527.7, avg=1013.2, new=(qd-mutate=668.1). MAP-Elites(8x8, morphologies=3): occupied=35, pending=384, in flight=40
23:08:38: 5499x RT, 91.7 creatures/sec. Fitness: best=1527.7, avg=1013.2, new=(qd-mutate=638.3). MAP-Elites(8x8, morphologies=3): occupied=35, pending=384, in flight=40
23:08:40: 5854x RT, 97.6 creatures/sec. Fitness: best=1527.7, avg=1013.2, new=(qd-mutate=623.5). MAP-Elites(8x8, morphologies=3): occupied=35, pending=384, in flight=40
23:08:42: 5604x RT, 93.4 creatures/sec. Fitness: best=1527.7, avg=1013.2, new=(qd-mutate=668.2). MAP-Elites(8x8, morphologies=3): occupied=35, pending=384, in flight=40
23:08:44: 5595x RT, 93.3 creatures/sec. Fitness: best=1527.7, avg=1013.2, new=(qd-mutate=656.5). MAP-Elites(8x8, morphologies=3): occupied=35, pending=384, in flight=40
23:08:46: 5639x RT, 94.0 creatures/sec. Fitness: best=1527.7, avg=1013.2, new=(qd-mutate=655.2). MAP-Elites(8x8, morphologies=3): occupied=35, pending=384, in flight=40
23:08:48: 5573x RT, 92.9 creatures/sec. Fitness: best=1527.7, avg=1013.2, new=(qd-mutate=675.3). MAP-Elites(8x8, morphologies=3): occupied=35, pending=384, in flight=40
23:08:50: 5621x RT, 93.7 creatures/sec. Fitness: best=1527.7, avg=1013.2, new=(qd-mutate=744.7). MAP-Elites(8x8, morphologies=3): occupied=35, pending=384, in flight=40
23:08:53: 5751x RT, 95.9 creatures/sec. Fitness: best=1527.7, avg=1013.2, new=(qd-mutate=644.3). MAP-Elites(8x8, morphologies=3): occupied=35, pending=384, in flight=40
23:08:55: 5601x RT, 93.3 creatures/sec. Fitness: best=1527.7, avg=1013.2, new=(qd-mutate=644.0). MAP-Elites(8x8, morphologies=3): occupied=35, pending=384, in flight=40
7681155 bytes written to /Users/dag/projects/Machine-Evolved-credible-training/training-runs/me-v2-harmonic-qd-01-double-gravity-double-population-8w/config.json. 
23:08:57: 5774x RT, 96.2 creatures/sec. Fitness: best=1527.7, avg=1013.2, new=(qd-mutate=628.6). MAP-Elites(8x8, morphologies=3): occupied=35, pending=384, in flight=40
23:08:59: 5777x RT, 96.3 creatures/sec. Fitness: best=1527.7, avg=1013.2, new=(qd-mutate=636.5). MAP-Elites(8x8, morphologies=3): occupied=35, pending=384, in flight=40
23:09:01: 5797x RT, 96.6 creatures/sec. Fitness: best=1527.7, avg=1013.2, new=(qd-mutate=705.2). MAP-Elites(8x8, morphologies=3): occupied=35, pending=384, in flight=40
23:09:03: 5804x RT, 96.7 creatures/sec. Fitness: best=1527.7, avg=1013.2, new=(qd-mutate=660.1). MAP-Elites(8x8, morphologies=3): occupied=35, pending=384, in flight=40
23:09:05: 5432x RT, 90.5 creatures/sec. Fitness: best=1527.7, avg=1013.2, new=(qd-mutate=664.9). MAP-Elites(8x8, morphologies=3): occupied=35, pending=384, in flight=40
23:09:07: 5127x RT, 85.4 creatures/sec. Fitness: best=1527.7, avg=1013.2, new=(qd-mutate=662.7). MAP-Elites(8x8, morphologies=3): occupied=35, pending=384, in flight=40
23:09:09: 5695x RT, 94.9 creatures/sec. Fitness: best=1527.7, avg=1013.2, new=(qd-mutate=652.7). MAP-Elites(8x8, morphologies=3): occupied=35, pending=384, in flight=40
23:09:11: 4942x RT, 82.4 creatures/sec. Fitness: best=1527.7, avg=1013.2, new=(qd-mutate=648.9). MAP-Elites(8x8, morphologies=3): occupied=35, pending=384, in flight=40
23:09:13: 4845x RT, 80.7 creatures/sec. Fitness: best=1527.7, avg=1013.2, new=(qd-mutate=702.1). MAP-Elites(8x8, morphologies=3): occupied=35, pending=384, in flight=40
23:09:15: 4592x RT, 76.5 creatures/sec. Fitness: best=1527.7, avg=1013.2, new=(qd-mutate=643.0). MAP-Elites(8x8, morphologies=3): occupied=35, pending=384, in flight=40
23:09:17: 5469x RT, 91.2 creatures/sec. Fitness: best=1527.7, avg=1013.2, new=(qd-mutate=662.4). MAP-Elites(8x8, morphologies=3): occupied=35, pending=384, in flight=40
23:09:19: 5776x RT, 96.3 creatures/sec. Fitness: best=1527.7, avg=1013.2, new=(qd-mutate=664.9). MAP-Elites(8x8, morphologies=3): occupied=35, pending=384, in flight=40
23:09:22: 5801x RT, 96.7 creatures/sec. Fitness: best=1527.7, avg=1013.2, new=(qd-mutate=696.4). MAP-Elites(8x8, morphologies=3): occupied=35, pending=384, in flight=40
23:09:24: 5844x RT, 97.4 creatures/sec. Fitness: best=1527.7, avg=1013.2, new=(qd-mutate=660.0). MAP-Elites(8x8, morphologies=3): occupied=35, pending=384, in flight=40
23:09:26: 5791x RT, 96.5 creatures/sec. Fitness: best=1527.7, avg=1013.2, new=(qd-mutate=647.7). MAP-Elites(8x8, morphologies=3): occupied=35, pending=384, in flight=40
23:09:28: 5831x RT, 97.2 creatures/sec. Fitness: best=1527.7, avg=1013.2, new=(qd-mutate=725.9). MAP-Elites(8x8, morphologies=3): occupied=35, pending=384, in flight=40
23:09:30: 5802x RT, 96.7 creatures/sec. Fitness: best=1527.7, avg=1013.2, new=(qd-mutate=701.7). MAP-Elites(8x8, morphologies=3): occupied=35, pending=384, in flight=40
23:09:32: 5845x RT, 97.4 creatures/sec. Fitness: best=1527.7, avg=1013.2, new=(qd-mutate=648.6). MAP-Elites(8x8, morphologies=3): occupied=35, pending=384, in flight=40
23:09:34: 5847x RT, 97.5 creatures/sec. Fitness: best=1527.7, avg=1013.2, new=(qd-mutate=646.9). MAP-Elites(8x8, morphologies=3): occupied=35, pending=384, in flight=40
23:09:36: 5747x RT, 95.8 creatures/sec. Fitness: best=1527.7, avg=1013.2, new=(qd-mutate=642.3). MAP-Elites(8x8, morphologies=3): occupied=35, pending=384, in flight=40
23:09:38: 5836x RT, 97.3 creatures/sec. Fitness: best=1527.7, avg=1013.2, new=(qd-mutate=649.1). MAP-Elites(8x8, morphologies=3): occupied=35, pending=384, in flight=40
23:09:40: 5839x RT, 97.3 creatures/sec. Fitness: best=1527.7, avg=1013.2, new=(qd-mutate=691.0). MAP-Elites(8x8, morphologies=3): occupied=35, pending=384, in flight=40
23:09:42: 5626x RT, 93.8 creatures/sec. Fitness: best=1527.7, avg=1013.2, new=(qd-mutate=678.0). MAP-Elites(8x8, morphologies=3): occupied=35, pending=384, in flight=40
23:09:44: 5902x RT, 98.4 creatures/sec. Fitness: best=1527.7, avg=1013.2, new=(qd-mutate=664.8). MAP-Elites(8x8, morphologies=3): occupied=35, pending=384, in flight=40
23:09:46: 5841x RT, 97.4 creatures/sec. Fitness: best=1527.7, avg=1013.2, new=(qd-mutate=648.4). MAP-Elites(8x8, morphologies=3): occupied=35, pending=384, in flight=40
23:09:48: 5335x RT, 88.9 creatures/sec. Fitness: best=1527.7, avg=1013.2, new=(qd-mutate=657.9). MAP-Elites(8x8, morphologies=3): occupied=35, pending=384, in flight=40
23:09:50: 5868x RT, 97.8 creatures/sec. Fitness: best=1527.7, avg=1013.2, new=(qd-mutate=630.7). MAP-Elites(8x8, morphologies=3): occupied=35, pending=384, in flight=40
23:09:52: 5899x RT, 98.3 creatures/sec. Fitness: best=1527.7, avg=1013.2, new=(qd-mutate=669.0). MAP-Elites(8x8, morphologies=3): occupied=35, pending=384, in flight=40
23:09:54: 5737x RT, 95.6 creatures/sec. Fitness: best=1527.7, avg=1013.2, new=(qd-mutate=673.9). MAP-Elites(8x8, morphologies=3): occupied=35, pending=384, in flight=40
7683264 bytes written to /Users/dag/projects/Machine-Evolved-credible-training/training-runs/me-v2-harmonic-qd-01-double-gravity-double-population-8w/config.json. 
23:09:56: 5862x RT, 97.7 creatures/sec. Fitness: best=1527.7, avg=1013.2, new=(qd-mutate=691.8). MAP-Elites(8x8, morphologies=3): occupied=35, pending=384, in flight=40
23:09:59: 5916x RT, 98.6 creatures/sec. Fitness: best=1527.7, avg=1013.2, new=(qd-mutate=656.7). MAP-Elites(8x8, morphologies=3): occupied=35, pending=384, in flight=40
23:10:01: 4955x RT, 82.6 creatures/sec. Fitness: best=1527.7, avg=1013.2, new=(qd-mutate=622.9). MAP-Elites(8x8, morphologies=3): occupied=35, pending=384, in flight=40
23:10:03: 3396x RT, 56.6 creatures/sec. Fitness: best=1527.7, avg=1013.2, new=(qd-mutate=685.7). MAP-Elites(8x8, morphologies=3): occupied=35, pending=384, in flight=40
23:10:05: 3372x RT, 56.2 creatures/sec. Fitness: best=1527.7, avg=1013.2, new=(qd-mutate=674.7). MAP-Elites(8x8, morphologies=3): occupied=35, pending=384, in flight=40
23:10:07: 5720x RT, 95.3 creatures/sec. Fitness: best=1527.7, avg=1013.2, new=(qd-mutate=651.1). MAP-Elites(8x8, morphologies=3): occupied=35, pending=384, in flight=40
23:10:09: 5930x RT, 98.8 creatures/sec. Fitness: best=1527.7, avg=1013.2, new=(qd-mutate=661.6). MAP-Elites(8x8, morphologies=3): occupied=35, pending=384, in flight=40
23:10:11: 6088x RT, 101.5 creatures/sec. Fitness: best=1527.7, avg=1013.2, new=(qd-mutate=673.7). MAP-Elites(8x8, morphologies=3): occupied=35, pending=384, in flight=40
23:10:13: 5156x RT, 85.9 creatures/sec. Fitness: best=1527.7, avg=1013.2, new=(qd-mutate=616.5). MAP-Elites(8x8, morphologies=3): occupied=35, pending=384, in flight=40
23:10:15: 5741x RT, 95.7 creatures/sec. Fitness: best=1527.7, avg=1013.2, new=(qd-mutate=655.0). MAP-Elites(8x8, morphologies=3): occupied=35, pending=384, in flight=40
23:10:17: 5752x RT, 95.9 creatures/sec. Fitness: best=1527.7, avg=1013.2, new=(qd-mutate=679.2). MAP-Elites(8x8, morphologies=3): occupied=35, pending=384, in flight=40
23:10:19: 5810x RT, 96.8 creatures/sec. Fitness: best=1527.7, avg=1013.2, new=(qd-mutate=678.0). MAP-Elites(8x8, morphologies=3): occupied=35, pending=384, in flight=40
23:10:21: 5220x RT, 87.0 creatures/sec. Fitness: best=1527.7, avg=1013.2, new=(qd-mutate=641.3). MAP-Elites(8x8, morphologies=3): occupied=35, pending=384, in flight=40
23:10:23: 5723x RT, 95.4 creatures/sec. Fitness: best=1527.7, avg=1013.7, new=(qd-mutate=657.2). MAP-Elites(8x8, morphologies=3): occupied=35, pending=384, in flight=40
23:10:25: 5793x RT, 96.6 creatures/sec. Fitness: best=1527.7, avg=1013.7, new=(qd-mutate=604.9). MAP-Elites(8x8, morphologies=3): occupied=35, pending=384, in flight=40
23:10:27: 5786x RT, 96.4 creatures/sec. Fitness: best=1527.7, avg=1013.7, new=(qd-mutate=643.2). MAP-Elites(8x8, morphologies=3): occupied=35, pending=384, in flight=40
23:10:29: 5846x RT, 97.4 creatures/sec. Fitness: best=1527.7, avg=1013.7, new=(qd-mutate=659.7). MAP-Elites(8x8, morphologies=3): occupied=35, pending=384, in flight=40
23:10:31: 5844x RT, 97.4 creatures/sec. Fitness: best=1527.7, avg=1013.7, new=(qd-mutate=683.1). MAP-Elites(8x8, morphologies=3): occupied=35, pending=384, in flight=40
23:10:34: 5870x RT, 97.8 creatures/sec. Fitness: best=1527.7, avg=1013.7, new=(qd-mutate=620.7). MAP-Elites(8x8, morphologies=3): occupied=35, pending=384, in flight=40
23:10:36: 5784x RT, 96.4 creatures/sec. Fitness: best=1527.7, avg=1013.7, new=(qd-mutate=677.0). MAP-Elites(8x8, morphologies=3): occupied=35, pending=384, in flight=40
23:10:38: 5821x RT, 97.0 creatures/sec. Fitness: best=1527.7, avg=1013.7, new=(qd-mutate=688.9). MAP-Elites(8x8, morphologies=3): occupied=35, pending=384, in flight=40
23:10:40: 5863x RT, 97.7 creatures/sec. Fitness: best=1527.7, avg=1013.7, new=(qd-mutate=647.7). MAP-Elites(8x8, morphologies=3): occupied=35, pending=384, in flight=40
23:10:42: 5844x RT, 97.4 creatures/sec. Fitness: best=1527.7, avg=1013.7, new=(qd-mutate=686.1). MAP-Elites(8x8, morphologies=3): occupied=35, pending=384, in flight=40
23:10:44: 5882x RT, 98.0 creatures/sec. Fitness: best=1527.7, avg=1013.7, new=(qd-mutate=654.9). MAP-Elites(8x8, morphologies=3): occupied=35, pending=384, in flight=40
23:10:46: 5590x RT, 93.2 creatures/sec. Fitness: best=1527.7, avg=1013.7, new=(qd-mutate=645.7). MAP-Elites(8x8, morphologies=3): occupied=35, pending=384, in flight=40
23:10:48: 5876x RT, 97.9 creatures/sec. Fitness: best=1527.7, avg=1013.7, new=(qd-mutate=653.4). MAP-Elites(8x8, morphologies=3): occupied=35, pending=384, in flight=40
23:10:50: 5806x RT, 96.8 creatures/sec. Fitness: best=1527.7, avg=1013.7, new=(qd-mutate=663.0). MAP-Elites(8x8, morphologies=3): occupied=35, pending=384, in flight=40
23:10:52: 5844x RT, 97.4 creatures/sec. Fitness: best=1527.7, avg=1013.7, new=(qd-mutate=715.0). MAP-Elites(8x8, morphologies=3): occupied=35, pending=384, in flight=40
23:10:54: 5857x RT, 97.6 creatures/sec. Fitness: best=1527.7, avg=1013.7, new=(qd-mutate=686.9). MAP-Elites(8x8, morphologies=3): occupied=35, pending=384, in flight=40
7660973 bytes written to /Users/dag/projects/Machine-Evolved-credible-training/training-runs/me-v2-harmonic-qd-01-double-gravity-double-population-8w/config.json. 
23:10:56: 5772x RT, 96.2 creatures/sec. Fitness: best=1527.7, avg=1013.7, new=(qd-mutate=611.8). MAP-Elites(8x8, morphologies=3): occupied=35, pending=384, in flight=40
23:10:58: 5867x RT, 97.8 creatures/sec. Fitness: best=1527.7, avg=1013.7, new=(qd-mutate=672.1). MAP-Elites(8x8, morphologies=3): occupied=35, pending=384, in flight=40
23:11:01: 5898x RT, 98.3 creatures/sec. Fitness: best=1527.7, avg=1013.7, new=(qd-mutate=658.6). MAP-Elites(8x8, morphologies=3): occupied=35, pending=384, in flight=40
23:11:03: 5820x RT, 97.0 creatures/sec. Fitness: best=1527.7, avg=1013.7, new=(qd-mutate=653.9). MAP-Elites(8x8, morphologies=3): occupied=35, pending=384, in flight=40
23:11:05: 5873x RT, 97.9 creatures/sec. Fitness: best=1527.7, avg=1013.7, new=(qd-mutate=673.3). MAP-Elites(8x8, morphologies=3): occupied=35, pending=384, in flight=40
23:11:07: 5795x RT, 96.6 creatures/sec. Fitness: best=1527.7, avg=1013.7, new=(qd-mutate=681.3). MAP-Elites(8x8, morphologies=3): occupied=35, pending=384, in flight=40
23:11:09: 5931x RT, 98.9 creatures/sec. Fitness: best=1527.7, avg=1013.7, new=(qd-mutate=679.1). MAP-Elites(8x8, morphologies=3): occupied=35, pending=384, in flight=40
23:11:11: 5775x RT, 96.2 creatures/sec. Fitness: best=1527.7, avg=1013.7, new=(qd-mutate=627.4). MAP-Elites(8x8, morphologies=3): occupied=35, pending=384, in flight=40
23:11:13: 5864x RT, 97.7 creatures/sec. Fitness: best=1527.7, avg=1013.7, new=(qd-mutate=671.8). MAP-Elites(8x8, morphologies=3): occupied=35, pending=384, in flight=40
23:11:15: 5846x RT, 97.4 creatures/sec. Fitness: best=1527.7, avg=1013.7, new=(qd-mutate=685.2). MAP-Elites(8x8, morphologies=3): occupied=35, pending=384, in flight=40
23:11:17: 5807x RT, 96.8 creatures/sec. Fitness: best=1527.7, avg=1013.7, new=(qd-mutate=677.1). MAP-Elites(8x8, morphologies=3): occupied=35, pending=384, in flight=40
23:11:19: 5894x RT, 98.2 creatures/sec. Fitness: best=1527.7, avg=1013.7, new=(qd-mutate=656.4). MAP-Elites(8x8, morphologies=3): occupied=35, pending=384, in flight=40
23:11:21: 5701x RT, 95.0 creatures/sec. Fitness: best=1527.7, avg=1013.7, new=(qd-mutate=651.7). MAP-Elites(8x8, morphologies=3): occupied=35, pending=384, in flight=40
23:11:23: 5767x RT, 96.1 creatures/sec. Fitness: best=1527.7, avg=1013.7, new=(qd-mutate=646.9). MAP-Elites(8x8, morphologies=3): occupied=35, pending=384, in flight=40
23:11:25: 5870x RT, 97.8 creatures/sec. Fitness: best=1527.7, avg=1013.7, new=(qd-mutate=639.0). MAP-Elites(8x8, morphologies=3): occupied=35, pending=384, in flight=40
23:11:27: 5833x RT, 97.2 creatures/sec. Fitness: best=1527.7, avg=1013.7, new=(qd-mutate=679.8). MAP-Elites(8x8, morphologies=3): occupied=35, pending=384, in flight=40
23:11:29: 5756x RT, 95.9 creatures/sec. Fitness: best=1527.7, avg=1013.7, new=(qd-mutate=650.7). MAP-Elites(8x8, morphologies=3): occupied=35, pending=384, in flight=40
23:11:31: 5844x RT, 97.4 creatures/sec. Fitness: best=1527.7, avg=1013.8, new=(qd-mutate=676.0). MAP-Elites(8x8, morphologies=3): occupied=35, pending=384, in flight=40
23:11:34: 5867x RT, 97.8 creatures/sec. Fitness: best=1527.7, avg=1013.8, new=(qd-mutate=692.3). MAP-Elites(8x8, morphologies=3): occupied=35, pending=384, in flight=40
23:11:36: 5808x RT, 96.8 creatures/sec. Fitness: best=1527.7, avg=1013.8, new=(qd-mutate=652.7). MAP-Elites(8x8, morphologies=3): occupied=35, pending=384, in flight=40
23:11:38: 5869x RT, 97.8 creatures/sec. Fitness: best=1527.7, avg=1013.8, new=(qd-mutate=631.5). MAP-Elites(8x8, morphologies=3): occupied=35, pending=384, in flight=40
23:11:40: 5821x RT, 97.0 creatures/sec. Fitness: best=1527.7, avg=1013.8, new=(qd-mutate=600.6). MAP-Elites(8x8, morphologies=3): occupied=35, pending=384, in flight=40
23:11:42: 5909x RT, 98.5 creatures/sec. Fitness: best=1527.7, avg=1013.8, new=(qd-mutate=662.2). MAP-Elites(8x8, morphologies=3): occupied=35, pending=384, in flight=40
23:11:44: 5814x RT, 96.9 creatures/sec. Fitness: best=1527.7, avg=1013.8, new=(qd-mutate=644.9). MAP-Elites(8x8, morphologies=3): occupied=35, pending=384, in flight=40
23:11:46: 5810x RT, 96.8 creatures/sec. Fitness: best=1527.7, avg=1013.8, new=(qd-mutate=656.3). MAP-Elites(8x8, morphologies=3): occupied=35, pending=384, in flight=40
23:11:48: 5888x RT, 98.1 creatures/sec. Fitness: best=1527.7, avg=1013.8, new=(qd-mutate=631.2). MAP-Elites(8x8, morphologies=3): occupied=35, pending=384, in flight=40
23:11:50: 5838x RT, 97.3 creatures/sec. Fitness: best=1527.7, avg=1013.8, new=(qd-mutate=692.5). MAP-Elites(8x8, morphologies=3): occupied=35, pending=384, in flight=40
23:11:52: 5885x RT, 98.1 creatures/sec. Fitness: best=1527.7, avg=1013.8, new=(qd-mutate=687.6). MAP-Elites(8x8, morphologies=3): occupied=35, pending=384, in flight=40
23:11:54: 5740x RT, 95.7 creatures/sec. Fitness: best=1527.7, avg=1013.8, new=(qd-mutate=652.7). MAP-Elites(8x8, morphologies=3): occupied=35, pending=384, in flight=40
7621377 bytes written to /Users/dag/projects/Machine-Evolved-credible-training/training-runs/me-v2-harmonic-qd-01-double-gravity-double-population-8w/config.json. 
23:11:56: 5824x RT, 97.1 creatures/sec. Fitness: best=1527.7, avg=1013.8, new=(qd-mutate=657.8). MAP-Elites(8x8, morphologies=3): occupied=35, pending=384, in flight=40
23:11:58: 5845x RT, 97.4 creatures/sec. Fitness: best=1527.7, avg=1013.8, new=(qd-mutate=705.3). MAP-Elites(8x8, morphologies=3): occupied=35, pending=384, in flight=40
23:12:00: 5882x RT, 98.0 creatures/sec. Fitness: best=1527.7, avg=1013.8, new=(qd-mutate=638.0). MAP-Elites(8x8, morphologies=3): occupied=35, pending=384, in flight=40
23:12:03: 5789x RT, 96.5 creatures/sec. Fitness: best=1527.7, avg=1013.8, new=(qd-mutate=695.6). MAP-Elites(8x8, morphologies=3): occupied=35, pending=384, in flight=40
23:12:05: 5892x RT, 98.2 creatures/sec. Fitness: best=1527.7, avg=1013.8, new=(qd-mutate=651.0). MAP-Elites(8x8, morphologies=3): occupied=35, pending=384, in flight=40
23:12:07: 5816x RT, 96.9 creatures/sec. Fitness: best=1527.7, avg=1013.8, new=(qd-mutate=653.3). MAP-Elites(8x8, morphologies=3): occupied=35, pending=384, in flight=40
23:12:09: 5877x RT, 97.9 creatures/sec. Fitness: best=1527.7, avg=1013.8, new=(qd-mutate=610.3). MAP-Elites(8x8, morphologies=3): occupied=35, pending=384, in flight=40
23:12:11: 5849x RT, 97.5 creatures/sec. Fitness: best=1527.7, avg=1013.8, new=(qd-mutate=664.3). MAP-Elites(8x8, morphologies=3): occupied=35, pending=384, in flight=40
23:12:13: 5856x RT, 97.6 creatures/sec. Fitness: best=1527.7, avg=1013.8, new=(qd-mutate=699.0). MAP-Elites(8x8, morphologies=3): occupied=35, pending=384, in flight=40
23:12:15: 5859x RT, 97.7 creatures/sec. Fitness: best=1527.7, avg=1013.8, new=(qd-mutate=670.5). MAP-Elites(8x8, morphologies=3): occupied=35, pending=384, in flight=40
23:12:17: 5806x RT, 96.8 creatures/sec. Fitness: best=1527.7, avg=1013.8, new=(qd-mutate=722.2). MAP-Elites(8x8, morphologies=3): occupied=35, pending=384, in flight=40
23:12:19: 5876x RT, 97.9 creatures/sec. Fitness: best=1527.7, avg=1013.8, new=(qd-mutate=673.3). MAP-Elites(8x8, morphologies=3): occupied=35, pending=384, in flight=40
23:12:21: 5827x RT, 97.1 creatures/sec. Fitness: best=1527.7, avg=1013.8, new=(qd-mutate=663.5). MAP-Elites(8x8, morphologies=3): occupied=35, pending=384, in flight=40
23:12:23: 5883x RT, 98.1 creatures/sec. Fitness: best=1527.7, avg=1013.8, new=(qd-mutate=664.6). MAP-Elites(8x8, morphologies=3): occupied=35, pending=384, in flight=40
23:12:25: 5617x RT, 93.6 creatures/sec. Fitness: best=1527.7, avg=1013.8, new=(qd-mutate=697.2). MAP-Elites(8x8, morphologies=3): occupied=35, pending=384, in flight=40
23:12:28: 5900x RT, 98.3 creatures/sec. Fitness: best=1527.7, avg=1013.8, new=(qd-mutate=675.9). MAP-Elites(8x8, morphologies=3): occupied=35, pending=384, in flight=40
23:12:30: 5892x RT, 98.2 creatures/sec. Fitness: best=1527.7, avg=1013.8, new=(qd-mutate=667.5). MAP-Elites(8x8, morphologies=3): occupied=35, pending=384, in flight=40
23:12:32: 5841x RT, 97.3 creatures/sec. Fitness: best=1527.7, avg=1013.8, new=(qd-mutate=684.5). MAP-Elites(8x8, morphologies=3): occupied=35, pending=384, in flight=40
23:12:34: 5832x RT, 97.2 creatures/sec. Fitness: best=1527.7, avg=1013.8, new=(qd-mutate=642.6). MAP-Elites(8x8, morphologies=3): occupied=35, pending=384, in flight=40
23:12:36: 5867x RT, 97.8 creatures/sec. Fitness: best=1527.7, avg=1013.8, new=(qd-mutate=666.3). MAP-Elites(8x8, morphologies=3): occupied=35, pending=384, in flight=40
23:12:38: 5798x RT, 96.6 creatures/sec. Fitness: best=1527.7, avg=1013.8, new=(qd-mutate=636.5). MAP-Elites(8x8, morphologies=3): occupied=35, pending=384, in flight=40
23:12:40: 5821x RT, 97.0 creatures/sec. Fitness: best=1527.7, avg=1013.8, new=(qd-mutate=674.9). MAP-Elites(8x8, morphologies=3): occupied=35, pending=384, in flight=40
23:12:42: 5876x RT, 97.9 creatures/sec. Fitness: best=1527.7, avg=1013.8, new=(qd-mutate=624.9). MAP-Elites(8x8, morphologies=3): occupied=35, pending=384, in flight=40
23:12:44: 5758x RT, 96.0 creatures/sec. Fitness: best=1527.7, avg=1013.8, new=(qd-mutate=693.0). MAP-Elites(8x8, morphologies=3): occupied=35, pending=384, in flight=40
23:12:46: 5535x RT, 92.3 creatures/sec. Fitness: best=1527.7, avg=1013.8, new=(qd-mutate=652.1). MAP-Elites(8x8, morphologies=3): occupied=35, pending=384, in flight=40
23:12:48: 5840x RT, 97.3 creatures/sec. Fitness: best=1527.7, avg=1013.8, new=(qd-mutate=653.4). MAP-Elites(8x8, morphologies=3): occupied=35, pending=384, in flight=40
23:12:50: 5941x RT, 99.0 creatures/sec. Fitness: best=1527.7, avg=1013.8, new=(qd-mutate=637.4). MAP-Elites(8x8, morphologies=3): occupied=35, pending=384, in flight=40
23:12:52: 5280x RT, 88.0 creatures/sec. Fitness: best=1527.7, avg=1013.8, new=(qd-mutate=677.3). MAP-Elites(8x8, morphologies=3): occupied=35, pending=384, in flight=40
23:12:54: 5749x RT, 95.8 creatures/sec. Fitness: best=1527.7, avg=1013.8, new=(qd-mutate=675.6). MAP-Elites(8x8, morphologies=3): occupied=35, pending=384, in flight=40
7672676 bytes written to /Users/dag/projects/Machine-Evolved-credible-training/training-runs/me-v2-harmonic-qd-01-double-gravity-double-population-8w/config.json. 
23:12:56: 5505x RT, 91.7 creatures/sec. Fitness: best=1527.7, avg=1013.8, new=(qd-mutate=649.4). MAP-Elites(8x8, morphologies=3): occupied=35, pending=384, in flight=40
23:12:59: 5734x RT, 95.6 creatures/sec. Fitness: best=1527.7, avg=1013.8, new=(qd-mutate=663.2). MAP-Elites(8x8, morphologies=3): occupied=35, pending=384, in flight=40
23:13:01: 5658x RT, 94.3 creatures/sec. Fitness: best=1527.7, avg=1013.8, new=(qd-mutate=684.0). MAP-Elites(8x8, morphologies=3): occupied=35, pending=384, in flight=40
23:13:03: 5935x RT, 98.9 creatures/sec. Fitness: best=1527.7, avg=1013.8, new=(qd-mutate=678.9). MAP-Elites(8x8, morphologies=3): occupied=35, pending=384, in flight=40
23:13:05: 5750x RT, 95.8 creatures/sec. Fitness: best=1527.7, avg=1013.8, new=(qd-mutate=633.1). MAP-Elites(8x8, morphologies=3): occupied=35, pending=384, in flight=40
23:13:07: 5938x RT, 99.0 creatures/sec. Fitness: best=1527.7, avg=1013.8, new=(qd-mutate=658.8). MAP-Elites(8x8, morphologies=3): occupied=35, pending=384, in flight=40
23:13:09: 5875x RT, 97.9 creatures/sec. Fitness: best=1527.7, avg=1013.8, new=(qd-mutate=702.0). MAP-Elites(8x8, morphologies=3): occupied=35, pending=384, in flight=40
23:13:11: 5847x RT, 97.4 creatures/sec. Fitness: best=1527.7, avg=1013.8, new=(qd-mutate=660.7). MAP-Elites(8x8, morphologies=3): occupied=35, pending=384, in flight=40
23:13:13: 5834x RT, 97.2 creatures/sec. Fitness: best=1527.7, avg=1013.8, new=(qd-mutate=708.7). MAP-Elites(8x8, morphologies=3): occupied=35, pending=384, in flight=40
23:13:15: 5847x RT, 97.5 creatures/sec. Fitness: best=1527.7, avg=1013.8, new=(qd-mutate=629.4). MAP-Elites(8x8, morphologies=3): occupied=35, pending=384, in flight=40
23:13:17: 5879x RT, 98.0 creatures/sec. Fitness: best=1527.7, avg=1013.8, new=(qd-mutate=658.2). MAP-Elites(8x8, morphologies=3): occupied=35, pending=384, in flight=40
23:13:19: 5870x RT, 97.8 creatures/sec. Fitness: best=1527.7, avg=1013.8, new=(qd-mutate=648.9). MAP-Elites(8x8, morphologies=3): occupied=35, pending=384, in flight=40
23:13:21: 5783x RT, 96.4 creatures/sec. Fitness: best=1527.7, avg=1013.8, new=(qd-mutate=647.0). MAP-Elites(8x8, morphologies=3): occupied=35, pending=384, in flight=40
23:13:23: 5907x RT, 98.5 creatures/sec. Fitness: best=1527.7, avg=1013.8, new=(qd-mutate=660.1). MAP-Elites(8x8, morphologies=3): occupied=35, pending=384, in flight=40
23:13:25: 5651x RT, 94.2 creatures/sec. Fitness: best=1527.7, avg=1013.8, new=(qd-mutate=658.7). MAP-Elites(8x8, morphologies=3): occupied=35, pending=384, in flight=40
23:13:27: 4857x RT, 80.9 creatures/sec. Fitness: best=1527.7, avg=1013.8, new=(qd-mutate=629.2). MAP-Elites(8x8, morphologies=3): occupied=35, pending=384, in flight=40
23:13:30: 3312x RT, 55.2 creatures/sec. Fitness: best=1527.7, avg=1013.8, new=(qd-mutate=625.4). MAP-Elites(8x8, morphologies=3): occupied=35, pending=384, in flight=40
23:13:32: 3950x RT, 65.8 creatures/sec. Fitness: best=1527.7, avg=1013.8, new=(qd-mutate=621.6). MAP-Elites(8x8, morphologies=3): occupied=35, pending=384, in flight=40
23:13:34: 6154x RT, 102.6 creatures/sec. Fitness: best=1527.7, avg=1013.8, new=(qd-mutate=631.3). MAP-Elites(8x8, morphologies=3): occupied=35, pending=384, in flight=40
23:13:36: 5970x RT, 99.5 creatures/sec. Fitness: best=1527.7, avg=1013.8, new=(qd-mutate=669.7). MAP-Elites(8x8, morphologies=3): occupied=35, pending=384, in flight=40
23:13:38: 5225x RT, 87.1 creatures/sec. Fitness: best=1527.7, avg=1013.8, new=(qd-mutate=685.1). MAP-Elites(8x8, morphologies=3): occupied=35, pending=384, in flight=40
23:13:40: 5833x RT, 97.2 creatures/sec. Fitness: best=1527.7, avg=1013.8, new=(qd-mutate=692.3). MAP-Elites(8x8, morphologies=3): occupied=35, pending=384, in flight=40
23:13:42: 5631x RT, 93.9 creatures/sec. Fitness: best=1527.7, avg=1013.8, new=(qd-mutate=650.8). MAP-Elites(8x8, morphologies=3): occupied=35, pending=384, in flight=40
23:13:44: 5564x RT, 92.7 creatures/sec. Fitness: best=1527.7, avg=1013.8, new=(qd-mutate=638.1). MAP-Elites(8x8, morphologies=3): occupied=35, pending=384, in flight=40
23:13:46: 5858x RT, 97.6 creatures/sec. Fitness: best=1527.7, avg=1013.8, new=(qd-mutate=684.9). MAP-Elites(8x8, morphologies=3): occupied=35, pending=384, in flight=40
23:13:48: 6006x RT, 100.1 creatures/sec. Fitness: best=1527.7, avg=1013.8, new=(qd-mutate=686.0). MAP-Elites(8x8, morphologies=3): occupied=35, pending=384, in flight=40
23:13:50: 5266x RT, 87.8 creatures/sec. Fitness: best=1527.7, avg=1013.8, new=(qd-mutate=686.5). MAP-Elites(8x8, morphologies=3): occupied=35, pending=384, in flight=40
23:13:52: 5795x RT, 96.6 creatures/sec. Fitness: best=1527.7, avg=1013.8, new=(qd-mutate=660.1). MAP-Elites(8x8, morphologies=3): occupied=35, pending=384, in flight=40
23:13:54: 5869x RT, 97.8 creatures/sec. Fitness: best=1527.7, avg=1013.8, new=(qd-mutate=664.1). MAP-Elites(8x8, morphologies=3): occupied=35, pending=384, in flight=40
7635032 bytes written to /Users/dag/projects/Machine-Evolved-credible-training/training-runs/me-v2-harmonic-qd-01-double-gravity-double-population-8w/config.json. 
23:13:56: 5920x RT, 98.7 creatures/sec. Fitness: best=1527.7, avg=1013.8, new=(qd-mutate=666.0). MAP-Elites(8x8, morphologies=3): occupied=35, pending=384, in flight=39
23:13:58: 5152x RT, 85.9 creatures/sec. Fitness: best=1527.7, avg=1013.8, new=(qd-mutate=653.4). MAP-Elites(8x8, morphologies=3): occupied=35, pending=384, in flight=40
23:14:00: 5670x RT, 94.5 creatures/sec. Fitness: best=1527.7, avg=1013.8, new=(qd-mutate=666.7). MAP-Elites(8x8, morphologies=3): occupied=35, pending=384, in flight=40
23:14:02: 5865x RT, 97.8 creatures/sec. Fitness: best=1527.7, avg=1013.8, new=(qd-mutate=660.4). MAP-Elites(8x8, morphologies=3): occupied=35, pending=384, in flight=40
23:14:05: 5521x RT, 92.0 creatures/sec. Fitness: best=1527.7, avg=1013.8, new=(qd-mutate=618.8). MAP-Elites(8x8, morphologies=3): occupied=35, pending=384, in flight=40
23:14:07: 5689x RT, 94.8 creatures/sec. Fitness: best=1527.7, avg=1013.8, new=(qd-mutate=658.5). MAP-Elites(8x8, morphologies=3): occupied=35, pending=384, in flight=40
23:14:09: 6027x RT, 100.5 creatures/sec. Fitness: best=1527.7, avg=1013.8, new=(qd-mutate=673.3). MAP-Elites(8x8, morphologies=3): occupied=35, pending=384, in flight=40
23:14:11: 5409x RT, 90.2 creatures/sec. Fitness: best=1527.7, avg=1013.8, new=(qd-mutate=620.7). MAP-Elites(8x8, morphologies=3): occupied=35, pending=384, in flight=40
23:14:13: 5795x RT, 96.6 creatures/sec. Fitness: best=1527.7, avg=1013.8, new=(qd-mutate=661.2). MAP-Elites(8x8, morphologies=3): occupied=35, pending=384, in flight=40
23:14:15: 5833x RT, 97.2 creatures/sec. Fitness: best=1527.7, avg=1013.8, new=(qd-mutate=658.2). MAP-Elites(8x8, morphologies=3): occupied=35, pending=384, in flight=40
23:14:17: 5734x RT, 95.6 creatures/sec. Fitness: best=1527.7, avg=1013.8, new=(qd-mutate=620.2). MAP-Elites(8x8, morphologies=3): occupied=35, pending=384, in flight=40
23:14:19: 5696x RT, 94.9 creatures/sec. Fitness: best=1527.7, avg=1013.8, new=(qd-mutate=629.0). MAP-Elites(8x8, morphologies=3): occupied=35, pending=384, in flight=40
23:14:21: 5857x RT, 97.6 creatures/sec. Fitness: best=1527.7, avg=1013.8, new=(qd-mutate=675.1). MAP-Elites(8x8, morphologies=3): occupied=35, pending=384, in flight=40
23:14:23: 5670x RT, 94.5 creatures/sec. Fitness: best=1527.7, avg=1013.8, new=(qd-mutate=649.6). MAP-Elites(8x8, morphologies=3): occupied=35, pending=384, in flight=40
23:14:25: 5775x RT, 96.3 creatures/sec. Fitness: best=1527.7, avg=1013.8, new=(qd-mutate=685.6). MAP-Elites(8x8, morphologies=3): occupied=35, pending=384, in flight=40
23:14:27: 5694x RT, 94.9 creatures/sec. Fitness: best=1527.7, avg=1013.8, new=(qd-mutate=657.7). MAP-Elites(8x8, morphologies=3): occupied=35, pending=384, in flight=40
23:14:29: 5657x RT, 94.3 creatures/sec. Fitness: best=1527.7, avg=1014.7, new=(qd-mutate=663.3). MAP-Elites(8x8, morphologies=3): occupied=35, pending=384, in flight=40
23:14:31: 5892x RT, 98.2 creatures/sec. Fitness: best=1527.7, avg=1014.7, new=(qd-mutate=718.7). MAP-Elites(8x8, morphologies=3): occupied=35, pending=384, in flight=40
23:14:33: 5971x RT, 99.5 creatures/sec. Fitness: best=1527.7, avg=1014.7, new=(qd-mutate=709.1). MAP-Elites(8x8, morphologies=3): occupied=35, pending=384, in flight=40
23:14:36: 5451x RT, 90.9 creatures/sec. Fitness: best=1527.7, avg=1014.7, new=(qd-mutate=659.3). MAP-Elites(8x8, morphologies=3): occupied=35, pending=384, in flight=40
23:14:38: 5888x RT, 98.1 creatures/sec. Fitness: best=1527.7, avg=1014.7, new=(qd-mutate=671.2). MAP-Elites(8x8, morphologies=3): occupied=35, pending=384, in flight=40
23:14:40: 5839x RT, 97.3 creatures/sec. Fitness: best=1527.7, avg=1014.7, new=(qd-mutate=654.5). MAP-Elites(8x8, morphologies=3): occupied=35, pending=384, in flight=40
23:14:42: 6106x RT, 101.8 creatures/sec. Fitness: best=1527.7, avg=1014.7, new=(qd-mutate=645.2). MAP-Elites(8x8, morphologies=3): occupied=35, pending=384, in flight=40
23:14:44: 5321x RT, 88.7 creatures/sec. Fitness: best=1527.7, avg=1014.7, new=(qd-mutate=650.2). MAP-Elites(8x8, morphologies=3): occupied=35, pending=384, in flight=40
23:14:46: 5868x RT, 97.8 creatures/sec. Fitness: best=1527.7, avg=1014.7, new=(qd-mutate=686.4). MAP-Elites(8x8, morphologies=3): occupied=35, pending=384, in flight=40
23:14:48: 5737x RT, 95.6 creatures/sec. Fitness: best=1527.7, avg=1014.7, new=(qd-mutate=642.9). MAP-Elites(8x8, morphologies=3): occupied=35, pending=384, in flight=40
23:14:50: 5612x RT, 93.5 creatures/sec. Fitness: best=1527.7, avg=1014.7, new=(qd-mutate=656.2). MAP-Elites(8x8, morphologies=3): occupied=35, pending=384, in flight=40
23:14:52: 5875x RT, 97.9 creatures/sec. Fitness: best=1527.7, avg=1014.7, new=(qd-mutate=654.6). MAP-Elites(8x8, morphologies=3): occupied=35, pending=384, in flight=40
23:14:54: 5703x RT, 95.0 creatures/sec. Fitness: best=1527.7, avg=1014.7, new=(qd-mutate=665.7). MAP-Elites(8x8, morphologies=3): occupied=35, pending=384, in flight=40
7662473 bytes written to /Users/dag/projects/Machine-Evolved-credible-training/training-runs/me-v2-harmonic-qd-01-double-gravity-double-population-8w/config.json. 
23:14:56: 5701x RT, 95.0 creatures/sec. Fitness: best=1527.7, avg=1014.7, new=(qd-mutate=679.8). MAP-Elites(8x8, morphologies=3): occupied=35, pending=384, in flight=40
23:14:58: 5870x RT, 97.8 creatures/sec. Fitness: best=1527.7, avg=1014.7, new=(qd-mutate=647.9). MAP-Elites(8x8, morphologies=3): occupied=35, pending=384, in flight=40
23:15:00: 5946x RT, 99.1 creatures/sec. Fitness: best=1527.7, avg=1014.7, new=(qd-mutate=680.6). MAP-Elites(8x8, morphologies=3): occupied=35, pending=384, in flight=40
23:15:02: 5845x RT, 97.4 creatures/sec. Fitness: best=1527.7, avg=1014.7, new=(qd-mutate=689.5). MAP-Elites(8x8, morphologies=3): occupied=35, pending=384, in flight=40
23:15:04: 5890x RT, 98.2 creatures/sec. Fitness: best=1527.7, avg=1014.7, new=(qd-mutate=651.4). MAP-Elites(8x8, morphologies=3): occupied=35, pending=384, in flight=40
23:15:06: 5955x RT, 99.3 creatures/sec. Fitness: best=1527.7, avg=1014.7, new=(qd-mutate=687.6). MAP-Elites(8x8, morphologies=3): occupied=35, pending=384, in flight=40
23:15:08: 5887x RT, 98.1 creatures/sec. Fitness: best=1527.7, avg=1014.7, new=(qd-mutate=673.0). MAP-Elites(8x8, morphologies=3): occupied=35, pending=384, in flight=40
23:15:11: 5918x RT, 98.6 creatures/sec. Fitness: best=1527.7, avg=1014.7, new=(qd-mutate=644.1). MAP-Elites(8x8, morphologies=3): occupied=35, pending=384, in flight=40
23:15:13: 5881x RT, 98.0 creatures/sec. Fitness: best=1527.7, avg=1014.7, new=(qd-mutate=677.1). MAP-Elites(8x8, morphologies=3): occupied=35, pending=384, in flight=40
23:15:15: 5657x RT, 94.3 creatures/sec. Fitness: best=1527.7, avg=1014.7, new=(qd-mutate=703.2). MAP-Elites(8x8, morphologies=3): occupied=35, pending=384, in flight=40
23:15:17: 5733x RT, 95.6 creatures/sec. Fitness: best=1527.7, avg=1014.7, new=(qd-mutate=651.6). MAP-Elites(8x8, morphologies=3): occupied=35, pending=384, in flight=40
23:15:19: 5894x RT, 98.2 creatures/sec. Fitness: best=1527.7, avg=1014.7, new=(qd-mutate=642.4). MAP-Elites(8x8, morphologies=3): occupied=35, pending=384, in flight=40
23:15:21: 5718x RT, 95.3 creatures/sec. Fitness: best=1527.7, avg=1014.7, new=(qd-mutate=680.5). MAP-Elites(8x8, morphologies=3): occupied=35, pending=384, in flight=40
23:15:23: 5672x RT, 94.5 creatures/sec. Fitness: best=1527.7, avg=1014.7, new=(qd-mutate=690.5). MAP-Elites(8x8, morphologies=3): occupied=35, pending=384, in flight=40
23:15:25: 5834x RT, 97.2 creatures/sec. Fitness: best=1527.7, avg=1014.7, new=(qd-mutate=644.7). MAP-Elites(8x8, morphologies=3): occupied=35, pending=384, in flight=40
23:15:27: 5849x RT, 97.5 creatures/sec. Fitness: best=1527.7, avg=1014.7, new=(qd-mutate=690.1). MAP-Elites(8x8, morphologies=3): occupied=35, pending=384, in flight=40
23:15:29: 5611x RT, 93.5 creatures/sec. Fitness: best=1527.7, avg=1014.7, new=(qd-mutate=638.8). MAP-Elites(8x8, morphologies=3): occupied=35, pending=384, in flight=40
23:15:31: 5901x RT, 98.4 creatures/sec. Fitness: best=1527.7, avg=1014.7, new=(qd-mutate=654.8). MAP-Elites(8x8, morphologies=3): occupied=35, pending=384, in flight=40
23:15:33: 5554x RT, 92.6 creatures/sec. Fitness: best=1527.7, avg=1014.7, new=(qd-mutate=640.3). MAP-Elites(8x8, morphologies=3): occupied=35, pending=384, in flight=40
23:15:35: 5823x RT, 97.1 creatures/sec. Fitness: best=1527.7, avg=1014.7, new=(qd-mutate=627.1). MAP-Elites(8x8, morphologies=3): occupied=35, pending=384, in flight=40
23:15:37: 5790x RT, 96.5 creatures/sec. Fitness: best=1527.7, avg=1014.7, new=(qd-mutate=704.7). MAP-Elites(8x8, morphologies=3): occupied=35, pending=384, in flight=40
23:15:39: 5901x RT, 98.4 creatures/sec. Fitness: best=1527.7, avg=1014.7, new=(qd-mutate=670.3). MAP-Elites(8x8, morphologies=3): occupied=35, pending=384, in flight=40
23:15:41: 5929x RT, 98.8 creatures/sec. Fitness: best=1527.7, avg=1014.7, new=(qd-mutate=629.7). MAP-Elites(8x8, morphologies=3): occupied=35, pending=384, in flight=40
23:15:44: 5881x RT, 98.0 creatures/sec. Fitness: best=1527.7, avg=1014.7, new=(qd-mutate=679.3). MAP-Elites(8x8, morphologies=3): occupied=35, pending=384, in flight=40
23:15:46: 5926x RT, 98.8 creatures/sec. Fitness: best=1527.7, avg=1014.7, new=(qd-mutate=660.5). MAP-Elites(8x8, morphologies=3): occupied=35, pending=384, in flight=40
23:15:48: 5704x RT, 95.1 creatures/sec. Fitness: best=1527.7, avg=1014.7, new=(qd-mutate=647.6). MAP-Elites(8x8, morphologies=3): occupied=35, pending=384, in flight=40
23:15:50: 5672x RT, 94.5 creatures/sec. Fitness: best=1527.7, avg=1014.7, new=(qd-mutate=671.9). MAP-Elites(8x8, morphologies=3): occupied=35, pending=384, in flight=40
23:15:52: 5866x RT, 97.8 creatures/sec. Fitness: best=1527.7, avg=1014.7, new=(qd-mutate=636.9). MAP-Elites(8x8, morphologies=3): occupied=35, pending=384, in flight=40
23:15:54: 5855x RT, 97.6 creatures/sec. Fitness: best=1527.7, avg=1014.7, new=(qd-mutate=662.5). MAP-Elites(8x8, morphologies=3): occupied=35, pending=384, in flight=40
7653642 bytes written to /Users/dag/projects/Machine-Evolved-credible-training/training-runs/me-v2-harmonic-qd-01-double-gravity-double-population-8w/config.json. 
23:15:56: 5272x RT, 87.9 creatures/sec. Fitness: best=1527.7, avg=1014.7, new=(qd-mutate=661.1). MAP-Elites(8x8, morphologies=3): occupied=35, pending=384, in flight=40
23:15:58: 6228x RT, 103.8 creatures/sec. Fitness: best=1527.7, avg=1014.7, new=(qd-mutate=657.5). MAP-Elites(8x8, morphologies=3): occupied=35, pending=384, in flight=40
23:16:00: 5885x RT, 98.1 creatures/sec. Fitness: best=1527.7, avg=1014.7, new=(qd-mutate=620.7). MAP-Elites(8x8, morphologies=3): occupied=35, pending=384, in flight=40
23:16:02: 5896x RT, 98.3 creatures/sec. Fitness: best=1527.7, avg=1014.7, new=(qd-mutate=656.6). MAP-Elites(8x8, morphologies=3): occupied=35, pending=384, in flight=40
23:16:04: 5939x RT, 99.0 creatures/sec. Fitness: best=1527.7, avg=1014.7, new=(qd-mutate=666.5). MAP-Elites(8x8, morphologies=3): occupied=35, pending=384, in flight=40
23:16:06: 5856x RT, 97.6 creatures/sec. Fitness: best=1527.7, avg=1014.7, new=(qd-mutate=624.6). MAP-Elites(8x8, morphologies=3): occupied=35, pending=384, in flight=40
23:16:09: 5924x RT, 98.7 creatures/sec. Fitness: best=1527.7, avg=1014.7, new=(qd-mutate=645.7). MAP-Elites(8x8, morphologies=3): occupied=35, pending=384, in flight=40
23:16:11: 5931x RT, 98.9 creatures/sec. Fitness: best=1527.7, avg=1014.7, new=(qd-mutate=664.1). MAP-Elites(8x8, morphologies=3): occupied=35, pending=384, in flight=40
23:16:13: 5872x RT, 97.9 creatures/sec. Fitness: best=1527.7, avg=1014.7, new=(qd-mutate=692.6). MAP-Elites(8x8, morphologies=3): occupied=35, pending=384, in flight=40
23:16:15: 5970x RT, 99.5 creatures/sec. Fitness: best=1527.7, avg=1014.7, new=(qd-mutate=615.3). MAP-Elites(8x8, morphologies=3): occupied=35, pending=384, in flight=40
23:16:17: 5940x RT, 99.0 creatures/sec. Fitness: best=1527.7, avg=1014.7, new=(qd-mutate=674.6). MAP-Elites(8x8, morphologies=3): occupied=35, pending=384, in flight=40
23:16:19: 5899x RT, 98.3 creatures/sec. Fitness: best=1527.7, avg=1014.7, new=(qd-mutate=728.9). MAP-Elites(8x8, morphologies=3): occupied=35, pending=384, in flight=40
23:16:21: 5851x RT, 97.5 creatures/sec. Fitness: best=1527.7, avg=1014.7, new=(qd-mutate=656.5). MAP-Elites(8x8, morphologies=3): occupied=35, pending=384, in flight=40
23:16:23: 5961x RT, 99.4 creatures/sec. Fitness: best=1527.7, avg=1014.7, new=(qd-mutate=633.2). MAP-Elites(8x8, morphologies=3): occupied=35, pending=384, in flight=40
23:16:25: 5892x RT, 98.2 creatures/sec. Fitness: best=1527.7, avg=1014.7, new=(qd-mutate=658.7). MAP-Elites(8x8, morphologies=3): occupied=35, pending=384, in flight=40
23:16:27: 5889x RT, 98.2 creatures/sec. Fitness: best=1527.7, avg=1014.7, new=(qd-mutate=672.0). MAP-Elites(8x8, morphologies=3): occupied=35, pending=384, in flight=40
23:16:29: 5566x RT, 92.8 creatures/sec. Fitness: best=1527.7, avg=1014.7, new=(qd-mutate=641.4). MAP-Elites(8x8, morphologies=3): occupied=35, pending=384, in flight=40
23:16:31: 5834x RT, 97.2 creatures/sec. Fitness: best=1527.7, avg=1014.7, new=(qd-mutate=629.4). MAP-Elites(8x8, morphologies=3): occupied=35, pending=384, in flight=40
23:16:33: 5723x RT, 95.4 creatures/sec. Fitness: best=1527.7, avg=1014.7, new=(qd-mutate=663.2). MAP-Elites(8x8, morphologies=3): occupied=35, pending=384, in flight=40
23:16:35: 5697x RT, 94.9 creatures/sec. Fitness: best=1527.7, avg=1014.7, new=(qd-mutate=668.4). MAP-Elites(8x8, morphologies=3): occupied=35, pending=384, in flight=40
23:16:37: 5881x RT, 98.0 creatures/sec. Fitness: best=1527.7, avg=1014.7, new=(qd-mutate=671.7). MAP-Elites(8x8, morphologies=3): occupied=35, pending=384, in flight=40
23:16:39: 5916x RT, 98.6 creatures/sec. Fitness: best=1527.7, avg=1014.7, new=(qd-mutate=661.3). MAP-Elites(8x8, morphologies=3): occupied=35, pending=384, in flight=40
23:16:41: 5874x RT, 97.9 creatures/sec. Fitness: best=1527.7, avg=1014.7, new=(qd-mutate=667.7). MAP-Elites(8x8, morphologies=3): occupied=35, pending=384, in flight=40
23:16:43: 5933x RT, 98.9 creatures/sec. Fitness: best=1527.7, avg=1014.7, new=(qd-mutate=657.7). MAP-Elites(8x8, morphologies=3): occupied=35, pending=384, in flight=40
23:16:45: 5946x RT, 99.1 creatures/sec. Fitness: best=1527.7, avg=1014.7, new=(qd-mutate=672.8). MAP-Elites(8x8, morphologies=3): occupied=35, pending=384, in flight=40
23:16:47: 5837x RT, 97.3 creatures/sec. Fitness: best=1527.7, avg=1016.3, new=(qd-mutate=632.3). MAP-Elites(8x8, morphologies=3): occupied=35, pending=384, in flight=40
23:16:49: 5914x RT, 98.6 creatures/sec. Fitness: best=1527.7, avg=1016.3, new=(qd-mutate=665.7). MAP-Elites(8x8, morphologies=3): occupied=35, pending=384, in flight=40
23:16:52: 5972x RT, 99.5 creatures/sec. Fitness: best=1527.7, avg=1016.3, new=(qd-mutate=650.9). MAP-Elites(8x8, morphologies=3): occupied=35, pending=384, in flight=40
23:16:54: 5903x RT, 98.4 creatures/sec. Fitness: best=1527.7, avg=1016.3, new=(qd-mutate=675.3). MAP-Elites(8x8, morphologies=3): occupied=35, pending=384, in flight=40
23:16:56: 5897x RT, 98.3 creatures/sec. Fitness: best=1527.7, avg=1016.3, new=(qd-mutate=650.7). MAP-Elites(8x8, morphologies=3): occupied=35, pending=384, in flight=40
7661195 bytes written to /Users/dag/projects/Machine-Evolved-credible-training/training-runs/me-v2-harmonic-qd-01-double-gravity-double-population-8w/config.json. 
23:16:58: 5871x RT, 97.9 creatures/sec. Fitness: best=1527.7, avg=1016.3, new=(qd-mutate=658.5). MAP-Elites(8x8, morphologies=3): occupied=35, pending=384, in flight=40
23:17:00: 5960x RT, 99.3 creatures/sec. Fitness: best=1527.7, avg=1016.3, new=(qd-mutate=688.7). MAP-Elites(8x8, morphologies=3): occupied=35, pending=384, in flight=40
23:17:02: 5817x RT, 97.0 creatures/sec. Fitness: best=1527.7, avg=1016.3, new=(qd-mutate=657.8). MAP-Elites(8x8, morphologies=3): occupied=35, pending=384, in flight=40
23:17:04: 5771x RT, 96.2 creatures/sec. Fitness: best=1527.7, avg=1016.3, new=(qd-mutate=668.0). MAP-Elites(8x8, morphologies=3): occupied=35, pending=384, in flight=40
23:17:06: 5708x RT, 95.1 creatures/sec. Fitness: best=1527.7, avg=1016.3, new=(qd-mutate=668.6). MAP-Elites(8x8, morphologies=3): occupied=35, pending=384, in flight=40
23:17:08: 5888x RT, 98.1 creatures/sec. Fitness: best=1527.7, avg=1016.3, new=(qd-mutate=678.3). MAP-Elites(8x8, morphologies=3): occupied=35, pending=384, in flight=40
23:17:10: 5840x RT, 97.3 creatures/sec. Fitness: best=1527.7, avg=1016.3, new=(qd-mutate=627.7). MAP-Elites(8x8, morphologies=3): occupied=35, pending=384, in flight=40
23:17:12: 5604x RT, 93.4 creatures/sec. Fitness: best=1527.7, avg=1016.3, new=(qd-mutate=651.7). MAP-Elites(8x8, morphologies=3): occupied=35, pending=384, in flight=40
23:17:14: 5885x RT, 98.1 creatures/sec. Fitness: best=1527.7, avg=1016.3, new=(qd-mutate=661.8). MAP-Elites(8x8, morphologies=3): occupied=35, pending=384, in flight=40
23:17:16: 5892x RT, 98.2 creatures/sec. Fitness: best=1527.7, avg=1016.3, new=(qd-mutate=663.2). MAP-Elites(8x8, morphologies=3): occupied=35, pending=384, in flight=40
23:17:18: 5912x RT, 98.5 creatures/sec. Fitness: best=1527.7, avg=1016.3, new=(qd-mutate=667.4). MAP-Elites(8x8, morphologies=3): occupied=35, pending=384, in flight=40
23:17:20: 5595x RT, 93.3 creatures/sec. Fitness: best=1527.7, avg=1016.3, new=(qd-mutate=706.2). MAP-Elites(8x8, morphologies=3): occupied=35, pending=384, in flight=40
23:17:22: 5841x RT, 97.4 creatures/sec. Fitness: best=1527.7, avg=1016.3, new=(qd-mutate=682.2). MAP-Elites(8x8, morphologies=3): occupied=35, pending=384, in flight=40
23:17:24: 5946x RT, 99.1 creatures/sec. Fitness: best=1527.7, avg=1016.3, new=(qd-mutate=656.2). MAP-Elites(8x8, morphologies=3): occupied=35, pending=384, in flight=40
23:17:26: 5920x RT, 98.7 creatures/sec. Fitness: best=1527.7, avg=1016.3, new=(qd-mutate=670.2). MAP-Elites(8x8, morphologies=3): occupied=35, pending=384, in flight=40
23:17:29: 5990x RT, 99.8 creatures/sec. Fitness: best=1527.7, avg=1016.3, new=(qd-mutate=675.3). MAP-Elites(8x8, morphologies=3): occupied=35, pending=384, in flight=40
23:17:31: 5962x RT, 99.4 creatures/sec. Fitness: best=1527.7, avg=1016.3, new=(qd-mutate=685.7). MAP-Elites(8x8, morphologies=3): occupied=35, pending=384, in flight=40
23:17:33: 5950x RT, 99.2 creatures/sec. Fitness: best=1527.7, avg=1016.3, new=(qd-mutate=665.1). MAP-Elites(8x8, morphologies=3): occupied=35, pending=384, in flight=40
23:17:35: 5968x RT, 99.5 creatures/sec. Fitness: best=1527.7, avg=1016.3, new=(qd-mutate=708.7). MAP-Elites(8x8, morphologies=3): occupied=35, pending=384, in flight=40
23:17:37: 6023x RT, 100.4 creatures/sec. Fitness: best=1527.7, avg=1016.3, new=(qd-mutate=679.3). MAP-Elites(8x8, morphologies=3): occupied=35, pending=384, in flight=40
23:17:39: 5948x RT, 99.1 creatures/sec. Fitness: best=1527.7, avg=1016.3, new=(qd-mutate=666.6). MAP-Elites(8x8, morphologies=3): occupied=35, pending=384, in flight=40
23:17:41: 6009x RT, 100.2 creatures/sec. Fitness: best=1527.7, avg=1016.3, new=(qd-mutate=656.4). MAP-Elites(8x8, morphologies=3): occupied=35, pending=384, in flight=40
23:17:43: 5973x RT, 99.5 creatures/sec. Fitness: best=1527.7, avg=1016.3, new=(qd-mutate=668.9). MAP-Elites(8x8, morphologies=3): occupied=35, pending=384, in flight=40
23:17:45: 6050x RT, 100.8 creatures/sec. Fitness: best=1527.7, avg=1016.3, new=(qd-mutate=683.4). MAP-Elites(8x8, morphologies=3): occupied=35, pending=384, in flight=40
23:17:47: 5962x RT, 99.4 creatures/sec. Fitness: best=1527.7, avg=1016.3, new=(qd-mutate=648.1). MAP-Elites(8x8, morphologies=3): occupied=35, pending=384, in flight=40
23:17:49: 5915x RT, 98.6 creatures/sec. Fitness: best=1527.7, avg=1016.3, new=(qd-mutate=707.2). MAP-Elites(8x8, morphologies=3): occupied=35, pending=384, in flight=40
23:17:51: 6054x RT, 100.9 creatures/sec. Fitness: best=1527.7, avg=1016.3, new=(qd-mutate=662.2). MAP-Elites(8x8, morphologies=3): occupied=35, pending=384, in flight=40
23:17:53: 6090x RT, 101.5 creatures/sec. Fitness: best=1527.7, avg=1016.3, new=(qd-mutate=674.3). MAP-Elites(8x8, morphologies=3): occupied=35, pending=384, in flight=40
23:17:55: 5928x RT, 98.8 creatures/sec. Fitness: best=1527.7, avg=1016.3, new=(qd-mutate=687.7). MAP-Elites(8x8, morphologies=3): occupied=35, pending=384, in flight=40
7708203 bytes written to /Users/dag/projects/Machine-Evolved-credible-training/training-runs/me-v2-harmonic-qd-01-double-gravity-double-population-8w/config.json. 
23:17:57: 6078x RT, 101.3 creatures/sec. Fitness: best=1527.7, avg=1016.3, new=(qd-mutate=629.8). MAP-Elites(8x8, morphologies=3): occupied=35, pending=384, in flight=40
23:17:59: 5919x RT, 98.6 creatures/sec. Fitness: best=1527.7, avg=1016.3, new=(qd-mutate=681.1). MAP-Elites(8x8, morphologies=3): occupied=35, pending=384, in flight=40
23:18:01: 5908x RT, 98.5 creatures/sec. Fitness: best=1527.7, avg=1016.3, new=(qd-mutate=733.4). MAP-Elites(8x8, morphologies=3): occupied=35, pending=384, in flight=40
23:18:04: 5411x RT, 90.2 creatures/sec. Fitness: best=1527.7, avg=1016.3, new=(qd-mutate=664.5). MAP-Elites(8x8, morphologies=3): occupied=35, pending=384, in flight=40
23:18:06: 5214x RT, 86.9 creatures/sec. Fitness: best=1527.7, avg=1016.3, new=(qd-mutate=659.6). MAP-Elites(8x8, morphologies=3): occupied=35, pending=384, in flight=40
23:18:08: 5534x RT, 92.2 creatures/sec. Fitness: best=1527.7, avg=1016.3, new=(qd-mutate=670.0). MAP-Elites(8x8, morphologies=3): occupied=35, pending=384, in flight=40
23:18:10: 4986x RT, 83.1 creatures/sec. Fitness: best=1527.7, avg=1016.3, new=(qd-mutate=668.9). MAP-Elites(8x8, morphologies=3): occupied=35, pending=384, in flight=40
23:18:12: 4827x RT, 80.5 creatures/sec. Fitness: best=1527.7, avg=1016.3, new=(qd-mutate=633.1). MAP-Elites(8x8, morphologies=3): occupied=35, pending=384, in flight=40
23:18:14: 5016x RT, 83.6 creatures/sec. Fitness: best=1527.7, avg=1016.3, new=(qd-mutate=662.2). MAP-Elites(8x8, morphologies=3): occupied=35, pending=384, in flight=40
23:18:16: 5027x RT, 83.8 creatures/sec. Fitness: best=1527.7, avg=1016.3, new=(qd-mutate=649.4). MAP-Elites(8x8, morphologies=3): occupied=35, pending=384, in flight=40
23:18:18: 5550x RT, 92.5 creatures/sec. Fitness: best=1527.7, avg=1016.3, new=(qd-mutate=678.5). MAP-Elites(8x8, morphologies=3): occupied=35, pending=384, in flight=40
23:18:20: 5093x RT, 84.9 creatures/sec. Fitness: best=1527.7, avg=1016.3, new=(qd-mutate=618.0). MAP-Elites(8x8, morphologies=3): occupied=35, pending=384, in flight=40
23:18:22: 5006x RT, 83.4 creatures/sec. Fitness: best=1527.7, avg=1016.3, new=(qd-mutate=646.6). MAP-Elites(8x8, morphologies=3): occupied=35, pending=384, in flight=40
23:18:24: 5229x RT, 87.2 creatures/sec. Fitness: best=1527.7, avg=1016.3, new=(qd-mutate=670.0). MAP-Elites(8x8, morphologies=3): occupied=35, pending=384, in flight=40
23:18:26: 4910x RT, 81.8 creatures/sec. Fitness: best=1527.7, avg=1016.3, new=(qd-mutate=633.0). MAP-Elites(8x8, morphologies=3): occupied=35, pending=384, in flight=40
23:18:28: 5040x RT, 84.0 creatures/sec. Fitness: best=1527.7, avg=1016.3, new=(qd-mutate=713.1). MAP-Elites(8x8, morphologies=3): occupied=35, pending=384, in flight=40
23:18:30: 4819x RT, 80.3 creatures/sec. Fitness: best=1527.7, avg=1016.3, new=(qd-mutate=633.1). MAP-Elites(8x8, morphologies=3): occupied=35, pending=384, in flight=40
23:18:32: 5028x RT, 83.8 creatures/sec. Fitness: best=1527.7, avg=1016.3, new=(qd-mutate=669.0). MAP-Elites(8x8, morphologies=3): occupied=35, pending=384, in flight=40
23:18:34: 5155x RT, 85.9 creatures/sec. Fitness: best=1527.7, avg=1016.3, new=(qd-mutate=668.0). MAP-Elites(8x8, morphologies=3): occupied=35, pending=384, in flight=40
23:18:36: 5084x RT, 84.7 creatures/sec. Fitness: best=1527.7, avg=1016.3, new=(qd-mutate=683.8). MAP-Elites(8x8, morphologies=3): occupied=35, pending=384, in flight=40
23:18:38: 4833x RT, 80.5 creatures/sec. Fitness: best=1527.7, avg=1016.3, new=(qd-mutate=720.5). MAP-Elites(8x8, morphologies=3): occupied=35, pending=384, in flight=40
23:18:40: 5316x RT, 88.6 creatures/sec. Fitness: best=1527.7, avg=1016.3, new=(qd-mutate=637.2). MAP-Elites(8x8, morphologies=3): occupied=35, pending=384, in flight=40
23:18:43: 5113x RT, 85.2 creatures/sec. Fitness: best=1527.7, avg=1016.3, new=(qd-mutate=674.7). MAP-Elites(8x8, morphologies=3): occupied=35, pending=384, in flight=40
23:18:45: 5495x RT, 91.6 creatures/sec. Fitness: best=1527.7, avg=1016.3, new=(qd-mutate=673.7). MAP-Elites(8x8, morphologies=3): occupied=35, pending=384, in flight=40
23:18:47: 5519x RT, 92.0 creatures/sec. Fitness: best=1527.7, avg=1016.3, new=(qd-mutate=651.9). MAP-Elites(8x8, morphologies=3): occupied=35, pending=384, in flight=40
23:18:49: 5186x RT, 86.4 creatures/sec. Fitness: best=1527.7, avg=1016.3, new=(qd-mutate=677.1). MAP-Elites(8x8, morphologies=3): occupied=35, pending=384, in flight=40
23:18:51: 5583x RT, 93.1 creatures/sec. Fitness: best=1527.7, avg=1016.3, new=(qd-mutate=681.7). MAP-Elites(8x8, morphologies=3): occupied=35, pending=384, in flight=40
23:18:53: 5306x RT, 88.4 creatures/sec. Fitness: best=1527.7, avg=1016.3, new=(qd-mutate=697.5). MAP-Elites(8x8, morphologies=3): occupied=35, pending=384, in flight=40
23:18:55: 5451x RT, 90.9 creatures/sec. Fitness: best=1527.7, avg=1016.3, new=(qd-mutate=655.0). MAP-Elites(8x8, morphologies=3): occupied=35, pending=384, in flight=40
7680477 bytes written to /Users/dag/projects/Machine-Evolved-credible-training/training-runs/me-v2-harmonic-qd-01-double-gravity-double-population-8w/config.json. 
23:18:57: 5550x RT, 92.5 creatures/sec. Fitness: best=1527.7, avg=1016.3, new=(qd-mutate=663.2). MAP-Elites(8x8, morphologies=3): occupied=35, pending=384, in flight=40
23:18:59: 5182x RT, 86.4 creatures/sec. Fitness: best=1527.7, avg=1016.3, new=(qd-mutate=664.3). MAP-Elites(8x8, morphologies=3): occupied=35, pending=384, in flight=40
23:19:01: 5590x RT, 93.2 creatures/sec. Fitness: best=1527.7, avg=1016.3, new=(qd-mutate=676.8). MAP-Elites(8x8, morphologies=3): occupied=35, pending=384, in flight=40
23:19:03: 5525x RT, 92.1 creatures/sec. Fitness: best=1527.7, avg=1016.3, new=(qd-mutate=683.1). MAP-Elites(8x8, morphologies=3): occupied=35, pending=384, in flight=40
23:19:05: 5273x RT, 87.9 creatures/sec. Fitness: best=1527.7, avg=1016.3, new=(qd-mutate=674.8). MAP-Elites(8x8, morphologies=3): occupied=35, pending=384, in flight=40
23:19:07: 5568x RT, 92.8 creatures/sec. Fitness: best=1527.7, avg=1016.3, new=(qd-mutate=665.3). MAP-Elites(8x8, morphologies=3): occupied=35, pending=384, in flight=40
23:19:09: 5289x RT, 88.2 creatures/sec. Fitness: best=1527.7, avg=1016.3, new=(qd-mutate=684.4). MAP-Elites(8x8, morphologies=3): occupied=35, pending=384, in flight=40
23:19:11: 5434x RT, 90.6 creatures/sec. Fitness: best=1527.7, avg=1016.3, new=(qd-mutate=646.0). MAP-Elites(8x8, morphologies=3): occupied=35, pending=384, in flight=40
23:19:13: 5599x RT, 93.3 creatures/sec. Fitness: best=1527.7, avg=1016.3, new=(qd-mutate=674.3). MAP-Elites(8x8, morphologies=3): occupied=35, pending=384, in flight=40
23:19:15: 4916x RT, 81.9 creatures/sec. Fitness: best=1527.7, avg=1016.3, new=(qd-mutate=680.2). MAP-Elites(8x8, morphologies=3): occupied=35, pending=384, in flight=40
23:19:17: 4791x RT, 79.9 creatures/sec. Fitness: best=1527.7, avg=1016.3, new=(qd-mutate=661.6). MAP-Elites(8x8, morphologies=3): occupied=35, pending=384, in flight=40
23:19:20: 4856x RT, 80.9 creatures/sec. Fitness: best=1527.7, avg=1016.3, new=(qd-mutate=656.5). MAP-Elites(8x8, morphologies=3): occupied=35, pending=384, in flight=40
23:19:22: 5237x RT, 87.3 creatures/sec. Fitness: best=1527.7, avg=1016.3, new=(qd-mutate=653.2). MAP-Elites(8x8, morphologies=3): occupied=35, pending=384, in flight=40
23:19:24: 5308x RT, 88.5 creatures/sec. Fitness: best=1527.7, avg=1016.3, new=(qd-mutate=665.8). MAP-Elites(8x8, morphologies=3): occupied=35, pending=384, in flight=40
23:19:26: 4953x RT, 82.5 creatures/sec. Fitness: best=1527.7, avg=1016.3, new=(qd-mutate=665.9). MAP-Elites(8x8, morphologies=3): occupied=35, pending=384, in flight=40
23:19:28: 5298x RT, 88.3 creatures/sec. Fitness: best=1527.7, avg=1016.3, new=(qd-mutate=689.6). MAP-Elites(8x8, morphologies=3): occupied=35, pending=384, in flight=40
23:19:30: 5391x RT, 89.9 creatures/sec. Fitness: best=1527.7, avg=1016.3, new=(qd-mutate=690.4). MAP-Elites(8x8, morphologies=3): occupied=35, pending=384, in flight=40
23:19:32: 5367x RT, 89.5 creatures/sec. Fitness: best=1527.7, avg=1016.3, new=(qd-mutate=655.6). MAP-Elites(8x8, morphologies=3): occupied=35, pending=384, in flight=40
23:19:34: 5314x RT, 88.6 creatures/sec. Fitness: best=1527.7, avg=1016.3, new=(qd-mutate=661.1). MAP-Elites(8x8, morphologies=3): occupied=35, pending=384, in flight=40
23:19:36: 4945x RT, 82.4 creatures/sec. Fitness: best=1527.7, avg=1016.3, new=(qd-mutate=679.3). MAP-Elites(8x8, morphologies=3): occupied=35, pending=384, in flight=40
23:19:38: 4757x RT, 79.3 creatures/sec. Fitness: best=1527.7, avg=1016.3, new=(qd-mutate=670.3). MAP-Elites(8x8, morphologies=3): occupied=35, pending=384, in flight=40
23:19:40: 5083x RT, 84.7 creatures/sec. Fitness: best=1527.7, avg=1016.3, new=(qd-mutate=682.6). MAP-Elites(8x8, morphologies=3): occupied=35, pending=384, in flight=40
23:19:42: 5029x RT, 83.8 creatures/sec. Fitness: best=1527.7, avg=1016.3, new=(qd-mutate=666.6). MAP-Elites(8x8, morphologies=3): occupied=35, pending=384, in flight=40
23:19:44: 4864x RT, 81.1 creatures/sec. Fitness: best=1527.7, avg=1016.3, new=(qd-mutate=648.5). MAP-Elites(8x8, morphologies=3): occupied=35, pending=384, in flight=40
23:19:47: 4811x RT, 80.2 creatures/sec. Fitness: best=1527.7, avg=1016.3, new=(qd-mutate=671.5). MAP-Elites(8x8, morphologies=3): occupied=35, pending=384, in flight=40
23:19:49: 5190x RT, 86.5 creatures/sec. Fitness: best=1527.7, avg=1016.3, new=(qd-mutate=711.3). MAP-Elites(8x8, morphologies=3): occupied=35, pending=384, in flight=40
23:19:51: 5038x RT, 84.0 creatures/sec. Fitness: best=1527.7, avg=1016.3, new=(qd-mutate=700.3). MAP-Elites(8x8, morphologies=3): occupied=35, pending=384, in flight=40
23:19:53: 4903x RT, 81.7 creatures/sec. Fitness: best=1527.7, avg=1016.3, new=(qd-mutate=630.0). MAP-Elites(8x8, morphologies=3): occupied=35, pending=384, in flight=40
23:19:55: 5130x RT, 85.5 creatures/sec. Fitness: best=1527.7, avg=1016.3, new=(qd-mutate=616.4). MAP-Elites(8x8, morphologies=3): occupied=35, pending=384, in flight=40
7671340 bytes written to /Users/dag/projects/Machine-Evolved-credible-training/training-runs/me-v2-harmonic-qd-01-double-gravity-double-population-8w/config.json. 
23:19:57: 5350x RT, 89.2 creatures/sec. Fitness: best=1527.7, avg=1016.3, new=(qd-mutate=734.3). MAP-Elites(8x8, morphologies=3): occupied=35, pending=384, in flight=40
23:19:59: 5136x RT, 85.6 creatures/sec. Fitness: best=1527.7, avg=1016.3, new=(qd-mutate=640.5). MAP-Elites(8x8, morphologies=3): occupied=35, pending=384, in flight=40
23:20:01: 5635x RT, 93.9 creatures/sec. Fitness: best=1527.7, avg=1016.3, new=(qd-mutate=650.0). MAP-Elites(8x8, morphologies=3): occupied=35, pending=384, in flight=40
23:20:03: 5379x RT, 89.6 creatures/sec. Fitness: best=1527.7, avg=1016.3, new=(qd-mutate=649.4). MAP-Elites(8x8, morphologies=3): occupied=35, pending=384, in flight=40
23:20:05: 5396x RT, 89.9 creatures/sec. Fitness: best=1527.7, avg=1016.3, new=(qd-mutate=681.3). MAP-Elites(8x8, morphologies=3): occupied=35, pending=384, in flight=40
23:20:07: 5680x RT, 94.7 creatures/sec. Fitness: best=1527.7, avg=1016.3, new=(qd-mutate=673.4). MAP-Elites(8x8, morphologies=3): occupied=35, pending=384, in flight=40
23:20:09: 5564x RT, 92.7 creatures/sec. Fitness: best=1527.7, avg=1016.3, new=(qd-mutate=669.8). MAP-Elites(8x8, morphologies=3): occupied=35, pending=384, in flight=40
23:20:11: 5526x RT, 92.1 creatures/sec. Fitness: best=1527.7, avg=1016.3, new=(qd-mutate=672.9). MAP-Elites(8x8, morphologies=3): occupied=35, pending=384, in flight=40
23:20:13: 5456x RT, 90.9 creatures/sec. Fitness: best=1527.7, avg=1016.3, new=(qd-mutate=668.7). MAP-Elites(8x8, morphologies=3): occupied=35, pending=384, in flight=40
23:20:15: 5345x RT, 89.1 creatures/sec. Fitness: best=1527.7, avg=1016.3, new=(qd-mutate=621.7). MAP-Elites(8x8, morphologies=3): occupied=35, pending=384, in flight=40
23:20:17: 5674x RT, 94.6 creatures/sec. Fitness: best=1527.7, avg=1016.3, new=(qd-mutate=648.2). MAP-Elites(8x8, morphologies=3): occupied=35, pending=384, in flight=40
23:20:19: 5699x RT, 95.0 creatures/sec. Fitness: best=1527.7, avg=1016.3, new=(qd-mutate=660.5). MAP-Elites(8x8, morphologies=3): occupied=35, pending=384, in flight=40
23:20:21: 5393x RT, 89.9 creatures/sec. Fitness: best=1527.7, avg=1016.3, new=(qd-mutate=679.6). MAP-Elites(8x8, morphologies=3): occupied=35, pending=384, in flight=40
23:20:23: 4844x RT, 80.7 creatures/sec. Fitness: best=1527.7, avg=1016.3, new=(qd-mutate=670.2). MAP-Elites(8x8, morphologies=3): occupied=35, pending=384, in flight=40
23:20:25: 5186x RT, 86.4 creatures/sec. Fitness: best=1527.7, avg=1016.3, new=(qd-mutate=672.0). MAP-Elites(8x8, morphologies=3): occupied=35, pending=384, in flight=40
23:20:28: 5540x RT, 92.3 creatures/sec. Fitness: best=1527.7, avg=1016.3, new=(qd-mutate=683.8). MAP-Elites(8x8, morphologies=3): occupied=35, pending=384, in flight=40
23:20:30: 5069x RT, 84.5 creatures/sec. Fitness: best=1527.7, avg=1016.3, new=(qd-mutate=647.3). MAP-Elites(8x8, morphologies=3): occupied=35, pending=384, in flight=40
23:20:32: 5275x RT, 87.9 creatures/sec. Fitness: best=1527.7, avg=1016.3, new=(qd-mutate=673.1). MAP-Elites(8x8, morphologies=3): occupied=35, pending=384, in flight=40
23:20:34: 5437x RT, 90.6 creatures/sec. Fitness: best=1527.7, avg=1016.3, new=(qd-mutate=658.6). MAP-Elites(8x8, morphologies=3): occupied=35, pending=384, in flight=40
23:20:36: 5241x RT, 87.3 creatures/sec. Fitness: best=1527.7, avg=1016.3, new=(qd-mutate=663.7). MAP-Elites(8x8, morphologies=3): occupied=35, pending=384, in flight=40
23:20:38: 5373x RT, 89.5 creatures/sec. Fitness: best=1527.7, avg=1017.1, new=(qd-mutate=671.4). MAP-Elites(8x8, morphologies=3): occupied=35, pending=384, in flight=40
23:20:40: 4954x RT, 82.6 creatures/sec. Fitness: best=1527.7, avg=1017.1, new=(qd-mutate=693.3). MAP-Elites(8x8, morphologies=3): occupied=35, pending=384, in flight=40
23:20:42: 4980x RT, 83.0 creatures/sec. Fitness: best=1527.7, avg=1017.1, new=(qd-mutate=637.3). MAP-Elites(8x8, morphologies=3): occupied=35, pending=384, in flight=40
23:20:44: 5061x RT, 84.4 creatures/sec. Fitness: best=1527.7, avg=1017.1, new=(qd-mutate=673.6). MAP-Elites(8x8, morphologies=3): occupied=35, pending=384, in flight=40
23:20:46: 5032x RT, 83.9 creatures/sec. Fitness: best=1527.7, avg=1017.1, new=(qd-mutate=654.1). MAP-Elites(8x8, morphologies=3): occupied=35, pending=384, in flight=40
23:20:48: 4973x RT, 82.9 creatures/sec. Fitness: best=1527.7, avg=1017.1, new=(qd-mutate=674.6). MAP-Elites(8x8, morphologies=3): occupied=35, pending=384, in flight=40
23:20:50: 4994x RT, 83.2 creatures/sec. Fitness: best=1527.7, avg=1017.1, new=(qd-mutate=680.0). MAP-Elites(8x8, morphologies=3): occupied=35, pending=384, in flight=40
23:20:52: 5184x RT, 86.4 creatures/sec. Fitness: best=1527.7, avg=1017.1, new=(qd-mutate=634.7). MAP-Elites(8x8, morphologies=3): occupied=35, pending=384, in flight=40
23:20:54: 5016x RT, 83.6 creatures/sec. Fitness: best=1527.7, avg=1017.1, new=(qd-mutate=649.6). MAP-Elites(8x8, morphologies=3): occupied=35, pending=384, in flight=40
7663158 bytes written to /Users/dag/projects/Machine-Evolved-credible-training/training-runs/me-v2-harmonic-qd-01-double-gravity-double-population-8w/config.json. 
23:20:56: 4696x RT, 78.3 creatures/sec. Fitness: best=1527.7, avg=1017.1, new=(qd-mutate=653.4). MAP-Elites(8x8, morphologies=3): occupied=35, pending=384, in flight=40
23:20:59: 5474x RT, 91.2 creatures/sec. Fitness: best=1527.7, avg=1017.1, new=(qd-mutate=659.2). MAP-Elites(8x8, morphologies=3): occupied=35, pending=384, in flight=40
23:21:01: 4986x RT, 83.1 creatures/sec. Fitness: best=1527.7, avg=1017.1, new=(qd-mutate=677.8). MAP-Elites(8x8, morphologies=3): occupied=35, pending=384, in flight=40
23:21:03: 4977x RT, 83.0 creatures/sec. Fitness: best=1527.7, avg=1017.1, new=(qd-mutate=662.4). MAP-Elites(8x8, morphologies=3): occupied=35, pending=384, in flight=40
23:21:05: 4558x RT, 76.0 creatures/sec. Fitness: best=1527.7, avg=1017.1, new=(qd-mutate=624.7). MAP-Elites(8x8, morphologies=3): occupied=35, pending=384, in flight=40
23:21:07: 4714x RT, 78.6 creatures/sec. Fitness: best=1527.7, avg=1017.1, new=(qd-mutate=686.2). MAP-Elites(8x8, morphologies=3): occupied=35, pending=384, in flight=40
23:21:09: 4755x RT, 79.3 creatures/sec. Fitness: best=1527.7, avg=1017.1, new=(qd-mutate=650.4). MAP-Elites(8x8, morphologies=3): occupied=35, pending=384, in flight=40
23:21:11: 4807x RT, 80.1 creatures/sec. Fitness: best=1527.7, avg=1017.1, new=(qd-mutate=632.5). MAP-Elites(8x8, morphologies=3): occupied=35, pending=384, in flight=40
23:21:13: 4786x RT, 79.8 creatures/sec. Fitness: best=1527.7, avg=1017.1, new=(qd-mutate=644.3). MAP-Elites(8x8, morphologies=3): occupied=35, pending=384, in flight=40
23:21:15: 5028x RT, 83.8 creatures/sec. Fitness: best=1527.7, avg=1017.1, new=(qd-mutate=703.4). MAP-Elites(8x8, morphologies=3): occupied=35, pending=384, in flight=40
23:21:17: 4864x RT, 81.1 creatures/sec. Fitness: best=1527.7, avg=1017.1, new=(qd-mutate=642.0). MAP-Elites(8x8, morphologies=3): occupied=35, pending=384, in flight=40
23:21:19: 4966x RT, 82.8 creatures/sec. Fitness: best=1527.7, avg=1017.1, new=(qd-mutate=620.8). MAP-Elites(8x8, morphologies=3): occupied=35, pending=384, in flight=40
23:21:21: 4655x RT, 77.6 creatures/sec. Fitness: best=1527.7, avg=1017.1, new=(qd-mutate=679.9). MAP-Elites(8x8, morphologies=3): occupied=35, pending=384, in flight=40
23:21:23: 4874x RT, 81.2 creatures/sec. Fitness: best=1527.7, avg=1017.1, new=(qd-mutate=656.6). MAP-Elites(8x8, morphologies=3): occupied=35, pending=384, in flight=40
23:21:25: 4788x RT, 79.8 creatures/sec. Fitness: best=1527.7, avg=1017.1, new=(qd-mutate=710.6). MAP-Elites(8x8, morphologies=3): occupied=35, pending=384, in flight=40
23:21:27: 4721x RT, 78.7 creatures/sec. Fitness: best=1527.7, avg=1017.1, new=(qd-mutate=669.7). MAP-Elites(8x8, morphologies=3): occupied=35, pending=384, in flight=40
23:21:29: 410x RT, 6.8 creatures/sec. Fitness: best=1527.7, avg=1017.1, new=(qd-mutate=726.0). MAP-Elites(8x8, morphologies=3): occupied=35, pending=384, in flight=40
23:21:32: 189x RT, 3.1 creatures/sec. Fitness: best=1527.7, avg=1017.1, new=(qd-mutate=751.1). MAP-Elites(8x8, morphologies=3): occupied=35, pending=384, in flight=40
23:21:34: 136x RT, 2.3 creatures/sec. Fitness: best=1527.7, avg=1017.1, new=(qd-mutate=634.1). MAP-Elites(8x8, morphologies=3): occupied=35, pending=384, in flight=40
23:21:36: 191x RT, 3.2 creatures/sec. Fitness: best=1527.7, avg=1017.1, new=(qd-mutate=669.5). MAP-Elites(8x8, morphologies=3): occupied=35, pending=384, in flight=40
23:21:38: 320x RT, 5.3 creatures/sec. Fitness: best=1527.7, avg=1017.1, new=(qd-mutate=594.9). MAP-Elites(8x8, morphologies=3): occupied=35, pending=384, in flight=40
23:21:41: 2271x RT, 37.8 creatures/sec. Fitness: best=1527.7, avg=1017.1, new=(qd-mutate=688.0). MAP-Elites(8x8, morphologies=3): occupied=35, pending=384, in flight=40
23:21:43: 4747x RT, 79.1 creatures/sec. Fitness: best=1527.7, avg=1017.1, new=(qd-mutate=646.5). MAP-Elites(8x8, morphologies=3): occupied=35, pending=384, in flight=40
23:21:45: 5752x RT, 95.9 creatures/sec. Fitness: best=1527.7, avg=1017.1, new=(qd-mutate=633.4). MAP-Elites(8x8, morphologies=3): occupied=35, pending=384, in flight=40
23:21:47: 6208x RT, 103.5 creatures/sec. Fitness: best=1527.7, avg=1017.1, new=(qd-mutate=666.4). MAP-Elites(8x8, morphologies=3): occupied=35, pending=384, in flight=40
23:21:49: 5021x RT, 83.7 creatures/sec. Fitness: best=1527.7, avg=1017.1, new=(qd-mutate=687.6). MAP-Elites(8x8, morphologies=3): occupied=35, pending=384, in flight=40
23:21:51: 4851x RT, 80.8 creatures/sec. Fitness: best=1527.7, avg=1017.1, new=(qd-mutate=661.3). MAP-Elites(8x8, morphologies=3): occupied=35, pending=384, in flight=40
23:21:53: 3958x RT, 66.0 creatures/sec. Fitness: best=1527.7, avg=1017.1, new=(qd-mutate=662.9). MAP-Elites(8x8, morphologies=3): occupied=35, pending=384, in flight=40
23:21:55: 1729x RT, 28.8 creatures/sec. Fitness: best=1527.7, avg=1017.1, new=(qd-mutate=696.9). MAP-Elites(8x8, morphologies=3): occupied=35, pending=384, in flight=40
7649500 bytes written to /Users/dag/projects/Machine-Evolved-credible-training/training-runs/me-v2-harmonic-qd-01-double-gravity-double-population-8w/config.json. 
23:21:57: 3200x RT, 53.3 creatures/sec. Fitness: best=1527.7, avg=1017.1, new=(qd-mutate=667.4). MAP-Elites(8x8, morphologies=3): occupied=35, pending=384, in flight=40
23:21:59: 3939x RT, 65.6 creatures/sec. Fitness: best=1527.7, avg=1017.1, new=(qd-mutate=706.8). MAP-Elites(8x8, morphologies=3): occupied=35, pending=384, in flight=40
23:22:01: 4297x RT, 71.6 creatures/sec. Fitness: best=1527.7, avg=1017.1, new=(qd-mutate=665.5). MAP-Elites(8x8, morphologies=3): occupied=35, pending=384, in flight=40
23:22:03: 3755x RT, 62.6 creatures/sec. Fitness: best=1527.7, avg=1017.1, new=(qd-mutate=668.4). MAP-Elites(8x8, morphologies=3): occupied=35, pending=384, in flight=40
23:22:05: 3637x RT, 60.6 creatures/sec. Fitness: best=1527.7, avg=1017.1, new=(qd-mutate=692.3). MAP-Elites(8x8, morphologies=3): occupied=35, pending=384, in flight=40
23:22:07: 4002x RT, 66.7 creatures/sec. Fitness: best=1527.7, avg=1017.1, new=(qd-mutate=667.4). MAP-Elites(8x8, morphologies=3): occupied=35, pending=384, in flight=40
23:22:09: 3700x RT, 61.7 creatures/sec. Fitness: best=1527.7, avg=1017.1, new=(qd-mutate=598.5). MAP-Elites(8x8, morphologies=3): occupied=35, pending=384, in flight=40
23:22:11: 3624x RT, 60.4 creatures/sec. Fitness: best=1527.7, avg=1017.1, new=(qd-mutate=623.8). MAP-Elites(8x8, morphologies=3): occupied=35, pending=384, in flight=40
23:22:13: 3729x RT, 62.2 creatures/sec. Fitness: best=1527.7, avg=1017.1, new=(qd-mutate=617.5). MAP-Elites(8x8, morphologies=3): occupied=35, pending=384, in flight=40
23:22:16: 2929x RT, 48.8 creatures/sec. Fitness: best=1527.7, avg=1017.1, new=(qd-mutate=690.8). MAP-Elites(8x8, morphologies=3): occupied=35, pending=384, in flight=40
23:22:18: 1044x RT, 17.4 creatures/sec. Fitness: best=1527.7, avg=1017.1, new=(qd-mutate=672.9). MAP-Elites(8x8, morphologies=3): occupied=35, pending=384, in flight=40
23:22:20: 1978x RT, 33.0 creatures/sec. Fitness: best=1527.7, avg=1017.1, new=(qd-mutate=615.9). MAP-Elites(8x8, morphologies=3): occupied=35, pending=384, in flight=40
23:22:22: 1790x RT, 29.8 creatures/sec. Fitness: best=1527.7, avg=1017.1, new=(qd-mutate=700.9). MAP-Elites(8x8, morphologies=3): occupied=35, pending=384, in flight=40
23:22:24: 2124x RT, 35.4 creatures/sec. Fitness: best=1527.7, avg=1017.1, new=(qd-mutate=698.9). MAP-Elites(8x8, morphologies=3): occupied=35, pending=384, in flight=40
23:22:26: 2866x RT, 47.8 creatures/sec. Fitness: best=1527.7, avg=1017.1, new=(qd-mutate=672.6). MAP-Elites(8x8, morphologies=3): occupied=35, pending=384, in flight=40
23:22:28: 4150x RT, 69.2 creatures/sec. Fitness: best=1527.7, avg=1017.1, new=(qd-mutate=666.5). MAP-Elites(8x8, morphologies=3): occupied=35, pending=384, in flight=40
23:22:30: 5546x RT, 92.4 creatures/sec. Fitness: best=1527.7, avg=1017.1, new=(qd-mutate=665.1). MAP-Elites(8x8, morphologies=3): occupied=35, pending=384, in flight=40
23:22:32: 4122x RT, 68.7 creatures/sec. Fitness: best=1527.7, avg=1017.1, new=(qd-mutate=682.2). MAP-Elites(8x8, morphologies=3): occupied=35, pending=384, in flight=40
23:22:34: 3692x RT, 61.5 creatures/sec. Fitness: best=1527.7, avg=1017.1, new=(qd-mutate=619.3). MAP-Elites(8x8, morphologies=3): occupied=35, pending=384, in flight=40
23:22:36: 3011x RT, 50.2 creatures/sec. Fitness: best=1527.7, avg=1017.1, new=(qd-mutate=615.5). MAP-Elites(8x8, morphologies=3): occupied=35, pending=384, in flight=40
23:22:38: 3080x RT, 51.3 creatures/sec. Fitness: best=1527.7, avg=1017.1, new=(qd-mutate=672.8). MAP-Elites(8x8, morphologies=3): occupied=35, pending=384, in flight=40
23:22:40: 3189x RT, 53.2 creatures/sec. Fitness: best=1527.7, avg=1017.1, new=(qd-mutate=674.9). MAP-Elites(8x8, morphologies=3): occupied=35, pending=384, in flight=40
23:22:42: 3056x RT, 50.9 creatures/sec. Fitness: best=1527.7, avg=1017.1, new=(qd-mutate=675.7). MAP-Elites(8x8, morphologies=3): occupied=35, pending=384, in flight=40
23:22:45: 3408x RT, 56.8 creatures/sec. Fitness: best=1527.7, avg=1017.1, new=(qd-mutate=684.5). MAP-Elites(8x8, morphologies=3): occupied=35, pending=384, in flight=40
23:22:47: 3349x RT, 55.8 creatures/sec. Fitness: best=1527.7, avg=1022.6, new=(qd-mutate=678.5). MAP-Elites(8x8, morphologies=3): occupied=35, pending=384, in flight=40
23:22:49: 3259x RT, 54.3 creatures/sec. Fitness: best=1527.7, avg=1022.6, new=(qd-mutate=737.3). MAP-Elites(8x8, morphologies=3): occupied=35, pending=384, in flight=40
23:22:51: 3415x RT, 56.9 creatures/sec. Fitness: best=1527.7, avg=1022.6, new=(qd-mutate=741.9). MAP-Elites(8x8, morphologies=3): occupied=35, pending=384, in flight=40
23:22:53: 3308x RT, 55.1 creatures/sec. Fitness: best=1527.7, avg=1022.6, new=(qd-mutate=692.3). MAP-Elites(8x8, morphologies=3): occupied=35, pending=384, in flight=40
23:22:55: 3278x RT, 54.6 creatures/sec. Fitness: best=1527.7, avg=1022.6, new=(qd-mutate=670.9). MAP-Elites(8x8, morphologies=3): occupied=35, pending=384, in flight=40
7662322 bytes written to /Users/dag/projects/Machine-Evolved-credible-training/training-runs/me-v2-harmonic-qd-01-double-gravity-double-population-8w/config.json. 
23:22:57: 3353x RT, 55.9 creatures/sec. Fitness: best=1527.7, avg=1022.6, new=(qd-mutate=671.1). MAP-Elites(8x8, morphologies=3): occupied=35, pending=384, in flight=40
23:22:59: 3223x RT, 53.7 creatures/sec. Fitness: best=1527.7, avg=1022.6, new=(qd-mutate=704.0). MAP-Elites(8x8, morphologies=3): occupied=35, pending=384, in flight=40
23:23:01: 3268x RT, 54.5 creatures/sec. Fitness: best=1527.7, avg=1022.6, new=(qd-mutate=704.6). MAP-Elites(8x8, morphologies=3): occupied=35, pending=384, in flight=40
23:23:03: 3310x RT, 55.2 creatures/sec. Fitness: best=1527.7, avg=1022.6, new=(qd-mutate=695.8). MAP-Elites(8x8, morphologies=3): occupied=35, pending=384, in flight=40
23:23:05: 3335x RT, 55.6 creatures/sec. Fitness: best=1527.7, avg=1022.6, new=(qd-mutate=676.9). MAP-Elites(8x8, morphologies=3): occupied=35, pending=384, in flight=40
23:23:07: 3353x RT, 55.9 creatures/sec. Fitness: best=1527.7, avg=1022.6, new=(qd-mutate=695.3). MAP-Elites(8x8, morphologies=3): occupied=35, pending=384, in flight=40
23:23:09: 3319x RT, 55.3 creatures/sec. Fitness: best=1527.7, avg=1022.6, new=(qd-mutate=645.4). MAP-Elites(8x8, morphologies=3): occupied=35, pending=384, in flight=40
23:23:11: 3386x RT, 56.4 creatures/sec. Fitness: best=1527.7, avg=1022.6, new=(qd-mutate=677.3). MAP-Elites(8x8, morphologies=3): occupied=35, pending=384, in flight=40
23:23:13: 3376x RT, 56.3 creatures/sec. Fitness: best=1527.7, avg=1022.6, new=(qd-mutate=658.8). MAP-Elites(8x8, morphologies=3): occupied=35, pending=384, in flight=40
23:23:15: 3385x RT, 56.4 creatures/sec. Fitness: best=1527.7, avg=1022.6, new=(qd-mutate=661.2). MAP-Elites(8x8, morphologies=3): occupied=35, pending=384, in flight=40
23:23:18: 3335x RT, 55.6 creatures/sec. Fitness: best=1527.7, avg=1022.6, new=(qd-mutate=606.9). MAP-Elites(8x8, morphologies=3): occupied=35, pending=384, in flight=40
23:23:20: 3267x RT, 54.4 creatures/sec. Fitness: best=1527.7, avg=1022.6, new=(qd-mutate=687.7). MAP-Elites(8x8, morphologies=3): occupied=35, pending=384, in flight=40
23:23:22: 3388x RT, 56.5 creatures/sec. Fitness: best=1527.7, avg=1022.6, new=(qd-mutate=676.6). MAP-Elites(8x8, morphologies=3): occupied=35, pending=384, in flight=40
23:23:24: 2552x RT, 42.5 creatures/sec. Fitness: best=1527.7, avg=1022.6, new=(qd-mutate=660.3). MAP-Elites(8x8, morphologies=3): occupied=35, pending=384, in flight=40
23:23:26: 2047x RT, 34.1 creatures/sec. Fitness: best=1527.7, avg=1022.6, new=(qd-mutate=642.1). MAP-Elites(8x8, morphologies=3): occupied=35, pending=384, in flight=40
23:23:28: 2543x RT, 42.4 creatures/sec. Fitness: best=1527.7, avg=1022.6, new=(qd-mutate=654.2). MAP-Elites(8x8, morphologies=3): occupied=35, pending=384, in flight=40
23:23:30: 3269x RT, 54.5 creatures/sec. Fitness: best=1527.7, avg=1022.6, new=(qd-mutate=650.8). MAP-Elites(8x8, morphologies=3): occupied=35, pending=384, in flight=40
23:23:32: 3255x RT, 54.2 creatures/sec. Fitness: best=1527.7, avg=1022.6, new=(qd-mutate=673.1). MAP-Elites(8x8, morphologies=3): occupied=35, pending=384, in flight=40
23:23:34: 3078x RT, 51.3 creatures/sec. Fitness: best=1527.7, avg=1022.6, new=(qd-mutate=653.2). MAP-Elites(8x8, morphologies=3): occupied=35, pending=384, in flight=40
23:23:36: 2931x RT, 48.9 creatures/sec. Fitness: best=1527.7, avg=1022.6, new=(qd-mutate=652.2). MAP-Elites(8x8, morphologies=3): occupied=35, pending=384, in flight=40
23:23:38: 2987x RT, 49.8 creatures/sec. Fitness: best=1527.7, avg=1022.6, new=(qd-mutate=649.6). MAP-Elites(8x8, morphologies=3): occupied=35, pending=384, in flight=40
23:23:40: 2472x RT, 41.2 creatures/sec. Fitness: best=1527.7, avg=1022.6, new=(qd-mutate=678.9). MAP-Elites(8x8, morphologies=3): occupied=35, pending=384, in flight=40
23:23:42: 2928x RT, 48.8 creatures/sec. Fitness: best=1527.7, avg=1022.6, new=(qd-mutate=669.9). MAP-Elites(8x8, morphologies=3): occupied=35, pending=384, in flight=40
23:23:45: 3035x RT, 50.6 creatures/sec. Fitness: best=1527.7, avg=1022.6, new=(qd-mutate=653.6). MAP-Elites(8x8, morphologies=3): occupied=35, pending=384, in flight=40
23:23:47: 3075x RT, 51.2 creatures/sec. Fitness: best=1527.7, avg=1022.6, new=(qd-mutate=650.1). MAP-Elites(8x8, morphologies=3): occupied=35, pending=384, in flight=40
23:23:49: 3077x RT, 51.3 creatures/sec. Fitness: best=1527.7, avg=1022.6, new=(qd-mutate=655.4). MAP-Elites(8x8, morphologies=3): occupied=35, pending=384, in flight=40
23:23:51: 1964x RT, 32.7 creatures/sec. Fitness: best=1527.7, avg=1022.6, new=(qd-mutate=736.8). MAP-Elites(8x8, morphologies=3): occupied=35, pending=384, in flight=40
23:23:53: 2624x RT, 43.7 creatures/sec. Fitness: best=1527.7, avg=1022.6, new=(qd-mutate=680.4). MAP-Elites(8x8, morphologies=3): occupied=35, pending=384, in flight=40
23:23:55: 2830x RT, 47.2 creatures/sec. Fitness: best=1527.7, avg=1022.6, new=(qd-mutate=657.3). MAP-Elites(8x8, morphologies=3): occupied=35, pending=384, in flight=40
7667335 bytes written to /Users/dag/projects/Machine-Evolved-credible-training/training-runs/me-v2-harmonic-qd-01-double-gravity-double-population-8w/config.json. 
23:23:57: 1995x RT, 33.2 creatures/sec. Fitness: best=1527.7, avg=1022.6, new=(qd-mutate=668.6). MAP-Elites(8x8, morphologies=3): occupied=35, pending=384, in flight=40
23:23:59: 3231x RT, 53.8 creatures/sec. Fitness: best=1527.7, avg=1022.6, new=(qd-mutate=676.9). MAP-Elites(8x8, morphologies=3): occupied=35, pending=384, in flight=40
23:24:01: 2411x RT, 40.2 creatures/sec. Fitness: best=1527.7, avg=1022.6, new=(qd-mutate=673.8). MAP-Elites(8x8, morphologies=3): occupied=35, pending=384, in flight=40
23:24:03: 3096x RT, 51.6 creatures/sec. Fitness: best=1527.7, avg=1022.6, new=(qd-mutate=622.0). MAP-Elites(8x8, morphologies=3): occupied=35, pending=384, in flight=40
23:24:05: 3295x RT, 54.9 creatures/sec. Fitness: best=1527.7, avg=1022.6, new=(qd-mutate=619.9). MAP-Elites(8x8, morphologies=3): occupied=35, pending=384, in flight=40
23:24:07: 3378x RT, 56.3 creatures/sec. Fitness: best=1527.7, avg=1022.6, new=(qd-mutate=648.7). MAP-Elites(8x8, morphologies=3): occupied=35, pending=384, in flight=40
23:24:09: 2997x RT, 49.9 creatures/sec. Fitness: best=1527.7, avg=1022.6, new=(qd-mutate=629.1). MAP-Elites(8x8, morphologies=3): occupied=35, pending=384, in flight=40
23:24:12: 2304x RT, 38.4 creatures/sec. Fitness: best=1527.7, avg=1022.6, new=(qd-mutate=667.0). MAP-Elites(8x8, morphologies=3): occupied=35, pending=384, in flight=40
23:24:14: 2691x RT, 44.9 creatures/sec. Fitness: best=1527.7, avg=1022.6, new=(qd-mutate=622.5). MAP-Elites(8x8, morphologies=3): occupied=35, pending=384, in flight=40
23:24:16: 3162x RT, 52.7 creatures/sec. Fitness: best=1527.7, avg=1022.6, new=(qd-mutate=661.9). MAP-Elites(8x8, morphologies=3): occupied=35, pending=384, in flight=40
23:24:18: 3246x RT, 54.1 creatures/sec. Fitness: best=1527.7, avg=1022.6, new=(qd-mutate=682.1). MAP-Elites(8x8, morphologies=3): occupied=35, pending=384, in flight=40
23:24:20: 3118x RT, 52.0 creatures/sec. Fitness: best=1527.7, avg=1022.6, new=(qd-mutate=636.0). MAP-Elites(8x8, morphologies=3): occupied=35, pending=384, in flight=40
23:24:22: 3191x RT, 53.2 creatures/sec. Fitness: best=1527.7, avg=1022.6, new=(qd-mutate=716.1). MAP-Elites(8x8, morphologies=3): occupied=35, pending=384, in flight=40
23:24:24: 3079x RT, 51.3 creatures/sec. Fitness: best=1527.7, avg=1022.6, new=(qd-mutate=648.0). MAP-Elites(8x8, morphologies=3): occupied=35, pending=384, in flight=40
23:24:26: 3013x RT, 50.2 creatures/sec. Fitness: best=1527.7, avg=1022.6, new=(qd-mutate=627.7). MAP-Elites(8x8, morphologies=3): occupied=35, pending=384, in flight=40
23:24:28: 2519x RT, 42.0 creatures/sec. Fitness: best=1527.7, avg=1022.6, new=(qd-mutate=708.8). MAP-Elites(8x8, morphologies=3): occupied=35, pending=384, in flight=40
23:24:30: 1329x RT, 22.2 creatures/sec. Fitness: best=1527.7, avg=1022.6, new=(qd-mutate=657.1). MAP-Elites(8x8, morphologies=3): occupied=35, pending=384, in flight=40
23:24:33: 2345x RT, 39.1 creatures/sec. Fitness: best=1527.7, avg=1022.6, new=(qd-mutate=655.6). MAP-Elites(8x8, morphologies=3): occupied=35, pending=384, in flight=40
23:24:35: 2752x RT, 45.9 creatures/sec. Fitness: best=1527.7, avg=1022.6, new=(qd-mutate=674.5). MAP-Elites(8x8, morphologies=3): occupied=35, pending=384, in flight=40
23:24:37: 2709x RT, 45.2 creatures/sec. Fitness: best=1527.7, avg=1022.6, new=(qd-mutate=658.8). MAP-Elites(8x8, morphologies=3): occupied=35, pending=384, in flight=40
23:24:39: 2847x RT, 47.5 creatures/sec. Fitness: best=1527.7, avg=1022.6, new=(qd-mutate=676.4). MAP-Elites(8x8, morphologies=3): occupied=35, pending=384, in flight=40
23:24:41: 2497x RT, 41.6 creatures/sec. Fitness: best=1527.7, avg=1022.6, new=(qd-mutate=628.1). MAP-Elites(8x8, morphologies=3): occupied=35, pending=384, in flight=40
23:24:43: 3262x RT, 54.4 creatures/sec. Fitness: best=1527.7, avg=1022.6, new=(qd-mutate=697.5). MAP-Elites(8x8, morphologies=3): occupied=35, pending=384, in flight=40
23:24:45: 3387x RT, 56.4 creatures/sec. Fitness: best=1527.7, avg=1022.6, new=(qd-mutate=652.6). MAP-Elites(8x8, morphologies=3): occupied=35, pending=384, in flight=40
23:24:47: 3361x RT, 56.0 creatures/sec. Fitness: best=1527.7, avg=1022.6, new=(qd-mutate=679.7). MAP-Elites(8x8, morphologies=3): occupied=35, pending=384, in flight=40
23:24:49: 3171x RT, 52.9 creatures/sec. Fitness: best=1527.7, avg=1022.6, new=(qd-mutate=650.7). MAP-Elites(8x8, morphologies=3): occupied=35, pending=384, in flight=40
23:24:51: 2729x RT, 45.5 creatures/sec. Fitness: best=1527.7, avg=1022.6, new=(qd-mutate=681.5). MAP-Elites(8x8, morphologies=3): occupied=35, pending=384, in flight=40
23:24:53: 2378x RT, 39.6 creatures/sec. Fitness: best=1527.7, avg=1022.6, new=(qd-mutate=678.3). MAP-Elites(8x8, morphologies=3): occupied=35, pending=384, in flight=40
23:24:55: 3101x RT, 51.7 creatures/sec. Fitness: best=1527.7, avg=1022.6, new=(qd-mutate=699.7). MAP-Elites(8x8, morphologies=3): occupied=35, pending=384, in flight=40
7660501 bytes written to /Users/dag/projects/Machine-Evolved-credible-training/training-runs/me-v2-harmonic-qd-01-double-gravity-double-population-8w/config.json. 
23:24:57: 3166x RT, 52.8 creatures/sec. Fitness: best=1527.7, avg=1022.6, new=(qd-mutate=660.3). MAP-Elites(8x8, morphologies=3): occupied=35, pending=384, in flight=40
23:24:59: 3287x RT, 54.8 creatures/sec. Fitness: best=1527.7, avg=1022.6, new=(qd-mutate=684.4). MAP-Elites(8x8, morphologies=3): occupied=35, pending=384, in flight=40
23:25:01: 3300x RT, 55.0 creatures/sec. Fitness: best=1527.7, avg=1022.6, new=(qd-mutate=650.0). MAP-Elites(8x8, morphologies=3): occupied=35, pending=384, in flight=40
23:25:03: 3126x RT, 52.1 creatures/sec. Fitness: best=1527.7, avg=1022.6, new=(qd-mutate=652.6). MAP-Elites(8x8, morphologies=3): occupied=35, pending=384, in flight=40
23:25:06: 3059x RT, 51.0 creatures/sec. Fitness: best=1527.7, avg=1022.6, new=(qd-mutate=651.1). MAP-Elites(8x8, morphologies=3): occupied=35, pending=384, in flight=40
23:25:08: 2899x RT, 48.3 creatures/sec. Fitness: best=1527.7, avg=1022.6, new=(qd-mutate=652.1). MAP-Elites(8x8, morphologies=3): occupied=35, pending=384, in flight=40
23:25:10: 1621x RT, 27.0 creatures/sec. Fitness: best=1527.7, avg=1022.6, new=(qd-mutate=597.2). MAP-Elites(8x8, morphologies=3): occupied=35, pending=384, in flight=40
23:25:12: 2152x RT, 35.9 creatures/sec. Fitness: best=1527.7, avg=1022.6, new=(qd-mutate=679.9). MAP-Elites(8x8, morphologies=3): occupied=35, pending=384, in flight=40
23:25:14: 2473x RT, 41.2 creatures/sec. Fitness: best=1527.7, avg=1022.6, new=(qd-mutate=706.3). MAP-Elites(8x8, morphologies=3): occupied=35, pending=384, in flight=40
23:25:16: 2631x RT, 43.8 creatures/sec. Fitness: best=1527.7, avg=1022.6, new=(qd-mutate=638.2). MAP-Elites(8x8, morphologies=3): occupied=35, pending=384, in flight=40
23:25:18: 2801x RT, 46.7 creatures/sec. Fitness: best=1527.7, avg=1022.6, new=(qd-mutate=663.7). MAP-Elites(8x8, morphologies=3): occupied=35, pending=384, in flight=40
23:25:20: 3270x RT, 54.5 creatures/sec. Fitness: best=1527.7, avg=1022.6, new=(qd-mutate=663.1). MAP-Elites(8x8, morphologies=3): occupied=35, pending=384, in flight=40
23:25:22: 3378x RT, 56.3 creatures/sec. Fitness: best=1527.7, avg=1022.6, new=(qd-mutate=677.0). MAP-Elites(8x8, morphologies=3): occupied=35, pending=384, in flight=40
23:25:24: 3315x RT, 55.2 creatures/sec. Fitness: best=1527.7, avg=1022.6, new=(qd-mutate=650.2). MAP-Elites(8x8, morphologies=3): occupied=35, pending=384, in flight=40
23:25:26: 3438x RT, 57.3 creatures/sec. Fitness: best=1527.7, avg=1022.6, new=(qd-mutate=629.8). MAP-Elites(8x8, morphologies=3): occupied=35, pending=384, in flight=40
23:25:28: 3382x RT, 56.4 creatures/sec. Fitness: best=1527.7, avg=1022.6, new=(qd-mutate=684.4). MAP-Elites(8x8, morphologies=3): occupied=35, pending=384, in flight=40
23:25:30: 3359x RT, 56.0 creatures/sec. Fitness: best=1527.7, avg=1022.6, new=(qd-mutate=681.7). MAP-Elites(8x8, morphologies=3): occupied=35, pending=384, in flight=40
23:25:33: 3369x RT, 56.1 creatures/sec. Fitness: best=1527.7, avg=1022.6, new=(qd-mutate=687.2). MAP-Elites(8x8, morphologies=3): occupied=35, pending=384, in flight=40
23:25:35: 3448x RT, 57.5 creatures/sec. Fitness: best=1527.7, avg=1022.6, new=(qd-mutate=703.8). MAP-Elites(8x8, morphologies=3): occupied=35, pending=384, in flight=40
23:25:37: 3322x RT, 55.4 creatures/sec. Fitness: best=1527.7, avg=1022.6, new=(qd-mutate=655.2). MAP-Elites(8x8, morphologies=3): occupied=35, pending=384, in flight=40
23:25:39: 3364x RT, 56.1 creatures/sec. Fitness: best=1527.7, avg=1022.6, new=(qd-mutate=676.3). MAP-Elites(8x8, morphologies=3): occupied=35, pending=384, in flight=40
23:25:41: 3382x RT, 56.4 creatures/sec. Fitness: best=1527.7, avg=1022.6, new=(qd-mutate=657.8). MAP-Elites(8x8, morphologies=3): occupied=35, pending=384, in flight=40
23:25:43: 3400x RT, 56.7 creatures/sec. Fitness: best=1527.7, avg=1022.6, new=(qd-mutate=699.6). MAP-Elites(8x8, morphologies=3): occupied=35, pending=384, in flight=40
23:25:45: 3379x RT, 56.3 creatures/sec. Fitness: best=1527.7, avg=1022.6, new=(qd-mutate=676.1). MAP-Elites(8x8, morphologies=3): occupied=35, pending=384, in flight=40
23:25:47: 3346x RT, 55.8 creatures/sec. Fitness: best=1527.7, avg=1022.6, new=(qd-mutate=704.3). MAP-Elites(8x8, morphologies=3): occupied=35, pending=384, in flight=40
23:25:49: 3308x RT, 55.1 creatures/sec. Fitness: best=1527.7, avg=1022.6, new=(qd-mutate=662.0). MAP-Elites(8x8, morphologies=3): occupied=35, pending=384, in flight=40
23:25:51: 3333x RT, 55.6 creatures/sec. Fitness: best=1527.7, avg=1022.6, new=(qd-mutate=667.6). MAP-Elites(8x8, morphologies=3): occupied=35, pending=384, in flight=40
23:25:53: 3399x RT, 56.6 creatures/sec. Fitness: best=1527.7, avg=1022.6, new=(qd-mutate=687.4). MAP-Elites(8x8, morphologies=3): occupied=35, pending=384, in flight=40
23:25:55: 3360x RT, 56.0 creatures/sec. Fitness: best=1527.7, avg=1022.6, new=(qd-mutate=647.2). MAP-Elites(8x8, morphologies=3): occupied=35, pending=384, in flight=40
7677857 bytes written to /Users/dag/projects/Machine-Evolved-credible-training/training-runs/me-v2-harmonic-qd-01-double-gravity-double-population-8w/config.json. 
23:25:57: 3283x RT, 54.7 creatures/sec. Fitness: best=1527.7, avg=1022.6, new=(qd-mutate=635.1). MAP-Elites(8x8, morphologies=3): occupied=35, pending=384, in flight=40
23:25:59: 3302x RT, 55.0 creatures/sec. Fitness: best=1527.7, avg=1022.6, new=(qd-mutate=668.4). MAP-Elites(8x8, morphologies=3): occupied=35, pending=384, in flight=40
23:26:02: 1891x RT, 31.5 creatures/sec. Fitness: best=1527.7, avg=1022.6, new=(qd-mutate=648.3). MAP-Elites(8x8, morphologies=3): occupied=35, pending=384, in flight=40
23:26:04: 217x RT, 3.6 creatures/sec. Fitness: best=1527.7, avg=1022.6, new=(qd-mutate=642.4). MAP-Elites(8x8, morphologies=3): occupied=35, pending=384, in flight=40
23:26:06: 161x RT, 2.7 creatures/sec. Fitness: best=1527.7, avg=1022.6, new=(qd-mutate=667.0). MAP-Elites(8x8, morphologies=3): occupied=35, pending=384, in flight=40
23:26:08: 279x RT, 4.7 creatures/sec. Fitness: best=1527.7, avg=1022.6, new=(qd-mutate=538.5). MAP-Elites(8x8, morphologies=3): occupied=35, pending=384, in flight=40
23:26:10: 238x RT, 4.0 creatures/sec. Fitness: best=1527.7, avg=1022.6, new=(qd-mutate=724.7). MAP-Elites(8x8, morphologies=3): occupied=35, pending=384, in flight=40
23:26:12: 970x RT, 16.2 creatures/sec. Fitness: best=1527.7, avg=1022.6, new=(qd-mutate=650.1). MAP-Elites(8x8, morphologies=3): occupied=35, pending=384, in flight=40
23:26:14: 4012x RT, 66.9 creatures/sec. Fitness: best=1527.7, avg=1022.6, new=(qd-mutate=693.9). MAP-Elites(8x8, morphologies=3): occupied=35, pending=384, in flight=40
23:26:16: 4900x RT, 81.7 creatures/sec. Fitness: best=1527.7, avg=1022.6, new=(qd-mutate=653.3). MAP-Elites(8x8, morphologies=3): occupied=35, pending=384, in flight=40
23:26:19: 3587x RT, 59.8 creatures/sec. Fitness: best=1527.7, avg=1022.6, new=(qd-mutate=686.6). MAP-Elites(8x8, morphologies=3): occupied=35, pending=384, in flight=40
23:26:21: 3458x RT, 57.6 creatures/sec. Fitness: best=1527.7, avg=1022.6, new=(qd-mutate=674.1). MAP-Elites(8x8, morphologies=3): occupied=35, pending=384, in flight=40
23:26:23: 3395x RT, 56.6 creatures/sec. Fitness: best=1527.7, avg=1022.6, new=(qd-mutate=659.8). MAP-Elites(8x8, morphologies=3): occupied=35, pending=384, in flight=40
23:26:25: 2925x RT, 48.7 creatures/sec. Fitness: best=1527.7, avg=1022.6, new=(qd-mutate=703.5). MAP-Elites(8x8, morphologies=3): occupied=35, pending=384, in flight=40
23:26:27: 2093x RT, 34.9 creatures/sec. Fitness: best=1527.7, avg=1022.6, new=(qd-mutate=647.5). MAP-Elites(8x8, morphologies=3): occupied=35, pending=384, in flight=40
23:26:29: 2800x RT, 46.7 creatures/sec. Fitness: best=1527.7, avg=1022.6, new=(qd-mutate=691.9). MAP-Elites(8x8, morphologies=3): occupied=35, pending=384, in flight=40
23:26:31: 3269x RT, 54.5 creatures/sec. Fitness: best=1527.7, avg=1022.6, new=(qd-mutate=676.6). MAP-Elites(8x8, morphologies=3): occupied=35, pending=384, in flight=40
23:26:33: 3247x RT, 54.1 creatures/sec. Fitness: best=1527.7, avg=1022.6, new=(qd-mutate=661.3). MAP-Elites(8x8, morphologies=3): occupied=35, pending=384, in flight=40
23:26:35: 3366x RT, 56.1 creatures/sec. Fitness: best=1527.7, avg=1022.6, new=(qd-mutate=686.0). MAP-Elites(8x8, morphologies=3): occupied=35, pending=384, in flight=40
23:26:37: 3108x RT, 51.8 creatures/sec. Fitness: best=1527.7, avg=1022.6, new=(qd-mutate=680.1). MAP-Elites(8x8, morphologies=3): occupied=35, pending=384, in flight=40
23:26:39: 3050x RT, 50.8 creatures/sec. Fitness: best=1527.7, avg=1022.6, new=(qd-mutate=710.5). MAP-Elites(8x8, morphologies=3): occupied=35, pending=384, in flight=40
23:26:41: 2024x RT, 33.7 creatures/sec. Fitness: best=1527.7, avg=1022.6, new=(qd-mutate=698.1). MAP-Elites(8x8, morphologies=3): occupied=35, pending=384, in flight=40
23:26:43: 1804x RT, 30.1 creatures/sec. Fitness: best=1527.7, avg=1022.6, new=(qd-mutate=619.5). MAP-Elites(8x8, morphologies=3): occupied=35, pending=384, in flight=40
23:26:45: 2151x RT, 35.8 creatures/sec. Fitness: best=1527.7, avg=1022.6, new=(qd-mutate=687.9). MAP-Elites(8x8, morphologies=3): occupied=35, pending=384, in flight=40
23:26:47: 2367x RT, 39.5 creatures/sec. Fitness: best=1527.7, avg=1022.6, new=(qd-mutate=701.9). MAP-Elites(8x8, morphologies=3): occupied=35, pending=384, in flight=40
23:26:50: 2697x RT, 44.9 creatures/sec. Fitness: best=1527.7, avg=1022.6, new=(qd-mutate=720.8). MAP-Elites(8x8, morphologies=3): occupied=35, pending=384, in flight=40
23:26:52: 2755x RT, 45.9 creatures/sec. Fitness: best=1527.7, avg=1022.6, new=(qd-mutate=706.0). MAP-Elites(8x8, morphologies=3): occupied=35, pending=384, in flight=40
23:26:54: 2472x RT, 41.2 creatures/sec. Fitness: best=1527.7, avg=1022.6, new=(qd-mutate=633.0). MAP-Elites(8x8, morphologies=3): occupied=35, pending=384, in flight=40
23:26:56: 3277x RT, 54.6 creatures/sec. Fitness: best=1527.7, avg=1022.6, new=(qd-mutate=657.1). MAP-Elites(8x8, morphologies=3): occupied=35, pending=384, in flight=40
7663364 bytes written to /Users/dag/projects/Machine-Evolved-credible-training/training-runs/me-v2-harmonic-qd-01-double-gravity-double-population-8w/config.json. 
23:26:58: 3210x RT, 53.5 creatures/sec. Fitness: best=1527.7, avg=1022.6, new=(qd-mutate=654.8). MAP-Elites(8x8, morphologies=3): occupied=35, pending=384, in flight=40
23:27:00: 3382x RT, 56.4 creatures/sec. Fitness: best=1527.7, avg=1022.6, new=(qd-mutate=664.1). MAP-Elites(8x8, morphologies=3): occupied=35, pending=384, in flight=40
23:27:02: 3450x RT, 57.5 creatures/sec. Fitness: best=1527.7, avg=1022.6, new=(qd-mutate=684.0). MAP-Elites(8x8, morphologies=3): occupied=35, pending=384, in flight=40
23:27:04: 3402x RT, 56.7 creatures/sec. Fitness: best=1527.7, avg=1022.6, new=(qd-mutate=644.8). MAP-Elites(8x8, morphologies=3): occupied=35, pending=384, in flight=40
23:27:06: 3444x RT, 57.4 creatures/sec. Fitness: best=1527.7, avg=1022.6, new=(qd-mutate=690.1). MAP-Elites(8x8, morphologies=3): occupied=35, pending=384, in flight=40
23:27:08: 3453x RT, 57.6 creatures/sec. Fitness: best=1527.7, avg=1022.6, new=(qd-mutate=666.5). MAP-Elites(8x8, morphologies=3): occupied=35, pending=384, in flight=40
23:27:10: 3341x RT, 55.7 creatures/sec. Fitness: best=1527.7, avg=1022.6, new=(qd-mutate=654.1). MAP-Elites(8x8, morphologies=3): occupied=35, pending=384, in flight=40
23:27:12: 3437x RT, 57.3 creatures/sec. Fitness: best=1527.7, avg=1022.6, new=(qd-mutate=680.4). MAP-Elites(8x8, morphologies=3): occupied=35, pending=384, in flight=40
23:27:14: 3417x RT, 56.9 creatures/sec. Fitness: best=1527.7, avg=1022.6, new=(qd-mutate=731.5). MAP-Elites(8x8, morphologies=3): occupied=35, pending=384, in flight=40
23:27:16: 3026x RT, 50.4 creatures/sec. Fitness: best=1527.7, avg=1022.6, new=(qd-mutate=677.9). MAP-Elites(8x8, morphologies=3): occupied=35, pending=384, in flight=40
23:27:18: 2642x RT, 44.0 creatures/sec. Fitness: best=1527.7, avg=1022.6, new=(qd-mutate=702.6). MAP-Elites(8x8, morphologies=3): occupied=35, pending=384, in flight=40
23:27:20: 3179x RT, 53.0 creatures/sec. Fitness: best=1527.7, avg=1022.6, new=(qd-mutate=680.7). MAP-Elites(8x8, morphologies=3): occupied=35, pending=384, in flight=40
23:27:23: 2805x RT, 46.7 creatures/sec. Fitness: best=1527.7, avg=1022.6, new=(qd-mutate=681.6). MAP-Elites(8x8, morphologies=3): occupied=35, pending=384, in flight=40
23:27:25: 3030x RT, 50.5 creatures/sec. Fitness: best=1527.7, avg=1022.6, new=(qd-mutate=641.8). MAP-Elites(8x8, morphologies=3): occupied=35, pending=384, in flight=40
23:27:27: 3236x RT, 53.9 creatures/sec. Fitness: best=1527.7, avg=1022.6, new=(qd-mutate=702.4). MAP-Elites(8x8, morphologies=3): occupied=35, pending=384, in flight=40
23:27:29: 3361x RT, 56.0 creatures/sec. Fitness: best=1527.7, avg=1022.6, new=(qd-mutate=651.0). MAP-Elites(8x8, morphologies=3): occupied=35, pending=384, in flight=40
23:27:31: 3297x RT, 54.9 creatures/sec. Fitness: best=1527.7, avg=1022.6, new=(qd-mutate=697.7). MAP-Elites(8x8, morphologies=3): occupied=35, pending=384, in flight=40
23:27:33: 3321x RT, 55.4 creatures/sec. Fitness: best=1527.7, avg=1022.6, new=(qd-mutate=624.9). MAP-Elites(8x8, morphologies=3): occupied=35, pending=384, in flight=40
23:27:35: 3037x RT, 50.6 creatures/sec. Fitness: best=1527.7, avg=1022.6, new=(qd-mutate=701.9). MAP-Elites(8x8, morphologies=3): occupied=35, pending=384, in flight=40
23:27:37: 3068x RT, 51.1 creatures/sec. Fitness: best=1527.7, avg=1022.6, new=(qd-mutate=674.7). MAP-Elites(8x8, morphologies=3): occupied=35, pending=384, in flight=40
23:27:39: 3244x RT, 54.1 creatures/sec. Fitness: best=1527.7, avg=1022.6, new=(qd-mutate=692.2). MAP-Elites(8x8, morphologies=3): occupied=35, pending=384, in flight=40
23:27:41: 3297x RT, 54.9 creatures/sec. Fitness: best=1527.7, avg=1022.6, new=(qd-mutate=694.8). MAP-Elites(8x8, morphologies=3): occupied=35, pending=384, in flight=40
23:27:43: 3388x RT, 56.5 creatures/sec. Fitness: best=1527.7, avg=1022.6, new=(qd-mutate=661.6). MAP-Elites(8x8, morphologies=3): occupied=35, pending=384, in flight=40
23:27:45: 3408x RT, 56.8 creatures/sec. Fitness: best=1527.7, avg=1022.6, new=(qd-mutate=710.2). MAP-Elites(8x8, morphologies=3): occupied=35, pending=384, in flight=40
23:27:47: 3326x RT, 55.4 creatures/sec. Fitness: best=1527.7, avg=1022.6, new=(qd-mutate=709.6). MAP-Elites(8x8, morphologies=3): occupied=35, pending=384, in flight=40
23:27:50: 3293x RT, 54.9 creatures/sec. Fitness: best=1527.7, avg=1022.6, new=(qd-mutate=665.5). MAP-Elites(8x8, morphologies=3): occupied=35, pending=384, in flight=40
23:27:52: 3349x RT, 55.8 creatures/sec. Fitness: best=1527.7, avg=1022.6, new=(qd-mutate=621.0). MAP-Elites(8x8, morphologies=3): occupied=35, pending=384, in flight=40
23:27:54: 3301x RT, 55.0 creatures/sec. Fitness: best=1527.7, avg=1022.6, new=(qd-mutate=676.2). MAP-Elites(8x8, morphologies=3): occupied=35, pending=384, in flight=40
23:27:56: 3272x RT, 54.5 creatures/sec. Fitness: best=1527.7, avg=1022.6, new=(qd-mutate=695.8). MAP-Elites(8x8, morphologies=3): occupied=35, pending=384, in flight=40
7666649 bytes written to /Users/dag/projects/Machine-Evolved-credible-training/training-runs/me-v2-harmonic-qd-01-double-gravity-double-population-8w/config.json. 
23:27:58: 3060x RT, 51.0 creatures/sec. Fitness: best=1527.7, avg=1022.6, new=(qd-mutate=654.9). MAP-Elites(8x8, morphologies=3): occupied=35, pending=384, in flight=40
23:28:00: 3183x RT, 53.1 creatures/sec. Fitness: best=1527.7, avg=1022.6, new=(qd-mutate=639.9). MAP-Elites(8x8, morphologies=3): occupied=35, pending=384, in flight=40
23:28:02: 2963x RT, 49.4 creatures/sec. Fitness: best=1527.7, avg=1022.6, new=(qd-mutate=643.6). MAP-Elites(8x8, morphologies=3): occupied=35, pending=384, in flight=40
23:28:04: 3145x RT, 52.4 creatures/sec. Fitness: best=1527.7, avg=1022.6, new=(qd-mutate=641.3). MAP-Elites(8x8, morphologies=3): occupied=35, pending=384, in flight=40
23:28:06: 3236x RT, 53.9 creatures/sec. Fitness: best=1527.7, avg=1022.6, new=(qd-mutate=655.6). MAP-Elites(8x8, morphologies=3): occupied=35, pending=384, in flight=40
23:28:08: 3287x RT, 54.8 creatures/sec. Fitness: best=1527.7, avg=1022.6, new=(qd-mutate=676.7). MAP-Elites(8x8, morphologies=3): occupied=35, pending=384, in flight=40
23:28:10: 3269x RT, 54.5 creatures/sec. Fitness: best=1527.7, avg=1022.6, new=(qd-mutate=671.8). MAP-Elites(8x8, morphologies=3): occupied=35, pending=384, in flight=40
23:28:12: 3313x RT, 55.2 creatures/sec. Fitness: best=1527.7, avg=1022.6, new=(qd-mutate=650.1). MAP-Elites(8x8, morphologies=3): occupied=35, pending=384, in flight=40
23:28:14: 3173x RT, 52.9 creatures/sec. Fitness: best=1527.7, avg=1022.6, new=(qd-mutate=727.6). MAP-Elites(8x8, morphologies=3): occupied=35, pending=384, in flight=40
23:28:16: 3269x RT, 54.5 creatures/sec. Fitness: best=1527.7, avg=1022.6, new=(qd-mutate=659.3). MAP-Elites(8x8, morphologies=3): occupied=35, pending=384, in flight=40
23:28:19: 3273x RT, 54.5 creatures/sec. Fitness: best=1527.7, avg=1022.6, new=(qd-mutate=716.8). MAP-Elites(8x8, morphologies=3): occupied=35, pending=384, in flight=40
23:28:21: 3332x RT, 55.5 creatures/sec. Fitness: best=1527.7, avg=1022.6, new=(qd-mutate=618.4). MAP-Elites(8x8, morphologies=3): occupied=35, pending=384, in flight=40
23:28:23: 3420x RT, 57.0 creatures/sec. Fitness: best=1527.7, avg=1022.6, new=(qd-mutate=662.1). MAP-Elites(8x8, morphologies=3): occupied=35, pending=384, in flight=40
23:28:25: 3358x RT, 56.0 creatures/sec. Fitness: best=1527.7, avg=1022.6, new=(qd-mutate=658.1). MAP-Elites(8x8, morphologies=3): occupied=35, pending=384, in flight=40
23:28:27: 3400x RT, 56.7 creatures/sec. Fitness: best=1527.7, avg=1022.6, new=(qd-mutate=770.4). MAP-Elites(8x8, morphologies=3): occupied=35, pending=384, in flight=40
23:28:29: 3240x RT, 54.0 creatures/sec. Fitness: best=1527.7, avg=1022.6, new=(qd-mutate=683.5). MAP-Elites(8x8, morphologies=3): occupied=35, pending=384, in flight=40
23:28:31: 3432x RT, 57.2 creatures/sec. Fitness: best=1527.7, avg=1022.6, new=(qd-mutate=682.2). MAP-Elites(8x8, morphologies=3): occupied=35, pending=384, in flight=40
23:28:33: 3594x RT, 59.9 creatures/sec. Fitness: best=1527.7, avg=1022.6, new=(qd-mutate=697.8). MAP-Elites(8x8, morphologies=3): occupied=35, pending=384, in flight=40
23:28:35: 3575x RT, 59.6 creatures/sec. Fitness: best=1527.7, avg=1022.6, new=(qd-mutate=655.9). MAP-Elites(8x8, morphologies=3): occupied=35, pending=384, in flight=40
23:28:37: 3836x RT, 63.9 creatures/sec. Fitness: best=1527.7, avg=1022.6, new=(qd-mutate=663.2). MAP-Elites(8x8, morphologies=3): occupied=35, pending=384, in flight=40
23:28:39: 3890x RT, 64.8 creatures/sec. Fitness: best=1527.7, avg=1022.6, new=(qd-mutate=676.4). MAP-Elites(8x8, morphologies=3): occupied=35, pending=384, in flight=40
23:28:41: 4021x RT, 67.0 creatures/sec. Fitness: best=1527.7, avg=1022.6, new=(qd-mutate=664.8). MAP-Elites(8x8, morphologies=3): occupied=35, pending=384, in flight=40
23:28:43: 4220x RT, 70.3 creatures/sec. Fitness: best=1527.7, avg=1022.6, new=(qd-mutate=664.3). MAP-Elites(8x8, morphologies=3): occupied=35, pending=384, in flight=40
23:28:45: 4275x RT, 71.3 creatures/sec. Fitness: best=1527.7, avg=1022.6, new=(qd-mutate=694.6). MAP-Elites(8x8, morphologies=3): occupied=35, pending=384, in flight=40
23:28:48: 4450x RT, 74.2 creatures/sec. Fitness: best=1527.7, avg=1022.6, new=(qd-mutate=679.6). MAP-Elites(8x8, morphologies=3): occupied=35, pending=384, in flight=40
23:28:50: 4451x RT, 74.2 creatures/sec. Fitness: best=1527.7, avg=1022.6, new=(qd-mutate=668.8). MAP-Elites(8x8, morphologies=3): occupied=35, pending=384, in flight=40
23:28:52: 4401x RT, 73.4 creatures/sec. Fitness: best=1527.7, avg=1022.6, new=(qd-mutate=629.7). MAP-Elites(8x8, morphologies=3): occupied=35, pending=384, in flight=40
23:28:54: 4412x RT, 73.5 creatures/sec. Fitness: best=1527.7, avg=1022.6, new=(qd-mutate=623.5). MAP-Elites(8x8, morphologies=3): occupied=35, pending=384, in flight=40
23:28:56: 4550x RT, 75.8 creatures/sec. Fitness: best=1527.7, avg=1022.6, new=(qd-mutate=719.7). MAP-Elites(8x8, morphologies=3): occupied=35, pending=384, in flight=40
7636905 bytes written to /Users/dag/projects/Machine-Evolved-credible-training/training-runs/me-v2-harmonic-qd-01-double-gravity-double-population-8w/config.json. 
23:28:58: 4627x RT, 77.1 creatures/sec. Fitness: best=1527.7, avg=1022.6, new=(qd-mutate=631.6). MAP-Elites(8x8, morphologies=3): occupied=35, pending=384, in flight=40
23:29:00: 4802x RT, 80.0 creatures/sec. Fitness: best=1527.7, avg=1022.6, new=(qd-mutate=683.3). MAP-Elites(8x8, morphologies=3): occupied=35, pending=384, in flight=40
23:29:02: 4592x RT, 76.5 creatures/sec. Fitness: best=1527.7, avg=1022.6, new=(qd-mutate=682.3). MAP-Elites(8x8, morphologies=3): occupied=35, pending=384, in flight=40
23:29:04: 4752x RT, 79.2 creatures/sec. Fitness: best=1527.7, avg=1022.6, new=(qd-mutate=722.4). MAP-Elites(8x8, morphologies=3): occupied=35, pending=384, in flight=40
23:29:06: 4793x RT, 79.9 creatures/sec. Fitness: best=1527.7, avg=1022.6, new=(qd-mutate=647.4). MAP-Elites(8x8, morphologies=3): occupied=35, pending=384, in flight=40
23:29:08: 4829x RT, 80.5 creatures/sec. Fitness: best=1527.7, avg=1022.6, new=(qd-mutate=676.6). MAP-Elites(8x8, morphologies=3): occupied=35, pending=384, in flight=40
23:29:10: 5010x RT, 83.5 creatures/sec. Fitness: best=1527.7, avg=1022.6, new=(qd-mutate=639.6). MAP-Elites(8x8, morphologies=3): occupied=35, pending=384, in flight=40
23:29:12: 4853x RT, 80.9 creatures/sec. Fitness: best=1527.7, avg=1022.6, new=(qd-mutate=664.1). MAP-Elites(8x8, morphologies=3): occupied=35, pending=384, in flight=40
23:29:14: 5050x RT, 84.2 creatures/sec. Fitness: best=1527.7, avg=1022.6, new=(qd-mutate=643.9). MAP-Elites(8x8, morphologies=3): occupied=35, pending=384, in flight=40
23:29:16: 5292x RT, 88.2 creatures/sec. Fitness: best=1527.7, avg=1022.6, new=(qd-mutate=662.5). MAP-Elites(8x8, morphologies=3): occupied=35, pending=384, in flight=40
23:29:18: 4889x RT, 81.5 creatures/sec. Fitness: best=1527.7, avg=1022.6, new=(qd-mutate=685.0). MAP-Elites(8x8, morphologies=3): occupied=35, pending=384, in flight=40
23:29:20: 5226x RT, 87.1 creatures/sec. Fitness: best=1527.7, avg=1022.6, new=(qd-mutate=653.4). MAP-Elites(8x8, morphologies=3): occupied=35, pending=384, in flight=40
23:29:23: 5029x RT, 83.8 creatures/sec. Fitness: best=1527.7, avg=1022.6, new=(qd-mutate=670.3). MAP-Elites(8x8, morphologies=3): occupied=35, pending=384, in flight=40
23:29:25: 5148x RT, 85.8 creatures/sec. Fitness: best=1527.7, avg=1022.6, new=(qd-mutate=678.5). MAP-Elites(8x8, morphologies=3): occupied=35, pending=384, in flight=40
23:29:27: 5357x RT, 89.3 creatures/sec. Fitness: best=1527.7, avg=1022.6, new=(qd-mutate=643.3). MAP-Elites(8x8, morphologies=3): occupied=35, pending=384, in flight=40
23:29:29: 4938x RT, 82.3 creatures/sec. Fitness: best=1527.7, avg=1022.6, new=(qd-mutate=679.2). MAP-Elites(8x8, morphologies=3): occupied=35, pending=384, in flight=40
23:29:31: 5164x RT, 86.1 creatures/sec. Fitness: best=1527.7, avg=1022.6, new=(qd-mutate=682.0). MAP-Elites(8x8, morphologies=3): occupied=35, pending=384, in flight=40
23:29:33: 5104x RT, 85.1 creatures/sec. Fitness: best=1527.7, avg=1022.6, new=(qd-mutate=654.5). MAP-Elites(8x8, morphologies=3): occupied=35, pending=384, in flight=40
23:29:35: 5115x RT, 85.3 creatures/sec. Fitness: best=1527.7, avg=1022.6, new=(qd-mutate=699.6). MAP-Elites(8x8, morphologies=3): occupied=35, pending=384, in flight=40
23:29:37: 5170x RT, 86.2 creatures/sec. Fitness: best=1527.7, avg=1022.6, new=(qd-mutate=656.7). MAP-Elites(8x8, morphologies=3): occupied=35, pending=384, in flight=40
23:29:39: 4953x RT, 82.6 creatures/sec. Fitness: best=1527.7, avg=1022.6, new=(qd-mutate=676.2). MAP-Elites(8x8, morphologies=3): occupied=35, pending=384, in flight=40
23:29:41: 5064x RT, 84.4 creatures/sec. Fitness: best=1527.7, avg=1022.6, new=(qd-mutate=671.2). MAP-Elites(8x8, morphologies=3): occupied=35, pending=384, in flight=40
23:29:43: 5215x RT, 86.9 creatures/sec. Fitness: best=1527.7, avg=1022.6, new=(qd-mutate=669.2). MAP-Elites(8x8, morphologies=3): occupied=35, pending=384, in flight=40
23:29:45: 4932x RT, 82.2 creatures/sec. Fitness: best=1527.7, avg=1022.6, new=(qd-mutate=677.8). MAP-Elites(8x8, morphologies=3): occupied=35, pending=384, in flight=40
23:29:47: 5102x RT, 85.0 creatures/sec. Fitness: best=1527.7, avg=1022.6, new=(qd-mutate=653.8). MAP-Elites(8x8, morphologies=3): occupied=35, pending=384, in flight=40
23:29:49: 5056x RT, 84.3 creatures/sec. Fitness: best=1527.7, avg=1022.6, new=(qd-mutate=669.8). MAP-Elites(8x8, morphologies=3): occupied=35, pending=384, in flight=40
23:29:51: 5093x RT, 84.9 creatures/sec. Fitness: best=1527.7, avg=1022.6, new=(qd-mutate=667.4). MAP-Elites(8x8, morphologies=3): occupied=35, pending=384, in flight=40
23:29:53: 5201x RT, 86.7 creatures/sec. Fitness: best=1527.7, avg=1022.6, new=(qd-mutate=634.6). MAP-Elites(8x8, morphologies=3): occupied=35, pending=384, in flight=40
23:29:55: 4996x RT, 83.3 creatures/sec. Fitness: best=1527.7, avg=1022.6, new=(qd-mutate=648.1). MAP-Elites(8x8, morphologies=3): occupied=35, pending=384, in flight=40
7660292 bytes written to /Users/dag/projects/Machine-Evolved-credible-training/training-runs/me-v2-harmonic-qd-01-double-gravity-double-population-8w/config.json. 
23:29:57: 4636x RT, 77.3 creatures/sec. Fitness: best=1527.7, avg=1022.6, new=(qd-mutate=690.0). MAP-Elites(8x8, morphologies=3): occupied=35, pending=384, in flight=40
23:29:59: 5450x RT, 90.8 creatures/sec. Fitness: best=1527.7, avg=1022.6, new=(qd-mutate=680.1). MAP-Elites(8x8, morphologies=3): occupied=35, pending=384, in flight=40
23:30:01: 5113x RT, 85.2 creatures/sec. Fitness: best=1527.7, avg=1022.6, new=(qd-mutate=660.9). MAP-Elites(8x8, morphologies=3): occupied=35, pending=384, in flight=40
23:30:03: 5122x RT, 85.4 creatures/sec. Fitness: best=1527.7, avg=1022.6, new=(qd-mutate=653.4). MAP-Elites(8x8, morphologies=3): occupied=35, pending=384, in flight=40
23:30:06: 4939x RT, 82.3 creatures/sec. Fitness: best=1527.7, avg=1022.6, new=(qd-mutate=649.2). MAP-Elites(8x8, morphologies=3): occupied=35, pending=384, in flight=40
23:30:08: 5232x RT, 87.2 creatures/sec. Fitness: best=1527.7, avg=1022.6, new=(qd-mutate=674.4). MAP-Elites(8x8, morphologies=3): occupied=35, pending=384, in flight=40
23:30:10: 5138x RT, 85.6 creatures/sec. Fitness: best=1527.7, avg=1022.6, new=(qd-mutate=662.9). MAP-Elites(8x8, morphologies=3): occupied=35, pending=384, in flight=40
23:30:12: 5017x RT, 83.6 creatures/sec. Fitness: best=1527.7, avg=1022.6, new=(qd-mutate=675.5). MAP-Elites(8x8, morphologies=3): occupied=35, pending=384, in flight=40
23:30:14: 5189x RT, 86.5 creatures/sec. Fitness: best=1527.7, avg=1022.6, new=(qd-mutate=641.8). MAP-Elites(8x8, morphologies=3): occupied=35, pending=384, in flight=40
23:30:16: 5036x RT, 83.9 creatures/sec. Fitness: best=1527.7, avg=1022.6, new=(qd-mutate=707.1). MAP-Elites(8x8, morphologies=3): occupied=35, pending=384, in flight=40
23:30:18: 5077x RT, 84.6 creatures/sec. Fitness: best=1527.7, avg=1022.6, new=(qd-mutate=714.5). MAP-Elites(8x8, morphologies=3): occupied=35, pending=384, in flight=40
23:30:20: 5156x RT, 85.9 creatures/sec. Fitness: best=1527.7, avg=1022.6, new=(qd-mutate=702.0). MAP-Elites(8x8, morphologies=3): occupied=35, pending=384, in flight=40
23:30:22: 4859x RT, 81.0 creatures/sec. Fitness: best=1527.7, avg=1022.6, new=(qd-mutate=649.7). MAP-Elites(8x8, morphologies=3): occupied=35, pending=384, in flight=40
23:30:24: 5185x RT, 86.4 creatures/sec. Fitness: best=1527.7, avg=1022.6, new=(qd-mutate=659.9). MAP-Elites(8x8, morphologies=3): occupied=35, pending=384, in flight=40
23:30:26: 5044x RT, 84.1 creatures/sec. Fitness: best=1527.7, avg=1022.6, new=(qd-mutate=663.5). MAP-Elites(8x8, morphologies=3): occupied=35, pending=384, in flight=40
23:30:28: 5079x RT, 84.7 creatures/sec. Fitness: best=1527.7, avg=1022.6, new=(qd-mutate=729.0). MAP-Elites(8x8, morphologies=3): occupied=35, pending=384, in flight=40
23:30:30: 5179x RT, 86.3 creatures/sec. Fitness: best=1527.7, avg=1022.6, new=(qd-mutate=655.8). MAP-Elites(8x8, morphologies=3): occupied=35, pending=384, in flight=40
23:30:32: 4955x RT, 82.6 creatures/sec. Fitness: best=1527.7, avg=1022.6, new=(qd-mutate=640.8). MAP-Elites(8x8, morphologies=3): occupied=35, pending=384, in flight=40
23:30:34: 5206x RT, 86.8 creatures/sec. Fitness: best=1527.7, avg=1022.6, new=(qd-mutate=697.9). MAP-Elites(8x8, morphologies=3): occupied=35, pending=384, in flight=40
23:30:37: 5107x RT, 85.1 creatures/sec. Fitness: best=1527.7, avg=1022.6, new=(qd-mutate=680.5). MAP-Elites(8x8, morphologies=3): occupied=35, pending=384, in flight=40
23:30:39: 5054x RT, 84.2 creatures/sec. Fitness: best=1527.7, avg=1022.6, new=(qd-mutate=709.9). MAP-Elites(8x8, morphologies=3): occupied=35, pending=384, in flight=40
23:30:41: 5142x RT, 85.7 creatures/sec. Fitness: best=1527.7, avg=1022.6, new=(qd-mutate=651.5). MAP-Elites(8x8, morphologies=3): occupied=35, pending=384, in flight=40
23:30:43: 4919x RT, 82.0 creatures/sec. Fitness: best=1527.7, avg=1022.6, new=(qd-mutate=684.2). MAP-Elites(8x8, morphologies=3): occupied=35, pending=384, in flight=40
23:30:45: 5115x RT, 85.2 creatures/sec. Fitness: best=1527.7, avg=1022.6, new=(qd-mutate=670.0). MAP-Elites(8x8, morphologies=3): occupied=35, pending=384, in flight=40
23:30:47: 5095x RT, 84.9 creatures/sec. Fitness: best=1527.7, avg=1022.6, new=(qd-mutate=679.0). MAP-Elites(8x8, morphologies=3): occupied=35, pending=384, in flight=40
23:30:49: 4815x RT, 80.3 creatures/sec. Fitness: best=1527.7, avg=1022.6, new=(qd-mutate=687.9). MAP-Elites(8x8, morphologies=3): occupied=35, pending=384, in flight=40
23:30:51: 5122x RT, 85.4 creatures/sec. Fitness: best=1527.7, avg=1022.6, new=(qd-mutate=682.9). MAP-Elites(8x8, morphologies=3): occupied=35, pending=384, in flight=40
23:30:53: 5077x RT, 84.6 creatures/sec. Fitness: best=1527.7, avg=1022.6, new=(qd-mutate=698.2). MAP-Elites(8x8, morphologies=3): occupied=35, pending=384, in flight=40
23:30:55: 5135x RT, 85.6 creatures/sec. Fitness: best=1527.7, avg=1022.6, new=(qd-mutate=650.1). MAP-Elites(8x8, morphologies=3): occupied=35, pending=384, in flight=40
23:30:57: 5108x RT, 85.1 creatures/sec. Fitness: best=1527.7, avg=1022.6, new=(qd-mutate=625.7). MAP-Elites(8x8, morphologies=3): occupied=35, pending=384, in flight=40
7655876 bytes written to /Users/dag/projects/Machine-Evolved-credible-training/training-runs/me-v2-harmonic-qd-01-double-gravity-double-population-8w/config.json. 
23:30:59: 4875x RT, 81.3 creatures/sec. Fitness: best=1527.7, avg=1022.6, new=(qd-mutate=687.4). MAP-Elites(8x8, morphologies=3): occupied=35, pending=384, in flight=40
23:31:01: 4981x RT, 83.0 creatures/sec. Fitness: best=1527.7, avg=1022.6, new=(qd-mutate=667.8). MAP-Elites(8x8, morphologies=3): occupied=35, pending=384, in flight=40
23:31:03: 4904x RT, 81.7 creatures/sec. Fitness: best=1527.7, avg=1022.6, new=(qd-mutate=651.6). MAP-Elites(8x8, morphologies=3): occupied=35, pending=384, in flight=40
23:31:05: 4865x RT, 81.1 creatures/sec. Fitness: best=1527.7, avg=1022.6, new=(qd-mutate=638.5). MAP-Elites(8x8, morphologies=3): occupied=35, pending=384, in flight=40
23:31:07: 4746x RT, 79.1 creatures/sec. Fitness: best=1527.7, avg=1022.6, new=(qd-mutate=695.7). MAP-Elites(8x8, morphologies=3): occupied=35, pending=384, in flight=40
23:31:09: 4843x RT, 80.7 creatures/sec. Fitness: best=1527.7, avg=1022.6, new=(qd-mutate=702.7). MAP-Elites(8x8, morphologies=3): occupied=35, pending=384, in flight=40
23:31:11: 4777x RT, 79.6 creatures/sec. Fitness: best=1527.7, avg=1022.6, new=(qd-mutate=653.2). MAP-Elites(8x8, morphologies=3): occupied=35, pending=384, in flight=40
23:31:13: 4965x RT, 82.8 creatures/sec. Fitness: best=1527.7, avg=1022.6, new=(qd-mutate=696.3). MAP-Elites(8x8, morphologies=3): occupied=35, pending=384, in flight=40
23:31:15: 4800x RT, 80.0 creatures/sec. Fitness: best=1527.7, avg=1022.6, new=(qd-mutate=674.0). MAP-Elites(8x8, morphologies=3): occupied=35, pending=384, in flight=40
23:31:17: 4898x RT, 81.6 creatures/sec. Fitness: best=1527.7, avg=1022.6, new=(qd-mutate=657.0). MAP-Elites(8x8, morphologies=3): occupied=35, pending=384, in flight=40
23:31:19: 4784x RT, 79.7 creatures/sec. Fitness: best=1527.7, avg=1022.6, new=(qd-mutate=682.4). MAP-Elites(8x8, morphologies=3): occupied=35, pending=384, in flight=40
23:31:22: 4768x RT, 79.5 creatures/sec. Fitness: best=1527.7, avg=1022.6, new=(qd-mutate=625.2). MAP-Elites(8x8, morphologies=3): occupied=35, pending=384, in flight=40
23:31:24: 4915x RT, 81.9 creatures/sec. Fitness: best=1527.7, avg=1022.6, new=(qd-mutate=698.0). MAP-Elites(8x8, morphologies=3): occupied=35, pending=384, in flight=40
23:31:26: 4816x RT, 80.3 creatures/sec. Fitness: best=1527.7, avg=1022.6, new=(qd-mutate=656.5). MAP-Elites(8x8, morphologies=3): occupied=35, pending=384, in flight=40
23:31:28: 4836x RT, 80.6 creatures/sec. Fitness: best=1527.7, avg=1022.6, new=(qd-mutate=686.2). MAP-Elites(8x8, morphologies=3): occupied=35, pending=384, in flight=40
23:31:30: 4776x RT, 79.6 creatures/sec. Fitness: best=1527.7, avg=1022.6, new=(qd-mutate=691.0). MAP-Elites(8x8, morphologies=3): occupied=35, pending=384, in flight=40
23:31:32: 4736x RT, 78.9 creatures/sec. Fitness: best=1527.7, avg=1022.6, new=(qd-mutate=681.8). MAP-Elites(8x8, morphologies=3): occupied=35, pending=384, in flight=40
23:31:34: 4850x RT, 80.8 creatures/sec. Fitness: best=1527.7, avg=1022.6, new=(qd-mutate=698.3). MAP-Elites(8x8, morphologies=3): occupied=35, pending=384, in flight=40
23:31:36: 4857x RT, 81.0 creatures/sec. Fitness: best=1527.7, avg=1022.6, new=(qd-mutate=637.7). MAP-Elites(8x8, morphologies=3): occupied=35, pending=384, in flight=40
23:31:38: 4795x RT, 79.9 creatures/sec. Fitness: best=1527.7, avg=1022.6, new=(qd-mutate=666.4). MAP-Elites(8x8, morphologies=3): occupied=35, pending=384, in flight=40
23:31:40: 4810x RT, 80.2 creatures/sec. Fitness: best=1527.7, avg=1022.6, new=(qd-mutate=659.2). MAP-Elites(8x8, morphologies=3): occupied=35, pending=384, in flight=40
23:31:42: 4725x RT, 78.8 creatures/sec. Fitness: best=1527.7, avg=1022.6, new=(qd-mutate=702.5). MAP-Elites(8x8, morphologies=3): occupied=35, pending=384, in flight=40
23:31:44: 4919x RT, 82.0 creatures/sec. Fitness: best=1527.7, avg=1022.6, new=(qd-mutate=654.9). MAP-Elites(8x8, morphologies=3): occupied=35, pending=384, in flight=40
23:31:46: 4694x RT, 78.2 creatures/sec. Fitness: best=1527.7, avg=1022.6, new=(qd-mutate=626.7). MAP-Elites(8x8, morphologies=3): occupied=35, pending=384, in flight=40
23:31:48: 5150x RT, 85.8 creatures/sec. Fitness: best=1527.7, avg=1022.6, new=(qd-mutate=637.9). MAP-Elites(8x8, morphologies=3): occupied=35, pending=384, in flight=40
23:31:50: 4793x RT, 79.9 creatures/sec. Fitness: best=1527.7, avg=1022.6, new=(qd-mutate=662.6). MAP-Elites(8x8, morphologies=3): occupied=35, pending=384, in flight=40
23:31:52: 4856x RT, 80.9 creatures/sec. Fitness: best=1527.7, avg=1022.6, new=(qd-mutate=666.1). MAP-Elites(8x8, morphologies=3): occupied=35, pending=384, in flight=40
23:31:54: 5017x RT, 83.6 creatures/sec. Fitness: best=1527.7, avg=1022.6, new=(qd-mutate=653.2). MAP-Elites(8x8, morphologies=3): occupied=35, pending=384, in flight=40
23:31:56: 4776x RT, 79.6 creatures/sec. Fitness: best=1527.7, avg=1022.6, new=(qd-mutate=676.3). MAP-Elites(8x8, morphologies=3): occupied=35, pending=384, in flight=40
7658712 bytes written to /Users/dag/projects/Machine-Evolved-credible-training/training-runs/me-v2-harmonic-qd-01-double-gravity-double-population-8w/config.json. 
23:31:58: 5017x RT, 83.6 creatures/sec. Fitness: best=1527.7, avg=1022.6, new=(qd-mutate=676.9). MAP-Elites(8x8, morphologies=3): occupied=35, pending=384, in flight=40
23:32:00: 5254x RT, 87.6 creatures/sec. Fitness: best=1527.7, avg=1022.6, new=(qd-mutate=696.0). MAP-Elites(8x8, morphologies=3): occupied=35, pending=384, in flight=40
23:32:03: 5510x RT, 91.8 creatures/sec. Fitness: best=1527.7, avg=1022.6, new=(qd-mutate=695.3). MAP-Elites(8x8, morphologies=3): occupied=35, pending=384, in flight=40
23:32:05: 5463x RT, 91.1 creatures/sec. Fitness: best=1527.7, avg=1022.6, new=(qd-mutate=677.9). MAP-Elites(8x8, morphologies=3): occupied=35, pending=384, in flight=40
23:32:07: 5507x RT, 91.8 creatures/sec. Fitness: best=1527.7, avg=1022.6, new=(qd-mutate=664.4). MAP-Elites(8x8, morphologies=3): occupied=35, pending=384, in flight=40
23:32:09: 5717x RT, 95.3 creatures/sec. Fitness: best=1527.7, avg=1022.6, new=(qd-mutate=645.3). MAP-Elites(8x8, morphologies=3): occupied=35, pending=384, in flight=40
23:32:11: 5544x RT, 92.4 creatures/sec. Fitness: best=1527.7, avg=1022.6, new=(qd-mutate=668.1). MAP-Elites(8x8, morphologies=3): occupied=35, pending=384, in flight=40
23:32:13: 5769x RT, 96.1 creatures/sec. Fitness: best=1527.7, avg=1022.6, new=(qd-mutate=663.1). MAP-Elites(8x8, morphologies=3): occupied=35, pending=384, in flight=40
23:32:15: 5448x RT, 90.8 creatures/sec. Fitness: best=1527.7, avg=1022.6, new=(qd-mutate=658.2). MAP-Elites(8x8, morphologies=3): occupied=35, pending=384, in flight=40
23:32:17: 5570x RT, 92.8 creatures/sec. Fitness: best=1527.7, avg=1022.6, new=(qd-mutate=657.4). MAP-Elites(8x8, morphologies=3): occupied=35, pending=384, in flight=40
23:32:19: 5761x RT, 96.0 creatures/sec. Fitness: best=1527.7, avg=1022.6, new=(qd-mutate=656.1). MAP-Elites(8x8, morphologies=3): occupied=35, pending=384, in flight=40
23:32:21: 5476x RT, 91.3 creatures/sec. Fitness: best=1527.7, avg=1022.6, new=(qd-mutate=691.1). MAP-Elites(8x8, morphologies=3): occupied=35, pending=384, in flight=40
23:32:23: 5695x RT, 94.9 creatures/sec. Fitness: best=1527.7, avg=1022.6, new=(qd-mutate=692.6). MAP-Elites(8x8, morphologies=3): occupied=35, pending=384, in flight=40
23:32:25: 5691x RT, 94.8 creatures/sec. Fitness: best=1527.7, avg=1022.6, new=(qd-mutate=687.8). MAP-Elites(8x8, morphologies=3): occupied=35, pending=384, in flight=40
23:32:27: 5525x RT, 92.1 creatures/sec. Fitness: best=1527.7, avg=1022.6, new=(qd-mutate=682.0). MAP-Elites(8x8, morphologies=3): occupied=35, pending=384, in flight=40
23:32:29: 5605x RT, 93.4 creatures/sec. Fitness: best=1527.7, avg=1022.6, new=(qd-mutate=683.2). MAP-Elites(8x8, morphologies=3): occupied=35, pending=384, in flight=40
23:32:32: 5512x RT, 91.9 creatures/sec. Fitness: best=1527.7, avg=1022.6, new=(qd-mutate=682.3). MAP-Elites(8x8, morphologies=3): occupied=35, pending=384, in flight=40
23:32:34: 5599x RT, 93.3 creatures/sec. Fitness: best=1527.7, avg=1022.6, new=(qd-mutate=667.8). MAP-Elites(8x8, morphologies=3): occupied=35, pending=384, in flight=40
23:32:36: 5768x RT, 96.1 creatures/sec. Fitness: best=1527.7, avg=1022.6, new=(qd-mutate=653.3). MAP-Elites(8x8, morphologies=3): occupied=35, pending=384, in flight=40
23:32:38: 5637x RT, 93.9 creatures/sec. Fitness: best=1527.7, avg=1022.6, new=(qd-mutate=664.8). MAP-Elites(8x8, morphologies=3): occupied=35, pending=384, in flight=40
23:32:40: 5679x RT, 94.7 creatures/sec. Fitness: best=1527.7, avg=1022.6, new=(qd-mutate=653.4). MAP-Elites(8x8, morphologies=3): occupied=35, pending=384, in flight=40
23:32:42: 5408x RT, 90.1 creatures/sec. Fitness: best=1527.7, avg=1022.6, new=(qd-mutate=677.7). MAP-Elites(8x8, morphologies=3): occupied=35, pending=384, in flight=40
23:32:44: 5527x RT, 92.1 creatures/sec. Fitness: best=1527.7, avg=1022.6, new=(qd-mutate=651.1). MAP-Elites(8x8, morphologies=3): occupied=35, pending=384, in flight=40
23:32:46: 5922x RT, 98.7 creatures/sec. Fitness: best=1527.7, avg=1022.6, new=(qd-mutate=655.5). MAP-Elites(8x8, morphologies=3): occupied=35, pending=384, in flight=40
23:32:48: 5481x RT, 91.4 creatures/sec. Fitness: best=1527.7, avg=1022.6, new=(qd-mutate=642.3). MAP-Elites(8x8, morphologies=3): occupied=35, pending=384, in flight=40
23:32:50: 5838x RT, 97.3 creatures/sec. Fitness: best=1527.7, avg=1022.6, new=(qd-mutate=666.4). MAP-Elites(8x8, morphologies=3): occupied=35, pending=384, in flight=40
23:32:52: 5527x RT, 92.1 creatures/sec. Fitness: best=1527.7, avg=1022.6, new=(qd-mutate=676.4). MAP-Elites(8x8, morphologies=3): occupied=35, pending=384, in flight=40
23:32:54: 5549x RT, 92.5 creatures/sec. Fitness: best=1527.7, avg=1022.6, new=(qd-mutate=696.9). MAP-Elites(8x8, morphologies=3): occupied=35, pending=384, in flight=40
23:32:56: 5614x RT, 93.6 creatures/sec. Fitness: best=1527.7, avg=1022.6, new=(qd-mutate=647.4). MAP-Elites(8x8, morphologies=3): occupied=35, pending=384, in flight=40
7658762 bytes written to /Users/dag/projects/Machine-Evolved-credible-training/training-runs/me-v2-harmonic-qd-01-double-gravity-double-population-8w/config.json. 
23:32:58: 5578x RT, 93.0 creatures/sec. Fitness: best=1527.7, avg=1022.6, new=(qd-mutate=672.6). MAP-Elites(8x8, morphologies=3): occupied=35, pending=384, in flight=40
23:33:00: 5722x RT, 95.4 creatures/sec. Fitness: best=1527.7, avg=1022.6, new=(qd-mutate=645.5). MAP-Elites(8x8, morphologies=3): occupied=35, pending=384, in flight=40
23:33:02: 5588x RT, 93.1 creatures/sec. Fitness: best=1527.7, avg=1022.6, new=(qd-mutate=703.8). MAP-Elites(8x8, morphologies=3): occupied=35, pending=384, in flight=40
23:33:05: 5565x RT, 92.8 creatures/sec. Fitness: best=1527.7, avg=1022.6, new=(qd-mutate=651.9). MAP-Elites(8x8, morphologies=3): occupied=35, pending=384, in flight=40
23:33:07: 5814x RT, 96.9 creatures/sec. Fitness: best=1527.7, avg=1022.6, new=(qd-mutate=669.8). MAP-Elites(8x8, morphologies=3): occupied=35, pending=384, in flight=40
23:33:09: 5567x RT, 92.8 creatures/sec. Fitness: best=1527.7, avg=1022.6, new=(qd-mutate=713.0). MAP-Elites(8x8, morphologies=3): occupied=35, pending=384, in flight=40
23:33:11: 5523x RT, 92.0 creatures/sec. Fitness: best=1527.7, avg=1022.6, new=(qd-mutate=683.2). MAP-Elites(8x8, morphologies=3): occupied=35, pending=384, in flight=40
23:33:13: 5731x RT, 95.5 creatures/sec. Fitness: best=1527.7, avg=1022.6, new=(qd-mutate=703.8). MAP-Elites(8x8, morphologies=3): occupied=35, pending=384, in flight=40
23:33:15: 5533x RT, 92.2 creatures/sec. Fitness: best=1527.7, avg=1022.6, new=(qd-mutate=616.2). MAP-Elites(8x8, morphologies=3): occupied=35, pending=384, in flight=40
23:33:17: 5789x RT, 96.5 creatures/sec. Fitness: best=1527.7, avg=1022.6, new=(qd-mutate=645.9). MAP-Elites(8x8, morphologies=3): occupied=35, pending=384, in flight=40
23:33:19: 5488x RT, 91.5 creatures/sec. Fitness: best=1527.7, avg=1022.6, new=(qd-mutate=664.0). MAP-Elites(8x8, morphologies=3): occupied=35, pending=384, in flight=40
23:33:21: 5760x RT, 96.0 creatures/sec. Fitness: best=1527.7, avg=1022.6, new=(qd-mutate=658.1). MAP-Elites(8x8, morphologies=3): occupied=35, pending=384, in flight=39
23:33:23: 5132x RT, 85.5 creatures/sec. Fitness: best=1527.7, avg=1022.6, new=(qd-mutate=668.4). MAP-Elites(8x8, morphologies=3): occupied=35, pending=384, in flight=40
23:33:25: 5106x RT, 85.1 creatures/sec. Fitness: best=1527.7, avg=1022.6, new=(qd-mutate=678.9). MAP-Elites(8x8, morphologies=3): occupied=35, pending=384, in flight=40
23:33:27: 5192x RT, 86.5 creatures/sec. Fitness: best=1527.7, avg=1022.6, new=(qd-mutate=629.5). MAP-Elites(8x8, morphologies=3): occupied=35, pending=384, in flight=40
23:33:29: 5163x RT, 86.1 creatures/sec. Fitness: best=1527.7, avg=1022.6, new=(qd-mutate=657.7). MAP-Elites(8x8, morphologies=3): occupied=35, pending=384, in flight=40
23:33:31: 5539x RT, 92.3 creatures/sec. Fitness: best=1527.7, avg=1022.6, new=(qd-mutate=637.1). MAP-Elites(8x8, morphologies=3): occupied=35, pending=384, in flight=40
23:33:33: 5570x RT, 92.8 creatures/sec. Fitness: best=1527.7, avg=1022.6, new=(qd-mutate=742.6). MAP-Elites(8x8, morphologies=3): occupied=35, pending=384, in flight=40
23:33:36: 5451x RT, 90.9 creatures/sec. Fitness: best=1527.7, avg=1022.6, new=(qd-mutate=707.8). MAP-Elites(8x8, morphologies=3): occupied=35, pending=384, in flight=40
23:33:38: 5581x RT, 93.0 creatures/sec. Fitness: best=1527.7, avg=1022.6, new=(qd-mutate=631.8). MAP-Elites(8x8, morphologies=3): occupied=35, pending=384, in flight=40
23:33:40: 5789x RT, 96.5 creatures/sec. Fitness: best=1527.7, avg=1022.6, new=(qd-mutate=683.2). MAP-Elites(8x8, morphologies=3): occupied=35, pending=384, in flight=40
23:33:42: 5528x RT, 92.1 creatures/sec. Fitness: best=1527.7, avg=1022.6, new=(qd-mutate=645.6). MAP-Elites(8x8, morphologies=3): occupied=35, pending=384, in flight=40
23:33:44: 5858x RT, 97.6 creatures/sec. Fitness: best=1527.7, avg=1022.6, new=(qd-mutate=645.8). MAP-Elites(8x8, morphologies=3): occupied=35, pending=384, in flight=40
23:33:46: 5513x RT, 91.9 creatures/sec. Fitness: best=1527.7, avg=1022.6, new=(qd-mutate=658.5). MAP-Elites(8x8, morphologies=3): occupied=35, pending=384, in flight=40
23:33:48: 5509x RT, 91.8 creatures/sec. Fitness: best=1527.7, avg=1022.6, new=(qd-mutate=637.2). MAP-Elites(8x8, morphologies=3): occupied=35, pending=384, in flight=40
23:33:50: 5859x RT, 97.6 creatures/sec. Fitness: best=1527.7, avg=1022.6, new=(qd-mutate=672.0). MAP-Elites(8x8, morphologies=3): occupied=35, pending=384, in flight=40
23:33:52: 5486x RT, 91.4 creatures/sec. Fitness: best=1527.7, avg=1022.6, new=(qd-mutate=669.0). MAP-Elites(8x8, morphologies=3): occupied=35, pending=384, in flight=40
23:33:54: 5740x RT, 95.7 creatures/sec. Fitness: best=1527.7, avg=1022.6, new=(qd-mutate=668.3). MAP-Elites(8x8, morphologies=3): occupied=35, pending=384, in flight=40
23:33:56: 5602x RT, 93.4 creatures/sec. Fitness: best=1527.7, avg=1022.6, new=(qd-mutate=636.7). MAP-Elites(8x8, morphologies=3): occupied=35, pending=384, in flight=40
7670886 bytes written to /Users/dag/projects/Machine-Evolved-credible-training/training-runs/me-v2-harmonic-qd-01-double-gravity-double-population-8w/config.json. 
23:33:58: 5569x RT, 92.8 creatures/sec. Fitness: best=1527.7, avg=1022.6, new=(qd-mutate=672.1). MAP-Elites(8x8, morphologies=3): occupied=35, pending=384, in flight=40
23:34:00: 5803x RT, 96.7 creatures/sec. Fitness: best=1527.7, avg=1022.6, new=(qd-mutate=675.7). MAP-Elites(8x8, morphologies=3): occupied=35, pending=384, in flight=40
23:34:02: 5488x RT, 91.5 creatures/sec. Fitness: best=1527.7, avg=1022.6, new=(qd-mutate=597.2). MAP-Elites(8x8, morphologies=3): occupied=35, pending=384, in flight=40
23:34:04: 5638x RT, 94.0 creatures/sec. Fitness: best=1527.7, avg=1022.6, new=(qd-mutate=634.9). MAP-Elites(8x8, morphologies=3): occupied=35, pending=384, in flight=40
23:34:06: 5751x RT, 95.9 creatures/sec. Fitness: best=1527.7, avg=1022.6, new=(qd-mutate=677.8). MAP-Elites(8x8, morphologies=3): occupied=35, pending=384, in flight=40
23:34:08: 5508x RT, 91.8 creatures/sec. Fitness: best=1527.7, avg=1022.6, new=(qd-mutate=662.2). MAP-Elites(8x8, morphologies=3): occupied=35, pending=384, in flight=40
23:34:11: 5871x RT, 97.8 creatures/sec. Fitness: best=1527.7, avg=1022.6, new=(qd-mutate=661.5). MAP-Elites(8x8, morphologies=3): occupied=35, pending=384, in flight=40
23:34:13: 5418x RT, 90.3 creatures/sec. Fitness: best=1527.7, avg=1022.6, new=(qd-mutate=666.4). MAP-Elites(8x8, morphologies=3): occupied=35, pending=384, in flight=40
23:34:15: 5557x RT, 92.6 creatures/sec. Fitness: best=1527.7, avg=1022.6, new=(qd-mutate=670.7). MAP-Elites(8x8, morphologies=3): occupied=35, pending=384, in flight=40
23:34:17: 5846x RT, 97.4 creatures/sec. Fitness: best=1527.7, avg=1022.6, new=(qd-mutate=651.0). MAP-Elites(8x8, morphologies=3): occupied=35, pending=384, in flight=40
23:34:19: 5516x RT, 91.9 creatures/sec. Fitness: best=1527.7, avg=1022.6, new=(qd-mutate=654.1). MAP-Elites(8x8, morphologies=3): occupied=35, pending=384, in flight=40
23:34:21: 5813x RT, 96.9 creatures/sec. Fitness: best=1527.7, avg=1022.6, new=(qd-mutate=656.5). MAP-Elites(8x8, morphologies=3): occupied=35, pending=384, in flight=40
23:34:23: 5466x RT, 91.1 creatures/sec. Fitness: best=1527.7, avg=1022.6, new=(qd-mutate=668.3). MAP-Elites(8x8, morphologies=3): occupied=35, pending=384, in flight=40
23:34:25: 5551x RT, 92.5 creatures/sec. Fitness: best=1527.7, avg=1022.6, new=(qd-mutate=692.7). MAP-Elites(8x8, morphologies=3): occupied=35, pending=384, in flight=40
23:34:27: 5860x RT, 97.7 creatures/sec. Fitness: best=1527.7, avg=1022.6, new=(qd-mutate=678.2). MAP-Elites(8x8, morphologies=3): occupied=35, pending=384, in flight=40
23:34:29: 5472x RT, 91.2 creatures/sec. Fitness: best=1527.7, avg=1022.6, new=(qd-mutate=670.7). MAP-Elites(8x8, morphologies=3): occupied=35, pending=384, in flight=40
23:34:31: 5669x RT, 94.5 creatures/sec. Fitness: best=1527.7, avg=1022.6, new=(qd-mutate=677.6). MAP-Elites(8x8, morphologies=3): occupied=35, pending=384, in flight=40
23:34:33: 5663x RT, 94.4 creatures/sec. Fitness: best=1527.7, avg=1022.6, new=(qd-mutate=685.1). MAP-Elites(8x8, morphologies=3): occupied=35, pending=384, in flight=40
23:34:35: 5592x RT, 93.2 creatures/sec. Fitness: best=1527.7, avg=1022.6, new=(qd-mutate=663.6). MAP-Elites(8x8, morphologies=3): occupied=35, pending=384, in flight=40
23:34:37: 5850x RT, 97.5 creatures/sec. Fitness: best=1527.7, avg=1022.6, new=(qd-mutate=682.4). MAP-Elites(8x8, morphologies=3): occupied=35, pending=384, in flight=40
23:34:39: 5513x RT, 91.9 creatures/sec. Fitness: best=1527.7, avg=1022.6, new=(qd-mutate=624.9). MAP-Elites(8x8, morphologies=3): occupied=35, pending=384, in flight=40
23:34:41: 5532x RT, 92.2 creatures/sec. Fitness: best=1527.7, avg=1022.6, new=(qd-mutate=650.7). MAP-Elites(8x8, morphologies=3): occupied=35, pending=384, in flight=40
23:34:43: 5818x RT, 97.0 creatures/sec. Fitness: best=1527.7, avg=1022.6, new=(qd-mutate=690.0). MAP-Elites(8x8, morphologies=3): occupied=35, pending=384, in flight=40
23:34:45: 5477x RT, 91.3 creatures/sec. Fitness: best=1527.7, avg=1022.6, new=(qd-mutate=682.7). MAP-Elites(8x8, morphologies=3): occupied=35, pending=384, in flight=40
23:34:47: 5749x RT, 95.8 creatures/sec. Fitness: best=1527.7, avg=1022.6, new=(qd-mutate=672.5). MAP-Elites(8x8, morphologies=3): occupied=35, pending=384, in flight=40
23:34:50: 5569x RT, 92.8 creatures/sec. Fitness: best=1527.7, avg=1022.6, new=(qd-mutate=645.6). MAP-Elites(8x8, morphologies=3): occupied=35, pending=384, in flight=40
23:34:52: 5584x RT, 93.1 creatures/sec. Fitness: best=1527.7, avg=1022.6, new=(qd-mutate=627.9). MAP-Elites(8x8, morphologies=3): occupied=35, pending=384, in flight=40
23:34:54: 5860x RT, 97.7 creatures/sec. Fitness: best=1527.7, avg=1022.6, new=(qd-mutate=665.1). MAP-Elites(8x8, morphologies=3): occupied=35, pending=384, in flight=40
23:34:56: 5486x RT, 91.4 creatures/sec. Fitness: best=1527.7, avg=1022.6, new=(qd-mutate=648.0). MAP-Elites(8x8, morphologies=3): occupied=35, pending=384, in flight=40
7650646 bytes written to /Users/dag/projects/Machine-Evolved-credible-training/training-runs/me-v2-harmonic-qd-01-double-gravity-double-population-8w/config.json. 
23:34:58: 5671x RT, 94.5 creatures/sec. Fitness: best=1527.7, avg=1022.6, new=(qd-mutate=677.1). MAP-Elites(8x8, morphologies=3): occupied=35, pending=384, in flight=40
23:35:00: 5716x RT, 95.3 creatures/sec. Fitness: best=1527.7, avg=1022.6, new=(qd-mutate=712.6). MAP-Elites(8x8, morphologies=3): occupied=35, pending=384, in flight=40
23:35:02: 5480x RT, 91.3 creatures/sec. Fitness: best=1527.7, avg=1022.6, new=(qd-mutate=671.9). MAP-Elites(8x8, morphologies=3): occupied=35, pending=384, in flight=40
23:35:04: 5855x RT, 97.6 creatures/sec. Fitness: best=1527.7, avg=1022.6, new=(qd-mutate=667.9). MAP-Elites(8x8, morphologies=3): occupied=35, pending=384, in flight=40
23:35:06: 5374x RT, 89.6 creatures/sec. Fitness: best=1527.7, avg=1022.6, new=(qd-mutate=620.3). MAP-Elites(8x8, morphologies=3): occupied=35, pending=384, in flight=40
23:35:08: 5602x RT, 93.4 creatures/sec. Fitness: best=1527.7, avg=1022.6, new=(qd-mutate=662.0). MAP-Elites(8x8, morphologies=3): occupied=35, pending=384, in flight=40
23:35:10: 5837x RT, 97.3 creatures/sec. Fitness: best=1527.7, avg=1022.6, new=(qd-mutate=659.8). MAP-Elites(8x8, morphologies=3): occupied=35, pending=384, in flight=40
23:35:12: 5490x RT, 91.5 creatures/sec. Fitness: best=1527.7, avg=1022.6, new=(qd-mutate=653.3). MAP-Elites(8x8, morphologies=3): occupied=35, pending=384, in flight=40
23:35:14: 5841x RT, 97.3 creatures/sec. Fitness: best=1527.7, avg=1022.6, new=(qd-mutate=666.5). MAP-Elites(8x8, morphologies=3): occupied=35, pending=384, in flight=40
23:35:16: 5566x RT, 92.8 creatures/sec. Fitness: best=1527.7, avg=1022.6, new=(qd-mutate=693.0). MAP-Elites(8x8, morphologies=3): occupied=35, pending=384, in flight=40
23:35:18: 5505x RT, 91.7 creatures/sec. Fitness: best=1527.7, avg=1022.6, new=(qd-mutate=660.2). MAP-Elites(8x8, morphologies=3): occupied=35, pending=384, in flight=40
23:35:20: 5451x RT, 90.8 creatures/sec. Fitness: best=1527.7, avg=1022.6, new=(qd-mutate=647.6). MAP-Elites(8x8, morphologies=3): occupied=35, pending=384, in flight=40
23:35:22: 5530x RT, 92.2 creatures/sec. Fitness: best=1527.7, avg=1022.6, new=(qd-mutate=635.2). MAP-Elites(8x8, morphologies=3): occupied=35, pending=384, in flight=40
23:35:25: 5677x RT, 94.6 creatures/sec. Fitness: best=1527.7, avg=1022.6, new=(qd-mutate=688.3). MAP-Elites(8x8, morphologies=3): occupied=35, pending=384, in flight=40
23:35:27: 5621x RT, 93.7 creatures/sec. Fitness: best=1527.7, avg=1022.6, new=(qd-mutate=659.9). MAP-Elites(8x8, morphologies=3): occupied=35, pending=384, in flight=40
23:35:29: 5449x RT, 90.8 creatures/sec. Fitness: best=1527.7, avg=1022.6, new=(qd-mutate=628.5). MAP-Elites(8x8, morphologies=3): occupied=35, pending=384, in flight=40
23:35:31: 5904x RT, 98.4 creatures/sec. Fitness: best=1527.7, avg=1022.6, new=(qd-mutate=677.0). MAP-Elites(8x8, morphologies=3): occupied=35, pending=384, in flight=40
23:35:33: 5418x RT, 90.3 creatures/sec. Fitness: best=1527.7, avg=1022.6, new=(qd-mutate=634.0). MAP-Elites(8x8, morphologies=3): occupied=35, pending=384, in flight=40
23:35:35: 5578x RT, 93.0 creatures/sec. Fitness: best=1527.7, avg=1022.6, new=(qd-mutate=674.9). MAP-Elites(8x8, morphologies=3): occupied=35, pending=384, in flight=40
23:35:37: 5645x RT, 94.1 creatures/sec. Fitness: best=1527.7, avg=1022.6, new=(qd-mutate=681.8). MAP-Elites(8x8, morphologies=3): occupied=35, pending=384, in flight=40
23:35:39: 5543x RT, 92.4 creatures/sec. Fitness: best=1527.7, avg=1022.6, new=(qd-mutate=693.2). MAP-Elites(8x8, morphologies=3): occupied=35, pending=384, in flight=40
23:35:41: 5931x RT, 98.9 creatures/sec. Fitness: best=1527.7, avg=1022.6, new=(qd-mutate=667.7). MAP-Elites(8x8, morphologies=3): occupied=35, pending=384, in flight=40
23:35:43: 5413x RT, 90.2 creatures/sec. Fitness: best=1527.7, avg=1022.6, new=(qd-mutate=651.0). MAP-Elites(8x8, morphologies=3): occupied=35, pending=384, in flight=40
23:35:45: 5523x RT, 92.1 creatures/sec. Fitness: best=1527.7, avg=1022.6, new=(qd-mutate=638.2). MAP-Elites(8x8, morphologies=3): occupied=35, pending=384, in flight=40
23:35:47: 5912x RT, 98.5 creatures/sec. Fitness: best=1527.7, avg=1022.6, new=(qd-mutate=651.5). MAP-Elites(8x8, morphologies=3): occupied=35, pending=384, in flight=40
23:35:49: 5423x RT, 90.4 creatures/sec. Fitness: best=1527.7, avg=1022.6, new=(qd-mutate=678.7). MAP-Elites(8x8, morphologies=3): occupied=35, pending=384, in flight=40
23:35:51: 5641x RT, 94.0 creatures/sec. Fitness: best=1527.7, avg=1022.6, new=(qd-mutate=691.7). MAP-Elites(8x8, morphologies=3): occupied=35, pending=384, in flight=40
23:35:53: 5558x RT, 92.6 creatures/sec. Fitness: best=1527.7, avg=1022.6, new=(qd-mutate=671.8). MAP-Elites(8x8, morphologies=3): occupied=35, pending=384, in flight=40
23:35:55: 5523x RT, 92.1 creatures/sec. Fitness: best=1527.7, avg=1022.6, new=(qd-mutate=699.7). MAP-Elites(8x8, morphologies=3): occupied=35, pending=384, in flight=40
23:35:57: 5918x RT, 98.6 creatures/sec. Fitness: best=1527.7, avg=1022.6, new=(qd-mutate=670.9). MAP-Elites(8x8, morphologies=3): occupied=35, pending=384, in flight=40
7675390 bytes written to /Users/dag/projects/Machine-Evolved-credible-training/training-runs/me-v2-harmonic-qd-01-double-gravity-double-population-8w/config.json. 
23:35:59: 5467x RT, 91.1 creatures/sec. Fitness: best=1527.7, avg=1022.6, new=(qd-mutate=648.0). MAP-Elites(8x8, morphologies=3): occupied=35, pending=384, in flight=40
23:36:01: 5609x RT, 93.5 creatures/sec. Fitness: best=1527.7, avg=1022.6, new=(qd-mutate=669.9). MAP-Elites(8x8, morphologies=3): occupied=35, pending=384, in flight=40
23:36:04: 5881x RT, 98.0 creatures/sec. Fitness: best=1527.7, avg=1022.6, new=(qd-mutate=645.1). MAP-Elites(8x8, morphologies=3): occupied=35, pending=384, in flight=40
23:36:06: 5480x RT, 91.3 creatures/sec. Fitness: best=1527.7, avg=1022.6, new=(qd-mutate=644.8). MAP-Elites(8x8, morphologies=3): occupied=35, pending=384, in flight=40
23:36:08: 5834x RT, 97.2 creatures/sec. Fitness: best=1527.7, avg=1022.6, new=(qd-mutate=652.0). MAP-Elites(8x8, morphologies=3): occupied=35, pending=384, in flight=40
23:36:10: 5403x RT, 90.1 creatures/sec. Fitness: best=1527.7, avg=1022.6, new=(qd-mutate=645.1). MAP-Elites(8x8, morphologies=3): occupied=35, pending=384, in flight=40
23:36:12: 5531x RT, 92.2 creatures/sec. Fitness: best=1527.7, avg=1022.6, new=(qd-mutate=666.6). MAP-Elites(8x8, morphologies=3): occupied=35, pending=384, in flight=40
23:36:14: 5946x RT, 99.1 creatures/sec. Fitness: best=1527.7, avg=1022.6, new=(qd-mutate=668.8). MAP-Elites(8x8, morphologies=3): occupied=35, pending=384, in flight=40
23:36:16: 5452x RT, 90.9 creatures/sec. Fitness: best=1527.7, avg=1022.6, new=(qd-mutate=673.0). MAP-Elites(8x8, morphologies=3): occupied=35, pending=384, in flight=40
23:36:18: 5727x RT, 95.4 creatures/sec. Fitness: best=1527.7, avg=1022.6, new=(qd-mutate=687.8). MAP-Elites(8x8, morphologies=3): occupied=35, pending=384, in flight=40
23:36:20: 5617x RT, 93.6 creatures/sec. Fitness: best=1527.7, avg=1022.6, new=(qd-mutate=645.9). MAP-Elites(8x8, morphologies=3): occupied=35, pending=384, in flight=40
23:36:22: 5460x RT, 91.0 creatures/sec. Fitness: best=1527.7, avg=1022.6, new=(qd-mutate=644.5). MAP-Elites(8x8, morphologies=3): occupied=35, pending=384, in flight=40
23:36:24: 5878x RT, 98.0 creatures/sec. Fitness: best=1527.7, avg=1022.6, new=(qd-mutate=710.1). MAP-Elites(8x8, morphologies=3): occupied=35, pending=384, in flight=40
23:36:26: 5450x RT, 90.8 creatures/sec. Fitness: best=1527.7, avg=1022.6, new=(qd-mutate=661.6). MAP-Elites(8x8, morphologies=3): occupied=35, pending=384, in flight=40
23:36:28: 5616x RT, 93.6 creatures/sec. Fitness: best=1527.7, avg=1022.6, new=(qd-mutate=657.3). MAP-Elites(8x8, morphologies=3): occupied=35, pending=384, in flight=40
23:36:30: 5747x RT, 95.8 creatures/sec. Fitness: best=1527.7, avg=1022.6, new=(qd-mutate=696.6). MAP-Elites(8x8, morphologies=3): occupied=35, pending=384, in flight=40
23:36:33: 5510x RT, 91.8 creatures/sec. Fitness: best=1527.7, avg=1022.6, new=(qd-mutate=664.0). MAP-Elites(8x8, morphologies=3): occupied=35, pending=384, in flight=40
23:36:35: 5896x RT, 98.3 creatures/sec. Fitness: best=1527.7, avg=1022.6, new=(qd-mutate=659.9). MAP-Elites(8x8, morphologies=3): occupied=35, pending=384, in flight=40
23:36:37: 5545x RT, 92.4 creatures/sec. Fitness: best=1527.7, avg=1022.6, new=(qd-mutate=691.2). MAP-Elites(8x8, morphologies=3): occupied=35, pending=384, in flight=40
23:36:39: 5539x RT, 92.3 creatures/sec. Fitness: best=1527.7, avg=1022.6, new=(qd-mutate=624.4). MAP-Elites(8x8, morphologies=3): occupied=35, pending=384, in flight=40
23:36:41: 5896x RT, 98.3 creatures/sec. Fitness: best=1527.7, avg=1022.6, new=(qd-mutate=708.6). MAP-Elites(8x8, morphologies=3): occupied=35, pending=384, in flight=40
23:36:43: 5487x RT, 91.5 creatures/sec. Fitness: best=1527.7, avg=1022.6, new=(qd-mutate=644.5). MAP-Elites(8x8, morphologies=3): occupied=35, pending=384, in flight=40
23:36:45: 5852x RT, 97.5 creatures/sec. Fitness: best=1527.7, avg=1022.6, new=(qd-mutate=695.7). MAP-Elites(8x8, morphologies=3): occupied=35, pending=384, in flight=40
23:36:47: 5512x RT, 91.9 creatures/sec. Fitness: best=1527.7, avg=1022.6, new=(qd-mutate=677.8). MAP-Elites(8x8, morphologies=3): occupied=35, pending=384, in flight=40
23:36:49: 5581x RT, 93.0 creatures/sec. Fitness: best=1527.7, avg=1022.6, new=(qd-mutate=700.3). MAP-Elites(8x8, morphologies=3): occupied=35, pending=384, in flight=40
23:36:51: 5797x RT, 96.6 creatures/sec. Fitness: best=1527.7, avg=1022.6, new=(qd-mutate=655.9). MAP-Elites(8x8, morphologies=3): occupied=35, pending=384, in flight=40
23:36:53: 5461x RT, 91.0 creatures/sec. Fitness: best=1527.7, avg=1022.6, new=(qd-mutate=682.7). MAP-Elites(8x8, morphologies=3): occupied=35, pending=384, in flight=40
23:36:55: 5831x RT, 97.2 creatures/sec. Fitness: best=1527.7, avg=1022.6, new=(qd-mutate=678.3). MAP-Elites(8x8, morphologies=3): occupied=35, pending=384, in flight=40
23:36:57: 5465x RT, 91.1 creatures/sec. Fitness: best=1527.7, avg=1022.6, new=(qd-mutate=667.8). MAP-Elites(8x8, morphologies=3): occupied=35, pending=384, in flight=40
7665506 bytes written to /Users/dag/projects/Machine-Evolved-credible-training/training-runs/me-v2-harmonic-qd-01-double-gravity-double-population-8w/config.json. 
23:36:59: 5532x RT, 92.2 creatures/sec. Fitness: best=1527.7, avg=1022.6, new=(qd-mutate=649.0). MAP-Elites(8x8, morphologies=3): occupied=35, pending=384, in flight=40
23:37:01: 5917x RT, 98.6 creatures/sec. Fitness: best=1527.7, avg=1022.6, new=(qd-mutate=663.0). MAP-Elites(8x8, morphologies=3): occupied=35, pending=384, in flight=40
23:37:04: 5407x RT, 90.1 creatures/sec. Fitness: best=1527.7, avg=1025.2, new=(qd-mutate=689.2). MAP-Elites(8x8, morphologies=3): occupied=35, pending=384, in flight=40
23:37:06: 5661x RT, 94.3 creatures/sec. Fitness: best=1527.7, avg=1025.2, new=(qd-mutate=679.0). MAP-Elites(8x8, morphologies=3): occupied=35, pending=384, in flight=40
23:37:08: 5763x RT, 96.1 creatures/sec. Fitness: best=1527.7, avg=1025.2, new=(qd-mutate=639.4). MAP-Elites(8x8, morphologies=3): occupied=35, pending=384, in flight=40
23:37:10: 5563x RT, 92.7 creatures/sec. Fitness: best=1527.7, avg=1025.2, new=(qd-mutate=658.4). MAP-Elites(8x8, morphologies=3): occupied=35, pending=384, in flight=40
23:37:12: 5858x RT, 97.6 creatures/sec. Fitness: best=1527.7, avg=1025.2, new=(qd-mutate=645.9). MAP-Elites(8x8, morphologies=3): occupied=35, pending=384, in flight=40
23:37:14: 5440x RT, 90.7 creatures/sec. Fitness: best=1527.7, avg=1025.2, new=(qd-mutate=678.2). MAP-Elites(8x8, morphologies=3): occupied=35, pending=384, in flight=40
23:37:16: 5486x RT, 91.4 creatures/sec. Fitness: best=1527.7, avg=1025.2, new=(qd-mutate=656.7). MAP-Elites(8x8, morphologies=3): occupied=35, pending=384, in flight=40
23:37:18: 5882x RT, 98.0 creatures/sec. Fitness: best=1527.7, avg=1025.2, new=(qd-mutate=676.1). MAP-Elites(8x8, morphologies=3): occupied=35, pending=384, in flight=40
23:37:20: 5565x RT, 92.7 creatures/sec. Fitness: best=1527.7, avg=1025.2, new=(qd-mutate=691.0). MAP-Elites(8x8, morphologies=3): occupied=35, pending=384, in flight=40
23:37:22: 5741x RT, 95.7 creatures/sec. Fitness: best=1527.7, avg=1025.2, new=(qd-mutate=712.0). MAP-Elites(8x8, morphologies=3): occupied=35, pending=384, in flight=40
23:37:24: 5459x RT, 91.0 creatures/sec. Fitness: best=1527.7, avg=1025.2, new=(qd-mutate=672.8). MAP-Elites(8x8, morphologies=3): occupied=35, pending=384, in flight=40
23:37:26: 5534x RT, 92.2 creatures/sec. Fitness: best=1527.7, avg=1025.2, new=(qd-mutate=662.7). MAP-Elites(8x8, morphologies=3): occupied=35, pending=384, in flight=40
23:37:28: 5776x RT, 96.3 creatures/sec. Fitness: best=1527.7, avg=1025.2, new=(qd-mutate=669.6). MAP-Elites(8x8, morphologies=3): occupied=35, pending=384, in flight=40
23:37:30: 5571x RT, 92.9 creatures/sec. Fitness: best=1527.7, avg=1025.2, new=(qd-mutate=676.0). MAP-Elites(8x8, morphologies=3): occupied=35, pending=384, in flight=40
23:37:32: 5645x RT, 94.1 creatures/sec. Fitness: best=1527.7, avg=1025.2, new=(qd-mutate=632.3). MAP-Elites(8x8, morphologies=3): occupied=35, pending=384, in flight=40
23:37:35: 5743x RT, 95.7 creatures/sec. Fitness: best=1527.7, avg=1025.2, new=(qd-mutate=659.1). MAP-Elites(8x8, morphologies=3): occupied=35, pending=384, in flight=40
23:37:37: 5482x RT, 91.4 creatures/sec. Fitness: best=1527.7, avg=1025.2, new=(qd-mutate=674.6). MAP-Elites(8x8, morphologies=3): occupied=35, pending=384, in flight=40
23:37:39: 5943x RT, 99.1 creatures/sec. Fitness: best=1527.7, avg=1025.2, new=(qd-mutate=654.5). MAP-Elites(8x8, morphologies=3): occupied=35, pending=384, in flight=40
23:37:41: 5581x RT, 93.0 creatures/sec. Fitness: best=1527.7, avg=1025.2, new=(qd-mutate=647.3). MAP-Elites(8x8, morphologies=3): occupied=35, pending=384, in flight=40
23:37:43: 5603x RT, 93.4 creatures/sec. Fitness: best=1527.7, avg=1025.2, new=(qd-mutate=643.2). MAP-Elites(8x8, morphologies=3): occupied=35, pending=384, in flight=40
23:37:45: 5834x RT, 97.2 creatures/sec. Fitness: best=1527.7, avg=1025.2, new=(qd-mutate=675.0). MAP-Elites(8x8, morphologies=3): occupied=35, pending=384, in flight=40
23:37:47: 5526x RT, 92.1 creatures/sec. Fitness: best=1527.7, avg=1025.2, new=(qd-mutate=642.6). MAP-Elites(8x8, morphologies=3): occupied=35, pending=384, in flight=40
23:37:49: 5842x RT, 97.4 creatures/sec. Fitness: best=1527.7, avg=1025.2, new=(qd-mutate=685.3). MAP-Elites(8x8, morphologies=3): occupied=35, pending=384, in flight=40
23:37:51: 5453x RT, 90.9 creatures/sec. Fitness: best=1527.7, avg=1025.2, new=(qd-mutate=685.4). MAP-Elites(8x8, morphologies=3): occupied=35, pending=384, in flight=40
23:37:53: 5622x RT, 93.7 creatures/sec. Fitness: best=1527.7, avg=1025.2, new=(qd-mutate=696.7). MAP-Elites(8x8, morphologies=3): occupied=35, pending=384, in flight=40
23:37:55: 5827x RT, 97.1 creatures/sec. Fitness: best=1527.7, avg=1025.2, new=(qd-mutate=670.2). MAP-Elites(8x8, morphologies=3): occupied=35, pending=384, in flight=40
23:37:57: 5596x RT, 93.3 creatures/sec. Fitness: best=1527.7, avg=1025.2, new=(qd-mutate=682.0). MAP-Elites(8x8, morphologies=3): occupied=35, pending=384, in flight=40
7645211 bytes written to /Users/dag/projects/Machine-Evolved-credible-training/training-runs/me-v2-harmonic-qd-01-double-gravity-double-population-8w/config.json. 
23:37:59: 5733x RT, 95.6 creatures/sec. Fitness: best=1527.7, avg=1025.2, new=(qd-mutate=688.7). MAP-Elites(8x8, morphologies=3): occupied=35, pending=384, in flight=40
23:38:01: 5652x RT, 94.2 creatures/sec. Fitness: best=1527.7, avg=1025.2, new=(qd-mutate=682.6). MAP-Elites(8x8, morphologies=3): occupied=35, pending=384, in flight=40
23:38:03: 5592x RT, 93.2 creatures/sec. Fitness: best=1527.7, avg=1025.2, new=(qd-mutate=643.1). MAP-Elites(8x8, morphologies=3): occupied=35, pending=384, in flight=40
23:38:05: 5905x RT, 98.4 creatures/sec. Fitness: best=1527.7, avg=1025.2, new=(qd-mutate=646.2). MAP-Elites(8x8, morphologies=3): occupied=35, pending=384, in flight=40
23:38:07: 5435x RT, 90.6 creatures/sec. Fitness: best=1527.7, avg=1025.2, new=(qd-mutate=659.0). MAP-Elites(8x8, morphologies=3): occupied=35, pending=384, in flight=40
23:38:09: 5642x RT, 94.0 creatures/sec. Fitness: best=1527.7, avg=1025.2, new=(qd-mutate=670.5). MAP-Elites(8x8, morphologies=3): occupied=35, pending=384, in flight=40
23:38:11: 5767x RT, 96.1 creatures/sec. Fitness: best=1527.7, avg=1025.2, new=(qd-mutate=658.9). MAP-Elites(8x8, morphologies=3): occupied=35, pending=384, in flight=40
23:38:13: 5541x RT, 92.3 creatures/sec. Fitness: best=1527.7, avg=1025.2, new=(qd-mutate=695.3). MAP-Elites(8x8, morphologies=3): occupied=35, pending=384, in flight=40
23:38:16: 5737x RT, 95.6 creatures/sec. Fitness: best=1527.7, avg=1025.2, new=(qd-mutate=678.2). MAP-Elites(8x8, morphologies=3): occupied=35, pending=384, in flight=40
23:38:18: 5674x RT, 94.6 creatures/sec. Fitness: best=1527.7, avg=1025.2, new=(qd-mutate=643.5). MAP-Elites(8x8, morphologies=3): occupied=35, pending=384, in flight=40
23:38:20: 5616x RT, 93.6 creatures/sec. Fitness: best=1527.7, avg=1025.2, new=(qd-mutate=689.3). MAP-Elites(8x8, morphologies=3): occupied=35, pending=384, in flight=40
23:38:22: 5871x RT, 97.9 creatures/sec. Fitness: best=1527.7, avg=1025.2, new=(qd-mutate=670.9). MAP-Elites(8x8, morphologies=3): occupied=35, pending=384, in flight=40
23:38:24: 5576x RT, 92.9 creatures/sec. Fitness: best=1527.7, avg=1025.2, new=(qd-mutate=649.0). MAP-Elites(8x8, morphologies=3): occupied=35, pending=384, in flight=40
23:38:26: 5853x RT, 97.5 creatures/sec. Fitness: best=1527.7, avg=1025.2, new=(qd-mutate=708.8). MAP-Elites(8x8, morphologies=3): occupied=35, pending=384, in flight=40
23:38:28: 5513x RT, 91.9 creatures/sec. Fitness: best=1527.7, avg=1025.2, new=(qd-mutate=661.4). MAP-Elites(8x8, morphologies=3): occupied=35, pending=384, in flight=40
23:38:30: 5546x RT, 92.4 creatures/sec. Fitness: best=1527.7, avg=1025.2, new=(qd-mutate=661.6). MAP-Elites(8x8, morphologies=3): occupied=35, pending=384, in flight=40
23:38:32: 5859x RT, 97.7 creatures/sec. Fitness: best=1527.7, avg=1025.2, new=(qd-mutate=693.7). MAP-Elites(8x8, morphologies=3): occupied=35, pending=384, in flight=40
23:38:34: 5326x RT, 88.8 creatures/sec. Fitness: best=1527.7, avg=1025.2, new=(qd-mutate=710.2). MAP-Elites(8x8, morphologies=3): occupied=35, pending=384, in flight=40
23:38:36: 5640x RT, 94.0 creatures/sec. Fitness: best=1527.7, avg=1025.2, new=(qd-mutate=683.1). MAP-Elites(8x8, morphologies=3): occupied=35, pending=384, in flight=40
23:38:38: 5605x RT, 93.4 creatures/sec. Fitness: best=1527.7, avg=1025.2, new=(qd-mutate=698.3). MAP-Elites(8x8, morphologies=3): occupied=35, pending=384, in flight=40
23:38:40: 5419x RT, 90.3 creatures/sec. Fitness: best=1527.7, avg=1025.2, new=(qd-mutate=675.3). MAP-Elites(8x8, morphologies=3): occupied=35, pending=384, in flight=40
23:38:42: 5654x RT, 94.2 creatures/sec. Fitness: best=1527.7, avg=1025.2, new=(qd-mutate=680.4). MAP-Elites(8x8, morphologies=3): occupied=35, pending=384, in flight=39
23:38:44: 5208x RT, 86.8 creatures/sec. Fitness: best=1527.7, avg=1025.2, new=(qd-mutate=675.5). MAP-Elites(8x8, morphologies=3): occupied=35, pending=384, in flight=40
23:38:46: 5339x RT, 89.0 creatures/sec. Fitness: best=1527.7, avg=1025.2, new=(qd-mutate=646.4). MAP-Elites(8x8, morphologies=3): occupied=35, pending=384, in flight=40
23:38:49: 5108x RT, 85.1 creatures/sec. Fitness: best=1527.7, avg=1025.2, new=(qd-mutate=652.7). MAP-Elites(8x8, morphologies=3): occupied=35, pending=384, in flight=40
23:38:51: 5374x RT, 89.6 creatures/sec. Fitness: best=1527.7, avg=1025.2, new=(qd-mutate=635.0). MAP-Elites(8x8, morphologies=3): occupied=35, pending=384, in flight=40
23:38:53: 5704x RT, 95.1 creatures/sec. Fitness: best=1527.7, avg=1025.2, new=(qd-mutate=698.2). MAP-Elites(8x8, morphologies=3): occupied=35, pending=384, in flight=40
23:38:55: 5495x RT, 91.6 creatures/sec. Fitness: best=1527.7, avg=1025.2, new=(qd-mutate=703.8). MAP-Elites(8x8, morphologies=3): occupied=35, pending=384, in flight=40
23:38:57: 5608x RT, 93.5 creatures/sec. Fitness: best=1527.7, avg=1025.2, new=(qd-mutate=636.8). MAP-Elites(8x8, morphologies=3): occupied=35, pending=384, in flight=40
7660041 bytes written to /Users/dag/projects/Machine-Evolved-credible-training/training-runs/me-v2-harmonic-qd-01-double-gravity-double-population-8w/config.json. 
23:38:59: 5900x RT, 98.3 creatures/sec. Fitness: best=1527.7, avg=1025.2, new=(qd-mutate=648.0). MAP-Elites(8x8, morphologies=3): occupied=35, pending=384, in flight=40
23:39:01: 5374x RT, 89.6 creatures/sec. Fitness: best=1527.7, avg=1025.2, new=(qd-mutate=677.6). MAP-Elites(8x8, morphologies=3): occupied=35, pending=384, in flight=40
23:39:03: 5849x RT, 97.5 creatures/sec. Fitness: best=1527.7, avg=1025.2, new=(qd-mutate=690.6). MAP-Elites(8x8, morphologies=3): occupied=35, pending=384, in flight=40
23:39:05: 5241x RT, 87.3 creatures/sec. Fitness: best=1527.7, avg=1025.2, new=(qd-mutate=682.3). MAP-Elites(8x8, morphologies=3): occupied=35, pending=384, in flight=40
23:39:07: 5443x RT, 90.7 creatures/sec. Fitness: best=1527.7, avg=1025.2, new=(qd-mutate=693.5). MAP-Elites(8x8, morphologies=3): occupied=35, pending=384, in flight=40
23:39:09: 5934x RT, 98.9 creatures/sec. Fitness: best=1527.7, avg=1025.2, new=(qd-mutate=662.5). MAP-Elites(8x8, morphologies=3): occupied=35, pending=384, in flight=40
23:39:11: 5397x RT, 89.9 creatures/sec. Fitness: best=1527.7, avg=1025.2, new=(qd-mutate=629.5). MAP-Elites(8x8, morphologies=3): occupied=35, pending=384, in flight=40
23:39:13: 5679x RT, 94.6 creatures/sec. Fitness: best=1527.7, avg=1025.2, new=(qd-mutate=679.0). MAP-Elites(8x8, morphologies=3): occupied=35, pending=384, in flight=40
23:39:16: 5826x RT, 97.1 creatures/sec. Fitness: best=1527.7, avg=1025.2, new=(qd-mutate=686.6). MAP-Elites(8x8, morphologies=3): occupied=35, pending=384, in flight=40
23:39:18: 5469x RT, 91.2 creatures/sec. Fitness: best=1527.7, avg=1025.2, new=(qd-mutate=702.4). MAP-Elites(8x8, morphologies=3): occupied=35, pending=384, in flight=40
23:39:20: 5958x RT, 99.3 creatures/sec. Fitness: best=1527.7, avg=1025.2, new=(qd-mutate=716.3). MAP-Elites(8x8, morphologies=3): occupied=35, pending=384, in flight=40
23:39:22: 5446x RT, 90.8 creatures/sec. Fitness: best=1527.7, avg=1025.2, new=(qd-mutate=682.4). MAP-Elites(8x8, morphologies=3): occupied=35, pending=384, in flight=40
23:39:24: 5552x RT, 92.5 creatures/sec. Fitness: best=1527.7, avg=1025.2, new=(qd-mutate=662.6). MAP-Elites(8x8, morphologies=3): occupied=35, pending=384, in flight=40
23:39:26: 5701x RT, 95.0 creatures/sec. Fitness: best=1527.7, avg=1025.2, new=(qd-mutate=662.8). MAP-Elites(8x8, morphologies=3): occupied=35, pending=384, in flight=40
23:39:28: 5431x RT, 90.5 creatures/sec. Fitness: best=1527.7, avg=1025.2, new=(qd-mutate=664.2). MAP-Elites(8x8, morphologies=3): occupied=35, pending=384, in flight=40
23:39:30: 5881x RT, 98.0 creatures/sec. Fitness: best=1527.7, avg=1025.2, new=(qd-mutate=646.9). MAP-Elites(8x8, morphologies=3): occupied=35, pending=384, in flight=40
23:39:32: 5491x RT, 91.5 creatures/sec. Fitness: best=1527.7, avg=1025.2, new=(qd-mutate=648.7). MAP-Elites(8x8, morphologies=3): occupied=35, pending=384, in flight=40
23:39:34: 5509x RT, 91.8 creatures/sec. Fitness: best=1527.7, avg=1025.2, new=(qd-mutate=693.1). MAP-Elites(8x8, morphologies=3): occupied=35, pending=384, in flight=40
23:39:36: 5808x RT, 96.8 creatures/sec. Fitness: best=1527.7, avg=1025.2, new=(qd-mutate=680.6). MAP-Elites(8x8, morphologies=3): occupied=35, pending=384, in flight=40
23:39:38: 5515x RT, 91.9 creatures/sec. Fitness: best=1527.7, avg=1025.2, new=(qd-mutate=636.3). MAP-Elites(8x8, morphologies=3): occupied=35, pending=384, in flight=40
23:39:40: 5715x RT, 95.3 creatures/sec. Fitness: best=1527.7, avg=1025.2, new=(qd-mutate=662.3). MAP-Elites(8x8, morphologies=3): occupied=35, pending=384, in flight=40
23:39:42: 5705x RT, 95.1 creatures/sec. Fitness: best=1527.7, avg=1025.2, new=(qd-mutate=670.2). MAP-Elites(8x8, morphologies=3): occupied=35, pending=384, in flight=40
23:39:44: 5566x RT, 92.8 creatures/sec. Fitness: best=1527.7, avg=1025.2, new=(qd-mutate=680.8). MAP-Elites(8x8, morphologies=3): occupied=35, pending=384, in flight=40
23:39:47: 5932x RT, 98.9 creatures/sec. Fitness: best=1527.7, avg=1025.2, new=(qd-mutate=674.3). MAP-Elites(8x8, morphologies=3): occupied=35, pending=384, in flight=40
23:39:49: 5348x RT, 89.1 creatures/sec. Fitness: best=1527.7, avg=1025.2, new=(qd-mutate=669.8). MAP-Elites(8x8, morphologies=3): occupied=35, pending=384, in flight=40
23:39:51: 5547x RT, 92.5 creatures/sec. Fitness: best=1527.7, avg=1025.2, new=(qd-mutate=613.2). MAP-Elites(8x8, morphologies=3): occupied=35, pending=384, in flight=40
23:39:53: 5757x RT, 95.9 creatures/sec. Fitness: best=1527.7, avg=1025.2, new=(qd-mutate=664.6). MAP-Elites(8x8, morphologies=3): occupied=35, pending=384, in flight=40
23:39:55: 5636x RT, 93.9 creatures/sec. Fitness: best=1527.7, avg=1025.2, new=(qd-mutate=637.7). MAP-Elites(8x8, morphologies=3): occupied=35, pending=384, in flight=40
23:39:57: 5783x RT, 96.4 creatures/sec. Fitness: best=1527.7, avg=1025.2, new=(qd-mutate=670.3). MAP-Elites(8x8, morphologies=3): occupied=35, pending=384, in flight=40
7659722 bytes written to /Users/dag/projects/Machine-Evolved-credible-training/training-runs/me-v2-harmonic-qd-01-double-gravity-double-population-8w/config.json. 
23:39:59: 5590x RT, 93.2 creatures/sec. Fitness: best=1527.7, avg=1025.2, new=(qd-mutate=667.1). MAP-Elites(8x8, morphologies=3): occupied=35, pending=384, in flight=40
23:40:01: 5582x RT, 93.0 creatures/sec. Fitness: best=1527.7, avg=1025.5, new=(qd-mutate=647.6). MAP-Elites(8x8, morphologies=3): occupied=35, pending=384, in flight=40
23:40:03: 5779x RT, 96.3 creatures/sec. Fitness: best=1527.7, avg=1025.5, new=(qd-mutate=677.2). MAP-Elites(8x8, morphologies=3): occupied=35, pending=384, in flight=40
23:40:05: 5485x RT, 91.4 creatures/sec. Fitness: best=1527.7, avg=1025.5, new=(qd-mutate=669.5). MAP-Elites(8x8, morphologies=3): occupied=35, pending=384, in flight=40
23:40:07: 5827x RT, 97.1 creatures/sec. Fitness: best=1527.7, avg=1025.5, new=(qd-mutate=651.1). MAP-Elites(8x8, morphologies=3): occupied=35, pending=384, in flight=40
23:40:09: 5563x RT, 92.7 creatures/sec. Fitness: best=1527.7, avg=1025.5, new=(qd-mutate=683.1). MAP-Elites(8x8, morphologies=3): occupied=35, pending=384, in flight=40
23:40:11: 5508x RT, 91.8 creatures/sec. Fitness: best=1527.7, avg=1025.5, new=(qd-mutate=696.0). MAP-Elites(8x8, morphologies=3): occupied=35, pending=384, in flight=40
23:40:13: 5928x RT, 98.8 creatures/sec. Fitness: best=1527.7, avg=1025.5, new=(qd-mutate=649.5). MAP-Elites(8x8, morphologies=3): occupied=35, pending=384, in flight=40
23:40:15: 5437x RT, 90.6 creatures/sec. Fitness: best=1527.7, avg=1025.5, new=(qd-mutate=690.6). MAP-Elites(8x8, morphologies=3): occupied=35, pending=384, in flight=40
23:40:17: 5594x RT, 93.2 creatures/sec. Fitness: best=1527.7, avg=1025.5, new=(qd-mutate=666.9). MAP-Elites(8x8, morphologies=3): occupied=35, pending=384, in flight=40
23:40:20: 5826x RT, 97.1 creatures/sec. Fitness: best=1527.7, avg=1025.5, new=(qd-mutate=639.4). MAP-Elites(8x8, morphologies=3): occupied=35, pending=384, in flight=40
23:40:22: 5555x RT, 92.6 creatures/sec. Fitness: best=1527.7, avg=1025.5, new=(qd-mutate=649.0). MAP-Elites(8x8, morphologies=3): occupied=35, pending=384, in flight=40
23:40:24: 5915x RT, 98.6 creatures/sec. Fitness: best=1527.7, avg=1025.5, new=(qd-mutate=641.5). MAP-Elites(8x8, morphologies=3): occupied=35, pending=384, in flight=40
23:40:26: 5434x RT, 90.6 creatures/sec. Fitness: best=1527.7, avg=1025.5, new=(qd-mutate=666.0). MAP-Elites(8x8, morphologies=3): occupied=35, pending=384, in flight=40
23:40:28: 5586x RT, 93.1 creatures/sec. Fitness: best=1527.7, avg=1025.5, new=(qd-mutate=701.6). MAP-Elites(8x8, morphologies=3): occupied=35, pending=384, in flight=40
23:40:30: 5831x RT, 97.2 creatures/sec. Fitness: best=1527.7, avg=1025.5, new=(qd-mutate=696.1). MAP-Elites(8x8, morphologies=3): occupied=35, pending=384, in flight=40
23:40:32: 5509x RT, 91.8 creatures/sec. Fitness: best=1527.7, avg=1025.5, new=(qd-mutate=693.0). MAP-Elites(8x8, morphologies=3): occupied=35, pending=384, in flight=40
23:40:34: 5865x RT, 97.7 creatures/sec. Fitness: best=1527.7, avg=1025.5, new=(qd-mutate=666.7). MAP-Elites(8x8, morphologies=3): occupied=35, pending=384, in flight=40
23:40:36: 5543x RT, 92.4 creatures/sec. Fitness: best=1527.7, avg=1025.5, new=(qd-mutate=650.9). MAP-Elites(8x8, morphologies=3): occupied=35, pending=384, in flight=40
23:40:38: 5482x RT, 91.4 creatures/sec. Fitness: best=1527.7, avg=1025.5, new=(qd-mutate=652.3). MAP-Elites(8x8, morphologies=3): occupied=35, pending=384, in flight=40
23:40:40: 5938x RT, 99.0 creatures/sec. Fitness: best=1527.7, avg=1025.5, new=(qd-mutate=659.1). MAP-Elites(8x8, morphologies=3): occupied=35, pending=384, in flight=40
23:40:42: 5529x RT, 92.2 creatures/sec. Fitness: best=1527.7, avg=1025.5, new=(qd-mutate=683.1). MAP-Elites(8x8, morphologies=3): occupied=35, pending=384, in flight=40
23:40:45: 5821x RT, 97.0 creatures/sec. Fitness: best=1527.7, avg=1025.5, new=(qd-mutate=654.3). MAP-Elites(8x8, morphologies=3): occupied=35, pending=384, in flight=40
23:40:47: 5434x RT, 90.6 creatures/sec. Fitness: best=1527.7, avg=1025.5, new=(qd-mutate=645.7). MAP-Elites(8x8, morphologies=3): occupied=35, pending=384, in flight=40
23:40:49: 5569x RT, 92.8 creatures/sec. Fitness: best=1527.7, avg=1025.5, new=(qd-mutate=659.4). MAP-Elites(8x8, morphologies=3): occupied=35, pending=384, in flight=40
23:40:51: 5799x RT, 96.6 creatures/sec. Fitness: best=1527.7, avg=1025.5, new=(qd-mutate=652.8). MAP-Elites(8x8, morphologies=3): occupied=35, pending=384, in flight=40
23:40:53: 5420x RT, 90.3 creatures/sec. Fitness: best=1527.7, avg=1025.5, new=(qd-mutate=669.4). MAP-Elites(8x8, morphologies=3): occupied=35, pending=384, in flight=40
23:40:55: 5539x RT, 92.3 creatures/sec. Fitness: best=1527.7, avg=1025.5, new=(qd-mutate=692.4). MAP-Elites(8x8, morphologies=3): occupied=35, pending=384, in flight=40
23:40:57: 5604x RT, 93.4 creatures/sec. Fitness: best=1527.7, avg=1025.5, new=(qd-mutate=658.0). MAP-Elites(8x8, morphologies=3): occupied=35, pending=384, in flight=40
7663959 bytes written to /Users/dag/projects/Machine-Evolved-credible-training/training-runs/me-v2-harmonic-qd-01-double-gravity-double-population-8w/config.json. 
23:40:59: 5493x RT, 91.5 creatures/sec. Fitness: best=1527.7, avg=1025.5, new=(qd-mutate=652.5). MAP-Elites(8x8, morphologies=3): occupied=35, pending=384, in flight=40
23:41:01: 5884x RT, 98.1 creatures/sec. Fitness: best=1527.7, avg=1025.5, new=(qd-mutate=652.4). MAP-Elites(8x8, morphologies=3): occupied=35, pending=384, in flight=40
23:41:03: 5417x RT, 90.3 creatures/sec. Fitness: best=1527.7, avg=1025.5, new=(qd-mutate=660.5). MAP-Elites(8x8, morphologies=3): occupied=35, pending=384, in flight=40
23:41:05: 5628x RT, 93.8 creatures/sec. Fitness: best=1527.7, avg=1025.5, new=(qd-mutate=712.2). MAP-Elites(8x8, morphologies=3): occupied=35, pending=384, in flight=40
23:41:07: 5783x RT, 96.4 creatures/sec. Fitness: best=1527.7, avg=1025.5, new=(qd-mutate=687.4). MAP-Elites(8x8, morphologies=3): occupied=35, pending=384, in flight=40
23:41:09: 5501x RT, 91.7 creatures/sec. Fitness: best=1527.7, avg=1025.5, new=(qd-mutate=655.3). MAP-Elites(8x8, morphologies=3): occupied=35, pending=384, in flight=40
23:41:11: 5731x RT, 95.5 creatures/sec. Fitness: best=1527.7, avg=1025.5, new=(qd-mutate=646.4). MAP-Elites(8x8, morphologies=3): occupied=35, pending=384, in flight=40
23:41:13: 5604x RT, 93.4 creatures/sec. Fitness: best=1527.7, avg=1025.5, new=(qd-mutate=642.7). MAP-Elites(8x8, morphologies=3): occupied=35, pending=384, in flight=40
23:41:15: 5513x RT, 91.9 creatures/sec. Fitness: best=1527.7, avg=1025.5, new=(qd-mutate=707.1). MAP-Elites(8x8, morphologies=3): occupied=35, pending=384, in flight=40
23:41:17: 5907x RT, 98.5 creatures/sec. Fitness: best=1527.7, avg=1025.5, new=(qd-mutate=660.5). MAP-Elites(8x8, morphologies=3): occupied=35, pending=384, in flight=40
23:41:19: 5411x RT, 90.2 creatures/sec. Fitness: best=1527.7, avg=1026.1, new=(qd-mutate=664.6). MAP-Elites(8x8, morphologies=3): occupied=35, pending=384, in flight=40
23:41:22: 5616x RT, 93.6 creatures/sec. Fitness: best=1527.7, avg=1026.1, new=(qd-mutate=640.6). MAP-Elites(8x8, morphologies=3): occupied=35, pending=384, in flight=40
23:41:24: 5805x RT, 96.7 creatures/sec. Fitness: best=1527.7, avg=1026.1, new=(qd-mutate=676.6). MAP-Elites(8x8, morphologies=3): occupied=35, pending=384, in flight=40
23:41:26: 5511x RT, 91.8 creatures/sec. Fitness: best=1527.7, avg=1026.1, new=(qd-mutate=637.6). MAP-Elites(8x8, morphologies=3): occupied=35, pending=384, in flight=40
23:41:28: 5968x RT, 99.5 creatures/sec. Fitness: best=1527.7, avg=1026.1, new=(qd-mutate=663.6). MAP-Elites(8x8, morphologies=3): occupied=35, pending=384, in flight=40
23:41:30: 5479x RT, 91.3 creatures/sec. Fitness: best=1527.7, avg=1028.6, new=(qd-mutate=675.9). MAP-Elites(8x8, morphologies=3): occupied=35, pending=384, in flight=40
23:41:32: 5558x RT, 92.6 creatures/sec. Fitness: best=1527.7, avg=1028.6, new=(qd-mutate=673.0). MAP-Elites(8x8, morphologies=3): occupied=35, pending=384, in flight=40
23:41:34: 5878x RT, 98.0 creatures/sec. Fitness: best=1527.7, avg=1028.6, new=(qd-mutate=634.0). MAP-Elites(8x8, morphologies=3): occupied=35, pending=384, in flight=40
23:41:36: 5533x RT, 92.2 creatures/sec. Fitness: best=1527.7, avg=1028.6, new=(qd-mutate=621.2). MAP-Elites(8x8, morphologies=3): occupied=35, pending=384, in flight=40
23:41:38: 5788x RT, 96.5 creatures/sec. Fitness: best=1527.7, avg=1028.6, new=(qd-mutate=638.1). MAP-Elites(8x8, morphologies=3): occupied=35, pending=384, in flight=40
23:41:40: 5601x RT, 93.3 creatures/sec. Fitness: best=1527.7, avg=1028.6, new=(qd-mutate=689.1). MAP-Elites(8x8, morphologies=3): occupied=35, pending=384, in flight=40
23:41:42: 5540x RT, 92.3 creatures/sec. Fitness: best=1527.7, avg=1028.6, new=(qd-mutate=701.1). MAP-Elites(8x8, morphologies=3): occupied=35, pending=384, in flight=40
23:41:44: 5902x RT, 98.4 creatures/sec. Fitness: best=1527.7, avg=1028.6, new=(qd-mutate=691.3). MAP-Elites(8x8, morphologies=3): occupied=35, pending=384, in flight=40
23:41:46: 5520x RT, 92.0 creatures/sec. Fitness: best=1527.7, avg=1028.6, new=(qd-mutate=668.1). MAP-Elites(8x8, morphologies=3): occupied=35, pending=384, in flight=40
23:41:48: 5746x RT, 95.8 creatures/sec. Fitness: best=1527.7, avg=1028.6, new=(qd-mutate=680.0). MAP-Elites(8x8, morphologies=3): occupied=35, pending=384, in flight=40
23:41:50: 5703x RT, 95.1 creatures/sec. Fitness: best=1527.7, avg=1028.6, new=(qd-mutate=663.0). MAP-Elites(8x8, morphologies=3): occupied=35, pending=384, in flight=40
23:41:52: 5572x RT, 92.9 creatures/sec. Fitness: best=1527.7, avg=1028.6, new=(qd-mutate=689.6). MAP-Elites(8x8, morphologies=3): occupied=35, pending=384, in flight=40
23:41:55: 5907x RT, 98.5 creatures/sec. Fitness: best=1527.7, avg=1028.6, new=(qd-mutate=676.9). MAP-Elites(8x8, morphologies=3): occupied=35, pending=384, in flight=40
23:41:57: 5497x RT, 91.6 creatures/sec. Fitness: best=1527.7, avg=1028.6, new=(qd-mutate=642.3). MAP-Elites(8x8, morphologies=3): occupied=35, pending=384, in flight=40
7655987 bytes written to /Users/dag/projects/Machine-Evolved-credible-training/training-runs/me-v2-harmonic-qd-01-double-gravity-double-population-8w/config.json. 
23:41:59: 5341x RT, 89.0 creatures/sec. Fitness: best=1527.7, avg=1028.6, new=(qd-mutate=701.5). MAP-Elites(8x8, morphologies=3): occupied=35, pending=384, in flight=40
23:42:01: 5976x RT, 99.6 creatures/sec. Fitness: best=1527.7, avg=1028.6, new=(qd-mutate=666.4). MAP-Elites(8x8, morphologies=3): occupied=35, pending=384, in flight=40
23:42:03: 5556x RT, 92.6 creatures/sec. Fitness: best=1527.7, avg=1028.6, new=(qd-mutate=663.0). MAP-Elites(8x8, morphologies=3): occupied=35, pending=384, in flight=40
23:42:05: 5888x RT, 98.1 creatures/sec. Fitness: best=1527.7, avg=1028.6, new=(qd-mutate=684.5). MAP-Elites(8x8, morphologies=3): occupied=35, pending=384, in flight=40
23:42:07: 5570x RT, 92.8 creatures/sec. Fitness: best=1527.7, avg=1028.6, new=(qd-mutate=646.6). MAP-Elites(8x8, morphologies=3): occupied=35, pending=384, in flight=40
23:42:09: 5576x RT, 92.9 creatures/sec. Fitness: best=1527.7, avg=1028.6, new=(qd-mutate=690.6). MAP-Elites(8x8, morphologies=3): occupied=35, pending=384, in flight=40
23:42:11: 5902x RT, 98.4 creatures/sec. Fitness: best=1527.7, avg=1028.6, new=(qd-mutate=615.2). MAP-Elites(8x8, morphologies=3): occupied=35, pending=384, in flight=40
23:42:13: 5544x RT, 92.4 creatures/sec. Fitness: best=1527.7, avg=1028.6, new=(qd-mutate=683.0). MAP-Elites(8x8, morphologies=3): occupied=35, pending=384, in flight=40
23:42:15: 5870x RT, 97.8 creatures/sec. Fitness: best=1527.7, avg=1028.6, new=(qd-mutate=683.2). MAP-Elites(8x8, morphologies=3): occupied=35, pending=384, in flight=40
23:42:17: 5532x RT, 92.2 creatures/sec. Fitness: best=1527.7, avg=1028.6, new=(qd-mutate=679.1). MAP-Elites(8x8, morphologies=3): occupied=35, pending=384, in flight=40
23:42:19: 5667x RT, 94.4 creatures/sec. Fitness: best=1527.7, avg=1028.6, new=(qd-mutate=683.7). MAP-Elites(8x8, morphologies=3): occupied=35, pending=384, in flight=40
23:42:22: 5844x RT, 97.4 creatures/sec. Fitness: best=1527.7, avg=1028.6, new=(qd-mutate=634.7). MAP-Elites(8x8, morphologies=3): occupied=35, pending=384, in flight=40
23:42:24: 5528x RT, 92.1 creatures/sec. Fitness: best=1527.7, avg=1028.6, new=(qd-mutate=680.3). MAP-Elites(8x8, morphologies=3): occupied=35, pending=384, in flight=40
23:42:26: 5704x RT, 95.1 creatures/sec. Fitness: best=1527.7, avg=1028.6, new=(qd-mutate=667.0). MAP-Elites(8x8, morphologies=3): occupied=35, pending=384, in flight=40
23:42:28: 5725x RT, 95.4 creatures/sec. Fitness: best=1527.7, avg=1028.6, new=(qd-mutate=670.6). MAP-Elites(8x8, morphologies=3): occupied=35, pending=384, in flight=40
23:42:30: 5627x RT, 93.8 creatures/sec. Fitness: best=1527.7, avg=1028.6, new=(qd-mutate=675.6). MAP-Elites(8x8, morphologies=3): occupied=35, pending=384, in flight=40
23:42:32: 5871x RT, 97.9 creatures/sec. Fitness: best=1527.7, avg=1028.6, new=(qd-mutate=661.7). MAP-Elites(8x8, morphologies=3): occupied=35, pending=384, in flight=40
23:42:34: 5531x RT, 92.2 creatures/sec. Fitness: best=1527.7, avg=1028.6, new=(qd-mutate=682.7). MAP-Elites(8x8, morphologies=3): occupied=35, pending=384, in flight=40
23:42:36: 5620x RT, 93.7 creatures/sec. Fitness: best=1527.7, avg=1028.6, new=(qd-mutate=744.0). MAP-Elites(8x8, morphologies=3): occupied=35, pending=384, in flight=40
23:42:38: 5954x RT, 99.2 creatures/sec. Fitness: best=1527.7, avg=1028.6, new=(qd-mutate=664.2). MAP-Elites(8x8, morphologies=3): occupied=35, pending=384, in flight=40
23:42:40: 5536x RT, 92.3 creatures/sec. Fitness: best=1527.7, avg=1028.6, new=(qd-mutate=666.8). MAP-Elites(8x8, morphologies=3): occupied=35, pending=384, in flight=40
23:42:42: 5778x RT, 96.3 creatures/sec. Fitness: best=1527.7, avg=1028.6, new=(qd-mutate=672.9). MAP-Elites(8x8, morphologies=3): occupied=35, pending=384, in flight=40
23:42:44: 5559x RT, 92.6 creatures/sec. Fitness: best=1527.7, avg=1028.6, new=(qd-mutate=649.3). MAP-Elites(8x8, morphologies=3): occupied=35, pending=384, in flight=40
23:42:46: 5603x RT, 93.4 creatures/sec. Fitness: best=1527.7, avg=1028.6, new=(qd-mutate=688.7). MAP-Elites(8x8, morphologies=3): occupied=35, pending=384, in flight=40
23:42:48: 5812x RT, 96.9 creatures/sec. Fitness: best=1527.7, avg=1028.6, new=(qd-mutate=649.6). MAP-Elites(8x8, morphologies=3): occupied=35, pending=384, in flight=40
23:42:50: 5542x RT, 92.4 creatures/sec. Fitness: best=1527.7, avg=1028.6, new=(qd-mutate=711.0). MAP-Elites(8x8, morphologies=3): occupied=35, pending=384, in flight=40
23:42:52: 5728x RT, 95.5 creatures/sec. Fitness: best=1527.7, avg=1028.6, new=(qd-mutate=690.4). MAP-Elites(8x8, morphologies=3): occupied=35, pending=384, in flight=40
23:42:54: 5692x RT, 94.9 creatures/sec. Fitness: best=1527.7, avg=1028.6, new=(qd-mutate=662.5). MAP-Elites(8x8, morphologies=3): occupied=35, pending=384, in flight=40
23:42:56: 5531x RT, 92.2 creatures/sec. Fitness: best=1527.7, avg=1028.6, new=(qd-mutate=691.5). MAP-Elites(8x8, morphologies=3): occupied=35, pending=384, in flight=40
7660627 bytes written to /Users/dag/projects/Machine-Evolved-credible-training/training-runs/me-v2-harmonic-qd-01-double-gravity-double-population-8w/config.json. 
23:42:58: 5925x RT, 98.8 creatures/sec. Fitness: best=1527.7, avg=1028.6, new=(qd-mutate=670.2). MAP-Elites(8x8, morphologies=3): occupied=35, pending=384, in flight=40
23:43:00: 5603x RT, 93.4 creatures/sec. Fitness: best=1527.7, avg=1028.6, new=(qd-mutate=620.3). MAP-Elites(8x8, morphologies=3): occupied=35, pending=384, in flight=40
23:43:03: 5621x RT, 93.7 creatures/sec. Fitness: best=1527.7, avg=1028.6, new=(qd-mutate=664.7). MAP-Elites(8x8, morphologies=3): occupied=35, pending=384, in flight=40
23:43:05: 5856x RT, 97.6 creatures/sec. Fitness: best=1527.7, avg=1028.6, new=(qd-mutate=702.3). MAP-Elites(8x8, morphologies=3): occupied=35, pending=384, in flight=40
23:43:07: 5174x RT, 86.2 creatures/sec. Fitness: best=1527.7, avg=1028.6, new=(qd-mutate=655.7). MAP-Elites(8x8, morphologies=3): occupied=35, pending=384, in flight=40
23:43:09: 5319x RT, 88.6 creatures/sec. Fitness: best=1527.7, avg=1028.6, new=(qd-mutate=683.5). MAP-Elites(8x8, morphologies=3): occupied=35, pending=384, in flight=40
23:43:11: 5379x RT, 89.7 creatures/sec. Fitness: best=1527.7, avg=1028.6, new=(qd-mutate=682.0). MAP-Elites(8x8, morphologies=3): occupied=35, pending=384, in flight=40
23:43:13: 5409x RT, 90.2 creatures/sec. Fitness: best=1527.7, avg=1028.6, new=(qd-mutate=687.1). MAP-Elites(8x8, morphologies=3): occupied=35, pending=384, in flight=40
23:43:15: 5173x RT, 86.2 creatures/sec. Fitness: best=1527.7, avg=1028.6, new=(qd-mutate=690.1). MAP-Elites(8x8, morphologies=3): occupied=35, pending=384, in flight=40
23:43:17: 5554x RT, 92.6 creatures/sec. Fitness: best=1527.7, avg=1028.6, new=(qd-mutate=694.2). MAP-Elites(8x8, morphologies=3): occupied=35, pending=384, in flight=40
23:43:19: 4985x RT, 83.1 creatures/sec. Fitness: best=1527.7, avg=1028.6, new=(qd-mutate=667.6). MAP-Elites(8x8, morphologies=3): occupied=35, pending=384, in flight=40
23:43:21: 5173x RT, 86.2 creatures/sec. Fitness: best=1527.7, avg=1028.6, new=(qd-mutate=693.8). MAP-Elites(8x8, morphologies=3): occupied=35, pending=384, in flight=40
23:43:23: 5438x RT, 90.6 creatures/sec. Fitness: best=1527.7, avg=1028.6, new=(qd-mutate=698.9). MAP-Elites(8x8, morphologies=3): occupied=35, pending=384, in flight=40
23:43:25: 5413x RT, 90.2 creatures/sec. Fitness: best=1527.7, avg=1028.6, new=(qd-mutate=696.7). MAP-Elites(8x8, morphologies=3): occupied=35, pending=384, in flight=40
23:43:27: 5273x RT, 87.9 creatures/sec. Fitness: best=1527.7, avg=1028.6, new=(qd-mutate=623.9). MAP-Elites(8x8, morphologies=3): occupied=35, pending=384, in flight=40
23:43:29: 5135x RT, 85.6 creatures/sec. Fitness: best=1527.7, avg=1028.6, new=(qd-mutate=661.6). MAP-Elites(8x8, morphologies=3): occupied=35, pending=384, in flight=40
23:43:31: 5042x RT, 84.0 creatures/sec. Fitness: best=1527.7, avg=1028.6, new=(qd-mutate=701.7). MAP-Elites(8x8, morphologies=3): occupied=35, pending=384, in flight=40
23:43:33: 4665x RT, 77.7 creatures/sec. Fitness: best=1527.7, avg=1028.6, new=(qd-mutate=681.8). MAP-Elites(8x8, morphologies=3): occupied=35, pending=384, in flight=40
23:43:35: 4849x RT, 80.8 creatures/sec. Fitness: best=1527.7, avg=1028.6, new=(qd-mutate=668.8). MAP-Elites(8x8, morphologies=3): occupied=35, pending=384, in flight=40
23:43:37: 5051x RT, 84.2 creatures/sec. Fitness: best=1527.7, avg=1028.6, new=(qd-mutate=683.9). MAP-Elites(8x8, morphologies=3): occupied=35, pending=384, in flight=40
23:43:39: 5295x RT, 88.3 creatures/sec. Fitness: best=1527.7, avg=1028.6, new=(qd-mutate=627.7). MAP-Elites(8x8, morphologies=3): occupied=35, pending=384, in flight=40
23:43:41: 4949x RT, 82.5 creatures/sec. Fitness: best=1527.7, avg=1028.6, new=(qd-mutate=654.9). MAP-Elites(8x8, morphologies=3): occupied=35, pending=384, in flight=40
23:43:44: 4763x RT, 79.4 creatures/sec. Fitness: best=1527.7, avg=1028.6, new=(qd-mutate=680.3). MAP-Elites(8x8, morphologies=3): occupied=35, pending=384, in flight=40
--> new robust best creature found through qd-mutate! Fitness=1552.7657332902236 domains=[1364.383301, 1599.58313, 2418.599609]
23:43:46: 4857x RT, 80.9 creatures/sec. Fitness: best=1552.8, avg=1029.3, new=(qd-mutate=697.5). MAP-Elites(8x8, morphologies=3): occupied=35, pending=384, in flight=40
23:43:48: 4943x RT, 82.4 creatures/sec. Fitness: best=1552.8, avg=1029.3, new=(qd-mutate=632.1). MAP-Elites(8x8, morphologies=3): occupied=35, pending=384, in flight=40
23:43:50: 5185x RT, 86.4 creatures/sec. Fitness: best=1552.8, avg=1029.3, new=(qd-mutate=675.8). MAP-Elites(8x8, morphologies=3): occupied=35, pending=384, in flight=40
23:43:52: 5148x RT, 85.8 creatures/sec. Fitness: best=1552.8, avg=1029.3, new=(qd-mutate=685.4). MAP-Elites(8x8, morphologies=3): occupied=35, pending=384, in flight=40
23:43:54: 5057x RT, 84.3 creatures/sec. Fitness: best=1552.8, avg=1029.3, new=(qd-mutate=642.7). MAP-Elites(8x8, morphologies=3): occupied=35, pending=384, in flight=40
23:43:56: 5373x RT, 89.5 creatures/sec. Fitness: best=1552.8, avg=1029.3, new=(qd-mutate=663.2). MAP-Elites(8x8, morphologies=3): occupied=35, pending=384, in flight=40
23:43:58: 4874x RT, 81.2 creatures/sec. Fitness: best=1552.8, avg=1029.3, new=(qd-mutate=659.0). MAP-Elites(8x8, morphologies=3): occupied=35, pending=384, in flight=40
7650362 bytes written to /Users/dag/projects/Machine-Evolved-credible-training/training-runs/me-v2-harmonic-qd-01-double-gravity-double-population-8w/config.json. 
23:44:00: 5240x RT, 87.3 creatures/sec. Fitness: best=1552.8, avg=1029.3, new=(qd-mutate=659.9). MAP-Elites(8x8, morphologies=3): occupied=35, pending=384, in flight=40
23:44:02: 5384x RT, 89.7 creatures/sec. Fitness: best=1552.8, avg=1029.3, new=(qd-mutate=720.9). MAP-Elites(8x8, morphologies=3): occupied=35, pending=384, in flight=40
23:44:04: 4788x RT, 79.8 creatures/sec. Fitness: best=1552.8, avg=1029.3, new=(qd-mutate=656.7). MAP-Elites(8x8, morphologies=3): occupied=35, pending=384, in flight=40
23:44:06: 5141x RT, 85.7 creatures/sec. Fitness: best=1552.8, avg=1029.3, new=(qd-mutate=648.0). MAP-Elites(8x8, morphologies=3): occupied=35, pending=384, in flight=40
23:44:08: 4824x RT, 80.4 creatures/sec. Fitness: best=1552.8, avg=1029.3, new=(qd-mutate=653.5). MAP-Elites(8x8, morphologies=3): occupied=35, pending=384, in flight=40
23:44:10: 4876x RT, 81.3 creatures/sec. Fitness: best=1552.8, avg=1029.3, new=(qd-mutate=679.2). MAP-Elites(8x8, morphologies=3): occupied=35, pending=384, in flight=40
23:44:12: 4703x RT, 78.4 creatures/sec. Fitness: best=1552.8, avg=1029.3, new=(qd-mutate=667.7). MAP-Elites(8x8, morphologies=3): occupied=35, pending=384, in flight=40
23:44:14: 4814x RT, 80.2 creatures/sec. Fitness: best=1552.8, avg=1029.3, new=(qd-mutate=675.1). MAP-Elites(8x8, morphologies=3): occupied=35, pending=384, in flight=40
23:44:16: 4972x RT, 82.9 creatures/sec. Fitness: best=1552.8, avg=1029.3, new=(qd-mutate=661.8). MAP-Elites(8x8, morphologies=3): occupied=35, pending=384, in flight=40
23:44:18: 5218x RT, 87.0 creatures/sec. Fitness: best=1552.8, avg=1029.3, new=(qd-mutate=653.3). MAP-Elites(8x8, morphologies=3): occupied=35, pending=384, in flight=40
23:44:21: 5617x RT, 93.6 creatures/sec. Fitness: best=1552.8, avg=1029.3, new=(qd-mutate=629.9). MAP-Elites(8x8, morphologies=3): occupied=35, pending=384, in flight=40
23:44:23: 5688x RT, 94.8 creatures/sec. Fitness: best=1552.8, avg=1029.3, new=(qd-mutate=713.1). MAP-Elites(8x8, morphologies=3): occupied=35, pending=384, in flight=40
23:44:25: 5764x RT, 96.1 creatures/sec. Fitness: best=1552.8, avg=1029.3, new=(qd-mutate=687.1). MAP-Elites(8x8, morphologies=3): occupied=35, pending=384, in flight=40
23:44:27: 5200x RT, 86.7 creatures/sec. Fitness: best=1552.8, avg=1029.3, new=(qd-mutate=660.9). MAP-Elites(8x8, morphologies=3): occupied=35, pending=384, in flight=40
23:44:29: 5392x RT, 89.9 creatures/sec. Fitness: best=1552.8, avg=1033.3, new=(qd-mutate=636.5). MAP-Elites(8x8, morphologies=3): occupied=35, pending=384, in flight=40
23:44:31: 5567x RT, 92.8 creatures/sec. Fitness: best=1552.8, avg=1033.3, new=(qd-mutate=675.6). MAP-Elites(8x8, morphologies=3): occupied=35, pending=384, in flight=40
23:44:33: 5409x RT, 90.1 creatures/sec. Fitness: best=1552.8, avg=1033.3, new=(qd-mutate=664.2). MAP-Elites(8x8, morphologies=3): occupied=35, pending=384, in flight=40
23:44:35: 5565x RT, 92.7 creatures/sec. Fitness: best=1552.8, avg=1033.3, new=(qd-mutate=653.0). MAP-Elites(8x8, morphologies=3): occupied=35, pending=384, in flight=40
23:44:37: 5703x RT, 95.0 creatures/sec. Fitness: best=1552.8, avg=1033.3, new=(qd-mutate=702.9). MAP-Elites(8x8, morphologies=3): occupied=35, pending=384, in flight=40
23:44:39: 5563x RT, 92.7 creatures/sec. Fitness: best=1552.8, avg=1033.3, new=(qd-mutate=659.6). MAP-Elites(8x8, morphologies=3): occupied=35, pending=384, in flight=40
23:44:41: 5382x RT, 89.7 creatures/sec. Fitness: best=1552.8, avg=1033.3, new=(qd-mutate=653.1). MAP-Elites(8x8, morphologies=3): occupied=35, pending=384, in flight=40
23:44:43: 5426x RT, 90.4 creatures/sec. Fitness: best=1552.8, avg=1033.3, new=(qd-mutate=695.1). MAP-Elites(8x8, morphologies=3): occupied=35, pending=384, in flight=40
23:44:45: 5582x RT, 93.0 creatures/sec. Fitness: best=1552.8, avg=1033.3, new=(qd-mutate=655.0). MAP-Elites(8x8, morphologies=3): occupied=35, pending=384, in flight=40
23:44:47: 5504x RT, 91.7 creatures/sec. Fitness: best=1552.8, avg=1033.3, new=(qd-mutate=709.2). MAP-Elites(8x8, morphologies=3): occupied=35, pending=384, in flight=40
23:44:49: 5529x RT, 92.2 creatures/sec. Fitness: best=1552.8, avg=1033.3, new=(qd-mutate=690.7). MAP-Elites(8x8, morphologies=3): occupied=35, pending=384, in flight=40
23:44:52: 5681x RT, 94.7 creatures/sec. Fitness: best=1552.8, avg=1033.3, new=(qd-mutate=679.0). MAP-Elites(8x8, morphologies=3): occupied=35, pending=384, in flight=40
23:44:54: 5108x RT, 85.1 creatures/sec. Fitness: best=1552.8, avg=1033.3, new=(qd-mutate=703.3). MAP-Elites(8x8, morphologies=3): occupied=35, pending=384, in flight=40
23:44:56: 5173x RT, 86.2 creatures/sec. Fitness: best=1552.8, avg=1033.3, new=(qd-mutate=623.7). MAP-Elites(8x8, morphologies=3): occupied=35, pending=384, in flight=40
23:44:58: 5008x RT, 83.5 creatures/sec. Fitness: best=1552.8, avg=1033.3, new=(qd-mutate=674.1). MAP-Elites(8x8, morphologies=3): occupied=35, pending=384, in flight=40
7646967 bytes written to /Users/dag/projects/Machine-Evolved-credible-training/training-runs/me-v2-harmonic-qd-01-double-gravity-double-population-8w/config.json. 
23:45:00: 5629x RT, 93.8 creatures/sec. Fitness: best=1552.8, avg=1033.3, new=(qd-mutate=657.5). MAP-Elites(8x8, morphologies=3): occupied=35, pending=384, in flight=40
23:45:02: 5516x RT, 91.9 creatures/sec. Fitness: best=1552.8, avg=1033.3, new=(qd-mutate=672.7). MAP-Elites(8x8, morphologies=3): occupied=35, pending=384, in flight=40
23:45:04: 5355x RT, 89.2 creatures/sec. Fitness: best=1552.8, avg=1033.3, new=(qd-mutate=665.9). MAP-Elites(8x8, morphologies=3): occupied=35, pending=384, in flight=40
23:45:06: 5278x RT, 88.0 creatures/sec. Fitness: best=1552.8, avg=1033.3, new=(qd-mutate=724.6). MAP-Elites(8x8, morphologies=3): occupied=35, pending=384, in flight=40
23:45:08: 5569x RT, 92.8 creatures/sec. Fitness: best=1552.8, avg=1033.3, new=(qd-mutate=665.6). MAP-Elites(8x8, morphologies=3): occupied=35, pending=384, in flight=40
23:45:10: 5528x RT, 92.1 creatures/sec. Fitness: best=1552.8, avg=1033.3, new=(qd-mutate=669.8). MAP-Elites(8x8, morphologies=3): occupied=35, pending=384, in flight=40
23:45:12: 5548x RT, 92.5 creatures/sec. Fitness: best=1552.8, avg=1033.3, new=(qd-mutate=654.6). MAP-Elites(8x8, morphologies=3): occupied=35, pending=384, in flight=40
23:45:14: 5561x RT, 92.7 creatures/sec. Fitness: best=1552.8, avg=1033.3, new=(qd-mutate=677.8). MAP-Elites(8x8, morphologies=3): occupied=35, pending=384, in flight=40
23:45:16: 5622x RT, 93.7 creatures/sec. Fitness: best=1552.8, avg=1033.3, new=(qd-mutate=722.4). MAP-Elites(8x8, morphologies=3): occupied=35, pending=384, in flight=40
23:45:18: 4909x RT, 81.8 creatures/sec. Fitness: best=1552.8, avg=1033.3, new=(qd-mutate=675.8). MAP-Elites(8x8, morphologies=3): occupied=35, pending=384, in flight=40
23:45:21: 5242x RT, 87.4 creatures/sec. Fitness: best=1552.8, avg=1033.3, new=(qd-mutate=674.7). MAP-Elites(8x8, morphologies=3): occupied=35, pending=384, in flight=40
23:45:23: 5478x RT, 91.3 creatures/sec. Fitness: best=1552.8, avg=1033.3, new=(qd-mutate=675.0). MAP-Elites(8x8, morphologies=3): occupied=35, pending=384, in flight=40
23:45:25: 5835x RT, 97.3 creatures/sec. Fitness: best=1552.8, avg=1033.3, new=(qd-mutate=685.0). MAP-Elites(8x8, morphologies=3): occupied=35, pending=384, in flight=40
23:45:27: 5067x RT, 84.4 creatures/sec. Fitness: best=1552.8, avg=1033.3, new=(qd-mutate=665.9). MAP-Elites(8x8, morphologies=3): occupied=35, pending=384, in flight=40
23:45:29: 5061x RT, 84.3 creatures/sec. Fitness: best=1552.8, avg=1033.3, new=(qd-mutate=693.4). MAP-Elites(8x8, morphologies=3): occupied=35, pending=384, in flight=40
23:45:31: 5320x RT, 88.7 creatures/sec. Fitness: best=1552.8, avg=1033.3, new=(qd-mutate=684.7). MAP-Elites(8x8, morphologies=3): occupied=35, pending=384, in flight=40
23:45:33: 5281x RT, 88.0 creatures/sec. Fitness: best=1552.8, avg=1033.3, new=(qd-mutate=664.6). MAP-Elites(8x8, morphologies=3): occupied=35, pending=384, in flight=40
23:45:35: 5547x RT, 92.4 creatures/sec. Fitness: best=1552.8, avg=1033.3, new=(qd-mutate=685.5). MAP-Elites(8x8, morphologies=3): occupied=35, pending=384, in flight=40
23:45:37: 5699x RT, 95.0 creatures/sec. Fitness: best=1552.8, avg=1033.3, new=(qd-mutate=658.5). MAP-Elites(8x8, morphologies=3): occupied=35, pending=384, in flight=40
23:45:39: 5618x RT, 93.6 creatures/sec. Fitness: best=1552.8, avg=1037.0, new=(qd-mutate=668.3). MAP-Elites(8x8, morphologies=3): occupied=35, pending=384, in flight=40
23:45:41: 5799x RT, 96.6 creatures/sec. Fitness: best=1552.8, avg=1037.0, new=(qd-mutate=731.3). MAP-Elites(8x8, morphologies=3): occupied=35, pending=384, in flight=40
23:45:43: 5663x RT, 94.4 creatures/sec. Fitness: best=1552.8, avg=1037.0, new=(qd-mutate=659.8). MAP-Elites(8x8, morphologies=3): occupied=35, pending=384, in flight=40
23:45:45: 5723x RT, 95.4 creatures/sec. Fitness: best=1552.8, avg=1037.0, new=(qd-mutate=668.7). MAP-Elites(8x8, morphologies=3): occupied=35, pending=384, in flight=40
23:45:47: 5698x RT, 95.0 creatures/sec. Fitness: best=1552.8, avg=1037.0, new=(qd-mutate=710.0). MAP-Elites(8x8, morphologies=3): occupied=35, pending=384, in flight=40
23:45:49: 5652x RT, 94.2 creatures/sec. Fitness: best=1552.8, avg=1037.0, new=(qd-mutate=689.0). MAP-Elites(8x8, morphologies=3): occupied=35, pending=384, in flight=40
23:45:51: 5687x RT, 94.8 creatures/sec. Fitness: best=1552.8, avg=1037.0, new=(qd-mutate=639.1). MAP-Elites(8x8, morphologies=3): occupied=35, pending=384, in flight=40
23:45:53: 5745x RT, 95.8 creatures/sec. Fitness: best=1552.8, avg=1037.0, new=(qd-mutate=666.1). MAP-Elites(8x8, morphologies=3): occupied=35, pending=384, in flight=40
23:45:55: 5734x RT, 95.6 creatures/sec. Fitness: best=1552.8, avg=1037.0, new=(qd-mutate=665.7). MAP-Elites(8x8, morphologies=3): occupied=35, pending=384, in flight=40
23:45:57: 5658x RT, 94.3 creatures/sec. Fitness: best=1552.8, avg=1037.0, new=(qd-mutate=652.5). MAP-Elites(8x8, morphologies=3): occupied=35, pending=384, in flight=40
7630102 bytes written to /Users/dag/projects/Machine-Evolved-credible-training/training-runs/me-v2-harmonic-qd-01-double-gravity-double-population-8w/config.json. 
23:46:00: 5637x RT, 94.0 creatures/sec. Fitness: best=1552.8, avg=1037.0, new=(qd-mutate=672.6). MAP-Elites(8x8, morphologies=3): occupied=35, pending=384, in flight=40
23:46:02: 5770x RT, 96.2 creatures/sec. Fitness: best=1552.8, avg=1037.0, new=(qd-mutate=668.4). MAP-Elites(8x8, morphologies=3): occupied=35, pending=384, in flight=40
23:46:04: 5683x RT, 94.7 creatures/sec. Fitness: best=1552.8, avg=1037.0, new=(qd-mutate=653.6). MAP-Elites(8x8, morphologies=3): occupied=35, pending=384, in flight=40
23:46:06: 5727x RT, 95.5 creatures/sec. Fitness: best=1552.8, avg=1037.0, new=(qd-mutate=697.3). MAP-Elites(8x8, morphologies=3): occupied=35, pending=384, in flight=40
23:46:08: 5648x RT, 94.1 creatures/sec. Fitness: best=1552.8, avg=1037.0, new=(qd-mutate=664.7). MAP-Elites(8x8, morphologies=3): occupied=35, pending=384, in flight=40
23:46:10: 5649x RT, 94.1 creatures/sec. Fitness: best=1552.8, avg=1037.0, new=(qd-mutate=650.7). MAP-Elites(8x8, morphologies=3): occupied=35, pending=384, in flight=40
23:46:12: 5656x RT, 94.3 creatures/sec. Fitness: best=1552.8, avg=1037.0, new=(qd-mutate=673.7). MAP-Elites(8x8, morphologies=3): occupied=35, pending=384, in flight=40
23:46:14: 5785x RT, 96.4 creatures/sec. Fitness: best=1552.8, avg=1037.0, new=(qd-mutate=666.6). MAP-Elites(8x8, morphologies=3): occupied=35, pending=384, in flight=40
23:46:16: 5662x RT, 94.4 creatures/sec. Fitness: best=1552.8, avg=1037.0, new=(qd-mutate=705.7). MAP-Elites(8x8, morphologies=3): occupied=35, pending=384, in flight=40
23:46:18: 5578x RT, 93.0 creatures/sec. Fitness: best=1552.8, avg=1037.0, new=(qd-mutate=658.5). MAP-Elites(8x8, morphologies=3): occupied=35, pending=384, in flight=40
23:46:20: 5602x RT, 93.4 creatures/sec. Fitness: best=1552.8, avg=1037.0, new=(qd-mutate=627.1). MAP-Elites(8x8, morphologies=3): occupied=35, pending=384, in flight=40
23:46:22: 5326x RT, 88.8 creatures/sec. Fitness: best=1552.8, avg=1037.0, new=(qd-mutate=679.7). MAP-Elites(8x8, morphologies=3): occupied=35, pending=384, in flight=40
23:46:24: 5483x RT, 91.4 creatures/sec. Fitness: best=1552.8, avg=1037.0, new=(qd-mutate=649.5). MAP-Elites(8x8, morphologies=3): occupied=35, pending=384, in flight=40
23:46:26: 5330x RT, 88.8 creatures/sec. Fitness: best=1552.8, avg=1037.0, new=(qd-mutate=666.4). MAP-Elites(8x8, morphologies=3): occupied=35, pending=384, in flight=40
23:46:28: 5092x RT, 84.9 creatures/sec. Fitness: best=1552.8, avg=1037.0, new=(qd-mutate=633.1). MAP-Elites(8x8, morphologies=3): occupied=35, pending=384, in flight=40
23:46:31: 5132x RT, 85.5 creatures/sec. Fitness: best=1552.8, avg=1037.0, new=(qd-mutate=620.4). MAP-Elites(8x8, morphologies=3): occupied=35, pending=384, in flight=40
23:46:33: 5041x RT, 84.0 creatures/sec. Fitness: best=1552.8, avg=1037.0, new=(qd-mutate=630.7). MAP-Elites(8x8, morphologies=3): occupied=35, pending=384, in flight=40
23:46:35: 4915x RT, 81.9 creatures/sec. Fitness: best=1552.8, avg=1037.0, new=(qd-mutate=678.0). MAP-Elites(8x8, morphologies=3): occupied=35, pending=384, in flight=40
23:46:37: 4712x RT, 78.5 creatures/sec. Fitness: best=1552.8, avg=1037.0, new=(qd-mutate=700.8). MAP-Elites(8x8, morphologies=3): occupied=35, pending=384, in flight=40
23:46:39: 4720x RT, 78.7 creatures/sec. Fitness: best=1552.8, avg=1037.0, new=(qd-mutate=667.6). MAP-Elites(8x8, morphologies=3): occupied=35, pending=384, in flight=40
23:46:41: 4815x RT, 80.2 creatures/sec. Fitness: best=1552.8, avg=1037.0, new=(qd-mutate=645.5). MAP-Elites(8x8, morphologies=3): occupied=35, pending=384, in flight=40
23:46:43: 4990x RT, 83.2 creatures/sec. Fitness: best=1552.8, avg=1037.0, new=(qd-mutate=705.5). MAP-Elites(8x8, morphologies=3): occupied=35, pending=384, in flight=40
23:46:45: 5146x RT, 85.8 creatures/sec. Fitness: best=1552.8, avg=1037.0, new=(qd-mutate=686.8). MAP-Elites(8x8, morphologies=3): occupied=35, pending=384, in flight=40
23:46:47: 5347x RT, 89.1 creatures/sec. Fitness: best=1552.8, avg=1037.0, new=(qd-mutate=668.9). MAP-Elites(8x8, morphologies=3): occupied=35, pending=384, in flight=40
23:46:49: 5299x RT, 88.3 creatures/sec. Fitness: best=1552.8, avg=1037.0, new=(qd-mutate=659.1). MAP-Elites(8x8, morphologies=3): occupied=35, pending=384, in flight=40
23:46:51: 5675x RT, 94.6 creatures/sec. Fitness: best=1552.8, avg=1037.0, new=(qd-mutate=666.5). MAP-Elites(8x8, morphologies=3): occupied=35, pending=384, in flight=40
23:46:53: 5641x RT, 94.0 creatures/sec. Fitness: best=1552.8, avg=1037.0, new=(qd-mutate=677.9). MAP-Elites(8x8, morphologies=3): occupied=35, pending=384, in flight=40
23:46:55: 5525x RT, 92.1 creatures/sec. Fitness: best=1552.8, avg=1037.0, new=(qd-mutate=670.6). MAP-Elites(8x8, morphologies=3): occupied=35, pending=384, in flight=40
23:46:57: 5487x RT, 91.4 creatures/sec. Fitness: best=1552.8, avg=1037.0, new=(qd-mutate=676.8). MAP-Elites(8x8, morphologies=3): occupied=35, pending=384, in flight=40
7668548 bytes written to /Users/dag/projects/Machine-Evolved-credible-training/training-runs/me-v2-harmonic-qd-01-double-gravity-double-population-8w/config.json. 
23:46:59: 5675x RT, 94.6 creatures/sec. Fitness: best=1552.8, avg=1037.0, new=(qd-mutate=667.4). MAP-Elites(8x8, morphologies=3): occupied=35, pending=384, in flight=40
23:47:01: 5747x RT, 95.8 creatures/sec. Fitness: best=1552.8, avg=1037.0, new=(qd-mutate=657.6). MAP-Elites(8x8, morphologies=3): occupied=35, pending=384, in flight=40
23:47:03: 5243x RT, 87.4 creatures/sec. Fitness: best=1552.8, avg=1037.0, new=(qd-mutate=673.8). MAP-Elites(8x8, morphologies=3): occupied=35, pending=384, in flight=40
23:47:06: 5182x RT, 86.4 creatures/sec. Fitness: best=1552.8, avg=1037.0, new=(qd-mutate=598.0). MAP-Elites(8x8, morphologies=3): occupied=35, pending=384, in flight=40
23:47:08: 5498x RT, 91.6 creatures/sec. Fitness: best=1552.8, avg=1037.0, new=(qd-mutate=644.2). MAP-Elites(8x8, morphologies=3): occupied=35, pending=384, in flight=40
23:47:10: 5518x RT, 92.0 creatures/sec. Fitness: best=1552.8, avg=1037.0, new=(qd-mutate=663.9). MAP-Elites(8x8, morphologies=3): occupied=35, pending=384, in flight=40
23:47:12: 5180x RT, 86.3 creatures/sec. Fitness: best=1552.8, avg=1037.0, new=(qd-mutate=692.4). MAP-Elites(8x8, morphologies=3): occupied=35, pending=384, in flight=40
23:47:14: 5383x RT, 89.7 creatures/sec. Fitness: best=1552.8, avg=1037.0, new=(qd-mutate=688.9). MAP-Elites(8x8, morphologies=3): occupied=35, pending=384, in flight=40
23:47:16: 5387x RT, 89.8 creatures/sec. Fitness: best=1552.8, avg=1037.0, new=(qd-mutate=700.7). MAP-Elites(8x8, morphologies=3): occupied=35, pending=384, in flight=40
23:47:18: 5652x RT, 94.2 creatures/sec. Fitness: best=1552.8, avg=1037.0, new=(qd-mutate=651.9). MAP-Elites(8x8, morphologies=3): occupied=35, pending=384, in flight=40
23:47:20: 5580x RT, 93.0 creatures/sec. Fitness: best=1552.8, avg=1037.0, new=(qd-mutate=672.6). MAP-Elites(8x8, morphologies=3): occupied=35, pending=384, in flight=40
23:47:22: 5663x RT, 94.4 creatures/sec. Fitness: best=1552.8, avg=1037.0, new=(qd-mutate=698.9). MAP-Elites(8x8, morphologies=3): occupied=35, pending=384, in flight=40
23:47:24: 5487x RT, 91.4 creatures/sec. Fitness: best=1552.8, avg=1037.0, new=(qd-mutate=656.9). MAP-Elites(8x8, morphologies=3): occupied=35, pending=384, in flight=40
23:47:26: 5756x RT, 95.9 creatures/sec. Fitness: best=1552.8, avg=1037.0, new=(qd-mutate=661.1). MAP-Elites(8x8, morphologies=3): occupied=35, pending=384, in flight=40
23:47:28: 5770x RT, 96.2 creatures/sec. Fitness: best=1552.8, avg=1037.0, new=(qd-mutate=697.3). MAP-Elites(8x8, morphologies=3): occupied=35, pending=384, in flight=40
23:47:30: 5668x RT, 94.5 creatures/sec. Fitness: best=1552.8, avg=1037.0, new=(qd-mutate=655.2). MAP-Elites(8x8, morphologies=3): occupied=35, pending=384, in flight=40
23:47:32: 5695x RT, 94.9 creatures/sec. Fitness: best=1552.8, avg=1037.0, new=(qd-mutate=658.8). MAP-Elites(8x8, morphologies=3): occupied=35, pending=384, in flight=40
23:47:35: 5539x RT, 92.3 creatures/sec. Fitness: best=1552.8, avg=1037.0, new=(qd-mutate=691.7). MAP-Elites(8x8, morphologies=3): occupied=35, pending=384, in flight=40
23:47:37: 5654x RT, 94.2 creatures/sec. Fitness: best=1552.8, avg=1037.0, new=(qd-mutate=669.3). MAP-Elites(8x8, morphologies=3): occupied=35, pending=384, in flight=40
23:47:39: 5634x RT, 93.9 creatures/sec. Fitness: best=1552.8, avg=1037.0, new=(qd-mutate=721.8). MAP-Elites(8x8, morphologies=3): occupied=35, pending=384, in flight=40
23:47:41: 5750x RT, 95.8 creatures/sec. Fitness: best=1552.8, avg=1037.0, new=(qd-mutate=647.7). MAP-Elites(8x8, morphologies=3): occupied=35, pending=384, in flight=40
23:47:43: 5787x RT, 96.4 creatures/sec. Fitness: best=1552.8, avg=1037.0, new=(qd-mutate=698.1). MAP-Elites(8x8, morphologies=3): occupied=35, pending=384, in flight=40
23:47:45: 5672x RT, 94.5 creatures/sec. Fitness: best=1552.8, avg=1037.0, new=(qd-mutate=689.6). MAP-Elites(8x8, morphologies=3): occupied=35, pending=384, in flight=40
23:47:47: 5735x RT, 95.6 creatures/sec. Fitness: best=1552.8, avg=1037.0, new=(qd-mutate=663.9). MAP-Elites(8x8, morphologies=3): occupied=35, pending=384, in flight=40
23:47:49: 5745x RT, 95.8 creatures/sec. Fitness: best=1552.8, avg=1037.0, new=(qd-mutate=713.6). MAP-Elites(8x8, morphologies=3): occupied=35, pending=384, in flight=40
23:47:51: 5756x RT, 95.9 creatures/sec. Fitness: best=1552.8, avg=1037.0, new=(qd-mutate=662.9). MAP-Elites(8x8, morphologies=3): occupied=35, pending=384, in flight=40
23:47:53: 5786x RT, 96.4 creatures/sec. Fitness: best=1552.8, avg=1037.0, new=(qd-mutate=697.1). MAP-Elites(8x8, morphologies=3): occupied=35, pending=384, in flight=40
23:47:55: 5742x RT, 95.7 creatures/sec. Fitness: best=1552.8, avg=1037.0, new=(qd-mutate=687.4). MAP-Elites(8x8, morphologies=3): occupied=35, pending=384, in flight=40
23:47:57: 5744x RT, 95.7 creatures/sec. Fitness: best=1552.8, avg=1037.0, new=(qd-mutate=675.9). MAP-Elites(8x8, morphologies=3): occupied=35, pending=384, in flight=40
7679930 bytes written to /Users/dag/projects/Machine-Evolved-credible-training/training-runs/me-v2-harmonic-qd-01-double-gravity-double-population-8w/config.json. 
23:47:59: 5736x RT, 95.6 creatures/sec. Fitness: best=1552.8, avg=1037.0, new=(qd-mutate=660.2). MAP-Elites(8x8, morphologies=3): occupied=35, pending=384, in flight=40
23:48:01: 5728x RT, 95.5 creatures/sec. Fitness: best=1552.8, avg=1037.0, new=(qd-mutate=680.3). MAP-Elites(8x8, morphologies=3): occupied=35, pending=384, in flight=40
23:48:03: 5663x RT, 94.4 creatures/sec. Fitness: best=1552.8, avg=1037.0, new=(qd-mutate=633.0). MAP-Elites(8x8, morphologies=3): occupied=35, pending=384, in flight=40
23:48:05: 5708x RT, 95.1 creatures/sec. Fitness: best=1552.8, avg=1037.0, new=(qd-mutate=696.2). MAP-Elites(8x8, morphologies=3): occupied=35, pending=384, in flight=40
23:48:08: 5639x RT, 94.0 creatures/sec. Fitness: best=1552.8, avg=1037.0, new=(qd-mutate=647.0). MAP-Elites(8x8, morphologies=3): occupied=35, pending=384, in flight=40
23:48:10: 5777x RT, 96.3 creatures/sec. Fitness: best=1552.8, avg=1037.0, new=(qd-mutate=705.4). MAP-Elites(8x8, morphologies=3): occupied=35, pending=384, in flight=40
23:48:12: 5733x RT, 95.6 creatures/sec. Fitness: best=1552.8, avg=1037.0, new=(qd-mutate=655.5). MAP-Elites(8x8, morphologies=3): occupied=35, pending=384, in flight=40
23:48:14: 5759x RT, 96.0 creatures/sec. Fitness: best=1552.8, avg=1037.0, new=(qd-mutate=674.3). MAP-Elites(8x8, morphologies=3): occupied=35, pending=384, in flight=40
23:48:16: 5739x RT, 95.6 creatures/sec. Fitness: best=1552.8, avg=1037.0, new=(qd-mutate=684.3). MAP-Elites(8x8, morphologies=3): occupied=35, pending=384, in flight=40
23:48:18: 5767x RT, 96.1 creatures/sec. Fitness: best=1552.8, avg=1037.0, new=(qd-mutate=643.9). MAP-Elites(8x8, morphologies=3): occupied=35, pending=384, in flight=40
23:48:20: 5723x RT, 95.4 creatures/sec. Fitness: best=1552.8, avg=1037.0, new=(qd-mutate=669.6). MAP-Elites(8x8, morphologies=3): occupied=35, pending=384, in flight=40
23:48:22: 5770x RT, 96.2 creatures/sec. Fitness: best=1552.8, avg=1037.0, new=(qd-mutate=688.6). MAP-Elites(8x8, morphologies=3): occupied=35, pending=384, in flight=40
23:48:24: 5686x RT, 94.8 creatures/sec. Fitness: best=1552.8, avg=1037.0, new=(qd-mutate=668.0). MAP-Elites(8x8, morphologies=3): occupied=35, pending=384, in flight=40
23:48:26: 5759x RT, 96.0 creatures/sec. Fitness: best=1552.8, avg=1037.0, new=(qd-mutate=659.2). MAP-Elites(8x8, morphologies=3): occupied=35, pending=384, in flight=40
23:48:28: 5546x RT, 92.4 creatures/sec. Fitness: best=1552.8, avg=1037.0, new=(qd-mutate=701.6). MAP-Elites(8x8, morphologies=3): occupied=35, pending=384, in flight=40
23:48:30: 5712x RT, 95.2 creatures/sec. Fitness: best=1552.8, avg=1037.0, new=(qd-mutate=631.1). MAP-Elites(8x8, morphologies=3): occupied=35, pending=384, in flight=40
23:48:32: 5661x RT, 94.3 creatures/sec. Fitness: best=1552.8, avg=1037.0, new=(qd-mutate=673.7). MAP-Elites(8x8, morphologies=3): occupied=35, pending=384, in flight=40
23:48:34: 5867x RT, 97.8 creatures/sec. Fitness: best=1552.8, avg=1037.0, new=(qd-mutate=636.9). MAP-Elites(8x8, morphologies=3): occupied=35, pending=384, in flight=40
23:48:36: 5808x RT, 96.8 creatures/sec. Fitness: best=1552.8, avg=1037.0, new=(qd-mutate=648.0). MAP-Elites(8x8, morphologies=3): occupied=35, pending=384, in flight=40
23:48:38: 5817x RT, 96.9 creatures/sec. Fitness: best=1552.8, avg=1037.0, new=(qd-mutate=678.1). MAP-Elites(8x8, morphologies=3): occupied=35, pending=384, in flight=40
23:48:40: 5776x RT, 96.3 creatures/sec. Fitness: best=1552.8, avg=1037.0, new=(qd-mutate=699.5). MAP-Elites(8x8, morphologies=3): occupied=35, pending=384, in flight=40
23:48:42: 5758x RT, 96.0 creatures/sec. Fitness: best=1552.8, avg=1037.0, new=(qd-mutate=670.0). MAP-Elites(8x8, morphologies=3): occupied=35, pending=384, in flight=40
23:48:45: 5848x RT, 97.5 creatures/sec. Fitness: best=1552.8, avg=1037.0, new=(qd-mutate=691.4). MAP-Elites(8x8, morphologies=3): occupied=35, pending=384, in flight=40
23:48:47: 5770x RT, 96.2 creatures/sec. Fitness: best=1552.8, avg=1037.0, new=(qd-mutate=636.6). MAP-Elites(8x8, morphologies=3): occupied=35, pending=384, in flight=40
23:48:49: 5784x RT, 96.4 creatures/sec. Fitness: best=1552.8, avg=1037.0, new=(qd-mutate=635.9). MAP-Elites(8x8, morphologies=3): occupied=35, pending=384, in flight=40
23:48:51: 5825x RT, 97.1 creatures/sec. Fitness: best=1552.8, avg=1037.0, new=(qd-mutate=666.8). MAP-Elites(8x8, morphologies=3): occupied=35, pending=384, in flight=40
23:48:53: 5871x RT, 97.9 creatures/sec. Fitness: best=1552.8, avg=1037.0, new=(qd-mutate=700.9). MAP-Elites(8x8, morphologies=3): occupied=35, pending=384, in flight=40
23:48:55: 5762x RT, 96.0 creatures/sec. Fitness: best=1552.8, avg=1037.0, new=(qd-mutate=653.0). MAP-Elites(8x8, morphologies=3): occupied=35, pending=384, in flight=40
23:48:57: 5860x RT, 97.7 creatures/sec. Fitness: best=1552.8, avg=1037.0, new=(qd-mutate=684.9). MAP-Elites(8x8, morphologies=3): occupied=35, pending=384, in flight=40
7692841 bytes written to /Users/dag/projects/Machine-Evolved-credible-training/training-runs/me-v2-harmonic-qd-01-double-gravity-double-population-8w/config.json. 
23:48:59: 5838x RT, 97.3 creatures/sec. Fitness: best=1552.8, avg=1037.0, new=(qd-mutate=692.4). MAP-Elites(8x8, morphologies=3): occupied=35, pending=384, in flight=40
23:49:01: 5830x RT, 97.2 creatures/sec. Fitness: best=1552.8, avg=1037.0, new=(qd-mutate=674.8). MAP-Elites(8x8, morphologies=3): occupied=35, pending=384, in flight=40
23:49:03: 5860x RT, 97.7 creatures/sec. Fitness: best=1552.8, avg=1037.0, new=(qd-mutate=677.7). MAP-Elites(8x8, morphologies=3): occupied=35, pending=384, in flight=40
23:49:05: 5791x RT, 96.5 creatures/sec. Fitness: best=1552.8, avg=1037.0, new=(qd-mutate=664.0). MAP-Elites(8x8, morphologies=3): occupied=35, pending=384, in flight=40
23:49:07: 5870x RT, 97.8 creatures/sec. Fitness: best=1552.8, avg=1037.0, new=(qd-mutate=704.7). MAP-Elites(8x8, morphologies=3): occupied=35, pending=384, in flight=40
23:49:09: 5784x RT, 96.4 creatures/sec. Fitness: best=1552.8, avg=1037.0, new=(qd-mutate=671.8). MAP-Elites(8x8, morphologies=3): occupied=35, pending=384, in flight=40
23:49:11: 5842x RT, 97.4 creatures/sec. Fitness: best=1552.8, avg=1037.0, new=(qd-mutate=677.7). MAP-Elites(8x8, morphologies=3): occupied=35, pending=384, in flight=40
23:49:14: 5800x RT, 96.7 creatures/sec. Fitness: best=1552.8, avg=1037.0, new=(qd-mutate=719.6). MAP-Elites(8x8, morphologies=3): occupied=35, pending=384, in flight=40
23:49:16: 5901x RT, 98.4 creatures/sec. Fitness: best=1552.8, avg=1037.0, new=(qd-mutate=659.2). MAP-Elites(8x8, morphologies=3): occupied=35, pending=384, in flight=40
23:49:18: 5808x RT, 96.8 creatures/sec. Fitness: best=1552.8, avg=1037.0, new=(qd-mutate=709.1). MAP-Elites(8x8, morphologies=3): occupied=35, pending=384, in flight=40
23:49:20: 5817x RT, 96.9 creatures/sec. Fitness: best=1552.8, avg=1037.0, new=(qd-mutate=644.6). MAP-Elites(8x8, morphologies=3): occupied=35, pending=384, in flight=40
23:49:22: 5780x RT, 96.3 creatures/sec. Fitness: best=1552.8, avg=1037.0, new=(qd-mutate=647.7). MAP-Elites(8x8, morphologies=3): occupied=35, pending=384, in flight=40
23:49:24: 5856x RT, 97.6 creatures/sec. Fitness: best=1552.8, avg=1037.0, new=(qd-mutate=663.7). MAP-Elites(8x8, morphologies=3): occupied=35, pending=384, in flight=40
23:49:26: 5882x RT, 98.0 creatures/sec. Fitness: best=1552.8, avg=1037.0, new=(qd-mutate=679.1). MAP-Elites(8x8, morphologies=3): occupied=35, pending=384, in flight=40
23:49:28: 5817x RT, 96.9 creatures/sec. Fitness: best=1552.8, avg=1037.0, new=(qd-mutate=652.9). MAP-Elites(8x8, morphologies=3): occupied=35, pending=384, in flight=40
23:49:30: 5727x RT, 95.5 creatures/sec. Fitness: best=1552.8, avg=1037.0, new=(qd-mutate=667.2). MAP-Elites(8x8, morphologies=3): occupied=35, pending=384, in flight=40
23:49:32: 5818x RT, 97.0 creatures/sec. Fitness: best=1552.8, avg=1037.0, new=(qd-mutate=658.7). MAP-Elites(8x8, morphologies=3): occupied=35, pending=384, in flight=40
23:49:34: 5865x RT, 97.8 creatures/sec. Fitness: best=1552.8, avg=1037.0, new=(qd-mutate=636.4). MAP-Elites(8x8, morphologies=3): occupied=35, pending=384, in flight=40
23:49:36: 5774x RT, 96.2 creatures/sec. Fitness: best=1552.8, avg=1037.0, new=(qd-mutate=650.0). MAP-Elites(8x8, morphologies=3): occupied=35, pending=384, in flight=40
23:49:38: 5882x RT, 98.0 creatures/sec. Fitness: best=1552.8, avg=1037.0, new=(qd-mutate=663.1). MAP-Elites(8x8, morphologies=3): occupied=35, pending=384, in flight=40
23:49:40: 5858x RT, 97.6 creatures/sec. Fitness: best=1552.8, avg=1037.0, new=(qd-mutate=669.8). MAP-Elites(8x8, morphologies=3): occupied=35, pending=384, in flight=40
23:49:43: 5835x RT, 97.2 creatures/sec. Fitness: best=1552.8, avg=1037.0, new=(qd-mutate=676.5). MAP-Elites(8x8, morphologies=3): occupied=35, pending=384, in flight=40
23:49:45: 5834x RT, 97.2 creatures/sec. Fitness: best=1552.8, avg=1037.0, new=(qd-mutate=654.9). MAP-Elites(8x8, morphologies=3): occupied=35, pending=384, in flight=40
23:49:47: 5804x RT, 96.7 creatures/sec. Fitness: best=1552.8, avg=1037.0, new=(qd-mutate=628.2). MAP-Elites(8x8, morphologies=3): occupied=35, pending=384, in flight=40
23:49:49: 5818x RT, 97.0 creatures/sec. Fitness: best=1552.8, avg=1037.0, new=(qd-mutate=712.9). MAP-Elites(8x8, morphologies=3): occupied=35, pending=384, in flight=40
23:49:51: 5852x RT, 97.5 creatures/sec. Fitness: best=1552.8, avg=1037.0, new=(qd-mutate=667.2). MAP-Elites(8x8, morphologies=3): occupied=35, pending=384, in flight=40
23:49:53: 5799x RT, 96.6 creatures/sec. Fitness: best=1552.8, avg=1037.0, new=(qd-mutate=663.9). MAP-Elites(8x8, morphologies=3): occupied=35, pending=384, in flight=40
23:49:55: 5736x RT, 95.6 creatures/sec. Fitness: best=1552.8, avg=1037.0, new=(qd-mutate=670.9). MAP-Elites(8x8, morphologies=3): occupied=35, pending=384, in flight=40
23:49:57: 5833x RT, 97.2 creatures/sec. Fitness: best=1552.8, avg=1037.0, new=(qd-mutate=689.9). MAP-Elites(8x8, morphologies=3): occupied=35, pending=384, in flight=40
7611476 bytes written to /Users/dag/projects/Machine-Evolved-credible-training/training-runs/me-v2-harmonic-qd-01-double-gravity-double-population-8w/config.json. 
23:49:59: 5816x RT, 96.9 creatures/sec. Fitness: best=1552.8, avg=1037.0, new=(qd-mutate=650.9). MAP-Elites(8x8, morphologies=3): occupied=35, pending=384, in flight=40
23:50:01: 5881x RT, 98.0 creatures/sec. Fitness: best=1552.8, avg=1037.0, new=(qd-mutate=654.1). MAP-Elites(8x8, morphologies=3): occupied=35, pending=384, in flight=40
23:50:03: 5828x RT, 97.1 creatures/sec. Fitness: best=1552.8, avg=1037.0, new=(qd-mutate=647.5). MAP-Elites(8x8, morphologies=3): occupied=35, pending=384, in flight=40
23:50:05: 5742x RT, 95.7 creatures/sec. Fitness: best=1552.8, avg=1037.0, new=(qd-mutate=671.0). MAP-Elites(8x8, morphologies=3): occupied=35, pending=384, in flight=40
23:50:07: 5737x RT, 95.6 creatures/sec. Fitness: best=1552.8, avg=1037.0, new=(qd-mutate=673.8). MAP-Elites(8x8, morphologies=3): occupied=35, pending=384, in flight=40
23:50:09: 5545x RT, 92.4 creatures/sec. Fitness: best=1552.8, avg=1037.0, new=(qd-mutate=683.0). MAP-Elites(8x8, morphologies=3): occupied=35, pending=384, in flight=40
23:50:11: 5438x RT, 90.6 creatures/sec. Fitness: best=1552.8, avg=1037.0, new=(qd-mutate=693.8). MAP-Elites(8x8, morphologies=3): occupied=35, pending=384, in flight=40
23:50:13: 5496x RT, 91.6 creatures/sec. Fitness: best=1552.8, avg=1037.0, new=(qd-mutate=680.7). MAP-Elites(8x8, morphologies=3): occupied=35, pending=384, in flight=40
23:50:16: 5571x RT, 92.8 creatures/sec. Fitness: best=1552.8, avg=1037.0, new=(qd-mutate=708.9). MAP-Elites(8x8, morphologies=3): occupied=35, pending=384, in flight=40
23:50:18: 5616x RT, 93.6 creatures/sec. Fitness: best=1552.8, avg=1037.0, new=(qd-mutate=698.4). MAP-Elites(8x8, morphologies=3): occupied=35, pending=384, in flight=40
23:50:20: 5489x RT, 91.5 creatures/sec. Fitness: best=1552.8, avg=1037.0, new=(qd-mutate=592.6). MAP-Elites(8x8, morphologies=3): occupied=35, pending=384, in flight=40
23:50:22: 5697x RT, 95.0 creatures/sec. Fitness: best=1552.8, avg=1037.0, new=(qd-mutate=669.5). MAP-Elites(8x8, morphologies=3): occupied=35, pending=384, in flight=40
23:50:24: 5670x RT, 94.5 creatures/sec. Fitness: best=1552.8, avg=1037.0, new=(qd-mutate=693.0). MAP-Elites(8x8, morphologies=3): occupied=35, pending=384, in flight=40
23:50:26: 5700x RT, 95.0 creatures/sec. Fitness: best=1552.8, avg=1037.0, new=(qd-mutate=603.2). MAP-Elites(8x8, morphologies=3): occupied=35, pending=384, in flight=40
23:50:28: 5717x RT, 95.3 creatures/sec. Fitness: best=1552.8, avg=1037.0, new=(qd-mutate=680.5). MAP-Elites(8x8, morphologies=3): occupied=35, pending=384, in flight=40
23:50:30: 4975x RT, 82.9 creatures/sec. Fitness: best=1552.8, avg=1037.0, new=(qd-mutate=664.1). MAP-Elites(8x8, morphologies=3): occupied=35, pending=384, in flight=40
23:50:32: 4941x RT, 82.4 creatures/sec. Fitness: best=1552.8, avg=1037.0, new=(qd-mutate=664.9). MAP-Elites(8x8, morphologies=3): occupied=35, pending=384, in flight=40
23:50:34: 4902x RT, 81.7 creatures/sec. Fitness: best=1552.8, avg=1037.0, new=(qd-mutate=653.7). MAP-Elites(8x8, morphologies=3): occupied=35, pending=384, in flight=40
23:50:36: 5575x RT, 92.9 creatures/sec. Fitness: best=1552.8, avg=1037.0, new=(qd-mutate=663.7). MAP-Elites(8x8, morphologies=3): occupied=35, pending=384, in flight=40
23:50:38: 5695x RT, 94.9 creatures/sec. Fitness: best=1552.8, avg=1037.0, new=(qd-mutate=641.3). MAP-Elites(8x8, morphologies=3): occupied=35, pending=384, in flight=40
23:50:40: 5300x RT, 88.3 creatures/sec. Fitness: best=1552.8, avg=1037.0, new=(qd-mutate=661.5). MAP-Elites(8x8, morphologies=3): occupied=35, pending=384, in flight=40
23:50:42: 5574x RT, 92.9 creatures/sec. Fitness: best=1552.8, avg=1037.1, new=(qd-mutate=682.3). MAP-Elites(8x8, morphologies=3): occupied=35, pending=384, in flight=40
23:50:45: 5616x RT, 93.6 creatures/sec. Fitness: best=1552.8, avg=1037.1, new=(qd-mutate=690.1). MAP-Elites(8x8, morphologies=3): occupied=35, pending=384, in flight=40
23:50:47: 5562x RT, 92.7 creatures/sec. Fitness: best=1552.8, avg=1037.1, new=(qd-mutate=670.1). MAP-Elites(8x8, morphologies=3): occupied=35, pending=384, in flight=40
23:50:49: 5599x RT, 93.3 creatures/sec. Fitness: best=1552.8, avg=1037.1, new=(qd-mutate=673.9). MAP-Elites(8x8, morphologies=3): occupied=35, pending=384, in flight=40
23:50:51: 5376x RT, 89.6 creatures/sec. Fitness: best=1552.8, avg=1037.1, new=(qd-mutate=675.8). MAP-Elites(8x8, morphologies=3): occupied=35, pending=384, in flight=40
23:50:53: 5268x RT, 87.8 creatures/sec. Fitness: best=1552.8, avg=1037.1, new=(qd-mutate=683.1). MAP-Elites(8x8, morphologies=3): occupied=35, pending=384, in flight=40
23:50:55: 5700x RT, 95.0 creatures/sec. Fitness: best=1552.8, avg=1037.1, new=(qd-mutate=698.2). MAP-Elites(8x8, morphologies=3): occupied=35, pending=384, in flight=40
23:50:57: 5772x RT, 96.2 creatures/sec. Fitness: best=1552.8, avg=1037.1, new=(qd-mutate=674.7). MAP-Elites(8x8, morphologies=3): occupied=35, pending=384, in flight=40
7637303 bytes written to /Users/dag/projects/Machine-Evolved-credible-training/training-runs/me-v2-harmonic-qd-01-double-gravity-double-population-8w/config.json. 
23:50:59: 5669x RT, 94.5 creatures/sec. Fitness: best=1552.8, avg=1037.1, new=(qd-mutate=670.6). MAP-Elites(8x8, morphologies=3): occupied=35, pending=384, in flight=40
23:51:01: 5721x RT, 95.3 creatures/sec. Fitness: best=1552.8, avg=1037.1, new=(qd-mutate=658.4). MAP-Elites(8x8, morphologies=3): occupied=35, pending=384, in flight=40
23:51:03: 5618x RT, 93.6 creatures/sec. Fitness: best=1552.8, avg=1037.1, new=(qd-mutate=644.0). MAP-Elites(8x8, morphologies=3): occupied=35, pending=384, in flight=40
23:51:05: 5612x RT, 93.5 creatures/sec. Fitness: best=1552.8, avg=1037.1, new=(qd-mutate=658.2). MAP-Elites(8x8, morphologies=3): occupied=35, pending=384, in flight=40
23:51:07: 5643x RT, 94.1 creatures/sec. Fitness: best=1552.8, avg=1037.1, new=(qd-mutate=671.4). MAP-Elites(8x8, morphologies=3): occupied=35, pending=384, in flight=40
23:51:09: 5643x RT, 94.0 creatures/sec. Fitness: best=1552.8, avg=1037.1, new=(qd-mutate=617.2). MAP-Elites(8x8, morphologies=3): occupied=35, pending=384, in flight=40
23:51:11: 5652x RT, 94.2 creatures/sec. Fitness: best=1552.8, avg=1037.1, new=(qd-mutate=678.2). MAP-Elites(8x8, morphologies=3): occupied=35, pending=384, in flight=40
23:51:13: 5676x RT, 94.6 creatures/sec. Fitness: best=1552.8, avg=1037.1, new=(qd-mutate=643.4). MAP-Elites(8x8, morphologies=3): occupied=35, pending=384, in flight=40
23:51:16: 5644x RT, 94.1 creatures/sec. Fitness: best=1552.8, avg=1037.1, new=(qd-mutate=690.3). MAP-Elites(8x8, morphologies=3): occupied=35, pending=384, in flight=40
23:51:18: 5651x RT, 94.2 creatures/sec. Fitness: best=1552.8, avg=1037.1, new=(qd-mutate=684.2). MAP-Elites(8x8, morphologies=3): occupied=35, pending=384, in flight=40
23:51:20: 5623x RT, 93.7 creatures/sec. Fitness: best=1552.8, avg=1037.1, new=(qd-mutate=664.9). MAP-Elites(8x8, morphologies=3): occupied=35, pending=384, in flight=40
23:51:22: 5252x RT, 87.5 creatures/sec. Fitness: best=1552.8, avg=1037.1, new=(qd-mutate=653.6). MAP-Elites(8x8, morphologies=3): occupied=35, pending=384, in flight=40
23:51:24: 5536x RT, 92.3 creatures/sec. Fitness: best=1552.8, avg=1037.1, new=(qd-mutate=670.4). MAP-Elites(8x8, morphologies=3): occupied=35, pending=384, in flight=40
23:51:26: 5611x RT, 93.5 creatures/sec. Fitness: best=1552.8, avg=1037.1, new=(qd-mutate=660.3). MAP-Elites(8x8, morphologies=3): occupied=35, pending=384, in flight=40
23:51:28: 5565x RT, 92.8 creatures/sec. Fitness: best=1552.8, avg=1037.1, new=(qd-mutate=654.2). MAP-Elites(8x8, morphologies=3): occupied=35, pending=384, in flight=40
23:51:30: 5712x RT, 95.2 creatures/sec. Fitness: best=1552.8, avg=1037.1, new=(qd-mutate=684.1). MAP-Elites(8x8, morphologies=3): occupied=35, pending=384, in flight=40
23:51:32: 5760x RT, 96.0 creatures/sec. Fitness: best=1552.8, avg=1037.1, new=(qd-mutate=710.1). MAP-Elites(8x8, morphologies=3): occupied=35, pending=384, in flight=40
23:51:34: 5752x RT, 95.9 creatures/sec. Fitness: best=1552.8, avg=1037.1, new=(qd-mutate=703.4). MAP-Elites(8x8, morphologies=3): occupied=35, pending=384, in flight=40
23:51:36: 5680x RT, 94.7 creatures/sec. Fitness: best=1552.8, avg=1037.1, new=(qd-mutate=632.3). MAP-Elites(8x8, morphologies=3): occupied=35, pending=384, in flight=40
23:51:38: 5699x RT, 95.0 creatures/sec. Fitness: best=1552.8, avg=1037.1, new=(qd-mutate=667.7). MAP-Elites(8x8, morphologies=3): occupied=35, pending=384, in flight=40
23:51:40: 5798x RT, 96.6 creatures/sec. Fitness: best=1552.8, avg=1037.1, new=(qd-mutate=641.3). MAP-Elites(8x8, morphologies=3): occupied=35, pending=384, in flight=40
23:51:42: 5791x RT, 96.5 creatures/sec. Fitness: best=1552.8, avg=1037.1, new=(qd-mutate=665.6). MAP-Elites(8x8, morphologies=3): occupied=35, pending=384, in flight=40
23:51:45: 5794x RT, 96.6 creatures/sec. Fitness: best=1552.8, avg=1037.1, new=(qd-mutate=676.2). MAP-Elites(8x8, morphologies=3): occupied=35, pending=384, in flight=40
23:51:47: 5242x RT, 87.4 creatures/sec. Fitness: best=1552.8, avg=1037.1, new=(qd-mutate=677.2). MAP-Elites(8x8, morphologies=3): occupied=35, pending=384, in flight=40
23:51:49: 4928x RT, 82.1 creatures/sec. Fitness: best=1552.8, avg=1037.1, new=(qd-mutate=677.7). MAP-Elites(8x8, morphologies=3): occupied=35, pending=384, in flight=40
23:51:51: 4951x RT, 82.5 creatures/sec. Fitness: best=1552.8, avg=1037.1, new=(qd-mutate=698.1). MAP-Elites(8x8, morphologies=3): occupied=35, pending=384, in flight=40
23:51:53: 5526x RT, 92.1 creatures/sec. Fitness: best=1552.8, avg=1037.1, new=(qd-mutate=673.8). MAP-Elites(8x8, morphologies=3): occupied=35, pending=384, in flight=40
23:51:55: 5709x RT, 95.1 creatures/sec. Fitness: best=1552.8, avg=1037.1, new=(qd-mutate=653.6). MAP-Elites(8x8, morphologies=3): occupied=35, pending=384, in flight=40
23:51:57: 5742x RT, 95.7 creatures/sec. Fitness: best=1552.8, avg=1037.1, new=(qd-mutate=646.2). MAP-Elites(8x8, morphologies=3): occupied=35, pending=384, in flight=40
7647576 bytes written to /Users/dag/projects/Machine-Evolved-credible-training/training-runs/me-v2-harmonic-qd-01-double-gravity-double-population-8w/config.json. 
23:51:59: 5708x RT, 95.1 creatures/sec. Fitness: best=1552.8, avg=1037.1, new=(qd-mutate=647.5). MAP-Elites(8x8, morphologies=3): occupied=35, pending=384, in flight=40
23:52:01: 5763x RT, 96.0 creatures/sec. Fitness: best=1552.8, avg=1037.1, new=(qd-mutate=680.4). MAP-Elites(8x8, morphologies=3): occupied=35, pending=384, in flight=40
23:52:03: 5710x RT, 95.2 creatures/sec. Fitness: best=1552.8, avg=1037.1, new=(qd-mutate=652.6). MAP-Elites(8x8, morphologies=3): occupied=35, pending=384, in flight=40
23:52:05: 5791x RT, 96.5 creatures/sec. Fitness: best=1552.8, avg=1037.1, new=(qd-mutate=687.8). MAP-Elites(8x8, morphologies=3): occupied=35, pending=384, in flight=40
23:52:07: 5755x RT, 95.9 creatures/sec. Fitness: best=1552.8, avg=1037.1, new=(qd-mutate=683.9). MAP-Elites(8x8, morphologies=3): occupied=35, pending=384, in flight=40
23:52:09: 5773x RT, 96.2 creatures/sec. Fitness: best=1552.8, avg=1037.1, new=(qd-mutate=685.2). MAP-Elites(8x8, morphologies=3): occupied=35, pending=384, in flight=40
23:52:11: 5692x RT, 94.9 creatures/sec. Fitness: best=1552.8, avg=1037.1, new=(qd-mutate=662.1). MAP-Elites(8x8, morphologies=3): occupied=35, pending=384, in flight=40
23:52:13: 5754x RT, 95.9 creatures/sec. Fitness: best=1552.8, avg=1037.1, new=(qd-mutate=640.2). MAP-Elites(8x8, morphologies=3): occupied=35, pending=384, in flight=40
23:52:15: 5802x RT, 96.7 creatures/sec. Fitness: best=1552.8, avg=1037.1, new=(qd-mutate=646.9). MAP-Elites(8x8, morphologies=3): occupied=35, pending=384, in flight=40
23:52:17: 5725x RT, 95.4 creatures/sec. Fitness: best=1552.8, avg=1037.1, new=(qd-mutate=659.4). MAP-Elites(8x8, morphologies=3): occupied=35, pending=384, in flight=40
23:52:20: 5746x RT, 95.8 creatures/sec. Fitness: best=1552.8, avg=1037.1, new=(qd-mutate=650.2). MAP-Elites(8x8, morphologies=3): occupied=35, pending=384, in flight=40
23:52:22: 5774x RT, 96.2 creatures/sec. Fitness: best=1552.8, avg=1037.1, new=(qd-mutate=681.0). MAP-Elites(8x8, morphologies=3): occupied=35, pending=384, in flight=40
23:52:24: 5716x RT, 95.3 creatures/sec. Fitness: best=1552.8, avg=1037.1, new=(qd-mutate=699.0). MAP-Elites(8x8, morphologies=3): occupied=35, pending=384, in flight=40
23:52:26: 5755x RT, 95.9 creatures/sec. Fitness: best=1552.8, avg=1037.1, new=(qd-mutate=668.7). MAP-Elites(8x8, morphologies=3): occupied=35, pending=384, in flight=40
23:52:28: 5746x RT, 95.8 creatures/sec. Fitness: best=1552.8, avg=1037.1, new=(qd-mutate=669.6). MAP-Elites(8x8, morphologies=3): occupied=35, pending=384, in flight=40
23:52:30: 5752x RT, 95.9 creatures/sec. Fitness: best=1552.8, avg=1037.1, new=(qd-mutate=671.8). MAP-Elites(8x8, morphologies=3): occupied=35, pending=384, in flight=40
23:52:32: 5552x RT, 92.5 creatures/sec. Fitness: best=1552.8, avg=1037.1, new=(qd-mutate=650.5). MAP-Elites(8x8, morphologies=3): occupied=35, pending=384, in flight=40
23:52:34: 5722x RT, 95.4 creatures/sec. Fitness: best=1552.8, avg=1037.1, new=(qd-mutate=675.7). MAP-Elites(8x8, morphologies=3): occupied=35, pending=384, in flight=40
23:52:36: 5830x RT, 97.2 creatures/sec. Fitness: best=1552.8, avg=1037.1, new=(qd-mutate=623.0). MAP-Elites(8x8, morphologies=3): occupied=35, pending=384, in flight=40
23:52:38: 5239x RT, 87.3 creatures/sec. Fitness: best=1552.8, avg=1037.1, new=(qd-mutate=693.0). MAP-Elites(8x8, morphologies=3): occupied=35, pending=384, in flight=40
23:52:40: 5699x RT, 95.0 creatures/sec. Fitness: best=1552.8, avg=1037.1, new=(qd-mutate=682.3). MAP-Elites(8x8, morphologies=3): occupied=35, pending=384, in flight=40
23:52:42: 5598x RT, 93.3 creatures/sec. Fitness: best=1552.8, avg=1037.1, new=(qd-mutate=671.8). MAP-Elites(8x8, morphologies=3): occupied=35, pending=384, in flight=40
23:52:44: 5619x RT, 93.7 creatures/sec. Fitness: best=1552.8, avg=1037.1, new=(qd-mutate=668.8). MAP-Elites(8x8, morphologies=3): occupied=35, pending=384, in flight=40
23:52:46: 5352x RT, 89.2 creatures/sec. Fitness: best=1552.8, avg=1037.1, new=(qd-mutate=710.5). MAP-Elites(8x8, morphologies=3): occupied=35, pending=384, in flight=40
23:52:48: 5700x RT, 95.0 creatures/sec. Fitness: best=1552.8, avg=1037.1, new=(qd-mutate=683.8). MAP-Elites(8x8, morphologies=3): occupied=35, pending=384, in flight=40
23:52:50: 5618x RT, 93.6 creatures/sec. Fitness: best=1552.8, avg=1037.1, new=(qd-mutate=678.7). MAP-Elites(8x8, morphologies=3): occupied=35, pending=384, in flight=40
23:52:52: 5750x RT, 95.8 creatures/sec. Fitness: best=1552.8, avg=1037.1, new=(qd-mutate=665.5). MAP-Elites(8x8, morphologies=3): occupied=35, pending=384, in flight=40
23:52:55: 5184x RT, 86.4 creatures/sec. Fitness: best=1552.8, avg=1037.1, new=(qd-mutate=690.5). MAP-Elites(8x8, morphologies=3): occupied=35, pending=384, in flight=40
23:52:57: 5579x RT, 93.0 creatures/sec. Fitness: best=1552.8, avg=1037.1, new=(qd-mutate=663.6). MAP-Elites(8x8, morphologies=3): occupied=35, pending=384, in flight=40
7652625 bytes written to /Users/dag/projects/Machine-Evolved-credible-training/training-runs/me-v2-harmonic-qd-01-double-gravity-double-population-8w/config.json. 
23:52:59: 4912x RT, 81.9 creatures/sec. Fitness: best=1552.8, avg=1037.3, new=(qd-mutate=704.2). MAP-Elites(8x8, morphologies=3): occupied=35, pending=384, in flight=40
23:53:01: 4788x RT, 79.8 creatures/sec. Fitness: best=1552.8, avg=1037.3, new=(qd-mutate=665.6). MAP-Elites(8x8, morphologies=3): occupied=35, pending=384, in flight=40
23:53:03: 5116x RT, 85.3 creatures/sec. Fitness: best=1552.8, avg=1037.3, new=(qd-mutate=684.8). MAP-Elites(8x8, morphologies=3): occupied=35, pending=384, in flight=40
23:53:05: 5655x RT, 94.3 creatures/sec. Fitness: best=1552.8, avg=1037.3, new=(qd-mutate=677.6). MAP-Elites(8x8, morphologies=3): occupied=35, pending=384, in flight=40
23:53:07: 5580x RT, 93.0 creatures/sec. Fitness: best=1552.8, avg=1037.3, new=(qd-mutate=665.2). MAP-Elites(8x8, morphologies=3): occupied=35, pending=384, in flight=40
23:53:09: 5671x RT, 94.5 creatures/sec. Fitness: best=1552.8, avg=1037.3, new=(qd-mutate=619.8). MAP-Elites(8x8, morphologies=3): occupied=35, pending=384, in flight=40
23:53:11: 5731x RT, 95.5 creatures/sec. Fitness: best=1552.8, avg=1037.3, new=(qd-mutate=656.0). MAP-Elites(8x8, morphologies=3): occupied=35, pending=384, in flight=40
23:53:13: 5732x RT, 95.5 creatures/sec. Fitness: best=1552.8, avg=1037.3, new=(qd-mutate=659.8). MAP-Elites(8x8, morphologies=3): occupied=35, pending=384, in flight=40
23:53:15: 5696x RT, 94.9 creatures/sec. Fitness: best=1552.8, avg=1037.3, new=(qd-mutate=696.5). MAP-Elites(8x8, morphologies=3): occupied=35, pending=384, in flight=40
23:53:17: 5626x RT, 93.8 creatures/sec. Fitness: best=1552.8, avg=1037.3, new=(qd-mutate=640.7). MAP-Elites(8x8, morphologies=3): occupied=35, pending=384, in flight=40
23:53:19: 5762x RT, 96.0 creatures/sec. Fitness: best=1552.8, avg=1023.5, new=(qd-mutate=678.2). MAP-Elites(8x8, morphologies=3): occupied=36, pending=384, in flight=40
23:53:22: 5717x RT, 95.3 creatures/sec. Fitness: best=1552.8, avg=1023.5, new=(qd-mutate=673.5). MAP-Elites(8x8, morphologies=3): occupied=36, pending=384, in flight=40
23:53:24: 5558x RT, 92.6 creatures/sec. Fitness: best=1552.8, avg=1023.5, new=(qd-mutate=695.4). MAP-Elites(8x8, morphologies=3): occupied=36, pending=384, in flight=40
23:53:26: 5775x RT, 96.3 creatures/sec. Fitness: best=1552.8, avg=1023.5, new=(qd-mutate=666.3). MAP-Elites(8x8, morphologies=3): occupied=36, pending=384, in flight=40
23:53:28: 5597x RT, 93.3 creatures/sec. Fitness: best=1552.8, avg=1023.5, new=(qd-mutate=637.1). MAP-Elites(8x8, morphologies=3): occupied=36, pending=384, in flight=40
23:53:30: 5451x RT, 90.8 creatures/sec. Fitness: best=1552.8, avg=1023.5, new=(qd-mutate=640.1). MAP-Elites(8x8, morphologies=3): occupied=36, pending=384, in flight=40
23:53:32: 5544x RT, 92.4 creatures/sec. Fitness: best=1552.8, avg=1023.5, new=(qd-mutate=702.2). MAP-Elites(8x8, morphologies=3): occupied=36, pending=384, in flight=40
23:53:34: 5500x RT, 91.7 creatures/sec. Fitness: best=1552.8, avg=1023.5, new=(qd-mutate=703.1). MAP-Elites(8x8, morphologies=3): occupied=36, pending=384, in flight=40
23:53:36: 5552x RT, 92.5 creatures/sec. Fitness: best=1552.8, avg=1023.5, new=(qd-mutate=698.0). MAP-Elites(8x8, morphologies=3): occupied=36, pending=384, in flight=40
23:53:38: 5454x RT, 90.9 creatures/sec. Fitness: best=1552.8, avg=1023.5, new=(qd-mutate=693.9). MAP-Elites(8x8, morphologies=3): occupied=36, pending=384, in flight=40
23:53:40: 5412x RT, 90.2 creatures/sec. Fitness: best=1552.8, avg=1023.5, new=(qd-mutate=659.0). MAP-Elites(8x8, morphologies=3): occupied=36, pending=384, in flight=40
23:53:42: 5487x RT, 91.5 creatures/sec. Fitness: best=1552.8, avg=1023.5, new=(qd-mutate=644.5). MAP-Elites(8x8, morphologies=3): occupied=36, pending=384, in flight=40
23:53:44: 5469x RT, 91.2 creatures/sec. Fitness: best=1552.8, avg=1023.5, new=(qd-mutate=667.1). MAP-Elites(8x8, morphologies=3): occupied=36, pending=384, in flight=40
23:53:46: 5513x RT, 91.9 creatures/sec. Fitness: best=1552.8, avg=1023.5, new=(qd-mutate=661.0). MAP-Elites(8x8, morphologies=3): occupied=36, pending=384, in flight=40
23:53:48: 5491x RT, 91.5 creatures/sec. Fitness: best=1552.8, avg=1023.5, new=(qd-mutate=689.8). MAP-Elites(8x8, morphologies=3): occupied=36, pending=384, in flight=40
23:53:50: 5473x RT, 91.2 creatures/sec. Fitness: best=1552.8, avg=1023.5, new=(qd-mutate=672.9). MAP-Elites(8x8, morphologies=3): occupied=36, pending=384, in flight=40
23:53:53: 5405x RT, 90.1 creatures/sec. Fitness: best=1552.8, avg=1023.5, new=(qd-mutate=660.7). MAP-Elites(8x8, morphologies=3): occupied=36, pending=384, in flight=40
23:53:55: 5478x RT, 91.3 creatures/sec. Fitness: best=1552.8, avg=1023.5, new=(qd-mutate=652.0). MAP-Elites(8x8, morphologies=3): occupied=36, pending=384, in flight=40
23:53:57: 5459x RT, 91.0 creatures/sec. Fitness: best=1552.8, avg=1023.5, new=(qd-mutate=656.6). MAP-Elites(8x8, morphologies=3): occupied=36, pending=384, in flight=40
7668512 bytes written to /Users/dag/projects/Machine-Evolved-credible-training/training-runs/me-v2-harmonic-qd-01-double-gravity-double-population-8w/config.json. 
23:53:59: 5175x RT, 86.2 creatures/sec. Fitness: best=1552.8, avg=1023.5, new=(qd-mutate=703.8). MAP-Elites(8x8, morphologies=3): occupied=36, pending=384, in flight=40
23:54:01: 5634x RT, 93.9 creatures/sec. Fitness: best=1552.8, avg=1023.5, new=(qd-mutate=663.8). MAP-Elites(8x8, morphologies=3): occupied=36, pending=384, in flight=40
23:54:03: 5590x RT, 93.2 creatures/sec. Fitness: best=1552.8, avg=1023.5, new=(qd-mutate=657.2). MAP-Elites(8x8, morphologies=3): occupied=36, pending=384, in flight=40
23:54:05: 5556x RT, 92.6 creatures/sec. Fitness: best=1552.8, avg=1023.5, new=(qd-mutate=682.2). MAP-Elites(8x8, morphologies=3): occupied=36, pending=384, in flight=40
23:54:07: 5424x RT, 90.4 creatures/sec. Fitness: best=1552.8, avg=1023.5, new=(qd-mutate=690.9). MAP-Elites(8x8, morphologies=3): occupied=36, pending=384, in flight=40
23:54:09: 5549x RT, 92.5 creatures/sec. Fitness: best=1552.8, avg=1023.5, new=(qd-mutate=683.3). MAP-Elites(8x8, morphologies=3): occupied=36, pending=384, in flight=40
23:54:11: 5468x RT, 91.1 creatures/sec. Fitness: best=1552.8, avg=1023.5, new=(qd-mutate=685.4). MAP-Elites(8x8, morphologies=3): occupied=36, pending=384, in flight=40
23:54:13: 5494x RT, 91.6 creatures/sec. Fitness: best=1552.8, avg=1023.5, new=(qd-mutate=676.1). MAP-Elites(8x8, morphologies=3): occupied=36, pending=384, in flight=40
23:54:15: 5501x RT, 91.7 creatures/sec. Fitness: best=1552.8, avg=1023.5, new=(qd-mutate=685.8). MAP-Elites(8x8, morphologies=3): occupied=36, pending=384, in flight=40
23:54:17: 5495x RT, 91.6 creatures/sec. Fitness: best=1552.8, avg=1023.5, new=(qd-mutate=678.3). MAP-Elites(8x8, morphologies=3): occupied=36, pending=384, in flight=40
23:54:19: 5392x RT, 89.9 creatures/sec. Fitness: best=1552.8, avg=1023.5, new=(qd-mutate=685.0). MAP-Elites(8x8, morphologies=3): occupied=36, pending=384, in flight=40
23:54:22: 5511x RT, 91.8 creatures/sec. Fitness: best=1552.8, avg=1023.5, new=(qd-mutate=712.3). MAP-Elites(8x8, morphologies=3): occupied=36, pending=384, in flight=40
23:54:24: 5470x RT, 91.2 creatures/sec. Fitness: best=1552.8, avg=1023.5, new=(qd-mutate=676.7). MAP-Elites(8x8, morphologies=3): occupied=36, pending=384, in flight=40
23:54:26: 5512x RT, 91.9 creatures/sec. Fitness: best=1552.8, avg=1023.5, new=(qd-mutate=735.2). MAP-Elites(8x8, morphologies=3): occupied=36, pending=384, in flight=40
23:54:28: 5466x RT, 91.1 creatures/sec. Fitness: best=1552.8, avg=1023.5, new=(qd-mutate=712.8). MAP-Elites(8x8, morphologies=3): occupied=36, pending=384, in flight=40
23:54:30: 5467x RT, 91.1 creatures/sec. Fitness: best=1552.8, avg=1023.5, new=(qd-mutate=634.2). MAP-Elites(8x8, morphologies=3): occupied=36, pending=384, in flight=40
23:54:32: 5499x RT, 91.6 creatures/sec. Fitness: best=1552.8, avg=1023.5, new=(qd-mutate=655.9). MAP-Elites(8x8, morphologies=3): occupied=36, pending=384, in flight=40
23:54:34: 5684x RT, 94.7 creatures/sec. Fitness: best=1552.8, avg=1023.5, new=(qd-mutate=674.2). MAP-Elites(8x8, morphologies=3): occupied=36, pending=384, in flight=40
23:54:36: 5355x RT, 89.2 creatures/sec. Fitness: best=1552.8, avg=1023.5, new=(qd-mutate=695.1). MAP-Elites(8x8, morphologies=3): occupied=36, pending=384, in flight=40
23:54:38: 5435x RT, 90.6 creatures/sec. Fitness: best=1552.8, avg=1023.5, new=(qd-mutate=677.6). MAP-Elites(8x8, morphologies=3): occupied=36, pending=384, in flight=40
23:54:40: 5370x RT, 89.5 creatures/sec. Fitness: best=1552.8, avg=1023.5, new=(qd-mutate=683.0). MAP-Elites(8x8, morphologies=3): occupied=36, pending=384, in flight=40
23:54:42: 5313x RT, 88.5 creatures/sec. Fitness: best=1552.8, avg=1023.5, new=(qd-mutate=705.7). MAP-Elites(8x8, morphologies=3): occupied=36, pending=384, in flight=40
23:54:44: 5414x RT, 90.2 creatures/sec. Fitness: best=1552.8, avg=1023.5, new=(qd-mutate=676.6). MAP-Elites(8x8, morphologies=3): occupied=36, pending=384, in flight=40
23:54:46: 5459x RT, 91.0 creatures/sec. Fitness: best=1552.8, avg=1023.5, new=(qd-mutate=739.8). MAP-Elites(8x8, morphologies=3): occupied=36, pending=384, in flight=40
23:54:48: 5478x RT, 91.3 creatures/sec. Fitness: best=1552.8, avg=1023.5, new=(qd-mutate=685.8). MAP-Elites(8x8, morphologies=3): occupied=36, pending=384, in flight=40
23:54:50: 5591x RT, 93.2 creatures/sec. Fitness: best=1552.8, avg=1023.5, new=(qd-mutate=679.6). MAP-Elites(8x8, morphologies=3): occupied=36, pending=384, in flight=40
23:54:52: 5498x RT, 91.6 creatures/sec. Fitness: best=1552.8, avg=1023.5, new=(qd-mutate=664.5). MAP-Elites(8x8, morphologies=3): occupied=36, pending=384, in flight=40
23:54:54: 4784x RT, 79.7 creatures/sec. Fitness: best=1552.8, avg=1023.5, new=(qd-mutate=678.4). MAP-Elites(8x8, morphologies=3): occupied=36, pending=384, in flight=40
23:54:56: 4660x RT, 77.7 creatures/sec. Fitness: best=1552.8, avg=1023.5, new=(qd-mutate=662.7). MAP-Elites(8x8, morphologies=3): occupied=36, pending=384, in flight=40
23:54:58: 5204x RT, 86.7 creatures/sec. Fitness: best=1552.8, avg=1023.5, new=(qd-mutate=647.5). MAP-Elites(8x8, morphologies=3): occupied=36, pending=384, in flight=40
7676432 bytes written to /Users/dag/projects/Machine-Evolved-credible-training/training-runs/me-v2-harmonic-qd-01-double-gravity-double-population-8w/config.json. 
23:55:01: 5485x RT, 91.4 creatures/sec. Fitness: best=1552.8, avg=1023.5, new=(qd-mutate=673.1). MAP-Elites(8x8, morphologies=3): occupied=36, pending=384, in flight=40
23:55:03: 5609x RT, 93.5 creatures/sec. Fitness: best=1552.8, avg=1023.5, new=(qd-mutate=673.2). MAP-Elites(8x8, morphologies=3): occupied=36, pending=384, in flight=40
23:55:05: 5616x RT, 93.6 creatures/sec. Fitness: best=1552.8, avg=1023.5, new=(qd-mutate=652.1). MAP-Elites(8x8, morphologies=3): occupied=36, pending=384, in flight=40
23:55:07: 5655x RT, 94.2 creatures/sec. Fitness: best=1552.8, avg=1023.5, new=(qd-mutate=685.1). MAP-Elites(8x8, morphologies=3): occupied=36, pending=384, in flight=40
23:55:09: 5302x RT, 88.4 creatures/sec. Fitness: best=1552.8, avg=1023.5, new=(qd-mutate=691.2). MAP-Elites(8x8, morphologies=3): occupied=36, pending=384, in flight=40
23:55:11: 4811x RT, 80.2 creatures/sec. Fitness: best=1552.8, avg=1023.5, new=(qd-mutate=682.7). MAP-Elites(8x8, morphologies=3): occupied=36, pending=384, in flight=40
23:55:13: 4806x RT, 80.1 creatures/sec. Fitness: best=1552.8, avg=1023.5, new=(qd-mutate=653.0). MAP-Elites(8x8, morphologies=3): occupied=36, pending=384, in flight=40
23:55:15: 4651x RT, 77.5 creatures/sec. Fitness: best=1552.8, avg=1023.5, new=(qd-mutate=649.8). MAP-Elites(8x8, morphologies=3): occupied=36, pending=384, in flight=40
23:55:17: 4706x RT, 78.4 creatures/sec. Fitness: best=1552.8, avg=1023.5, new=(qd-mutate=667.9). MAP-Elites(8x8, morphologies=3): occupied=36, pending=384, in flight=40
23:55:19: 4671x RT, 77.8 creatures/sec. Fitness: best=1552.8, avg=1023.5, new=(qd-mutate=711.5). MAP-Elites(8x8, morphologies=3): occupied=36, pending=384, in flight=40
23:55:21: 4702x RT, 78.4 creatures/sec. Fitness: best=1552.8, avg=1023.5, new=(qd-mutate=655.0). MAP-Elites(8x8, morphologies=3): occupied=36, pending=384, in flight=40
23:55:23: 4781x RT, 79.7 creatures/sec. Fitness: best=1552.8, avg=1023.5, new=(qd-mutate=669.0). MAP-Elites(8x8, morphologies=3): occupied=36, pending=384, in flight=40
23:55:25: 4710x RT, 78.5 creatures/sec. Fitness: best=1552.8, avg=1023.5, new=(qd-mutate=667.0). MAP-Elites(8x8, morphologies=3): occupied=36, pending=384, in flight=40
23:55:27: 4602x RT, 76.7 creatures/sec. Fitness: best=1552.8, avg=1023.5, new=(qd-mutate=638.2). MAP-Elites(8x8, morphologies=3): occupied=36, pending=384, in flight=40
23:55:29: 4667x RT, 77.8 creatures/sec. Fitness: best=1552.8, avg=1023.5, new=(qd-mutate=668.7). MAP-Elites(8x8, morphologies=3): occupied=36, pending=384, in flight=40
23:55:31: 4679x RT, 78.0 creatures/sec. Fitness: best=1552.8, avg=1023.5, new=(qd-mutate=691.2). MAP-Elites(8x8, morphologies=3): occupied=36, pending=384, in flight=40
23:55:33: 4707x RT, 78.5 creatures/sec. Fitness: best=1552.8, avg=1023.5, new=(qd-mutate=618.5). MAP-Elites(8x8, morphologies=3): occupied=36, pending=384, in flight=40
23:55:35: 4675x RT, 77.9 creatures/sec. Fitness: best=1552.8, avg=1023.5, new=(qd-mutate=658.0). MAP-Elites(8x8, morphologies=3): occupied=36, pending=384, in flight=40
23:55:37: 4757x RT, 79.3 creatures/sec. Fitness: best=1552.8, avg=1023.5, new=(qd-mutate=659.2). MAP-Elites(8x8, morphologies=3): occupied=36, pending=384, in flight=40
23:55:39: 4622x RT, 77.0 creatures/sec. Fitness: best=1552.8, avg=1023.5, new=(qd-mutate=653.1). MAP-Elites(8x8, morphologies=3): occupied=36, pending=384, in flight=40
23:55:41: 4541x RT, 75.7 creatures/sec. Fitness: best=1552.8, avg=1023.5, new=(qd-mutate=647.1). MAP-Elites(8x8, morphologies=3): occupied=36, pending=384, in flight=40
23:55:44: 4700x RT, 78.3 creatures/sec. Fitness: best=1552.8, avg=1023.5, new=(qd-mutate=645.3). MAP-Elites(8x8, morphologies=3): occupied=36, pending=384, in flight=40
23:55:46: 4641x RT, 77.3 creatures/sec. Fitness: best=1552.8, avg=1023.5, new=(qd-mutate=640.0). MAP-Elites(8x8, morphologies=3): occupied=36, pending=384, in flight=40
23:55:48: 4557x RT, 75.9 creatures/sec. Fitness: best=1552.8, avg=1023.5, new=(qd-mutate=631.0). MAP-Elites(8x8, morphologies=3): occupied=36, pending=384, in flight=40
23:55:50: 4749x RT, 79.2 creatures/sec. Fitness: best=1552.8, avg=1023.5, new=(qd-mutate=649.4). MAP-Elites(8x8, morphologies=3): occupied=36, pending=384, in flight=40
23:55:52: 4650x RT, 77.5 creatures/sec. Fitness: best=1552.8, avg=1023.5, new=(qd-mutate=695.5). MAP-Elites(8x8, morphologies=3): occupied=36, pending=384, in flight=40
23:55:54: 4609x RT, 76.8 creatures/sec. Fitness: best=1552.8, avg=1023.5, new=(qd-mutate=629.2). MAP-Elites(8x8, morphologies=3): occupied=36, pending=384, in flight=40
23:55:56: 4570x RT, 76.2 creatures/sec. Fitness: best=1552.8, avg=1023.5, new=(qd-mutate=653.9). MAP-Elites(8x8, morphologies=3): occupied=36, pending=384, in flight=40
23:55:58: 4622x RT, 77.0 creatures/sec. Fitness: best=1552.8, avg=1023.5, new=(qd-mutate=677.9). MAP-Elites(8x8, morphologies=3): occupied=36, pending=384, in flight=40
7672364 bytes written to /Users/dag/projects/Machine-Evolved-credible-training/training-runs/me-v2-harmonic-qd-01-double-gravity-double-population-8w/config.json. 
23:56:00: 4675x RT, 77.9 creatures/sec. Fitness: best=1552.8, avg=1023.5, new=(qd-mutate=717.0). MAP-Elites(8x8, morphologies=3): occupied=36, pending=384, in flight=40
23:56:02: 4622x RT, 77.0 creatures/sec. Fitness: best=1552.8, avg=1023.5, new=(qd-mutate=655.9). MAP-Elites(8x8, morphologies=3): occupied=36, pending=384, in flight=40
23:56:04: 4659x RT, 77.6 creatures/sec. Fitness: best=1552.8, avg=1023.5, new=(qd-mutate=697.5). MAP-Elites(8x8, morphologies=3): occupied=36, pending=384, in flight=40
23:56:06: 4614x RT, 76.9 creatures/sec. Fitness: best=1552.8, avg=1023.5, new=(qd-mutate=650.2). MAP-Elites(8x8, morphologies=3): occupied=36, pending=384, in flight=40
23:56:08: 4633x RT, 77.2 creatures/sec. Fitness: best=1552.8, avg=1023.5, new=(qd-mutate=679.3). MAP-Elites(8x8, morphologies=3): occupied=36, pending=384, in flight=40
23:56:10: 4530x RT, 75.5 creatures/sec. Fitness: best=1552.8, avg=1023.5, new=(qd-mutate=682.9). MAP-Elites(8x8, morphologies=3): occupied=36, pending=384, in flight=40
23:56:12: 4606x RT, 76.8 creatures/sec. Fitness: best=1552.8, avg=1023.5, new=(qd-mutate=682.2). MAP-Elites(8x8, morphologies=3): occupied=36, pending=384, in flight=40
23:56:14: 4539x RT, 75.7 creatures/sec. Fitness: best=1552.8, avg=1023.5, new=(qd-mutate=646.0). MAP-Elites(8x8, morphologies=3): occupied=36, pending=384, in flight=40
23:56:17: 4694x RT, 78.2 creatures/sec. Fitness: best=1552.8, avg=1023.5, new=(qd-mutate=726.1). MAP-Elites(8x8, morphologies=3): occupied=36, pending=384, in flight=40
23:56:19: 4596x RT, 76.6 creatures/sec. Fitness: best=1552.8, avg=1023.5, new=(qd-mutate=674.9). MAP-Elites(8x8, morphologies=3): occupied=36, pending=384, in flight=40
23:56:21: 4778x RT, 79.6 creatures/sec. Fitness: best=1552.8, avg=1023.5, new=(qd-mutate=681.6). MAP-Elites(8x8, morphologies=3): occupied=36, pending=384, in flight=40
23:56:23: 4890x RT, 81.5 creatures/sec. Fitness: best=1552.8, avg=1023.5, new=(qd-mutate=663.9). MAP-Elites(8x8, morphologies=3): occupied=36, pending=384, in flight=40
23:56:25: 4898x RT, 81.6 creatures/sec. Fitness: best=1552.8, avg=1023.5, new=(qd-mutate=693.7). MAP-Elites(8x8, morphologies=3): occupied=36, pending=384, in flight=40
23:56:27: 5450x RT, 90.8 creatures/sec. Fitness: best=1552.8, avg=1023.5, new=(qd-mutate=639.9). MAP-Elites(8x8, morphologies=3): occupied=36, pending=384, in flight=40
23:56:29: 5150x RT, 85.8 creatures/sec. Fitness: best=1552.8, avg=1023.5, new=(qd-mutate=658.8). MAP-Elites(8x8, morphologies=3): occupied=36, pending=384, in flight=40
23:56:31: 5559x RT, 92.7 creatures/sec. Fitness: best=1552.8, avg=1023.5, new=(qd-mutate=680.1). MAP-Elites(8x8, morphologies=3): occupied=36, pending=384, in flight=40
